:020000041000EA
<<<<<<< HEAD
:10000000002008205D0100101301001015360110BA
=======
:10000000002008205D01001013010010453501108B
>>>>>>> 1f5dba881d209f6cae4df136e52be0351c8e6ae8
:100010001101001011010010110100101101001058
:100020001101001011010010110100101701001042
:100030001101001011010010190100101B01001026
:100040001D0100101D0100101D0100101D010010F8
:100050001D0100101D0100101D0100101D010010E8
:100060001D0100101D0100101D0100101D010010D8
:100070001D0100101D0100101D0100101D010010C8
:100080001D0100101D0100101D0100101D010010B8
:100090001D0100101D0100101D0100101D010010A8
:1000A0001D0100101D0100101D0100101D01001098
:1000B0001D0100101D0100101D0100101D01001088
:1000C0001D0100101D0100101D0100101D01001078
:1000D0001D0100101D0100101D0100101D01001068
:1000E0001D0100101D0100101D0100101D01001058
:1000F0001D0100101D0100101D0100101D01001048
:100100001D0100101D0100101D0100101D01001037
:1001100000BE00BE00BE00BE00BE00BEEFF3058004
<<<<<<< HEAD
:10012000103800BEF2EB8871A8110210CC11021039
:10013000A801001090A31AE7D3DEFFFF42012110AF
:10014000FF0100000C370200793512AB4FF00000C0
=======
:10012000103800BEF2EB8871381502105C15021011
:10013000A801001090A31AE7D3DEFFFF42012110AF
:10014000FF0100009C3A0200793512AB4FF000002D
>>>>>>> 1f5dba881d209f6cae4df136e52be0351c8e6ae8
:100150002049086006C881F3088810474FF05040D6
:10016000006810B14FF00000F2E70FA40ECC002998
:1001700002D000F015F8F9E71749184A002000E00E
:1001800001C19142FCD1002080F30A8814498847BC
:10019000144988471449884700BEFDE701C901C2D8
<<<<<<< HEAD
:1001A0009A42FBD3704700BFCC1102108801002097
:1001B0000028002044380210000008200000082019
:1001C0004438021000100820001008200000000031
:1001D0007047000008ED00E000280020F4380020FF
:1001E000853E0010010C00107D3E0010F8B500BFE8
=======
:1001A0009A42FBD3704700BF5C1502108801002003
:1001B00000280020D43B0210000008200000082086
:1001C000D43B02100010082000100820000000009E
:1001D0007047000008ED00E0002800207C39002076
:1001E0008D400010BD0C001085400010F8B500BF18
>>>>>>> 1f5dba881d209f6cae4df136e52be0351c8e6ae8
:1001F000064B0749C91A891048BF0131491003D07D
:10020000044B0BB101481847704700BF002800207D
:10021000002800200000000008B5054B1BB105496F
:100220000548AFF30080BDE80840FFF7E1BF00BF1D
<<<<<<< HEAD
:1002300000000000E4360020D879011000232DE9E9
:10024000F04391B0029309F053FA464EDFF83C9127
:10025000DFF83C814FF0FF31306807F05FFA01288A
:1002600004464ED103A96422D9F8000007F012F920
:10027000642202A9D8F8000007F00CF90021084612
:100280009DF81C7009F038FA039A374908A803F062
:1002900073FD08A809F048FA2046002109F02CFA5D
:1002A000059817F031FB044604980D4617F02CFB17
:1002B00022462B46CDE900012C4908A803F05CFD3D
:1002C00008A809F031FA0021022009F015FA029875
:1002D00017F01AFB02460B4608A8254903F04CFD0F
:1002E00008A809F021FA042F0BD8DFE807F0242C26
:1002F0001C1403000320042109F0FEF91D4809F035
:1003000013FA002330681A46194606F04FFF3220D0
:1003100008F03AFA9EE70021032009F0EDF91648AB
:1003200009F002FAEDE70021032009F0E5F913488E
:1003300009F0FAF9E5E70021032009F0DDF910489A
:1003400009F0F2F9DDE70021032009F0D5F90D48A5
:1003500009F0EAF90421032009F0CEF90A4809F06E
:10036000E3F9CEE7E0370020D8790110F8790110E1
:100370000C7A0110347A0110307A01102C7A0110B5
:10038000387A0110207A0110247A0110CC3700202D
:10039000B837002000232DE9F0430C208DB00193E5
:1003A0004FF0010700F072FD0C2347EC44304FF092
:1003B000000646EC40300D2000F068FD0D2347ECB0
:1003C000443046EC40302D4D2D4CDFF8B880DFF83E
:1003D000B8904FF0FF3202A9286807F0FFFA4FF0FB
:1003E000FF32206801A907F055F801280246F0D134
:1003F0009DED047ADDED017AB4EEE77AF1EE10FAC4
:1004000020D4B4EEE77AF1EE10FA0FDC9DED037A1A
:10041000B4EEE77AF1EE10FA03DD0D2347EC40303D
:10042000D7E7D6D50D2346EC4030D2E70C2346EC77
:1004300040300022D8F8000007A907F02BF8DDEDC6
:10044000017AE3E70C2347EC403000238DF81920B4
:10045000D8F800001A4602A9CDED057A06F0A6FEEE
:1004600020B99DED047ADDED017ACAE70023D9F8C1
:1004700000001A46194606F099FEF2E7BC37002044
:10048000B8370020D0370020DC3700202DE9F04FAE
:100490002DED028B00270223DFED7D8A9FED7D8A03
:1004A0008DB0CDE903777C4D7C4EDFF80082DFF81C
:1004B0000092DFF800B2DFF800A2794C06970297AD
:1004C0008DF819308DF8077005974FF0FF322868C6
:1004D0000DF1070107F082FA9DF80730042B13D8BD
:1004E000DFE803F06C84411C030000230422306821
:1004F000ADF8182002A91A4606F058FE012800F0AF
:10050000BF8002238DF81930002320681A4602A903
:1005100006F04CFE322008F037F9D6E70421614B93
:10052000614A19601368DB05FCD55368F2EE046A72
:100530009BB207EE903AF8EEE77A67EEA87A87EE7C
:10054000887A67EE267A0322FCEEE77A8DF8182087
:1005500017EE902A029B934240F28280F8EE677A6F
:10056000CDED037AD0E704214E4B4F4A1960136852
:10057000D905FCD55368F2EE046A9BB207EE903AB7
:10058000F8EEE77A67EEA87A87EE887A67EE267A41
:100590000222FCEEE77A8DF8182017EE902AB8EECA
:1005A000677A029B8DED047A9342ADD3013307EE57
:1005B000903AF8EE677ACDED047AA5E70023D8F8F3
:1005C00000001A4602A906F0F1FD012853D00023CD
:1005D00002A91A46DAF800008DF8187006F0E6FD58
:1005E0000022306807A906F055FF8DE7002207A911
:1005F000306806F04FFF002207A9D8F8000006F087
:1006000049FFD9F8000007F097FE0421254B264A40
:100610008DF8197019601368D805FCD55368F2EE8F
:10062000046A9BB207EE903AF8EEE77A67EEA87A92
:1006300087EE887A67EE267A0123FCEEE77A8DF85A
:10064000183017EE903A1C2BCDED027A02D91C23FC
:10065000029359E7002B7FF457AF0523029353E72A
:1006600007EE903AB7EE007AF8EE677A77EEC77A3F
:10067000CDED037A48E7D9F8000007F00BFFA6E7B5
:100680000023DBF800001A46194606F08FFD3BE711
:100690003333534000F07F4564320020C8370020D8
:1006A000CC37002000200A4000000A40BC37002060
:1006B000F8370020DC370020C03700202DE9F04358
:1006C0000025DFF8948083B0294621488DF8075033
:1006D00003F0C4FD02232A460DF10701D8F80000FB
:1006E00006F064FD9DF807101A4803F0B7FD4FF0BF
:1006F000504701212E4615E09DF807600223013680
:10070000F6B2052E08BF00260022D8F800000DF131
:1007100007018DF8076006F049FD01260A2008F060
:1007200033F821467B68C3F38044A14203F4802957
:1007300002D008F06BF8054608F068F8431B322B2E
:10074000ECD9A642EAD0B9F1000FD5D14E46E5E783
:100750003C7A01105C7A01106432002000B5194D1A
:10076000194E83B00EE0022300226946306806F07D
:100770001DFD002328681A46194606F017FD322091
:1007800008F002F84FF0FF31286806F0C7FF012893
:10079000EFD169460D4809F08BF804460028E2D1F4
:1007A0000B4803F0DBFC02232246694630688DF8D3
:1007B0000240ADF80040ADF804408DF8064006F068
:1007C000F5FCD6E7E0370020C43700206020002089
:1007D000807A01102DE9F0432DED068B002341F2C4
:1007E000873101220A249FED428A9BB004A8CDE9FB
:1007F0000533CDE90712049408F096FE0F220E216E
:1008000002A808F0CBFF3B493B4A3C4B3C480F91C8
:1008100010923C493C4A11933C4E3D4B13900FA81B
:100820001991149215938DED168A8DED178A8DED21
:10083000188A129609F0AAF840F6AC5104A808F0FC
:10084000B5FE9FED34AADFED349A9FED349ADFF8C0
:10085000D890DFF8D880324F324D01220AA9D8F85B
:10086000000006F017FEDDED0A7A02A8F8EE678AAE
:1008700008F0AEFF07EE900A7AEE677A00230522B1
:1008800001A93868CDED017A06F090FCDDED017A22
:1008900028EE298AA7EE898A334618EE901A18EEB8
:1008A000102A0FA809F07AF807EE900AFDEEE77A11
:1008B00017EE903A2A8899B28B1A642B04A805DDAA
:1008C00089FB0341A1EBE371114489B2B1F57A6F61
:1008D00028BF4FF47A61B1F5E16F38BF4FF4E161A1
:1008E0000C4608F063FE1E202C8007F04DFFB4E795
:1008F000000000000000C843000020420000484201
:100900000000E14400002F4500007A458FC2F53C0D
:1009100000403545000034423333333F9A99993EC5
:10092000B8370020801C002056555555C037002090
:1009300038B50F220E212F4808F030FF2E492F48DE
:1009400006F010F90321082000F040FA03210920E5
:1009500000F03CFA00220121082000F055FA0022A4
:100960000121092000F050FA06F032F91F211A2067
:1009700000F02CFA00221A20114600F045FA00215E
:100980001A2000F073FA1E4B1E4A1B68272103F43D
:1009900070431360194808F0D3FE08F0A9FE002147
:1009A000084608F0A9FE184808F0BEFE174808F0EF
:1009B000BBFD0C2000F06AFA4FF001050C2345EC5A
:1009C00044304FF0000444EC40300D2000F05EFA5B
:1009D0000D2345EC443044EC40300D4803F0BEFBA1
:1009E0000C4B0021186806F099FEBDE83840002045
:1009F00007F044BCE4370020801A06006020002085
:100A000000000A4000100A40987A0110841C00205F
:100A1000AC7A0110DC37002010B5ADF59A6D0446B4
:100A2000012220499AA80CF05DFC90BB32221E499D
:100A300002A80CF001FD10F0F70F019007D00EF0A6
:100A40003BFC019B02461849184800F063FA214616
:100A500002A80DF0FDFB002817DB02A80DF0C2FB79
:100A6000044650B900220F4910460CF03BFC1048D8
:100A700003F074FB0DF59A6D10BD0EF01DFC2246BF
:100A800001460C4803F0EAFBECE70B4803F066FB79
:100A9000E3E701900EF010FC019A0146074800F0D0
:100AA00039FA00BF4C840110D47A0110E47A0110A5
:100AB000387B0110207B0110007B0110BC7A0110F3
:100AC0002DE98048DFF80C91ADF52D7DDFF808A108
:100AD000DFF808B10AAC0CAD11AE4FF0FF31D9F818
:100AE000000006F01BFE354803F038FB00222146CB
:100AF000DAF8000006F0CEFC00222946DBF8000000
:100B000006F06CFF2E4B00221868314606F066FF97
:100B1000686816F0F9FE94F80180A778CDE908011D
:100B2000A86816F0F1FECDE9060129684346049154
:100B3000A1793A46039161792FA802912179019117
:100B4000217800911F4903F017F9F06816F0DCFED8
:100B500094F80180A778CDE90601B06816F0D4FEBC
:100B6000CDE90401A1794346039161793A460291A6
:100B7000217916A8019121780091134903F0FCF81E
:100B80006B7C4BB1737C012BA7D116A8FFF744FFF8
:100B90000E4803F0E3FAA0E72FA8FFF73DFF0C484B
:100BA00003F0DCFA0222737C6A74012B95D116A83B
:100BB000FFF732FF054803F0D1FA8EE75C7B0110A6
:100BC000D0370020787B0110D87B01103C7C0110CD
:100BD000287C0110DC370020C4370020C8370020F3
:100BE00008B5122000F052F912204FF0000343EC38
:100BF0004400BDE808400121002200F005B900BF13
:100C000080B582B003F066FAFFF7EAFF0022072101
:100C1000012006F08FFA04464B4B002204210520E8
:100C20001C6006F087FA0446484B00221421052078
:100C30001C6006F07FFA0446454B00221421052073
:100C40001C6006F077FA0446424B00221421012072
:100C50001C6006F06FFA04463F4B0022142101206D
:100C60001C6006F067FA04463C4B00221421012068
:100C70001C6006F05FFA0121394B0022186008461B
:100C800006F058FA0246374B01201A6006F0CEFBF8
:100C90000446354B0322002101201C6006F04AFA6D
:100CA0000646324D002404232E60022503264FF40D
:100CB0008072CDE900342E4923462E4F2E4807F08E
:100CC0005BFA4FF4807223462C49CDE900542C483E
:100CD00007F052FA4FF400622346CDE90067294934
:100CE000294807F049FA294F4FF4807223462849D2
:100CF000CDE90054274807F03FFA4FF480622346BD
:100D00002549CDE90054254807F036FA4FF48072A2
:100D100023462349CDE90057224807F02DFA4FF426
:100D2000807223462049CDE90054204807F024FA78
:100D30004FF4807223461E49CDE900641D4807F038
:100D40001BFA07F0F9FBFEE7C4370020B837002094
:100D5000CC370020BC370020C8370020D037002017
:100D6000C037002064320020E0370020DC3700204C
:100D7000587C0110FC37002031090010607C011004
:100D80008D0400106C7C0110C10A0010F83700209F
:100D9000787C01103D020010887C0110BD06001017
:100DA000987C011095030010A87C01105D070010CD
:100DB000B87C0110D50700100120704708B902481F
:100DC00070470020704700BF981C002010B44FF4FB
:100DD00080740C4B53F8202003EB8003C00082F09A
:100DE000400200F1804003F5805C02F0C00200F593
:100DF000203003F54053CCF8002041601C605DF8C2
:100E0000044B70470480034010B4084CC90041EA09
:100E1000820154F8202004EB8003514003F58053F5
:100E200001F00C015DF8044B196070470480034029
:100E3000054B53F8202003EB8003514001F00101E2
:100E400003F580531960704704800340064B53F844
:100E5000202003EB800382EA011202F0300203F546
:100E600080531A60704700BF04800340064B402245
:100E700003EB800319B103F500531A60704703F5C3
:100E800040531A60704700BF0480034030B44FF0F5
:100E9000000343EC440043EC400005254FF480740C
:100EA0000B4BC20053F8201003EB800081F040018F
:100EB00002F1804303F5203301F0C00200F58051B8
:100EC00000F540500A605D60046030BC704700BFB0
:100ED0000480034010B44FF480711F240C4B53F86E
:100EE000202003EB8003C00082F0400200F180402C
:100EF00003F5805C02F0C00200F5203003F540539A
:100F0000CCF8002044605DF8044B1960704700BFC6
:100F1000048003400FB400B583B0049C074803F07D
:100F20001DF93CB105A92046019102F077FF044864
:100F300003F014F9012002F089FF00BFC47C011006
:100F4000AC840110EFF3108072B6064BD3E8CF1FCC
:100F500001220029FAD1C3E8412F0029F6D1BFF3BD
:100F60005F8F7047372E00200023034AC2E88F3F6F
:100F700080F31088704700BF372E002070B586467A
:100F8000EFF3108572B6124CD4E8CF6F0120002E1B
:100F9000FAD1C4E8460F002EF6D1BFF35F8F4FF0B1
:100FA000010CC80801F007030CFA03F31EF800C097
:100FB0001CEA030608D14CEA030C0EF800C0C4E892
:100FC0008F6F85F3108870BD1046FFF7A3FF00BF39
:100FD000372E0020F8B5EFF3108772B61C4ED6E816
:100FE000CF5F0124002DFAD1C6E8454F002DF6D180
:100FF000BFF35F8F9A421BD8012502E00132934272
:1010000022D3D40810F804E002F0070C05FA0CFC17
:101010001EEA0C0FF2D14EEA0C0E00F804E0104666
:101020000023C6E88F3F87F31088984207DBF8BD9E
:101030000023C6E88F3F87F310884FF0FF30002968
:10104000F5D00698FFF766FF4FF0FF30E8E700BFE6
:10105000372E0020044A1078431CDBB2182B28BF1F
:1010600010231370704700BFC41F002010B5054C3B
:1010700082B001461F23182200940348FFF7AAFFFD
:1010800002B010BDD47C0110583200204FF0E02295
:10109000936843F000539360704700BF0021044BF6
:1010A00003F12002C3E88F1F01339342FAD1704746
:1010B0002C2E00204FF0E0234FF08032C3F80024A4
:1010C000C3F80424C3F80824C3F80C24C3F810247C
:1010D000C3F81424C3F81824C3F81C24C3F820242C
:1010E000C3F82424C3F82824C3F82C24C3F83024DC
:1010F000704700BF012300F01F029340400941B137
:10110000800000F1604000F56140C0F8803103606C
:101110007047024A203042F82030704700E100E07A
:101120000123064A410952F8212000F01F0003FA6A
:1011300000F01040003818BF0120704700E100E0C7
:1011400001224309034900F01F008240403341F867
:101150002320704700E100E0054A10309268054BFB
:1011600052F82000C01A2F288CBF002001207047A1
:1011700000ED00E0C81F0020F8B50D46EFF3108722
:1011800072B6124ED6E8CF2F0123002AFAD1C6E854
:10119000423F002AF6D1BFF35F8F0D4B00F11004E0
:1011A0009B680C4A53F82430934203D0994201D0F3
:1011B00000F0F2FF064B9B6843F82450BFF35F8FAB
:1011C0000023C6E88F3F87F31088F8BD352E002036
:1011D00000ED00E01D0100102DE9F04F81468B4627
:1011E000164683B0EFF3108372B6DFF8D0A10093F8
:1011F000DAE8CF1F01230029FAD1CAE8413F0029CC
:10120000F6D1BFF35F8F664B93F90040002CC0F21C
:10121000A080644D04EB440705EB870898F806109E
:1012200009F110091970604BBF009B6853F8290041
:101230006300411B2F292FD95C49884240F0A480CC
:101240001C445B4B02372F44043BDB1BC3F34A03B4
:101250006FEAC3434FF421416FEAD34325F82410CA
:1012600005EB840463804BF60153A380FF2348F011
:101270000100E671C4F808B0A3714B4B9B6843F8BA
:101280002900BFF35F8F0023CAE88F3F009B83F3E1
:10129000108803B0BDE8F08F20F0010E9EF8071013
:1012A000B1422ED84FF42143EB53414BB91C294492
:1012B000043B04375B1A2F44AEF10401C91BC1F390
:1012C0004A043C49C3F34A030B432143A8F80410E2
:1012D0003949A8F802304AF6AA2073465B1B5B41E5
:1012E0005843000D88F8076088F80600C8F808B071
:1012F00048F00100CEF80010BFE7D179B1422ED9F5
:1013000096469EF906C00CEB4C02BCF1000F05EBB3
:101310008202F2DA4BF601510EF10402A8F1040741
:10132000BF1AC7F34A076FEAC7476FEAD7478EF875
:10133000064003EB0408204C05EB8803AEF804706C
:1013400045F82840998083F806C0DE71C3F808B0DC
:1013500093E700F021FF124B93F9004059E77246E2
:1013600032F8041F490514D44915023102EB41013A
:1013700001916FF00701C91B019F491B3944C1F35B
:101380004A0141F46041C9E7019300F005FF019B68
:1013900056E701F5FF1101F5FF511F31E4E700BFEA
:1013A000EE380020C81F002000ED00E01D010010F5
:1013B000F81F002000E0FFFF01488047352E002085
:1013C000F0B5EFF30585EDB2EFF3108C72B6264958
:1013D000D1E8CF2F0123002AFAD1C1E8423F002AE9
:1013E000F6D1BFF35F8F214E40F0010EB4684AF68C
:1013F000AA2354F825701E4A0446A41A6441634384
:101400001B0D77455BB21BD092F906409C421CD065
:1014100092F912409C4223D092F91E409C4221D066
:1014200092F92A409C4208BF03240FD0114A00249D
:10143000157813708571C1E88F4F8CF31088F0BD5B
:10144000B2680D4C42F82540F0E7002404EB440458
:1014500002EB8402FF2494714BF601549480E5E77B
:101460000124F3E70224F1E7352E002000ED00E02F
:10147000C81F0020EE3800201D01001010B5074CD9
:1014800082B001460523002200940548FFF7A2FD23
:101490000028A8BFC0F1330002B010BDF07C0110DD
:1014A000F2380020014B0B44036070472C2E0020C3
:1014B00070B5104C104DAC420ED2FF26236863B1BC
:1014C000FFF7C8FD01462046FFF7ECFFA680BFF3FB
:1014D0005F8F0834AC42F1D370BDFFF7BBFD01460E
:1014E0002046FFF7DFFF2671BFF35F8F0834AC4261
:1014F000E4D370BDE82700200028002010B5044682
:10150000FFF7A8FD01462046FFF7CCFFFF2323711C
:10151000BFF35F8F10BD00BF10B504460120FFF779
:10152000A5FD034B03442360BFF35F8F10BD00BFD5
:101530002C2E0020024B0B440360BFF35F8F7047DB
:101540002C2E00200D4B1A68EFF3108172B6D2E8F2
:10155000CFCF0120BCF1000FF9D1C2E84C0FBCF194
:10156000000FF4D1BFF35F8F00221B68C3E88F2FF9
:1015700081F3108840BF002000217047EC37002025
:101580002DE9F04F2DED028B85B0EFF30583DBB233
:10159000103B9A0818BF01224FF0010103F0030B22
:1015A00018BFAF4DAF4B08BFAF4D0BEB820253F8E6
:1015B000226001FA0BF205F541539FEDA78B0192D2
:1015C0005A602FE0B3881C0440F19380B379002B5C
:1015D00040F0DD80B6F90820002AC0F21E81736950
:1015E00002EB420203EBC203D3E90247B7F1FF3F2C
:1015F00008BFB4F1FF3F0ED005EB8B01AB6A0A695F
:10160000D21AE31A934205D301232A6A03FA0BF391
:10161000134200D10C61284600F018FCA042B941E9
:10162000C0F2FB80B6F90830019A002B0093EA6300
:10163000C8DBD6F8148003EB4309284608EBC9073A
:10164000D7E9024A00F002FCA04271EB0A01B9DBC3
:10165000BAF1000FC0F2C380D7E90431834A934244
:1016600000F0ED807A88B6F9080092B242EA0040B4
:10167000984702460B4652EA030100F0B080002B67
:1016800080F2D180B4EB020E6AEB030A38F93930EC
:10169000C7E902EA002B95DB716903EB430201EB1A
:1016A000C202D2E90270BE457AEB000C4FEA430257
:1016B00088DBB4462CF8083F06E003EB430001EB5F
:1016C000C0005A00D0E90270BE451A447AEB00000F
:1016D00001EBC20404DB31F93230A446002BECDA12
:1016E00028F83930009BACF80030B3881C043FF573
:1016F0006DAF3369EFF3108272B6D3E8CF0F0121DB
:101700000028FAD1C3E8401F0028F6D1BFF35F8F4D
:101710004FF6FF74B0880023316900B2B480C1E88D
:101720008F3F82F310889842FFF650AF0746A946D4
:10173000746906F1080807EB470E04EBCE03D3E902
:101740000250B6F90830C446002B13DBB2460097AE
:1017500004E034F936309446002B09DB03EB4306F2
:1017600004EBC602D2E90271BD4270EB0101F0DA6E
:101770005646009FACF8007034F93E7024F83E30B5
:10178000002FD8DAB3794D46002B3FF423AF002366
:10179000B371B6F9083006F10808581C3DD01A4656
:1017A000776903E08046591C3FF416AF03EB430111
:1017B00007EBC100B0F802C01C461CF4004F9E4667
:1017C00037F93130EED0944280ED028B05D0A8F885
:1017D0000030328927F8312034817246E3E738F847
:1017E000393033813369EFF3108272B6D3E8CF0F0B
:1017F00001210028FAD1C3E8401F0028F6D1BFF329
:101800005F8F7388316928F83930009B738000231B
:10181000C1E88F3F82F31088D4E640BF05B0BDEC2D
:10182000028BBDE8F08F2846CDE9022300F00EFBC5
:10183000029A039B10EB020E43EB010A26E70846CF
:101840000B69029198470028C9D00299D1E9002379
:1018500011E700BFAFF30080FFFFFFFFFFFFFFFFB7
:1018600000800B400437002000000B408115001061
:101870002DE9F84F364C25692DB1BDE8F84F0A2106
:101880003448FFF70FBEDFF8E4800321404600F044
:10189000CBFA0326C4F80C80FFF7DCFB4FF0504C6A
:1018A0002D4B267003442361DCF800300F21637058
:1018B000636961801D834FF00405A3F878504FF0F1
:1018C0000505A3F890504FF00605A3F8A8504FF077
:1018D00007050E214FF6FF7208274FF00A0EA3F8F6
:1018E000C0504FF001094FF00C0C4FF0020B4FF0BD
:1018F000090A0D204FF00B05A3F868111749A280C3
:10190000A3F808E1A160A3F848B0A3F8F0A0A3F8F9
:101910002051A3F838C1A3F85001A3F83090A3F8E0
:101920006060A3F8D8701A800D4B3046C8F820705C
:101930000C49DC60FFF720FC49463046FFF7DAFB34
:10194000094B0A211F640348BDE8F84FFFF7AABD01
:1019500010200020EC3700202C2E0020FFFF10006C
:10196000043700208115001000200B4000000B40C0
:101970000048704710200020F8B59DF8205004461C
:1019800017461E4635B900F069FA874266EB010139
:1019900000295CDB2169EFF3108372B6D1E8CF0F29
:1019A00001220028FAD1C1E8402F0028F6D1BFF368
:1019B0005F8FB4F90220656902EB4201002A4FEA09
:1019C000C10C206905EBC10139DB35F80CE0A4F846
:1019D00002E04FF0000EC0E88FEF83F310884888D4
:1019E000069B0130C0F30E00012838BF01200B61B7
:1019F000079B48804B61C1E9027640EA02402369B7
:101A0000EFF3108172B6D3E8CF7F0126002FFAD111
:101A1000C3E8476F002FF6D1BFF35F8FA38825F887
:101A20000C30A2802369C3E88FEF81F31088012274
:101A3000E368217803F501538A405A60F8BD00221B
:101A4000C0E88F2F83F310884FF0FF30F8BD284691
:101A5000F8BD00BF0146F0B50069EFF3108772B61C
:101A6000D0E8CF5F0124002DFAD1C0E8454F002D0A
:101A7000F6D1BFF35F8FB1F902E04C690EEB4E0C6B
:101A8000BEF1000F4FEACC05086904EBCC0C3CDB3F
:101A9000665B4E800026C0E88F6F87F31088BCF825
:101AA0000200CCE902230130C0F30E00012838BF48
:101AB0000120059BACF80200CCF81030069B40EAF0
:101AC0000E40CCF814300B69EFF3108272B6D3E8F5
:101AD000CFCF0127BCF1000FF9D1C3E84C7FBCF197
:101AE000000FF4D1BFF35F8F8B886353A1F804E03C
:101AF0000B69C3E88F6F82F310880122CB680978E5
:101B000003F501538A405A60F0BD0023C0E88F3FBF
:101B100087F310884FF0FF30F0BD00BF03464089C7
:101B2000B0EB214F37DD58690A1402EB420210B5C1
:101B300000EBC2001C69EFF3108C72B6D4E8CFEF53
:101B40000122BEF1000FF9D1C4E84E2FBEF1000F03
:101B5000F4D1BFF35F8F428889B292B28A4207D034
:101B600000221B69C3E88F2F8CF31088002010BD62
:101B700042F4004242800121002218699971C0E8B4
:101B80008F2F8CF310881C78DA68084602F5015311
:101B9000A140596010BD0020704700BF40787047D9
:101BA0002DE9F04182B004460E4600F057F94FF09F
:101BB000FF326FF00043241846EB0106A24273EB9C
:101BC00006013CBF14461E46A51F46F1FF37AC4236
:101BD00076EB07033CBF00252F4600F03FF9281A9B
:101BE00067EB010C01287CF1000C06DA2046314637
:101BF00002B0BDE8F04100F03BB900F02FF985429A
:101C000067EB010100290ADB0021174B2A460093EC
:101C100016483B460191FFF71DFF0130E6D04FF01B
:101C2000000C134A1349536A9F4204D8906AA84291
:101C3000DCD29F42DAD10B68EFF3108072B6D3E8A2
:101C4000CF8F5FF0010EB8F1000FF8D1C3E848EF75
:101C5000B8F1000FF3D1BFF35F8F0B68C3E88FCFEC
:101C600080F3108820BFDEE745150010102000200B
:101C700000000B40EC3700202DE9F04182B0064611
:101C800000F0ECF84FF47A7304464FF0FF306FF039
:101C90000042E6FB0341A04272EB01033ABF044657
:101CA00015460D46A61F45F1FF37B44275EB0703F5
:101CB0003CBF0026374600F0D1F8301A67EB01012F
:101CC000012871F1000106DA2046294602B0BDE87C
:101CD000F04100F0CDB800F0C1F8864267EB010199
:101CE00000290ADB0021174B3246009316483B4679
:101CF0000191FFF7AFFE0130E6D04FF0000C134A20
:101D00001349536A9F4204D8906AB042DCD29F4282
:101D1000DAD10B68EFF3108072B6D3E8CF8F5FF0A3
:101D2000010EB8F1000FF8D1C3E848EFB8F1000F89
:101D3000F3D1BFF35F8F0B68C3E88FCF80F31088B8
:101D400020BFDEE7451500101020002000000B40EA
:101D5000EC3700202DE9F04306460D4683B0EFF343
:101D60000584E4B23CB12D4B5A6AAA421CD2002031
:101D700003B0BDE8F0832A4FD7F80C9097F80080A5
:101D8000484600F063F808F1040859F828301B1A97
:101D9000301A65EB0101984271F1000110DB20BFA0
:101DA0001E4B5A6AAA42E2D314BF012400249B6A44
:101DB000B34234BF204644F0010003B0BDE8F083D5
:101DC00000F04CF8864265EB0101002914DB154B4D
:101DD0003846CDE9003432462B46FFF73BFE011E64
:101DE0000ADD0E4B5A6AAA4216D39B6AB34211D33C
:101DF0000B48FFF793FEB6E7084B5C6AAC42B6D3DC
:101E0000641B18BF01249B6AB34234BF204644F0D0
:101E10000100ADE7AA42EBD120BFE9E700000B408B
:101E2000102000204515001010B4054B054C064A43
:101E3000A04214BF1846581C5DF8044BFFF79EB82B
:101E40005C32002000800B400C7D01100346416A8B
:101E50000A46986A596A8A42FAD17047034B596A0E
:101E60000A46986A596A9142FAD1704700000B40BD
:101E7000074A536A9942FCD8994207D1044B02E0C1
:101E80005A6A914202D19A6A9042F9D8704700BFCB
:101E900000000B4010B5002314464FF47A7215F081
:101EA0003FFD034BC4E9000103FB02F2A26010BD39
:101EB00040420F0000EB400C4FEA8C0C0CF1804CC0
:101EC0000CF5803CF0B51646DCF80420051FB2F591
:101ED000803F38BF4FF48032EDB238BFCCF80420D9
:101EE000012D2AD94FF40067254C0CF5405217609C
:101EF00054F82020B2B9DCF80020012D82EA461205
:101F000002F0E0020CF5805632602AD94FF40061ED
:101F100044F820304FF480330CF500521160CCF8B7
:101F20000430F0BD6769B7FBF2FE0EF1010E0EEB57
:101F30004E0EBEF1030EFCD2DDE70129D2D10324FF
:101F40000CF540521460DCF80820D207FBD5DCF811
:101F500000200B4C82EA461202F0E0020CF580569B
:101F600032600122DCF800504D4005F00305356079
:101F700002FA01F1DCF808200A42FBD0C6E700BFF4
:101F800068320020014B53F820007047683200206F
:101F900070B4039D04682D0345EA03451B4B002CD8
:101FA000B3FBF1F3B2FBF3F61FDB194A194B904276
:101FB00014BF4FF480424FF40042174C1A6003F5EF
:101FC00080531A60A36832EA0303FBD1212200F593
:101FD00040530433016086601A600268002AFCDA0C
:101FE0000822C5601A6070BC7047036803F03F03A5
:101FF0008B42DAD18368C3F30B03B342D5D1C368F4
:1020000003F4EE23AB42D0D1EDE700BF001BB700D5
:1020100000800540002002400000024030B44FF034
:1020200080441C4B1C60E0B11B4CA3F54053DC61A9
:102030001A4C40F0010044401C62596298624FF013
:1020400080454FF0E061134B1548164C1D608460CD
:1020500019604AB930BC4FF00042A3F580531A60B2
:102060007047114BD861EAE74FF47A7303FB02F231
:10207000B2F1807F2ABF6FF07F4313461A464FF0BC
:1020800080410A4C08482360094B426030BC19600B
:10209000704700BF00B00D40D3C007B02D3FF84FD0
:1020A00000A00140F3FFFF0100800D40DC3600205E
:1020B00000A00D40012300EB4000800000F18040B3
:1020C00000F5841041600360704700BF002370B5C5
:1020D000DB8A04460D46002242E800F2520254BF59
:1020E0001021042144F25220984786462B4622466E
:1020F000F446BDE870400A214FF48170604700BF8C
:102100000023DB8A002242E800F2520201D41021AF
:1021100018470421184700BF08B503460846191E92
:1021200002DB1AB140F03000FFF7D0FF40F0200092
:10213000FAE700BF034AD2F82838002BFBD0BFF3E0
:102140005F8F704700000E400021044B044ABFF32C
:102150005F8F43F8041B9342F9D170470C080E407F
:102160002C080E4010B44FF48D704FF42A64064AC8
:10217000064B07491460D06019605368002BFCDAE5
:102180005DF8044B704700BF0080044000A004408D
:1021900000B0FA00704700BF08B50148FEF7BAFE6C
:1021A000307D011038B5054C054DAC4204D254F8D1
:1021B000043B9847AC42FAD338BD00BF8879011080
:1021C000C879011010B40748074C084B084A094960
:1021D00004601A608B6832EA0303FBD15DF8044B9C
:1021E000704700BF002002407F3BEFEF003002400D
:1021F000F6FFF30300000240044BDB6CB3F5004F25
:1022000003D14FF48022024BDA6470470000115072
:10221000002011504FF0E022044BD2F8881D0B43F0
:10222000C2F8883D10EE3004704700BF0303300051
:102230006FF06041044B054A19609368DB4333F04B
:102240006043FAD1704700BF0030024000000240F6
:1022500010B545F25320FFF753FFBDE81040034689
:102260000420184710B545F25320FFF749FFBDE899
:102270001040034601201847FEF710BF10B5054B6C
:10228000054C4FF488721846A16812F079FEA060E0
:1022900010BD00BF0000002000ED00E0002370B57D
:1022A0002B4C82B0C4F88430FFF75CFF0122294B2D
:1022B000DA63636C012BFCD10321264A244B1163A2
:1022C0009C6B012CFCD10226052521460523224AC0
:1022D00022480096FFF75CFE21462B46204A214803
:1022E0000095FFF755FE0022042031461E4BFFF7F4
:1022F000E1FD2146284600221C4BFFF7DBFD0022B2
:10230000082011461A4BFFF7D5FD0022092011467F
:10231000174BFFF7CFFD002206201146134BFFF7A6
:10232000C9FD0022114B07201146FFF7C3FD042011
:10233000FFF728FE00240F4BA3FB0035AD0CE0B2E5
:1023400029460134FFF7B6FE062CF8D102B070BD65
:102350000000014000300140002F68590000054096
:10236000008C864700800540001BB70080D1F00834
:10237000006CDC0283DE1B4386B003B451FC08040E
:10238000CDE9020151FC0904CDE9040151EC0A0434
:10239000CDE9060103BCF047BDE800504EEC00C497
:1023A000BDE800504EEC01C4BDE800504EEC02C444
:1023B00000BD000000B5FFF7DFFF02E010FE30F4C3
:1023C000F8D441EC100443EC112400EE010410EEAB
:1023D000010480EE200451EC1004704700B5FFF7B3
:1023E000CBFF02E010FE30F4F8D441EC100443ECD3
:1023F000112400EE010410EE210480EE200451ECC3
:102400003004704700B5FFF7B7FF02E010FE30F46C
:10241000F8D410B541EC100443EC112451EC040441
:1024200053EC0524A0FB024C5FF0000EE0FB03CE52
:10243000E1FB02CE4CEC20440024E1FB03E444EC3D
:1024400030E480EE200451EC5004BDE810407047A9
:1024500000B5FFF791FF02E010FE30F4F8D441EC34
:10246000100443EC112451EC2104A0FB01126FEA8B
:10247000820252FB100052FB12F252FB1000A0EB42
:10248000D07C53EC04245CFB13F153EC1524A1FB2A
:10249000022001FB030053EC4424A2EB000050FB9C
:1024A0001CF24FEA111312EB017043EBE27140EAA8
:1024B000515020EA915020F0070053EC7524A0FB06
:1024C000023C53EC752400FB03CC01FB02CC53EC23
:1024D0000424ACEB824C40EA5C70A0F1010041ECBA
:1024E000400480EE200451EC7004704700B5FFF703
:1024F00043FF02E010FE30F4F8D441EC100480EE0B
:10250000220410EEB204704700B5FFF735FF02E079
:1025100010FE30F4F8D440EC700400EE010410EE2C
:10252000210480EE200451EC3004704700B5FFF721
:1025300023FF02E010FE30F4F8D440EC600400EE1B
:10254000010410EE210480EE200451EC30047047A9
:1025500000B5FFF711FF02E010FE30F4F8D441ECB3
:10256000800400EE010410EE010480EE400410EE41
:102570001304704700B5FFF7FFFE02E010FE30F4D1
:10258000F8D441EC800400EE010410EE010480EE6A
:10259000400410EE3304704700B5FFF7EDFE02E093
:1025A00010FE30F4F8D441EC100443EC112400EE9A
:1025B000010410EE3004C0F30070704700B5FFF75F
:1025C000DBFE02E010FE30F4F8D441EC100443ECE2
:1025D000112400EE010410EE3004C0F38070704747
:1025E00000B5FFF7C9FE02E010FE30F4F8D443EC6A
:1025F000102441EC110400EE010410EE30F48CBF05
:1026000001200020704700BF00B5FFF7B5FE02E0D3
:1026100010FE30F4F8D443EC102441EC110400EE29
:10262000010410EE30F42CBF01200020704700BFE1
:1026300000B5FFF7A1FE02E010FE30F4F8D441EC43
:10264000100443EC112400EE010410EE30F42CBF12
:1026500001200020704700BF00B5FFF78DFE02E0AB
:1026600010FE30F4F8D441EC100443EC112400EED9
:10267000010410EE30F48CBF01200020704700BF31
:1026800010B5044610F0D4FF28B10346034A234492
:10269000934200D810BD0248FEF73CFC0000082021
:1026A0003C7D011010B50C4611F09AFA28B1034692
:1026B000034A2344934200D810BD0248FEF72AFC87
:1026C000000008203C7D011010F0BABF9A4238BFCC
:1026D00088547047704700BF2DE9F04F83B099468A
:1026E000DDE90DAB0F9B884611469A07074616D1C8
:1026F000DA453AD20C460D46ABEB0A060E442246AA
:102700004B46414620200134B847B442F7D1294610
:10271000BAF1000F08D1204603B0BDE8F08F0C4697
:10272000BAF1000F10D00E4655460C9B2E449A4429
:102730000191721B4B46013D41461AF8010D34468A
:10274000B847002DF5D101990F9B9B07E3D5651A7A
:10275000AB45E0D922464B46414620200135B847DB
:102760005D4504F10104F5D3D5E70C46BAF1000F3D
:10277000D9D1D0E72DE9F04F0F9FDDF8248017F075
:10278000020F0A9C9DF82CA00E9DDDE90C9644D109
:10279000F5BBB44241D207F0010B04F1FF3C4FF00E
:1027A000300EC44404E00134A6420CF801EF01D914
:1027B000202CF8D1BBF1000F00F08880A5422CD965
:1027C00004F1FF3C4FF0300EC44404E00134AC424D
:1027D0000CF801EF21D0202CF8D117F0100F0ED0FB
:1027E00017F4806F54D1A64263D0A54261D0B9F1ED
:1027F000100F50D0B9F1020F56D0202C29D120242F
:10280000CDE90B57CDE90984BDE8F04FFFF764BF70
:1028100017F0010B34D1B442BFD317F0100F1ED004
:1028200017F4806FE3D1002CDDD1B9F1100F63D024
:10283000B9F1020F77D0302488F800400124BAF1B2
:10284000000F11D17E0748D52B2608F8046001340B
:10285000D6E7264601344FF0300C08F806C0202C8D
:10286000CDD0BAF1000FEDD02D2608F80460013468
:10287000CDE90B57CDE90984BDE8F04FFFF72CBF38
:10288000BAF1000F30D0B44205F1FF3585D395E79A
:10289000B9F1100FB3D1BE063BD5202CAFD05826CE
:1028A00008F804600134A8E7202CA8D0264601349B
:1028B00007E0661EB9D0B9F1100F36D0B9F1020F9A
:1028C000C9D14FF0620C08F806C096E717F0100F58
:1028D000C5D017F4806F86D089E73E0790D52026B3
:1028E00008F8046001348BE717F00C0F00D0013DAD
:1028F000B442FFF452AF61E7BC0612D4782488F8E2
:102900000040302488F801400224BAF1000F99D029
:10291000AAE7202C3FF473AF782608F8046001344E
:102920006BE75824EBE76224E9E717F0200FA4F1E6
:10293000020C04D04FF0580E08F80CE08BE74FF073
:10294000780E08F80CE086E700B9704701F0C4BBC8
:1029500010B1D1E900311847704700BF00000000F6
:102960002DE9F04F97B09DED207BDDE9225B074616
:10297000884651EC170B249C99460C920B46024654
:102980008DED047B0794FFF70BFE002840F0F481E7
:10299000DDE904014FF0FF326FF48013FFF724FEEE
:1029A000002840F01B81DDE904014FF0FF32AC4B01
:1029B000FFF756FE002840F0EE80DDE90401A4A3F5
:1029C000D3E90023FFF74CFE002840F0D380DDE977
:1029D0000401A1A3D3E90023FFF706FE002840F07D
:1029E000C980DDE9040100220023FFF7FDFD002876
:1029F00040F0E88023460D9013F4806F08BF062551
:102A000030212B460EAAA5F1200605E0013BB3427A
:102A100002F8011B00F09381092BF7D81E46ED1A2E
:102A2000DDE90401FFF798FD8E4B044603EBC60376
:102A300093ED007B8DED087BFFF76AFD02460B46A8
:102A4000DDE90401FFF7CEFCDDE90823FFF7DEFC3A
:102A500002460B46CDE90A23FFF790FD8246FFF7B9
:102A600069FD02460B46DDE90A01FFF7BBFC0246A1
:102A70000B46CDE90A2300227B4BFFF7F1FD00282E
:102A800000F0FE800AF1010A5046FFF753FD0246AE
:102A90000B46DDE90801FFF7BBFD10B14FF0000A5E
:102AA0000134002E00F0FD80681E0EABDFF8CCC1B3
:102AB00018440FE0ACFB0A21C90801EB8102AAEB24
:102AC00042023032BAF1090F00F8012F40F21C81A6
:102AD0008A461D46202D05F1010306F1FF36E9D196
:102AE0002025691E0EAB6148194410E080FB04628A
:102AF000C3EBA20303EB8302A4EB420404F1300214
:102B000001351C4601F8012F002B00F0EB80202D31
:102B10004FEAE473EAD1079B03F00303012B18D1BA
:102B2000BBF1000F15D00D9B002B00F00A810BF1BB
:102B3000FF3BBBF1200F0CD96B1E0EA930220B44BA
:102B400005E001355D4503F8012F80F0D180202D8F
:102B5000F7D1079B0EACCDE902B341464B46384650
:102B60000C9A01950094FFF7B7FD8246504617B0C6
:102B7000BDE8F08F079B9DED047BCDE923B3414673
:102B80004B4638460C9A8DED207B229517B0BDE858
:102B9000F04F00F045B9610723464CBF04230323DF
:102BA0004146219338464B46079A48BF304CCDE901
:102BB00022B258BF2F4C0C9A209417B0BDE8F04FAA
:102BC000FFF78ABDDDE9042300200021FFF70AFC9E
:102BD0000123CDE904010D9323460DE723469C070D
:102BE00040F0AA80BBF1040F40F2A6800C9B1D466A
:102BF0001C1F04EB0B0A2A464B4641462020013598
:102C0000B847AA45F7D155461B4C261F14F8010DAD
:102C10002A464B464146B847B44205F10105F5D175
:102C2000079B0AF1040A9807A0D50C9CAAEB0403A1
:102C30009B459BD952464B46414620200AF1010A4A
:102C4000B847AAEB04035B45F4D38FE7AFF30080EA
:102C50000000000065CDCD410000000065CDCDC174
:102C6000FFFFEF7FD08801100000E03F67666666D7
:102C7000907D0110987D0110A47D0110CDCCCCCCAD
:102C80000022DDE90A01634BFFF7AEFC00287FF468
:102C900008AFBAF1000F6AD10AF1010A002E7FF4E1
:102CA00003AF2046FFF734FC02460B46DDE9040182
:102CB000FFF798FB02460B46CDE904230022554B53
:102CC000FFF792FC00287FF40CAFDDE9040100223D
:102CD000504BFFF7C5FC00287FF403AF013424F00C
:102CE0000104FEE6079B03F00303012B00F0828042
:102CF000202D3FF42EAF0D9B7BB32D220DEB050352
:102D000083F83820013524E7202B3FF4E9AE0EAAE2
:102D100015441E44302204E0202B05F8012F3FF417
:102D2000DFAE9E4203F10103F6D12E220DEB060326
:102D300083F83820751CD4E6DDF830A063E7202541
:102D40006EE6079B13F00C0F50D00BF1FF3BAB4529
:102D50003FF6F2AE202D3FF4FCAE079B5A0701D59B
:102D60002B22CBE71B077FF5F4AE2022C6E71AF033
:102D7000010F3FF496AE8FE7A60734D1BBF1030FE6
:102D800031D90C9B1D46DC1E04EB0B0A2A464B4630
:102D9000414620200135B8475545F7D155461E4CD0
:102DA000E61E14F8010D2A464B464146B847A64296
:102DB00005F10105F5D1079B0AF1030A9D077FF58F
:102DC000D5AE0C9CAAEB04039B457FF6CFAE5246D2
:102DD0004B46414620200AF1010AB847AAEB0403FA
:102DE0009B45F4D8C2E6DDF830A0D7E7AB453FF607
:102DF000A3AEAEE6BBF1000F3FF47AAF0D9B002B04
:102E00009FD00BF1FF3B5D45FFF496AE202D7FF484
:102E100074AF9EE60000E03F9F7D011000000000BF
:102E20002DE9F04F9FB02A9EDDE9284507469346DD
:102E30000891099322462B46204629460E96DDE945
:102E40002BA6FFF7ADFB002840F0BE8020462946A8
:102E50004FF0FF32784BFFF703FC002840F0B480BE
:102E6000204629464FF0FF326FF48013FFF7BCFB7A
:102E7000002840F0A9802046294600220023FFF7C1
:102E8000B3FB002840F0D581CDE90A45DDE90A23EE
:102E90009046994606F4006216F480630F921393ED
:102EA00040F0A18058EA090340F0CA80002A40F0AF
:102EB000E38106230E9316F00202109240F0D481B3
:102EC0005346042B38BF04230C920422043B129275
:102ED0000F932046294600220023FFF785FB002898
:102EE00040F0F3819DED0A7B0F9B5A4603930E9BA6
:102EF0008DED007B029326F4006304933846099B12
:102F00000899FFF72DFD024616F0200F099B08993E
:102F10000CBF6520452002F10108B8470C9A129BAE
:102F200016AC5D1E82EAE273A3EBE273D10F0026BA
:102F300022469946DFF804C101E0202E10D0CE468B
:102F4000ACFB0930C00800EB8003A9EB430330332E
:102F5000BEF1090F814606F1010602F8013BECD8EB
:102F60000523002006930A2305950094099D089CDB
:102F70004246CDE90330CDE901612B462146384672
:102F8000FFF7F8FB109A8046D2B1A0EB0B06B245D2
:102F900016D90BEB06022B46214620200136B847F6
:102FA000B245F6D80BF1FF335344CBF10102A3EB4A
:102FB00008034244924538BF002308F101089844B1
:102FC00040461FB0BDE8F08F5A463846CDE9284547
:102FD000CDE92BA60E9C099B08992A941FB0BDE849
:102FE000F04FFFF7BDBC58EA09032BD1002A3FF48C
:102FF00062AF00230C930E9B0C9A934200F3B981AD
:103000004FF000082046294600220023FFF7ECFA83
:10301000002840F013819DED0A7B26F4006646F4FB
:1030200080668DED287B5A463846CDE92A8A099B71
:1030300008992C96D2E700BFFFFFEF7FCDCCCCCC18
:1030400006230E93C9F30A50A0F2FF30FFF760FA8F
:10305000C1A3D3E90023FFF7D9F9C1A3D3E9002322
:10306000FFF7ACF9C9F31309CDE90C0149F07F5121
:1030700040460022B24B41F44011FFF7B3F9A4A33C
:10308000D3E90023FFF7C2F902460B46DDE90C0144
:10309000FFF794F9FFF760FA0C90FFF739FA9EA357
:1030A000D3E9002380468946FFF7B0F90022A54BFB
:1030B000FFF784F9FFF750FA03464946404612935A
:1030C00097A3D3E90023FFF7A1F980461298894618
:1030D000FFF71EFA94A3D3E90023FFF797F90246FE
:1030E0000B4640464946FFF77DF902460B468046AF
:1030F0008946FFF78BF942464B46CDE91001404621
:103100004946FFF75BF90022CDE91401DDE9100122
:103110008D4BFFF7A1F900228C4BFFF74FF90246C8
:103120000B46DDE91001FFF797F90022884BFFF706
:1031300045F902460B46DDE91001FFF78DF94246DD
:103140004B468046894600204FF08041FFF74AF900
:1031500002460B4640464946FFF730F902460B4609
:10316000DDE91401FFF778F900227A4BFFF726F921
:10317000129B002203F2FF3C4FEA0C53FFF746F983
:1031800080468946DDE90A0142464B46FFF72CFAA4
:1031900050B10C9B4046013B49460C9300226B4BBF
:1031A000FFF75AF9804689460C9A43466332C62A8D
:1031B00006F00202109249460F9A2CD8002A5ED0DF
:1031C000042212920B433FF416AFDDE90A0158A323
:1031D000D3E90023FFF730FA48B1DDE90A0156A32D
:1031E000D3E90023FFF700FA00287FF404AF0E9B19
:1031F000002B50D0139A002A7DD0013B0E93129BD6
:103200009A4505D9109B002B00F0AE800223109345
:1032100000230F9344E022BBBAF1050F4FD906F00B
:103220000203002B49D105231293AAF105030F9342
:103230003AE005F100430A940B9327E626F4006672
:1032400046F4806638462C96DDE90A67344607F175
:1032500000455A46CDE92A8ACDE92845099B0899B7
:10326000BCE605221292ADE700230222CDE90F321F
:1032700004220C9312922CE64FF00508C2E6BAF134
:10328000040F1FD9109B002B78D104231293AAF1AD
:1032900004030F9304E0129B9A4531D80E9B0F93C1
:1032A0000C9B002B3FF415AEDDE90A0142464B466C
:1032B000FFF7D2F8CDE90A010BE6022310930523AC
:1032C0001293F1E704231293EAE7DDE90A45A046E9
:1032D0000F9B05F1004903930E9B5A46029326F477
:1032E000006304933846CDE90089099B0899FFF7EC
:1032F00037FB024608E6129B9A4544D80F92CFE767
:10330000109B8BB30E9B0F9302231093C8E700BF53
:1033100061436F63A787D23F71A379094F930A4036
:103320001655B5BBB16B0240EF39FAFE422EE63FAF
:103330002D431CEBE2361A3F0000000080842E4132
:103340000000F83F0000E03F00002C400000244057
:10335000000018400000F03FFB799F501344D33F1A
:10336000B3C8608B288AC63F129BAAEB03030F9356
:1033700096E7A3EB020808F1FF3843E60423129313
:10338000022310938CE7109B002BEDD002230F92A9
:10339000109385E72DE9F04F9BB0249C954D0A943E
:1033A000954CB1F1000A18BF834625601878934CFC
:1033B000914608BFA3460993002800F093824FF07E
:1033C00000080AE042464B46514608F10108D8473A
:1033D000099B1878002800F0CE80099B252803F16E
:1033E00001030993EED11C460023224612F8010B7B
:1033F000A0F1200110290AD8DFE801F04009093CBA
:103400000909090909090938093409093000A0F135
:1034100030010929099440F28A802A2800F0F080BE
:1034200000252E2800F096800026A0F168011229C0
:103430002DD8DFE811F049012C0043012C003801A0
:103440002C002C002C002C002C002C002C00270021
:103450002C002C002C002C002C002700144643F0DC
:103460000103C2E7144643F00203BEE7144643F0EB
:103470000403BAE7144643F01003B6E7144643F0DA
:103480000803B2E70999487843F48073013267284A
:1034900009927ED8242840F2C180A0F12502422A58
:1034A00000F2BC80DFE812F05001BA00BA00BA00A6
:1034B000BA00BA00BA00BA00BA00BA00BA00BA003C
:1034C000BA00BA00BA00BA00BA00BA00BA00BA002C
:1034D000BA00BA00BA00BA00BA00BA00BA00BA001C
:1034E000BA00BA00BA00BA00190137011901BA00CE
:1034F000BA00BA00BA00BA00BA00BA00BA00BA00FC
:10350000BA00BA00BA00BA00BA00BA00BA00BC01E8
:10351000BA00BA00BA00BA00BA00BA00BA00BA00DB
:10352000BA00BC015801BC0119013701190100257D
:1035300000E0013205EB850500EB45051078303DD4
:10354000A0F130010929F4D92E28099202F10102D3
:103550007FF46AAF099943F4806348781146A0F17B
:103560003006092E40F221812A2800F02F8109928D
:103570000026013259E74446C14501D809F1FF3818
:103580004B46424651460020D84720461BB0BDE876
:10359000F08FA0F16902D2B20F2A3FD8012149F27F
:1035A00041079140394040F0F3800A2A3DD0072A74
:1035B00034D10A9D55F8042B002A00F0138143F002
:1035C000210012AB1F460B9303E0202900F0148169
:1035D0001A4602F00F042346092C94BF30333733C8
:1035E0000F2A07F8013B01F101014FEA1213ECD851
:1035F00002E100BF95330010D4360020D52600101C
:103600000A99099851F8045B4078002DCDE9092109
:10361000BCBF43F002036D42013202E742464B4613
:10362000514608F10108D847D2E60A99002E51F810
:10363000047B18BF3246387808BF4FF0FF320028AD
:1036400000F07B83BC18A4463A4604E012F8014F10
:10365000002C00F03F819445F8D16446E41B5A05E4
:1036600040F12281B44228BF344613F0020300F037
:1036700088820223CDE90A5142461D46464408E0AD
:103680004B465146D84717F8010F08F1010810B111
:1036900042464645F4D12B460B990A9D002B40F03B
:1036A00041810A9194E6099948786C287FF4ECAE40
:1036B0000A46887843F440730332E8E6099943F4F4
:1036C000007348780132E2E609994878682800F0EA
:1036D000038143F080030132D9E6672800F0D980E6
:1036E000472800F0DC80452800F0DB80CDE903535B
:1036F0000A9B0296073323F007031C464246F4E870
:1037000002674B4651465846CDE900670A94FFF7D9
:1037100087FB80465CE6462808BF43F02003CDE9DE
:1037200003530A9B0296073323F007031C464246C5
:10373000F4E802674B4651465846CDE900670A94C3
:10374000FFF70EF9804643E642464B465146252098
:1037500008F10108D8473BE60A9A990702F10404E8
:1037600008F1010640F1C68010784B4642465146AA
:10377000D847012D88BFA84440F2BD8132464B4650
:10378000514620200136D8474645F7D10A941FE616
:103790006F2800F0818040F24882782800F0908104
:1037A0000A2723F01003BC4641E0002606EB8606FC
:1037B00000EB4600A0F1300611F8010FA0F1300235
:1037C000092AF3D90A46099101322EE6DDE90921D9
:1037D00051F8046B9078023209920A91013226EA7C
:1037E000E67622E623F0100013F4806240F0210018
:1037F0003FF4E7AE12AB0B930B9B069000930823AC
:103800001020059300234246CDE9023001914B463A
:10381000514658460496FEF7ADFF0A958046D7E517
:10382000582862D0622840F08F800227BC4613F4EB
:10383000806000F0DD8023F00D0313F4007240F08F
:1038400081810A990F1D13F4807140F037825C0664
:103850000A9A40F13B811278002A40F04E8123F011
:103860001003002800F04981114612AA0B92CDE9FD
:103870000553CDE903C601910B9B424600930023FB
:103880005146029358464B46FEF774FF0A9780460E
:103890009EE543F4006329E70827BC46C7E743F4E5
:1038A000006343F0200321E713F0020300F08E8150
:1038B00002230A951E460D4642464B465146D847BE
:1038C00017F8010F08F101080028F5D12946334601
:1038D0000A9DE3E6D41BC2E60A46887843F0C0039B
:1038E0000332D4E50446804646E6102743F0200321
:1038F000BC469CE7012D40F2F880464608F1FF37B0
:103900002F4432464B46514620200136D847BE420E
:10391000F7D10A9B3246187851464B46D847A844FF
:103920000A9455E54646A5427FF6BBAEA844A8EBEF
:1039300004080C4632464B46514620200136D847F3
:103940004645F7D12146ACE613F4806200F0BB8017
:103950004FF4806223F0110C1CF400770A9B4AD1CB
:103960001CF4807003F1040440F034811CF0400F1B
:1039700040F0A3801CF0800F00F0D381B3F9001059
:1039800081EAE177A7EBE177BFB2CB0F002900F026
:1039900056813A4612A90F46DFF8D8E30B910A93F5
:1039A0000C9501E020280FD01546AEFB0213DB0872
:1039B00003EB8301A2EB41013031092D1A4600F1DE
:1039C000010007F8011BEDD80A9B0C9DCDE9055CB1
:1039D000CDE9010304960B9B424600930A2351460E
:1039E000039358464B46FEF7C5FE0A948046EFE423
:1039F00023F00C0321E7073323F007031946084699
:103A00005B6850F8081BDF0F0A9051EA030062D18F
:103A1000002A40F09F811346114612AACDE90C7589
:103A200000201546CDE90E68DFF848E30B9201E06F
:103A300020282DD05A1842F10002AEFB027828F05F
:103A4000030707EB9807D21B1E469B1A61F100077C
:103A50000C464FF0CC3101FB03F10EFB0711A3FB29
:103A60000E731944052307F00108A8FB03389B18BF
:103A70000A2E03F130034FEA570774F1000405F8EA
:103A8000013B00F1010047EAC1734FEA5101CFD277
:103A9000DDE90C75DDE90E680B9B424600930A23B5
:103AA000CDE9055CCDE90107049603934B465146E9
:103AB0005846FEF75FFE80468AE419780F4664E7B1
:103AC0001027BC46B3E623F0100C45E71C064CBF9C
:103AD00012881268C0E60A46191E01DB13469CE7ED
:103AE0005242134661EB410197E71346514618785D
:103AF00042464B46D847B04648E613F0200F14BF65
:103B00004120612012ACA6460B940A93A0F10A044E
:103B10000C9502E0202912D02A46B2FBFCF50CFBE2
:103B20001520C3B2092803F130008ABF1B19C3B2A4
:103B3000DBB262450EF8013B01F10101EAD20A9BBA
:103B40000C9D94E60A9A073222F00702516852F857
:103B5000084B8E460A9254EA010276D123F01003F4
:103B6000002872D00022114612AA0B92CDE905530B
:103B70000B9B424600930023CDE903C601910293BB
:103B800094E7A54298BF01347FF674AD4FF480638B
:103B9000CDE90A7505EB08021F460D46141B424687
:103BA0004B465146202008F10108D847A045F6D1E0
:103BB0003B460A9F294638780B9D6C1C00283FF431
:103BC00070AD002B3FF475AE002353E5A542DFD85E
:103BD00001346EE61968CB0F002900F0A88081EA55
:103BE000E172A2EBE17212A90846DFF888E10B91BD
:103BF0000A930C9501E0202F0FD01546AEFB02135F
:103C0000DB0803EB8301A2EB41013031092D1A4699
:103C100007F1010700F8011BEDD80A9B0C9DCDE9C7
:103C2000055CCDE901730496D5E6692823F0100CF4
:103C300040F08C8013F480623FF48EAE88E6002A58
:103C40003FF4A8AE12AA0B92C0E613F0200F14BFE7
:103C500041226122002012A90A3ACDE90E68CDE97D
:103C60000C35CDF844B006468846754693460B9110
:103C7000CDF840C003E0202E17D004460D4629465B
:103C80003A460023204613F043FED2B2092A02F13D
:103C9000300388BF02EB0B03BC42DBB275F10005B9
:103CA00008F8013B06F10106E5D23146DDE90C35A5
:103CB000DDE910CBDDF83C800E9E57E70A990968D4
:103CC00051B923F0100338B112A90B91CDE9055376
:103CD000CDE903C60192CFE513F0200F14BF4120B8
:103CE000612012ACA6460B940A93A0F10A040C952D
:103CF00002E0202A12D02946B1FBFCF50CFB15107E
:103D0000C3B2092803F130008ABF1B19C3B2DBB26A
:103D100061450EF8013B02F10102EAD20A9B0C9DBB
:103D2000D4E7196881EAE177A7EBE1772DE6002A6D
:103D30003FF459AF12AA0B9271E713F480640DD0CF
:103D400013F0020412D004464646ECE50A27634607
:103D5000BC466CE512AB00200B939DE613F002030A
:103D60007FF4E0AD002D7FF413AF9AE4002D7FF4D3
:103D70000DAF96E4CDCCCCCC0EB410B585B007AC6D
:103D800054F8043B01464FF0FF320094044803947A
:103D9000FFF700FB05B0BDE8104003B0704700BF5F
:103DA000CD26001084460CB410B584B006AC54F88F
:103DB000043B0A460094614604480394FFF7EAFA7C
:103DC00004B0BDE8104002B0704700BFCD2600101F
:103DD00030B594468E4605461C4683B02946724649
:103DE000634600940248FFF7D5FA03B030BD00BF28
:103DF000CD26001070B594461E4605460C4684B08C
:103E00004FF0FF32634602A900960348CDE9025401
:103E1000FFF7C0FA04B070BD5129001010B5094B6E
:103E200084B01C684CB1034600914FF0FF3203A9E7
:103E30000548A047012004B010BD00F08FF92046CE
:103E400004B010BDD43600204929001000BEFDE7A3
:103E5000074A0346106838B1064903448B428CBFB9
:103E60004FF0FF3013607047034908461160F3E7D5
:103E7000C832002000000820F438002008B5FFF701
:103E8000E5FF00BF38B5064C064DFEF78BF9AC4296
:103E900004D254F8043B9847AC42FAD338BD00BF73
:103EA000C8790110D87901100368084611461847EF
:103EB0002DE9F0411546427D07468846002A46D046
:103EC000002D1DDD0B780A2B23D0012D4FF0000CA7
:103ED00018D04646012416F8012F21460A2A04F17B
:103EE000010422D0A542F6D165450BDC08EB0503A1
:103EF00013F8013CA3F10D03B3FA83F35B093B759F
:103F0000BDE8F0813B68A5EB0C0108EB0C0098477D
:103F1000ECE7037D002BD8D1036802210F489847B6
:103F2000012DE3D04FF0010CD3E716F8013C0D2B27
:103F3000D8D08C4508EB0C00A1EB0C0101DA3B68F2
:103F40009847022105483B689847A446CAE7294696
:103F500040463B68BDE8F041184700BF208901108A
:103F60000B682DE9F041802B0D46064605D05A1C02
:103F70002B442A601E71BDE8F0810F4B1C68A4B170
:103F80000E4F01F1040801E0246974B12368002B8D
:103F9000FAD03B680BB1A342F6D1204641462A68CD
:103FA000FFF786FF2469002CF0D1002301222B4467
:103FB0002A601E71BDE8F081B8320020C4320020B2
:103FC0002DE9F04782B00D4691461C460646FDF7A6
:103FD00045FF4FF0FF3C6FF000472E4A821841F139
:103FE0000003944577EB03013CBF62463B462A48F9
:103FF00013F0AEFC6B1C804640D00CB3274F284B0F
:104000001C68B4B1B9F1000F1CD1DFF89C9001E03D
:10401000246974B12368002BFAD0D9F800300BB1B1
:104020009C42F5D120462A463146B8472469002CE7
:10403000F0D1B8F1000F26D1284602B0BDE8F087D4
:10404000184FDCE74FF00A0ADFF85C9002E02469C1
:10405000002CEED02368002BF9D0D9F800300BB13A
:10406000A342F4D12A4631462046B84701222046D1
:104070000DF107018DF807A0B847E8E7304610F0CA
:10408000F5FF0546B9E7044813F046FC284602B0A0
:10409000BDE8F08740420F00E8270020B13E001045
:1040A000B8320020A93E0010C4320020084A13682C
:1040B00023B90AE003F110021B6933B18342F9D13D
:1040C00029B9186910601961704701B11060704713
:1040D000B832002000F0DEBAF0B583B006468DF8A5
:1040E0000700FDF7BBFE4FF0FF356FF00044174AA5
:1040F000821841F10003954274EB03013CBF234653
:104100002A46134813F024FC124B07461C689CB146
:10411000114D01E024697CB12368002BFAD02B6893
:104120000BB19C42F6D1204601220DF10701FFF7A9
:10413000BFFE2469002CEFD117B9304603B0F0BDA3
:10414000034813F0E9FB304603B0F0BD40420F00D6
:10415000E8270020B8320020C432002038B50446D9
:1041600010F084FF012305461A4620462946FFF732
:1041700027FF084B1C682CB163682BB19847246952
:10418000002CF9D1284638BD2469002CF4D12846EA
:1041900038BD00BFB83200202DE9F041A2B004467E
:1041A0000D46FDF75BFE4FF0FF376FF00046264AE5
:1041B000DFF8A480821841F10003974276EB0301F7
:1041C0003CBF3A463346214813F0C2FB00272B463A
:1041D0002246064601A91E480197FFF70BFE019BE8
:1041E0000546D8F80040C3B1002C2BD0194F01E090
:1041F000246974B12368002BFAD03B680BB1A34249
:10420000F6D12046019A02A9FFF752FE2469002C3C
:10421000F0D10023D8F8004001932CB1636843B17A
:1042200098472469002CF9D12EB9284622B0BDE860
:10423000F0812469F1E7054813F06EFB284622B0AF
:10424000BDE8F0810194EFE740420F00E82700202D
:10425000613F0010C4320020B83200200FB400B516
:1042600083B004A951F8040B0191FFF795FF03B047
:104270005DF804EB04B07047704700BF0022014BAB
:104280001A707047EF3800204B79FF2B0BD18879DB
:1042900048B9CB79012B07D1082A05D9034B8A7875
:1042A00009201A7070470020704700BFEF380020C7
:1042B00001207047012901D00120704708B5104B3B
:1042C00091881B78994201D0002008BD5378012BBA
:1042D00008D0022BF8D1002164220846FDF79EFE8B
:1042E000012008BD5188CB0548BF480AC1F34022D0
:1042F00058BF4FF0FF3001F07F01FDF70DFF00BF09
:10430000EF38002000487047EC890110012907D1DF
:104310005378012B02D19388072B03D000207047DC
:10432000012070471146A623014A01F039BA00BFA7
:10433000448901100346012201481A70704700BFEA
:104340002489011008B50B68B3F5966F00D008BD3D
:1043500000224FF0FF301146FDF7DEFE024A034B0C
:1043600010601960704700BF5032002054320020A6
:10437000184B70B51A68002A28D0EFF3108172B676
:10438000D2E8CF4F0120002CFAD1C2E8440F002C14
:10439000F6D1BFF35F8F00220F4C1868596022706E
:1043A000C0E88F2F81F31088002400250B4E307851
:1043B000FCF7B6FE20B9002400252046294670BD32
:1043C0003078FCF7BDFE2046294670BD4FF47A7464
:1043D0000025EBE7FC360020F1380020F038002003
:1043E000014B1878FCF7ACBEF038002038B5044615
:1043F00000200D4601F004FBA8B3002001F016FBDD
:1044000088B3FDF72BFD4FF0FF3E6FF0004C174ACD
:10441000821841F1000396457CEB03013CBF7246D4
:104420006346134813F094FAE8B1002001F0E8FA6B
:1044300058B900214FF0FF3000F00AFD6FF0020480
:104440000B4813F069FA204638BD002001F0EEFA5F
:104450000028EED021462A46002001F0F1FA044659
:104460000028EDD1EAE76FF00204ECE740420F00CC
:10447000F037002008B5FDF7F1FC4FF0FF3E6FF07C
:10448000004C0F4A821841F1000396457CEB030172
:104490003CBF724663460B4813F05AFA70B14FF0B6
:1044A000FF30002100F0D4FC002001F011FB0028B7
:1044B000F5D1BDE80840034813F02EBA08BD00BF8F
:1044C00040420F00F03700202DE9F84380460F46A8
:1044D000FDF7C4FC4FF0FF356FF00044334A8218FB
:1044E00041F10003954274EB03013CBF2A46234689
:1044F0002F4813F02DFA08B9BDE8F883002001F029
:104500007FFA002847D0002F40DD0025DFF8A89073
:10451000284E13E02246002001F020FB0021044633
:104520004FF0FF3000F094FC002001F0D1FAFDF7CD
:1045300095FCC9E900012544AF4227DD002001F0C8
:104540002DFB7C1B8442A8BF044608EB0501002C10
:10455000E0D121464FF0FF3000F07AFC204601F018
:10456000B7FA204601F04CFA80B1204601F016FB64
:104570000028E1D1FDF772FCD9F80030D9F8042009
:104580009B1942F1000283428A41D5D20848BDE816
:10459000F84313F0C1B900200021074BC3E9000123
:1045A000BDE8F843024813F0B7B900BF40420F001E
:1045B000F037002020A10700882A002030B5002114
:1045C00085B02E4813F0D4F9F0B92D4B1A68CAB152
:1045D000EFF3108172B6D2E8CF5F0124002DFAD13B
:1045E000C2E8454F002DF6D1BFF35F8F254C1D6803
:1045F00022785960D3B201222270C5E88F0F81F36F
:104600001088CBB105B030BD00214FF0FF3000F075
:104610001FFC002001F00AFA0446184813F07CF948
:10462000002CEFD0184B1B68002BEBD0174A1068FA
:1046300005B0BDE830401847FDF79AF90446FDF78C
:104640000DFC4FF0FF3C6FF0004510F57A7241F120
:104650000003944575EB030138BF2B464FF0000172
:104660004FF0010520460A4C38BF6246CDE90115DE
:104670000094FDF781F905B030BD00BFF037002090
:10468000FC360020F1380020503200205432002047
:10469000714300104FF0504330B585B01C68FDF7F2
:1046A00067F9FDF77BFAA04202D0002005B030BDCB
:1046B00000212A4B08461B7801F038FD2848036882
:1046C000002B47D00120FCF7D9FE0346254C264994
:1046D000C0B22370FCF750FD20780121FCF70AFDE1
:1046E0000E20FCF739FD40BB204B0125C3E900003B
:1046F000FDF73EF90446FDF7B1FB4FF0FF3E6FF0CA
:10470000004C10F57A7241F1000396457CEB0301F1
:104710004FF000012046164C3CBF72466346CDE97F
:1047200001150094FDF728F90028BEDB012111488E
:10473000FFF7BCFC012005B030BD0120FCF796FC62
:1047400001460A48FCF7F6FE00220E200A49FCF753
:1047500043FDEBE7FCF7D2FEB4E700BFC81102103F
:10476000F0370020F0380020BD450010FC36002056
:104770007143001028200020E143001000487047DA
:10478000888A011000487047348A011038B5184BE8
:1047900004461A780AB344B940F209424FF441730F
:1047A000144D6A8013482B8038BD052C1DD8124B40
:1047B000104D53F8241028460023013903E0132B31
:1047C00020F8022F0ED011F8012F0133DBB2002A9E
:1047D000F5D15B0043F44073E4E71121184600F083
:1047E00025F8D8E74FF44A73DCE7002038BD00BF56
:1047F00004380020903200201C8A011000B545F2D8
:1048000047308BB0FDF77CFC01220346092101A84B
:104810009847DDE90332044912BA1BBAC1E9002303
:104820000BB05DF804FB00BFD4370020012901F173
:10483000FF3300F0B3805D490A784FEA121C9F2ACB
:104840008CBF0CF1370C0CF1300C012B80F800C040
:1048500000F0A78002F00F02092A8CBF37323032F5
:10486000022B427000F09D804A784FEA121C9F2A6A
:104870008CBF0CF1370C0CF1300C032B80F802C00C
:1048800000F08F8002F00F02092A8CBF37323032DD
:10489000042BC27000F085808A784FEA121C9F2A90
:1048A0008CBF0CF1370C0CF1300C052B80F804C0D8
:1048B00077D002F00F02092A8CBF37323032062B34
:1048C00042716ED0CA784FEA121C9F2A8CBF0CF13D
:1048D000370C0CF1300C072B80F806C061D002F0C9
:1048E0000F02092A8CBF37323032082BC27158D0E0
:1048F0000A794FEA121C9F2A8CBF0CF1370C0CF17D
:10490000300C092B80F808C04BD002F00F02092AA6
:104910008CBF373230320A2B427242D04A794FEA8A
:10492000121C9F2A8CBF0CF1370C0CF1300C0B2B96
:1049300080F80AC035D002F00F02092A8CBF373246
:1049400030320C2BC2722CD08A794FEA121C9F2A6B
:104950008CBF0CF1370C0CF1300C0D2B80F80CC017
:104960001FD002F00F02092A8CBF373230320E2BD3
:10497000427316D0CA7911099F2A8CBF3731303162
:104980000F2B81730DD002F00F02092A94BF303231
:104990003732102BC27318BF103002D000230370BF
:1049A0007047184400230370704700BFD4370020BD
:1049B00070B500F02DF90C234026194CFF22A36797
:1049C0000E201849FCF708FC3246002116480FF06B
:1049D00067FC0125002380211348144A4184457057
:1049E0000683068782604360136042F8043C80F8C7
:1049F000213080F83B3043620D4B4FF00056C360CE
:104A0000C362803B836212F097FF4FF48032094902
:104A1000094B25642846E664C4F89010DA6470BD3A
:104A20000000115095040020CC320020840010506A
:104A30000001105010D001000020115001210E2063
:104A4000FCF758BB00220248114600F001B900BF34
:104A5000EC320020044B197021B14FF40032034BAB
:104A6000C3F89020704700BFEA38002000201150A2
:104A70000B785B0602D14B78052B00D070474B8832
:104A8000014ADBB21360704700001150CB782DE96A
:104A9000F04103F0030EBEF1010FC3F301005BD040
:104AA000002791F802C0344C0CF07F025600898830
:104AB00006EBDC1304EB43134FEADC15D876C1F3A5
:104AC0000A0185F0010083F802C019835870DF7075
:104AD000D3008DBB2948043304EB821C03EB000890
:104AE000CCF808801F5082B3254BD2001344CCF879
:104AF0000430244B3F311A6821F03F01BEF1020F10
:104B000008BF4900114419601F4B771904EB471780
:104B10009942FA602BD82E4404EB4613D97E82F0DA
:104B2000A04282F480125B6842EA816242F0004255
:104B30001A600120BDE8F081104804EB821C034498
:104B4000CCF8283040F832704AB900220F4904EB03
:104B50004513D9605A60ECE70020BDE8F081D2002F
:104B600002F1A04202F58012CCF82420C1E7FDF743
:104B700013FBFA68CFE700BFCC3200208000105052
:104B800004001050E0360020FF0F105000011050BC
:104B900012F0D2BE8C4608B5114607481A460CF0F2
:104BA0007F034FEADC1C0CEB430C00EB4C1000F0D5
:104BB0004FF8012008BD00BFCC32002011F07F0269
:104BC00005D100290CBF02200120064B9866C909B7
:104BD000054B01EB420003EB40104FF40062002153
:104BE00012F0B2BE00201150CC32002011F07F0331
:104BF00000D17047002205485B0003EBD11300EBA6
:104C000043106FF40061C27012F09EBECC320020DF
:104C10004FF0805209480A4908B50A4B02600A6001
:104C20009968C94311F08051FAD14FF48052064877
:104C30000FF036FB0922054B5A6708BD00200240E1
:104C400000300240000002400000105000001150EF
:104C500000234FF0010C10B580F81AC08282C38285
:104C60000161044612F078FE20B14FF40032074B88
:104C7000C3F89020204612F063FE10B10123237781
:104C800010BD2046BDE8104012F036BE0020115085
:104C90002DE9F04100241D4E054623463278DFF809
:104CA00078801B4F0DE03B6813EB441324D0DB6886
:104CB0002846984732780134E4B2511CA142234679
:104CC00006DBA242A3EB0203EDD808EB4313EEE7A9
:104CD000542200210F480FF0E3FA4FF0FF330D4844
:104CE0002022041D4360C4E90133E360FF21BDE8D5
:104CF000F04114300FF0D4BA4FF0E023D3F8F03D78
:104D0000DB0700D500BEBDE8F08100BFE938002018
:104D1000842C00205C2E00209C8A0110704700BF6C
:104D2000704700BF0020704700207047704700BFE9
:104D3000704700BF704700BF704700BF024B5878F4
:104D4000003818BF012070475C2E0020024B1878F5
:104D5000C0F38000704700BF5C2E00202DE9F047B3
:104D6000DFF8E4A09AF80030FF2B56D10E46002958
:104D70003ED000215422074629480FF091FA002224
:104D8000284C294B20461A70FCF7B8FB274B2848C3
:104D90001C60284CFCF7C0FB204601F0ABFD264A06
:104DA000264B146023B12648FFF7C4FA254B186040
:104DB0000024234D23462A78DFF89090DFF8848082
:104DC0000EE0D8F8003013EB441311D05B687BB1D0
:104DD00098472A780134E4B2511CA142234611DBE2
:104DE000A242EED89B1A09EB43135B68002BEFD16C
:104DF0004FF0E023D3F8F03DDB0700D500BE0020E4
:104E0000BDE8F087314638468AF80070FFF7D0FDDC
:104E10000028EDD03846FFF711FE0120BDE8F087ED
:104E20005C2E0020542E0020EB380020B02E0020F5
:104E30005420002040200020B42E002035430010D4
:104E4000E9380020842C00205C2000209C8A01107E
:104E50002DE9F04FDFF8C8928BB099F80030FF2BA6
:104E600000F0F180A84CA94DDFF8B0A2DFF8B4B291
:104E700026687369EFF3108272B6D3E8CF0F012171
:104E80000028FAD1C3E8401F0028F6D1BFF35F8F96
:104E9000B261304607A901F077FB00237269C2E8CE
:104EA0008F3FB36983F31088002800F0CC809DF811
:104EB0001D30013B072B00F27D83DFE803F0A7B133
:104EC000959D8E350A04089B002BD1D009989847F0
:104ED000CEE79DF8201001F07F0605EB460000EBC1
:104EE000D11090F8343023F0010380F8343090F87A
:104EF000343023F0040380F83430002E00F0A68014
:104F0000037D9AF80020934280F09380804A1268D3
:104F100012EB431300F090809E699DF82120099BBD
:104F20009DF81C00B047A3E79BF80030002B00F071
:104F300083809BF80030013BDBB28BF800309BF89C
:104F4000003003F0FF00002B92D1704F9DF81C80C1
:104F50003B7843F001033B7097F8343060F3000373
:104F600087F8343097F8343060F3820387F83430B0
:104F700097F8353060F3000387F8353097F835300F
:104F800060F3820387F8353000F06CFC9DF8203028
:104F900003F06002602A6CD0402A7CD003F01F032B
:104FA000012B00F0C180022B00F08180002B60D12A
:104FB000202A00F0E981002A5BD19DF82130092BDD
:104FC00057D8DFE813F0B001A2015600C101560026
:104FD00095016B0156006001F4002B78D9077FF52D
:104FE00047AFFFF7A9FE43E7EB78DA077FF540AF5D
:104FF0000898FFF795FE3BE72B78D8077FF538AF89
:105000002878C0F3C000FFF795FE31E79DF81C003B
:10501000FFF73EFE00F01CFC9DF82030AB7027E748
:105020009DF81C00FFF734FE00F012FCFFF780FE35
:105030001EE7501C984211DA4FF0E023D3F8F03D00
:10504000DC0700D500BE0BB0BDE8F08F099B9DF8D2
:1050500021209DF81C0000F019FC09E79B1A2D4A3D
:1050600002EB431358E7FFF78DFB0246002840F0A0
:1050700082814FF0E023D3F8F03DDE0700D500BE7B
:105080009DF81C000021FFF799FD80219DF81C0070
:10509000FFF794FDECE6204800F0E4FB01214046D8
:1050A00008AAFFF733F900287FF4E2AEE8E79DF89D
:1050B000241011F0700FDCD101F07F0607EB4600E1
:1050C000164B00EBD1101B78007D760001969842BC
:1050D0004FEAD116009659D35E1C8642C0F2668113
:1050E000C01A0C4B03EB4016002A00F06381706974
:1050F00000F0B8FB01214046736908AA98470028D0
:105100007FF4B6AEBCE700BFB42E00205C2E0020BA
:10511000842C00209C8A01100D430010E9380020E7
:105120005C200020EB3800209DF824300F2BA7D8FE
:10513000AE4A3B441B791278934232D3511C9942B8
:105140009EDBAB4E9B1A06EB4316706900F08AFBA0
:1051500001214046736908AA984700287FF488AE69
:105160009DF8203013F060068AD19DF821300A3B6B
:10517000012B85D800F076FB9DF821300A2B00F03A
:10518000F281404608A900F0F1FA71E6994B1B68DC
:1051900003EB4016002A00F00D81002E3FF470AFA3
:1051A000A5E7944A166816EB4316CED168E77B78DC
:1051B0009DF822609E4200F04F817B78002B40F0EA
:1051C000BE817E70002E00F04581701EC0B2FFF7D8
:1051D000D9FA0346002800F05F814278022A40F0A5
:1051E0005B81C17903F10906C1F340121201C1F3D9
:1051F000801142EA41123146387820F030000243F3
:105200003A705A88CDF80C809A180192019B8B4213
:1052100040F2A4814A780B2A00F0AF810123042ACE
:1052200040F03A810026019A0096521A92B20292F8
:105230006E4A049312781DE06E4B1B6813EB461800
:1052400000F02A81029AD8F8103003980591984707
:1052500008280246059906F1010303D902989042F5
:1052600080F0FF80DEB2614B00961A78531C9E429C
:1052700000F31281009BB242A3EB0202DCD85C4B2C
:1052800003EB4218DEE77B7840468DF81A300DF1CB
:105290001A02012308A900F083FAE9E5BDF822000B
:1052A000030A013B020AC0B20E2B3FF6E9AE01A190
:1052B00051F823F0C9540010655300100555001033
:1052C0008150001081500010E75400106553001009
:1052D000815000108150001081500010815000104A
:1052E000815000108150001081500010BB540010FC
:1052F00008A800F0BDFA40469DF82210FFF7A2FB77
:105300003B7843F002033B70B2E5BDF82230012B3D
:105310007FF4B6AE3B78404623F0080308A93B7003
:1053200000F024FAA4E540463B789A0802F0020215
:10533000C3F340131343ADF81A300DF11A020223E0
:1053400008A900F02DFA93E5BDF82230012B7FF477
:1053500097AE3B78404643F0080308A93B7000F045
:1053600005FA85E5022A3FF47EAEFFF7DDFC024632
:1053700000283FF485AE4046538808A900F010FA93
:1053800000287FF475AD7BE69DF824300F2B3FF6A7
:1053900077AE164A3B441B79127893421DD2154AC8
:1053A000166816EB43167FF4A2AE69E6002A7FF476
:1053B00067AE00269DF8212002F0FD03012B1BD0D3
:1053C000002A7FF456AE019B009A3B44134493F8A5
:1053D00034304046C3F34003ADE7511C9942FFF619
:1053E0004FAE034E9B1A06EB431680E6E9380020C9
:1053F0009C8A0110842C0020BDF82230B3B9012A08
:1054000099F8000000F08680FFF7D8FB019B009A16
:105410003B44134493F8342042F0020283F83420D2
:1054200093F8342042F0010283F83420002E3FF438
:105430001FAD706900F016FA7369012108AA404691
:105440009847002000F00EFA97F83530DF073FF557
:105450000FAD96E6FFF76CFC404608A900F086F910
:1054600006E5049B012B00F09E80002B00F08A8053
:10547000002091F8028005E08CF804605FFA80FC5F
:1054800063457FD908EB000C57FA8CFC9CF804E0CC
:105490000130BEF1FF0FEFD04FF0E023D3F8F03D25
:1054A000DA0700D500BE4FF0E023D3F8F03DDB076C
:1054B00000D500BE00237B70E2E5FEF723FF024625
:1054C00000287FF458AFDBE5FFF758F902460028C3
:1054D0003FF4CFAD4046122308A900F061F900283F
:1054E0007FF4C6ACCCE5FFF71DFC024600283FF474
:1054F000C7AD4046137808A900F052F900287FF4A0
:10550000B7ACBDE5BDF82410FFF740F9024600280E
:10551000EFD1B5E50293FFF769FB019A009B3A448E
:105520001A4492F83410029B63F3410182F834105C
:1055300092F8341063F3000182F8341076E700210A
:105540004046FFF787FA4046FFF722FBBB7840460C
:105550000093FFF79DFB009BBB7032E6DDF80C80EB
:10556000FFF7E4FB78E74046012308A90DF11A0292
:105570008DF81A6000F014F97AE40A78CB781144B7
:105580004A784CE6334610480492029100F076FEC9
:105590000E4B049A02991B781144009A01339342EE
:1055A000BFF634AE78E7D8F810C00948844508BF84
:1055B00002235DE74FF0E023D3F8F03DDB077FF5F2
:1055C00057AC00BE54E400BF702E0020E938002024
:1055D0009D5C00102DE9F84F0A9F002A40D00C4630
:1055E0001E4615464FF0000ADFF87C90DFF87C80FD
:1055F00018E0204698F8021099F800B000F00EFE6E
:10560000E0B121465846FFF741FAF0B1A2780AF11D
:10561000010AD10916BF0B9B3A701A702278AA456D
:1056200014441DD06278052A0FD1E17801F00301FE
:10563000B1420AD1A27812F0700FDAD04FF0E02315
:10564000D3F8F03DDA0700D500BE4FF0E023D3F8E1
:10565000F03DDB0702D40020BDE8F88F00BEFAE77A
:105660000120BDE8F88F00BF5C2000205C2E0020E8
:1056700038B58B7813F0700F08D04FF0E023D3F8D3
:10568000F03DDB0700D500BE002038BD074A084BBF
:105690000C46084691781D7800F0C0FD0028ECD03B
:1056A00021462846BDE83840FFF7F0B95C2E0020BF
:1056B0005C2000200B46064A06481168DA0934329D
:1056C00003F07F0302EB4303184400F061BD00BF09
:1056D000B02E00205C2E00200B46064A06481168BA
:1056E000DA09343203F07F0302EB4303184400F07D
:1056F00079BD00BFB02E00205C2E002010B51948E7
:1057000001F07F0C00EB4C0000EBD11090F834C09E
:105710001CF0010F08D04FF0E023D3F8F03DDA077A
:1057200000D500BE002010BD00F1300494F804C084
:105730000D484CF0010C007884F804C0FFF72AFAF9
:105740000028F0D14FF0E021227960F300022271AD
:10575000227960F382022271D1F8F03DDB07E1D5B6
:1057600000BEDFE75C2E00205C20002030B50B4C33
:105770008C46A6460546086849680023AEE8030043
:105780009CF800102846C943C4E90233BDE8304004
:105790001A4601F08001FFF7B1BF00BF142E0020B0
:1057A0002DE9F041284F4FF00008BE468C460646D2
:1057B00008684968BA60AEE80300A7F80E8015468D
:1057C000BCF80620934228BF1346BB819AB11C4601
:1057D00033B3DDB197F90030402C28BF4024002BB3
:1057E00029DB414623463046184AFFF787FF68B158
:1057F0000120BDE8F0819CF800101346C9433046F3
:1058000001F08001FFF77AFF0028F1D14FF0E0238B
:10581000D3F8F03DDB0700D500BE0020BDE8F081E5
:105820001A46397801F0800123463046FFF766FFBB
:105830000028DDD1EAE72246294604480FF0A0FB04
:105840008021024AF0E700BF142E0020D42D002052
:105850000022034BC3E90022C3E902221A61704708
:10586000142E0020014B1861704700BF142E002039
:1058700030B40246044C0025234600685168C4E950
:10588000025530BC03C37047142E002070B53D4C48
:10589000C90922780646B1EBD21F1D4682B017D047
:1058A00053B14FF0E023D3F8F03DDB0702D40020E2
:1058B00002B070BD00BEFAE72146FFF7D9F82369B0
:1058C0001BB12246032130469847012002B070BD2B
:1058D00094F90030002B06DBA0680028E7D02A46A8
:1058E00029490FF04DFBE089A168E388284480B284
:1058F00029448342E081A16016D03F2D14D9A289AA
:1059000094F90040131A9BB2402B28BF4023002C6F
:1059100027DB90424FF0000131D01B4A3046FFF7A1
:10592000EDFE0028D1D1BCE7236923B10221304626
:10593000144A984760B121780023C94330461A467B
:1059400001F08001FFF7DAFE0028AAD00120BDE7B0
:1059500001463046FFF732F980213046FFF72EF935
:10596000B3E7904208D01A46074801930FF008FBAE
:105970008021054A019BD1E780210022CEE70A461B
:10598000CCE700BF142E0020D42D00202DE9F041DB
:105990000446FFF7D3F908B9BDE8F081FFF7D6F95F
:1059A00005460028F8D1C82304FB03F3124EF7186C
:1059B000F9780029F0D010331E44304600F0D2FDB3
:1059C0003F28E9D92846F978FFF774FE0028E3D08C
:1059D000304600F0C7FD3F28F97808D9074A284625
:1059E00002EBC4124023BDE8F041FFF787BE284612
:1059F000BDE8F041FFF770BE0C2D0020882C002080
:105A000010B50446FFF79AF908B9002010BDFFF75A
:105A10009DF90028F9D1C822034B02FB0433187901
:105A200000F0010010BD00BF0C2D0020C82208B5F9
:105A3000024B02FB003000F07BFD08BD1C2D002056
:105A40002DE9F8434FF6FF73C8249A4228BF1A463F
:105A500000FB04F4DFF8748004F1100545440646A9
:105A600092B2284600F0DAFD0746FFF767F910B951
:105A70003846BDE8F883FFF769F981460028F7D179
:105A8000A04498F80330002BF2D0284600F06AFDBD
:105A90003F28EDD9484698F80310FFF70BFE002881
:105AA000E6D0284600F05EFD3F2898F8031007D99D
:105AB000054A4846402302EBC612FFF71FFED7E710
:105AC0004846FFF709FED3E7882C00200C2D002064
:105AD0002DE9F0410446FFF731F910B90020BDE887
:105AE000F081FFF733F905460028F7D1C82604FBFB
:105AF00006F6DFF8648006F124074744384600F0D4
:105B000017FD0028EAD0B044284698F80210FFF7A5
:105B1000D1FD0028E2D00F4E384606EBC4163146C0
:105B2000402200F07BFD98F80210044668B103465D
:105B300032462846FFF7E2FD50B94FF0E023D3F894
:105B4000F03DDB07CAD500BEC8E7FFF7C5FDC5E7D6
:105B50002046C4E7C82C00200C2D002038B54FF695
:105B6000FF75C823AA4228BF2A460B4C92B203FBFA
:105B700000440546204600F00FFE034620461C4622
:105B800000F0D6FC3F2801D8204638BD2846FFF754
:105B90009FFF204638BD00BF302D0020C82208B529
:105BA000024B02FB003000F0DDFC08BD302D002070
:105BB000F0B5002483B0C822002117480EF070FB16
:105BC000FF234FF4E1310822144804701248009476
:105BD000074643718160827300F13801012340223E
:105BE000103000F075FC0123402207F1780100938A
:105BF00007F1B80607F1240000F06AFC07F1C005C0
:105C00003046FBF77BFC2846FBF778FCC7E90746E4
:105C1000C7E90C5403B0F0BD0C2D0020082D002066
:105C20000A4A116B136A61B13BB10023C2E90C331C
:105C3000D36100231362012070470120C2E90C33B5
:105C40007047002BF7D0D161F3E700BF0C2D002087
:105C5000002210B50E4C0F48237802600271DA075B
:105C600007D59B070BD5BDE8104001210A4800F07D
:105C70005DBE103000F03EFE23789B07F3D406484B
:105C800000F038FEBDE810400121034800F04EBE90
:105C9000082D00200C2D0020302D0020F0B54B7970
:105CA00083B0022B02D18B79022B03D0002528462A
:105CB00003B0F0BD274FBB783BB14FF0E023D3F8E2
:105CC000F03DDB07F2D500BEF0E78B7806463B706F
:105CD0000B78CC186178242908BF092507D036E055
:105CE00023781C4461782B4424299DB207D1AA4211
:105CF000F6D20020FFF74AFE284603B0F0BD0B465F
:105D0000052916D0042BF4D163790A2BF1D1124B5B
:105D10002778019301330093022330461A46E11994
:105D2000FFF758FC0028C8D00E3517FA85F5ADB23C
:105D3000DFE721463046FFF79BFC0028BDD0A37863
:105D40007B7023785A191C44637895B2DAE70B46C6
:105D50000925D5E70C2D00200E2D0020137803F027
:105D60006003202B08D170B5264C938894F800C0AE
:105D70009C4503D0002070BD002070475378203B25
:105D8000032BF7D8DFE803F027230D0201292ED0DB
:105D900003291ED11C4BE3B100205188AFF30080D2
:105DA00017E0012923D0032913D15588174805F09E
:105DB000010686F00101257100F0B8FD144B43B1D6
:105DC00031460020C5F34002AFF3008001E0012915
:105DD00011D0012070BD01290DD00329F9D10D4B3F
:105DE000002BF6D000200C49FEF7ACFAF1E7114683
:105DF000FFF7BCFCEDE711460723074AFFF7D0FC8D
:105E0000E7E700BF0C2D002000000000302D00202F
:105E10000000000045430010142D00202DE9F84338
:105E2000354E0C46F27807468A421D463DD0B3787F
:105E30008B4212D04FF0E023D3F8F03DDB0732D491
:105E40000020BDE8F8832D4B23B12D4800F080FBE6
:105E500000284DD00020FFF799FDB378A34201D070
:105E60000120EEE7274B13B10020AFF300800020A4
:105E7000FFF72EFE0028F3D1234800F059FB00283D
:105E8000EED1002DECD015F03F05E9D13846B178C0
:105E9000FFF710FC0028E3D02B462A463846B1789D
:105EA000FFF72CFCDCE700BECAE79AB2174906F1FF
:105EB000100000F071FC164B002BC4D07379FF2B3F
:105EC000C1D0002DBFD0DFF8448008EB050902E007
:105ED000C845B8D0737918F8012B9A42F8D1084810
:105EE00000F036FB0028F3D17179AFF30080EFE7C3
:105EF000AFF30080AEE700BF0C2D002000000000D3
:105F00001C2D002000000000302D0020882C0020D7
:105F100000000000F0B54FF4137285B00021124864
:105F20000EF0BEF9402600234FF480750E4F0F4C43
:105F300007F5A6721946CDE90246009201951A4668
:105F400007F5947000F0C6F90023384607F12801E0
:105F50003444009101221946CDE9024601950430EE
:105F600000F0B8F905B0F0BD04300020842F002007
:105F700008B5054800F0DAF9034BA3F5927000F07C
:105F8000D5F9012008BD00BF2C31002038B500250F
:105F9000064C04F59870257000F0ACFC04F10C0080
:105FA00000F0A8FC84F82951657138BD0430002048
:105FB0002DE9F8434B79FF2B51D1354E96F8293115
:105FC000002B4CD196F80580B8F1000F47D18B78A3
:105FD0000C7833700B790F460C44ABB38146A5188F
:105FE00003E0A54230D923781C446378052BF8D10F
:105FF000AC4229D221464846FFF73AFB40B3A3788A
:10600000DB092FD1234800F075FCA37896F82821EE
:1060100086F82931A3884846C3F30A03A3F5007321
:10602000B3FA83F35B0963F341021B4986F8282125
:1060300000F0EAF960B123783A7908F101081C44CC
:106040005FFA88F39A42D0D8E11B88B2BDE8F883A2
:106050004FF0E023D3F8F03DDB0700D500BE002071
:10606000BDE8F8830D4800F045FCA37832797371E0
:10607000A3880B49C3F30A03A3F50073B3FA83F3B0
:106080005B0963F341020020327100F085F9D2E729
:1060900004300020343100202C310020103000204A
:1060A0000830002070B51B4C064694F829C11D46E7
:1060B0008C4511D063798B4201D0002070BD164B06
:1060C0001BB10020A9B2AFF300803046134900F0A5
:1060D00063F9C8B1012070BDB4F8343163B9104B15
:1060E00023B100200F49AAB2AFF3008030460E4919
:1060F00000F08AF90120EEE7D4F82C11AAB204F5D9
:10610000987000F049FBEAE72A463046034900F060
:106110000FF9DFE704300020000000000830002005
:1061200000000000842F00202C31002010B582B028
:10613000C9B101280CD80B7853B1144C012B23544E
:1061400002D0012002B010BDFEF708FE0028F8D1F1
:106150004FF0E023D3F8F03DDB0702D4002002B07B
:1061600010BD00BEFAE70124084601A9ADF80440BD
:10617000FEF7F4FD38B94FF0E023D3F8F03DDA072D
:10618000EDD500BEEBE7014B1C70E8E7502E002078
:10619000F8B5037813F001041AD1037805465A07BD
:1061A000C3F3800701D52046F8BD0E464FF0FF31FE
:1061B000304611F09DFB2B7813F001040BD12B78A6
:1061C0005B0709D42B78012443F004032B7003E010
:1061D00000242046F8BD3C46304611F09DFB204689
:1061E000F8BD00BF70B50C4605464FF0FF312046A4
:1061F00011F07EFB2B78C3F380065B0708D52B7864
:1062000013F0010311BF00262A7863F382022A707B
:10621000204611F081FB304670BD00BFC3788288F4
:1062200003F003000228C2F30A0215D003280AD0A3
:1062300001281CD1022940F2FF3308BF4FF48063CC
:1062400093420DD37047022914BF40234FF480635B
:10625000934205D30120704702290AD0402AF9D978
:106260004FF0E023D3F8F03DDB0700D500BE00205F
:106270007047B2F5007FEDD0F2E700BF0A449142CB
:1062800026D291F801C0BCF1050F05D091F800C0ED
:1062900061448A42F5D8704700B591F802C00CF00D
:1062A0007F0E00EB4E0E4FEADC1C0EF80C3091F81E
:1062B00000C061448A4209D991F801C0BCF1050FC0
:1062C000EBD091F800C061448A42F5D85DF804FB38
:1062D000704700BF2DE9F0418E4682B0009390F8E0
:1062E00000C0089EBDF824706EF3000C04461546ED
:1062F000012331463A4600F808CBBDF82C8000F067
:10630000E7F806B13FB901200A9BA4F80280636058
:1063100002B0BDE8F08104F11C063046FBF7EEF850
:106320000DB135460026C4E90556ECE7012070475B
:10633000F8B50746084640F2FF13154610F8082B3B
:106340000C4612F0020F0CBF3F261E4600F0F0F87C
:1063500028B925B12E4202D12378DA0701D50020D1
:10636000F8BD38466178FFF7A5F90028F7D0237803
:1063700013F0010307D04FF0E023D3F8F03DDB0723
:10638000EDD500BEEBE71A4638466178FFF7B6F95F
:106390000028F0D0F8BD00BF70B501F10805064631
:1063A00028460C4600F0C4F810B12378DA0701D56E
:1063B000002070BD30466178FFF77CF90028F7D0E7
:1063C00028466288616800F029F92378054603F0C1
:1063D000010340B173B14FF0E023D3F8F03DDB0788
:1063E000E6D500BEE4E7002BE2D130466178FFF746
:1063F00073F9DDE70346626830466178FFF77EF99E
:106400000028E8D0284670BD8A892DE9F0410B7834
:106410000C46064622B9DD0734D50020BDE8F081E0
:1064200004F108079907384647BF4FF47E484FF4F8
:1064300000754FF6C078402500F094F88542ECD8FE
:106440002378DA07E9D430466178FFF733F900287A
:10645000E3D0384600F086F82378854203F0010344
:106460002DD8BBB9658808EA0008454528BF4546D0
:1064700061785DB362682B463046FFF73FF948B15B
:106480002846CBE74978FFF715F90028C5D02378CF
:10649000D80707D54FF0E023D3F8F03DDB07BCD594
:1064A00000BEBAE7638861783BB162683046FFF7A7
:1064B00025F90028EED06088B0E71A46F6E7002BF1
:1064C000ABD130466178FFF707F9A6E72A46D2E755
:1064D0002DE9F041B2F5004F9DF8188024D804460C
:1064E000C06817460E461D4618B14FF0FF3111F037
:1064F000FFF9206918B14FF0FF3111F0F9F90022CE
:10650000C5F30E03E06843EAC83362812660A780C2
:10651000E380228108B111F0FFF9206908B111F080
:10652000FBF90120BDE8F0810020BDE8F08100BF4B
:10653000038942899BB292B28088934236BFC2EBF4
:1065400040029B1A9B189BB2984228BF184670477E
:106550000289438990B29BB2C01AB0FA80F0400918
:10656000704700BF038942899BB2808892B29342F0
:1065700036BFC2EB40029B1A9B189BB2984286BF63
:10658000C01A80B20020704738B5044600690D4635
:1065900018B14FF0FF3111F0ABF92189638989B24D
:1065A0009BB2A288994236BFC3EB4200C81A40187A
:1065B00080B250B3824209D291422CBF891A891805
:1065C0008BB29A42638103D89B1A9BB29A42FBD941
:1065D000E2882168C2F30E0202FB031128460EF086
:1065E000CFFC6189012589B24B1C9BB29942A288DC
:1065F0000ED9002302FA05F15B1A9BB22069638170
:1066000008B111F089F9284638BD054663899BB267
:10661000B3EB420F4FEA4201F0DBEDE72DE9F04723
:10662000064600698846914618B14FF0FF3111F0D7
:106630005FF9338974899BB2A4B2B588A34236BF8F
:10664000C4EB45071F1BFF18BFB2002F4AD0BD4245
:1066500040D3B94528BFB946A5421FFA89F703D8E8
:10666000641BA4B2A542FBD9B6F806A02B1B316867
:106670009BB2CAF30E029F42924602FB041123D939
:1066800013FB02F31FFA83F94A4640467D1B0EF0C6
:1066900077FC621912FB0AF2316808EB090092B22A
:1066A0000EF06EFC7289B58892B2D3199BB29A42F1
:1066B0001AD96A009B1A9BB23069738108B111F034
:1066C0002BF93846BDE8F087404607FB02F20EF092
:1066D00057FCE7E7AB422CBF5B1B5B199CB22F4614
:1066E0007481B6E773899BB2B3EB450F4FEA45025D
:1066F000E2DBDFE7F8B50446C0680E4618B14FF09C
:10670000FF3111F0F5F82589238961899BB289B29F
:10671000A2888B4236BFC1EB42015B1A5B189BB269
:106720009A42ADB208D8E779FF0905D1E06808B10F
:1067300011F0F2F83846F8BD954228BF2B4618D321
:106740009B1A9BB29342FBD2E2882068C2F30E02EE
:1067500002FB030031460EF013FC6B1C9BB29D4202
:10676000A28812D9002351005B1A9BB20127238112
:10677000DCE7E2882068C2F30E0205FB0200314626
:106780000EF0FEFB0135A288ABB2B3EB420F4FEA2D
:106790004201EBDBE8E700BF2DE9F04F174683B07D
:1067A000002A75D00646C068894618B14FF0FF31FF
:1067B00011F09EF8F379B6F808807289DB09B58884
:1067C0001FFA88F892B23CD1904536BFC2EB450221
:1067D000A8EB0202424492B2AA425ED2AA1A92B234
:1067E000BA4228BF3A46B6F806B097B27B1B08EB10
:1067F000070ACBF30E0B9BB21FFA8AFAA845444650
:1068000003D3641BA4B2AC42FBD22D1B3068ADB2E3
:10681000BD420BFB040057D349460BFB07F20EF0B9
:10682000AFFBB288D0454FEA420302D8BAEB420F21
:1068300003DBAAEB03031FFA83FA3D46A6F808A080
:106840002CE0B6F806B0AF42CBF30E0B2FD290453A
:1068500036BFC2EB4501A8EB0201414489B2680092
:1068600039447B1B81429BB20DDB02EB050A1FFA08
:106870008AFAAAEB07081FFA88F8424537D9A8EB2D
:1068800000001FFA80F807EB080A1FFA8AFAB5E73A
:106890001546284603B0BDE8F08F0025F0680028B3
:1068A000F7D011F039F8284603B0BDE8F08F002D7D
:1068B000F4D07F1B02EB050A0BFB079990462F468D
:1068C00000231FFA8AFA99E715FB0BF5ADB22A46A9
:1068D000494601930EF054FB019B3068E21812FB0D
:1068E0000BF209EB050192B20EF04AFB99E7404525
:1068F00084DCC4E710B50446C06818B14FF0FF311E
:1069000010F0F6FF206918B14FF0FF3110F0F0FFE2
:106910000023E0686381238108B110F0FDFF206946
:1069200008B110F0F9FF012010BD00BF38B50446D2
:10693000C0680D4618B14FF0FF3110F0D9FF206943
:1069400018B14FF0FF3110F0D3FFE379E06865F341
:10695000C713E37108B110F0DFFF206908B110F030
:10696000DBFF012038BD00BFF8B504460D46EFF34C
:10697000108772B60C4B9B6853F82060B14204D06C
:106980000A4B9E420BD2FBF707FC074B9B6843F870
:106990002450BFF35F8F87F310883046F8BD044B57
:1069A0009E42F2D3EFE700BF00ED00E010010010BF
:1069B0001C01001070B5002501260468002BE56657
:1069C0008446616028469DF810E0E66616DD5D1E8F
:1069D000616F1029FCD000B30021A84204BF8EF0E3
:1069E000010641EA462141F480712161D4F880100A
:1069F000616B490605D54FF0FF30636D8CF804E0FC
:106A000070BDA16F0029F1D021690130834202F8E5
:106A1000011BF3D0DCF80040DAE79CF8041089028F
:106A2000DBE700BF2DE9F04100270124944602680E
:106A30000546D7665160D4661C1E38469DF818601E
:106A40001EDD297986F0010789027F0204F1FF3EED
:106A500070450CBFB8464FF000081CF8013B0B43D3
:106A600043EA08031361536BD906FCD5D2F88010B2
:106A700049B970451CD0013084424FF00001E7D184
:106A80002E71BDE8F0814FF00108536D536B9B05EB
:106A9000FCD5136EB8F1000FEDD069B1CB070BD464
:106AA00011F0080F08BF4FF0FF302E71BDE8F081E4
:106AB000002EE0D1B046E9E74FF0FF30E0E700BF3D
:106AC000F8B5044605200F46FBF75CFA00EB570CBF
:106AD000BCFBF7FC204D0CEB4C02A5FB02651F49EB
:106AE000AE088F4200EB4003ACEB95052ED801F1C8
:106AF000D64101F5A10101F62C01A1FB03139B0D69
:106B0000013300214F2A98BF01222468B0FBFCF01A
:106B1000E166216804F5805781F0040101F0060167
:106B2000396088BF0C49E56184BFA1FB021292095C
:106B30002662C4F8A0202246012152F87C5F6B40F7
:106B40009BB202F580521360E166F8BD0449A1FBD7
:106B50000313DB0D0133D4E7CDCCCCCC3F420F0087
:106B6000893BE6550E4A30B4904214BF20221022D1
:106B70000C4D0D4B0D4C2A601A60A36832EA0303DA
:106B8000FBD140F26515032402680371D3661560DA
:106B9000D3639363C2F8884030BCFFF791BF00BF56
:106BA000602000200020024000300240000002402F
:106BB00010B49DF8044001945DF8044BFFF732BF18
:106BC00010B49DF8044001945DF8044BFFF7F2BE49
:106BD000012307480749084A03600B609368D907F7
:106BE000FCD50123054A13601368DB05FCD570470B
:106BF00000200240003002400000024000000A4035
:106C000010B5044604F12F4404F56004084B240D2C
:106C100082B0A40000932246E31C0648FAF7DAF992
:106C20008442CCBF4FF0FF30001B02B010BD00BF4C
:106C3000447E0110603200202DE9F0470F460546E2
:106C4000FAF780F9012297F804A097F905C005F139
:106C50002F4EDFF8D4800EF5600E02FA0AF24FEAEA
:106C60001E5EBCF1000F58F82E6002F1FF32CAF12F
:106C7000200435DBA44503DC02FA0CF3334206D0D2
:106C80004FF0FF34FAF770F92046BDE8F087D5F8E9
:106C90006831F979002B41D14B0731D4644602FAAF
:106CA0000CF2164233D13968BAF1000F10D06746A2
:106CB00001EB4A0A31F8023B07F11209B3F5005F14
:106CC00038BF6344514507F1010745F82930F1D138
:106CD000324348F82E20FAF747F92046BDE8F087FE
:106CE000002C02DA13E0013C11D302FA04F3334220
:106CF000A446F8D1D5F86811FB7991B95B07CED5D8
:106D00006FF00A04FAF730F92046BDE8F0876FF01B
:106D10000804FAF729F92046BDE8F087C907BDD570
:106D2000EEE7D907BBD5EBE7782F002010B5044676
:106D3000FAF708F9002304F12F42084902F560022E
:106D4000120D41F8223003F1120244F822300133CF
:106D5000202BF8D1BDE81040FAF706B9782F0020B3
:106D60002DE9F041D0F868419DF81860121B1F2AE8
:106D700038D84EF29F044EF280054FF4003801EBF4
:106D8000410C002E18BF254600EBCC0404F54354FB
:106D900000EBCC0C052BDCF8DC704FEA410EDCF884
:106DA000CC60C4F80C800CD95401053B44F0A054CD
:106DB0000532052BCCF8DC4002F01F02CCF8D8508D
:106DC000F2D8714400EBC1010020520142EA836312
:106DD000C1F8DC30C1F8D850C1F8DC70C1F8CC6023
:106DE000BDE8F0816FF00400FAE700BFF0B50125BF
:106DF00004688D4024EA05040460B3B3D3E9015666
:106E00001F68DC6801EB410300EBC303C3F8C870E3
:106E10004FEA410CC3F8D060C3F8CC50C3F8DC4053
:106E20000CEB01034FF0013500EBC30C4FF00046B3
:106E300000EBC30E01230EF5865E0C1D01F1080761
:106E40008D40CEF8106003FA04F4CEF8106002F022
:106E50001F028560BB4000F5005004600EF1100E6B
:106E600003600020CCF8D820F0BD4FF480374FF4F9
:106E700040264FF4F83501EB410400EBC404C4F89C
:106E8000C8704FEA410CC4F8D060C4F8CC50C4F8C4
:106E9000DC30C5E70146024A0248FAF76FB800BF86
:106EA000687E0110E638002010B5054C82B001461E
:106EB0000F23002200940348FAF78CF802B010BDAB
:106EC0008C7E0110E6380020384B2DE9F0479842BF
:106ED00014BF4FF400234FF4802307460E46344D71
:106EE000344C354A2B602360956833EA0505FBD1A5
:106EF0000620FBF747F839464FF0020A51F804EF35
:106F00004FEAD6594FEA462C01F5405863464A46A7
:106F100054460EEA0A0EC8F800A008E013EB0C0372
:106F200004F1020442EB0902B4F5807F03D09842D9
:106F300075EB020AF2D24FF48073C4EB042201E035
:106F4000012B30D0B0FBF2FC66459946A2EB04025F
:106F500003F1FF33F4D209FB04F91D023C61022462
:106F60003B4603263A6801F500516A4007F5805C0C
:106F700002F47F42CCF80020C1F800E07D68C8F838
:106F8000004053F8242B254082F0070202F0CF0284
:106F900003F50053CCF80020B0FBF9F00D601E6043
:106FA0000C60BDE8F087A146D8E700BF00000840AC
:106FB0000020024000300240000002402DE9F0476E
:106FC00006464FF0020906200D46FAF7DBFF314670
:106FD0004C4651F8047F86464FEAD55C680201F5BD
:106FE000405A4FF00008034662462740CAF8009016
:106FF00007E01B1804F1020442EB0C02B4F5807F99
:1070000003D09E4578EB0209F3D24FF48073C4EBB2
:10701000042201E0012B1AD0BEFBF2FCAC4518465D
:10702000A2EB040203F1FF33F4D904FB00F01B02CE
:107030003461326801F50051534003F47F4306F593
:1070400080563360BEFBF0F00F60BDE8F08720464D
:107050000023EDE738B5034606201C691D68FAF7E2
:1070600091FFC5F3072505FB0444B0FBF4F038BDE0
:1070700008B50520FAF786FF014B186008BD00BF70
:10708000F02A002010B5044600F00EF82246FAF768
:1070900001FF012010BD00BF024BD3F88800C0F3F0
:1070A0004000704700001040034B196F0A46586FAC
:1070B000196F8A42FAD170470000104070B5164629
:1070C000026C0446856B2AB9066801354EB310463A
:1070D000A56370BD8EB940680DF052FF6368216CE6
:1070E000A2680B449342636028BF236805F1010541
:1070F00028BF63600020A56370BDC0680DF040FF2D
:10710000226CE36851429B1A2268E360934202D2E8
:10711000A3680B44E360022E08D001350020A5636C
:1071200070BD806801F07EFDA660D1E7012D38BFFB
:107130000125DFE770B5A0B3A1FB002305460E468D
:107140007BBB01FB00F010F1490F2AD8483001F059
:10715000CFFF044628B33EB300F148032360C4E9DF
:107160000F5602F01FF80023FF20A363216CE36B8E
:10717000226801FB03F3591A626013440A44C4E90C
:10718000023284F8440084F8450004F1100002F053
:1071900081F904F1240002F07DF902F011F8204693
:1071A00070BD0024204670BD0346D7E72DE9F043AB
:1071B000044685B01F460192884601F0F3FFA26B9A
:1071C000E36B9A4279D3022F77D0002204F1240690
:1071D000019B002B00F0D480002A00F0CD8001F04C
:1071E000EFFF01F009FA01F0DDFF94F84430FF2BC6
:1071F00004BF002384F8443094F84530FF2B04BFCB
:10720000002384F8453001F0DBFF02A801A901F05A
:107210008BFC002840F0BA8001F0C4FFA26BE36B46
:107220009A425CD001F0CCFF01F0BCFF94F84520FD
:1072300055B2002D04DC11E06A1ED3B255B26BB119
:10724000636A5BB1304601F0FBFB0028F4D001F02B
:107250009BFC6A1ED3B255B2002BF1D1FF2384F8F8
:10726000453001F0ADFF01F09DFF94F8442055B288
:10727000002D14DD04F1100903E06A1ED3B255B2EB
:107280006BB123695BB1484601F0DAFB0028F4D00A
:1072900001F07AFC6A1ED3B255B2002BF1D1FF2364
:1072A00084F8443001F08CFF01F0AEF901F07AFF70
:1072B000A16BE36B012299428AD23A4641462046AD
:1072C000FFF7FCFE636A002B40F0A880002840F026
:1072D000A28001F075FF012005B0BDE8F08304F144
:1072E000100901F06DFF4846019901F0F7FA01F02D
:1072F00059FF94F845305DB2002D04DC11E06B1E9F
:10730000DAB25DB26AB1636A5BB1304601F098FBF4
:107310000028F4D001F038FC6B1EDAB25DB2002A0E
:10732000F1D1FF2384F8453001F04AFF01F03AFF24
:1073300094F844305DB2002D04DC11E06B1EDAB22B
:107340005DB26AB123695BB1484601F079FB002860
:10735000F4D001F019FC6B1EDAB25DB2002AF1D153
:10736000FF2384F8443001F02BFF01F04DF9002891
:107370009CD101F00BFF99E702A801F0C9FB2EE7B1
:1073800001F01EFF002005B0BDE8F08301F00AFF08
:1073900094F845305DB2002D14DD04F1240603E0BD
:1073A0006B1EDAB25DB26AB1636A5BB1304601F05E
:1073B00047FB0028F4D001F0E7FB6B1EDAB25DB2A8
:1073C000002AF1D1FF2384F8453001F0F9FE01F0E5
:1073D000E9FE94F844305DB2002D14DD04F110068E
:1073E00003E06B1EDAB25DB26AB123695BB130466D
:1073F00001F026FB0028F4D001F0C6FB6B1EDAB2C8
:107400005DB2002AF1D1FF2384F8443001F0D8FEA8
:1074100001F0FAF8B6E701F0B9FE5AE704F12400EA
:1074200001F00EFB00283FF454AFF4E738B54820D4
:1074300001F05EFE044650B3002501232060C0E940
:107440000F3501F0AFFED4E90F31FF2001FB03F34C
:107450002268591A626013440A44C4E90232A563DF
:1074600084F8440084F8450004F1100002F012F89A
:1074700004F1240002F00EF801F0A2FE2B462A4689
:1074800029462046A5602560E560FFF78FFE20466F
:1074900038BD00BF2DE9F043044685B0884601920F
:1074A00001F080FEA56B002D40F01781019B002BA1
:1074B00000F0C68002A801F02BFB2F4604F1240641
:1074C00001F07EFE01F098F801F06CFE94F8443073
:1074D000FF2B08BF84F8447094F84530FF2B08BF99
:1074E00084F8457001F06CFE01A902A801F01CFBB4
:1074F000002854D101F056FEA36B002B40F0A6806B
:1075000004F1240901F05CFE4846019901F0E6F916
:1075100001F048FE94F845305DB2002D04DC11E026
:107520006B1EDAB25DB26AB1636A5BB1484601F0C4
:1075300087FA0028F4D001F027FB6B1EDAB25DB2A7
:10754000002AF1D1FF2384F8453001F039FE01F023
:1075500029FE94F844305DB2002D14DD04F11009C9
:1075600003E06B1EDAB25DB26AB123695BB14846D3
:1075700001F066FA0028F4D001F006FB6B1EDAB2C7
:107580005DB2002AF1D1FF2384F8443001F018FEE7
:1075900001F03AF800284AD101F0F8FD47E001F087
:1075A00001FE94F845305DB2002D04DC11E06B1E45
:1075B000DAB25DB26AB1636A5BB1304601F040FA9B
:1075C0000028F4D001F0E0FA6B1EDAB25DB2002AB6
:1075D000F1D1FF2384F8453001F0F2FD01F0E2FD26
:1075E00094F844305DB2002D14DD04F1100903E07D
:1075F0006B1EDAB25DB26AB123695BB1484601F035
:107600001FFA0028F4D001F0BFFA6B1EDAB25DB2A7
:10761000002AF1D1FF2384F8443001F0D1FD00F0BD
:10762000F3FF01F0BFFDA36B53B101F0C9FD01F001
:10763000B9FDA56B002D50D1019B002B7FF440AF0D
:1076400001F0BEFD002005B0BDE8F08301F0B8FDFB
:1076500001F0A8FD94F845305DB2002D14DD04F171
:10766000240903E06B1EDAB25DB26AB1636A5BB1F2
:10767000484601F0E5F90028F4D001F085FA6B1EC8
:10768000DAB25DB2002AF1D1FF2384F8453001F06F
:1076900097FD01F087FD94F844305DB2002D14DDB4
:1076A00004F1100903E06B1EDAB25DB26AB123691E
:1076B0005BB1484601F0C4F90028F4D001F064FA47
:1076C0006B1EDAB25DB2002AF1D1FF2384F8443098
:1076D00001F076FD00F098FFA9E7226C5AB1E1684D
:1076E000A36811449942E16028BF2168404628BF41
:1076F000E1600DF045FC2369013DA5632BB901F064
:107700005FFD012005B0BDE8F08304F1100001F039
:1077100097F90028F3D001F039FDF0E72DE9F043A7
:10772000044685B0019101F03DFDA56B002D40F0B0
:107730003B81019B002B00F0818002A801F0E8F959
:107740002F46A84604F1240601F03AFD00F054FF4C
:1077500001F028FD94F84430FF2B08BF84F84480E2
:1077600094F84530FF2B08BF84F8458001F028FDD0
:1077700001A902A801F0D8F9002862D101F012FD98
:10778000A36B002B40F0AC8001F01AFD2368002BA6
:1077900000F0018104F124094846019901F09EF8A6
:1077A00001F000FD94F845305DB2002D04DC11E0DD
:1077B0006B1EDAB25DB26AB1636A5BB1484601F032
:1077C0003FF90028F4D001F0DFF96B1EDAB25DB2A8
:1077D000002AF1D1FF2384F8453001F0F1FC01F0DB
:1077E000E1FC94F844305DB2002D14DD04F1100981
:1077F00003E06B1EDAB25DB26AB123695BB1484641
:1078000001F01EF90028F4D001F0BEF96B1EDAB2C7
:107810005DB2002AF1D1FF2384F8443001F0D0FC9E
:1078200000F0F2FE002800F0A58001F0BBFCA56B83
:10783000002D40F0B980019B002B85D101F0C0FCE8
:107840004AE001F0AFFC94F845305DB2002D04DC55
:1078500011E06B1EDAB25DB26AB1636A5BB13046A9
:1078600001F0EEF80028F4D001F08EF96B1EDAB2C8
:107870005DB2002AF1D1FF2384F8453001F0A0FC6D
:1078800001F090FC94F844305DB2002D14DD04F159
:10789000100903E06B1EDAB25DB26AB123695BB115
:1078A000484601F0CDF80028F4D001F06DF96B1EC8
:1078B000DAB25DB2002AF1D1FF2384F8443001F03E
:1078C0007FFC00F0A1FE01F06DFCA36B002B4ED1FC
:1078D00001F076FC002F50D1002005B0BDE8F08308
:1078E00001F06EFC01F05EFC94F845305DB2002DB5
:1078F00014DD04F1240903E06B1EDAB25DB26AB153
:10790000636A5BB1484601F09BF80028F4D001F0AF
:107910003BF96B1EDAB25DB2002AF1D1FF2384F885
:10792000453001F04DFC01F03DFC94F844305DB26F
:10793000002D14DD04F1100903E06B1EDAB25DB214
:107940006AB123695BB1484601F07AF80028F4D0A7
:1079500001F01AF96B1EDAB25DB2002AF1D1FF23F1
:1079600084F8443001F02CFC00F04EFE5DE701F09D
:1079700027FC5AE701F00AFC57E701F013FC616AA3
:1079800019B1236B1968C1F10601A06801F080F9F3
:1079900001F016FCA0E701F005FCA06801F0FAF880
:1079A000074601F00DFCF5E62368013DA56383B1B0
:1079B00023692BB901F004FC012005B0BDE8F08378
:1079C00004F1100001F03CF80028F3D001F0DEFBD8
:1079D000F0E701F099F9A060EAE700BF2DE9F04374
:1079E000044685B08846019201F0DCFBA76B002FAE
:1079F00040F01681019B002B00F0C58002A801F029
:107A000087F804F1240601F0DBFB00F0F5FD01F03E
:107A1000C9FB94F84430FF2B08BF84F8447094F8F5
:107A20004530FF2B08BF84F8457001F0C9FB01A960
:107A300002A801F079F8002854D101F0B3FBA36B40
:107A4000002B40F0A68004F1240901F0B9FB484660
:107A5000019900F043FF01F0A5FB94F845305DB2B9
:107A6000002D04DC11E06B1EDAB25DB26AB1636A0C
:107A70005BB1484600F0E4FF0028F4D001F084F840
:107A80006B1EDAB25DB2002AF1D1FF2384F84530D3
:107A900001F096FB01F086FB94F844305DB2002DB6
:107AA00014DD04F1100903E06B1EDAB25DB26AB1B5
:107AB00023695BB1484600F0C3FF0028F4D001F011
:107AC00063F86B1EDAB25DB2002AF1D1FF2384F8AD
:107AD000443001F075FB00F097FD00284AD101F019
:107AE00055FB47E001F05EFB94F845305DB2002D98
:107AF00004DC11E06B1EDAB25DB26AB1636A5BB19D
:107B0000304600F09DFF0028F4D001F03DF86B1ED8
:107B1000DAB25DB2002AF1D1FF2384F8453001F0DA
:107B20004FFB01F03FFB94F844305DB2002D14DDB3
:107B300004F1100903E06B1EDAB25DB26AB1236989
:107B40005BB1484600F07CFF0028F4D001F01CF83F
:107B50006B1EDAB25DB2002AF1D1FF2384F8443003
:107B600001F02EFB00F050FD01F01CFBA36B53B1A4
:107B700001F026FB01F016FBA36B002B50D1019BFB
:107B8000002B7FF440AF01F01BFB002005B0BDE8E7
:107B9000F08301F015FB01F005FB94F845305DB270
:107BA000002D14DD04F1240903E06B1EDAB25DB28E
:107BB0006AB1636A5BB1484600F042FF0028F4D026
:107BC00000F0E2FF6B1EDAB25DB2002AF1D1FF23B2
:107BD00084F8453001F0F4FA01F0E4FA94F8443006
:107BE0005DB2002D14DD04F1100903E06B1EDAB262
:107BF0005DB26AB123695BB1484600F021FF0028FD
:107C0000F4D000F0C1FF6B1EDAB25DB2002AF1D1F0
:107C1000FF2384F8443001F0D3FA00F0F5FCA9E723
:107C2000226CE56852B1A368A9189942E16028BFA7
:107C30002168404628BFE1600DF0A2F9636AE56063
:107C40002BB901F0BDFA012005B0BDE8F08304F1C5
:107C5000240000F0F5FE0028F3D001F097FAF0E7D9
:107C600000296BD0564B5A68904200F08B801A68FE
:107C700010B4002A3BD0DA68904200F09E809A68E7
:107C8000002A55D05A69904200F095801A69002A5E
:107C900055D0DA69904200F082809A69002A54D067
:107CA0005A6A904256D01A6A002A57D0DA6A90422D
:107CB00077D09A6A002A56D05A6B904273D01A6BCA
:107CC000002A55D0DA6B90426FD09A6B002A54D0BC
:107CD0005A6C90426BD01A6C002A59D0DA6C9042E0
:107CE00067D09B6C002B58D05DF8044B7047DA6866
:107CF000904262D05A6990425DD01A46DC69A04237
:107D00004DD05C6AA04225D0DC6AA04249D05C6BB1
:107D1000A04248D0DC6BA04247D05C6CA04246D069
:107D2000DC6CA04245D0C2E900105DF8044B7047FE
:107D30005A6990423FD003F10802DFE77047DA69E1
:107D400090422CD003F11002DBE75A6A904201D036
:107D50001C4AD9E7042203EBC202E4E7DA6A904244
:107D60001FD0194AD3E75A6B90421CD0174AD1E76B
:107D7000DA6B904219D0164ACFE75A6C904216D06F
:107D8000144ACDE7002203EBC202C2E9001070479B
:107D9000DA6C90420DD0104AC5E7104AC3E70322BF
:107DA000D9E70522D7E70622D5E70722D3E708223D
:107DB000D1E70922CFE70222CDE70122CBE700BFBE
:107DC000902A0020A82A0020B02A0020B82A0020EB
:107DD000C02A0020C82A0020D02A0020D82A00204B
:107DE00070B505460E46144601F0DCF995F84430AE
:107DF000FF2B04BF002385F8443095F84530FF2B56
:107E000004BF002385F8453001F0DAF9AB6B002B95
:107E100043D001F0C7F995F845305CB2002C14DD71
:107E200005F1240603E0631EDAB25CB26AB16B6A44
:107E30005BB1304600F004FE0028F4D000F0A4FE50
:107E4000631EDAB25CB2002AF1D1FF2385F8453017
:107E500001F0B6F901F0A6F995F844305CB2002CB7
:107E600014DD05F1100603E0631EDAB25CB26AB1FC
:107E70002B695BB1304600F0E3FD0028F4D000F040
:107E800083FE631EDAB25CB2002AF1D1FF2385F8CB
:107E90004430BDE8704001F093B92246314605F107
:107EA000240000F067FDB4E72DE9F041044601F03D
:107EB00079F9364A364E1368013313603368002B64
:107EC00034D0344FE36A3A684AB3334D33493448C7
:107ED0000A6804F1040C01320A6002689A4238BF51
:107EE000036003EB830305EB830041689B00EA58C2
:107EF000D1F808E0A160C4F80CE00132CEF804C06B
:107F0000C1F808C06061EA5001F05AF93B6823B13A
:107F10003268E36AD26A9A4210D3BDE8F0813268CF
:107F20001D4DD26A9A4298BF3460CFE7346013681F
:107F3000012B07D0E36A184D164FC7E7BDE8F041A3
:107F400001F024B9144D2F4605F17808384614374E
:107F500001F0A0FA4745F9D1DFF86080114F4046A3
:107F600001F098FA384601F095FA0F4801F092FABC
:107F70000E4801F08FFA0E4801F08CFA0D4BC3F851
:107F800000800D4B1F60E36A024F9FE71838002006
:107F90002C370020A838002040370020243800204B
:107FA000283800206838002094380020C03800208D
:107FB000AC380020343700203837002054380020F7
:107FC00080B5124D124F134EDFF84C8014E001F0D3
:107FD000E9F8FB68DC68201D01F092FA3368013B88
:107FE00033602B68013B2B6001F0EAF8206B01F055
:107FF0008BF8204601F088F82B68002BE7D1D8F8E1
:108000000030012BF8D901F0C1F8F5E71C38002049
:10801000C038002018380020403700202DE9F04FEC
:108020004C4B83B01D6801351D60002D67D04A4957
:108030000B689D4277D3494E33681868002800F0DA
:1080400084800020AA4607468146DFF828E1444C98
:10805000019147E05869D3E9022CC2F808C0CCF876
:10806000042042688A42026808BFC0F804C0013A8E
:108070005F610260986A70B1D3E9072CC2F808C04A
:10808000CCF804204268AA42026808BFC0F804C0C5
:10809000013A9F620260DA6ADEF8000002EB820CAD
:1080A00004EB8C088242D8F8040054F82C50D0F825
:1080B00008B09860C3F80CB0CBF804108160C3F826
:1080C0001480284B88BFCEF800201968013533682A
:1080D00044F82C50C96A1B688A4288BF49F00109DC
:1080E000002B30D03368DB68DB685A68191D924575
:1080F00003F11805AED2019948460A6014E0174B07
:10810000194A186811681960184910600A68013224
:108110000A601A68126882B94FF0FF330E490B608B
:108120000B689D4287D20020114B1B68002B18BFA3
:1081300040F0010003B0BDE8F08F1B680649DB6822
:108140001B680B6074E7484601994FF0FF330B60E2
:10815000EAE700BFD43800208838002034370020F8
:10816000403700202C370020383700208C38002082
:10817000E0380020283800202DE9F843950080469B
:1081800028460F46994600F0B3FF002872D00646F5
:10819000702000F0ADFF0446002868D0043D702236
:1081A000002135440CF07CF825F007052663002FEC
:1081B0003BD03B7884F83430002B36D07B7884F881
:1081C000353093B3BB7884F8363073B3FB7884F8DA
:1081D000373053B33B7984F8383033B37B7984F844
:1081E000393013B3BB7984F83A30F3B1FB7984F8B2
:1081F0003B30D3B13B7A84F83C30B3B17B7A84F81E
:108200003D3093B1BB7A84F83E3073B1FB7A84F889
:108210003F3053B13B7B84F8403033B17B7B84F8F3
:10822000413013B1BB7B84F84230089F201D052FDD
:1082300028BF0527E762676401F038F9C7F1060730
:1082400004F1180001F032F94B4642462846216BF2
:10825000A7612461646200F0D5FF099B206003B12F
:108260001C602046FFF720FE0120BDE8F883304661
:1082700000F04AFF4FF0FF30BDE8F883F8B5044640
:10828000254E00F08FFF002C3FD0271D384601F00F
:1082900037F9A36A1BB104F1180001F031F91F4A44
:1082A0001F4D1368013313603368A3422B681FD03E
:1082B0001C4A1368013B13601B4B1A68126892B189
:1082C0001A681A4BD26812681A6000F079FF206BA6
:1082D00000F01AFF204600F017FF2B6813B1336837
:1082E000A34214D0F8BD4FF0FF32104B1A60ECE7F8
:1082F000002BDDD039460E4801F0DCF80D4A13683A
:108300000133136000F05CFFE7E73468BDE7BDE8C8
:10831000F84000F03BBF00BF2C370020243800207D
:10832000A838002018380020343700208838002072
:10833000C03800201C38002070B504464B4E00F0B9
:1083400031FF002C48D0251D284601F0D9F8A36A3A
:108350001BB104F1180001F0D3F82946444801F09C
:10836000A9F894F86C30434D012B04BF002384F826
:108370006C3094F86D30012B04BF002384F86D300D
:1083800094F86E30012B04BF002384F86E3000F0A7
:1083900017FF2B6893B93368A34200D070BD2B68D8
:1083A0001BBB3549324A0968126891421BD0334BD6
:1083B0001B68F3B10122324B1A6070BD00F0F2FE6F
:1083C000304B1A6812684AB11A682F4BD26812688B
:1083D0001A6000F0F5FEDEE73468B4E74FF0FF32D4
:1083E000294B1A60F5E7336070BDBDE8704000F0BE
:1083F000CDBE234A254C13602068254A00EB80033C
:1084000052F8233081007BBB431E03EB830152F8FB
:1084100021509900B5B9831E03EB830152F8215016
:1084200099007DB9C31E03EB830152F821509900D6
:1084300045B9031F03EB830152F8215099000DB990
:10844000431F9900194402EB81000246416808323B
:1084500049689142416008BFC168CA6808BF41606D
:1084600032602360336870BD0346EBE72C37002091
:10847000AC380020A8380020183800202038002010
:10848000E0380020343700208838002028380020C9
:1084900040370020F8B5234D2B6883420BD00446AB
:1084A00048B100F07FFE204B62699A4204D0BDE8DB
:1084B000F84000F085BEF8BDA36A1C4A9342F6D08E
:1084C000002BF4D194F86C30012BF0D094F86D307F
:1084D000012BECD094F86E30012BE8D0261D3046ED
:1084E00001F00EF8124AE36A11688B4288BF1360EC
:1084F0002A681049D2F82CE003EB830201EB820CCE
:10850000DCF8045092008858AF6801307345A560CC
:10851000E7607E60AE60C4F814C08850C7D900F030
:1085200035FEC4E72C370020AC38002094380020FA
:1085300028380020403700202DE9F8434FF4007020
:1085400000F0D6FD88B30646702000F0D1FD044649
:1085500078B30027DFF89890394670220BF0A0FE20
:1085600006F5FE75C4E90C690626201D00F09EFF85
:1085700025F0070504F1180000F098FF3B46174A64
:10858000216B28462461A661646200F03BFE03462D
:10859000DFF86080236020460127C8F80040FFF71D
:1085A00083FC00F063FDB8420AD00D4B1B68BDE8A8
:1085B000F883304600F0A8FD094B1B68BDE8F8833E
:1085C00000F0FAFE4FF0FF3400220649064B074840
:1085D00004600F601A6000F051FEE6E7C17F0010F2
:1085E000DC8A0110A8380020D43800208838002008
:1085F00049444C4580380020024A13680133136017
:10860000704700BF203800202DE9F04FDFF86C8163
:1086100083B000F0C7FDD8F80030013BC8F8003047
:10862000D8F800E0BEF1000F40F081804C4B1B6891
:10863000002B7CD0DFF848C1DCF80030002B00F0C4
:108640008B80484BDFF83C91474E0193DCF80C30AF
:10865000DB689A6AD3E9070154688160486003F1D6
:108660001800844208BF51601168C3F828E001393E
:1086700011605A69D3E90241A1604C6054681D1D24
:10868000AC4208BF51601168D9F80000013911608F
:10869000DA6A8242354802EB820188BFC9F80020BD
:1086A000006806EB81077C68D0F82CA056F8210002
:1086B000D4F808B0013052459C60C3F80CB0CBF838
:1086C0000450A5605F6146F8210037D90122019B63
:1086D0001A60DCF80030002BB8D1254B1A681268FC
:1086E000002A34D01A68234BD26812681A60224DCF
:1086F0002C689CB10126019F05E0FFF78FFC00B1BB
:108700003E60013C09D0D8F80030002BF5D02B6832
:10871000013C03F101032B60F5D12C60019B1B6828
:108720002BB1124B01241B6800F030FD00E0002447
:1087300000F046FD204603B0BDE8F08FDCF80030C5
:10874000002B83D10A4B1A681268002ACAD14FF055
:10875000FF32084B1A60CAE7024B0193C7E700BF1C
:1087600018380020E0380020403700202C37002047
:10877000343700208838002090380020203800202E
:10878000943800202838002008B900F0FFBC194AAE
:108790002DE9F04113680446013313601649174B65
:1087A000174D184A0E681768D3F8008028680430FF
:1087B00000F0A6FE2B68A41929685C600DD238462B
:1087C000043100F085FE104B1A68944238BF1C60DB
:1087D000FFF71AFF48B1BDE8F0814046043100F0D0
:1087E00077FEFFF711FF0028F5D1BDE8F04100F05A
:1087F000CDBC00BF20380020D438002038370020FE
:108800002C3700203437002088380020014B1868AE
:10881000704700BFD4380020054B1B680BB9FFF729
:10882000FDBB044A0020136801331360704700BF8A
:108830002038002090380020234B1B681BB10122F8
:10884000224B1A607047214A30B4214C13602068D3
:10885000204A00EB800352F8233081008BBB431E7B
:1088600003EB830552F825509900B5B9831E03EB3D
:10887000830552F8255099007DB9C31E03EB83058B
:1088800052F82550990045B9031F03EB830552F8B0
:10889000255099000DB9431F9900194402EB81003E
:1088A00002464168083249689142416008BFC16888
:1088B000094A08BF4160C96811602360136830BC71
:1088C00070470346E9E700BF20380020E038002069
:1088D00028380020403700202C3700202DE9F041B7
:1088E0000C461E4D2968183100F0F2FD1C4B1D4945
:1088F0001D4A0E681768D3F800802868043000F01D
:10890000FFFD631C15D02B68A41929685C600AD28E
:108910003846043100F0DCFD144B1A68944238BF2D
:108920001C60BDE8F0814046BDE8F041043100F034
:10893000CFBD0F4B29685A681C688A602E680134C5
:10894000286829681C602D68946804300431F4603C
:10895000606091606B61BDE8F08100BF2C37002042
:1089600038370020D43800203437002088380020E1
:10897000AC38002094462DE9F0412B4C0D4623687D
:108980004168D4F80080D9612768036826688A683E
:10899000D4F800E0013318371836C8F820205760A3
:1089A0008E60224ACEF8280021490360214BBCF199
:1089B000000F1AD0096812681B682068043000F0A4
:1089C0009FFD1D4B19685A68013119602168906834
:1089D0008A602168C860216804314160216820688C
:1089E000043191604361BDE8F0810E681768D3F8E7
:1089F00000802068043000F083FD2368AD192168F1
:108A00005D6005D34046BDE8F041043100F060BD33
:108A10003846043100F05CFD084B1A68954238BFB7
:108A20001D60BDE8F08100BF2C37002034370020E6
:108A3000D438002038370020AC3800208838002097
:108A4000F0B40026C368DB689A6AD3E90701816045
:108A50004860506803F11804A042274808BF5160DD
:108A6000116805680139D86A9E621160002D2FD106
:108A7000D3E902415A69A1604C6054681E1DB4429A
:108A800008BF51601168013911601C4A11688142A8
:108A90001B4938BF106000EB800201EB82077D6844
:108AA0009200D5F808C08C589D60C3F80CC0CCF873
:108AB0000460AE605F61134B01341B688C50DB6A4D
:108AC000834215D2F0BC01230F4A18461360704749
:108AD0000E4A15685168013515608D68D9611D62AF
:108AE0006C608C609A62074B1B68DB6A8342E9D337
:108AF000F0BC0020704700BF20380020283800203C
:108B0000403700202C370020E03800209438002027
:108B1000034A044B12681B68C0E90023704700BF7A
:108B20008C380020D4380020F8B50D46044600F0FB
:108B300039FB2B68124A581C11681BD0D4E900601D
:108B4000DFF840C0DCF80070BE4208D0884206D88A
:108B5000002301242B6000F033FB2046F8BD0F1AE0
:108B6000BB42F5D95B1ADCF80010126803442B6095
:108B7000C4E90012002400F023FB2046F8BD00BF2A
:108B8000D43800208C3800200122014B1A60704735
:108B9000E0380020F8B50446C8B11F4DC36A2A6802
:108BA000D26A934214D28269002A04DB2A68D26A0C
:108BB000C2F106028261194E626903EB830306EB80
:108BC00083039A420CD02B68DB6AE3620120F8BD74
:108BD0002B68406CDB6A98422CBF00200120F8BD56
:108BE000271D384600F08CFC2B680D4ADB6A1168A3
:108BF000E3628B4288BF136003EB8303980006EBAC
:108C00008303596832588D680132A160E5606F6056
:108C10008F6063613250D9E72C3700204037002045
:108C20002838002058B1F8B5C16A836C426C013B0A
:108C300091420446836400D01BB10020F8BD00209F
:108C40007047061D304600F05BFC636C0E4AC3F1B2
:108C50000600A06101201168E3628B4288BF1360A7
:108C60000A4A03EB83034FEA830C02EB83035D683C
:108C700052F80C10AF680144A560E7607E60AE60FA
:108C8000636142F80C10F8BD2838002040370020FE
:108C900060B1426CF8B5914238BF1146C36A0446D0
:108CA0008B4202D0826C012A01D0F8BD70478269E4
:108CB000134D002A03EB83034269C16205EB830372
:108CC000A4BFC1F1060181619A42EED1061D304672
:108CD00000F016FC0B4AE36A11688B4288BF1360F0
:108CE00003EB8303980005EB830359682A588F68C8
:108CF0000132A160E7607E608E6063612A50F8BD3A
:108D00004037002028380020034B186810B1836CCE
:108D100001338364704700BF2C3700202DE9F04FEA
:108D2000B74FDFF8E4B2DFF8E482B64D87B03B68B6
:108D30001C68002C40F01D81FFF75EFCFFF766FD0C
:108D4000DBF800308146834248D8D8F80030CBF8B1
:108D500000001A68B2FA82F252092868A4EB0901ED
:108D6000FFF73EF8FFF750FC002800F024810023B5
:108D7000CDE90233CDE904330022286802A9FEF7C9
:108D800089FB0028D3D0029B0498002BC0F2E98015
:108D9000DDF810A0DAF814301BB10AF1040000F07D
:108DA000AFFBFFF733FDDBF800300190984243D36F
:108DB000DDE90123013BCBF80020082BDCD8DFE8FC
:108DC00003F06161C0A5C76161C0A50022F0010286
:108DD0008AF824205046DAF8203098473B681A6811
:108DE000002A00F0D880DA68D2F80CA014680AF1E2
:108DF0000406304600F084FB9AF824205107E5D59C
:108E000003E05046DAF820209047DAF81820CAF834
:108E100010A01119A418CAF80410F2D33146D8F8DA
:108E2000000000F055FBD5E721F0010189F824107E
:108E30004846D9F8203098473B681968002900F067
:108E4000B480D968D1F80C900C6809F1040630465A
:108E500000F056FB99F824104807E5D503E0484692
:108E6000D9F820108847D9F81810C9F810900819B7
:108E70006418C9F80400F2D33146D8F8000000F0B5
:108E800027FBD5E79AF824000399DAF81840019AED
:108E90000B1940F001068AF824602CBF0126002639
:108EA0009342CAF80430CAF810A000F28780511A21
:108EB0008C423FD8410712D420F001008AF82400E8
:108EC0005046DAF82030984756E78C4200F2C680C8
:108ED000DAF82030504698473346DAF81840019ABD
:108EE000E6182CBF01200020B242A2EB0301CAF811
:108EF0000460CAF810A0E8D29A4201D20028E7D054
:108F000038680AF1040100F0E3FAD9E70399019AFD
:108F10009AF82430881843F0010390428AF82430EC
:108F2000CAF81810CAF80400CAF810A04BD80029D3
:108F30003FF422AFD8F800000AF1040100F0C8FAAB
:108F40001AE79AF8243023F001038AF8243013E753
:108F50009AF824309A0777D523F001038AF8243051
:108F60000AE7039B05999847029B002BFFF604AF85
:108F70000EE7DB681C68FFF73FFBFFF747FCDBF8F9
:108F80000030814683423FF629AF8442CBF800008F
:108F90001FD90022E1E6D8F80020CBF800903A6013
:108FA000C8F80030FFF730FBE1E6D8F80010C8F849
:108FB00000303960FCE600F0E9F8D8E6914202D9C9
:108FC000002E3FF477AF38680AF1040100F080FA10
:108FD000D2E6FFF719FB3B68DB68DE68331D1846F5
:108FE000019300F08DFA96F82420530716D422F04E
:108FF000010286F824203046336A9847B7E600BF5E
:1090000030370020D8380020843800203C3700203A
:1090100081421DD83046316A88475446B169A9EB70
:10902000040014EB010A2CBF01230023CA45C6F833
:1090300004A03661ECD94C4501D9002BEAD0019946
:10904000386800F045FAD6E7504600F05DF893E640
:109050000199D8F8000000F03BFACCE7D8F80000FE
:109060000AF1040100F034FA2AE700BFF0B5174C0A
:1090700083B000F097F825687DB100F0A1F8206872
:1090800048B103241248002301908022114912485C
:109090000094FFF771F803B0F0BD104E104F30464A
:1090A00000F0F8F9384600F0F5F90E4A0E4B17605B
:1090B00010212A460A201E60FEF73CF82060002896
:1090C000DBD00A49FEF7CCFDD7E700BFD838002037
:1090D000DC380020B47E01101D8D00102C380020DB
:1090E000403800203C37002030370020AC7E011093
:1090F00010B50446FFF780FA2046F9F7C1FA044696
:10910000FFF782FA204610BD50B110B50446FFF7B4
:1091100073FA2046F9F7D8FABDE81040FFF774BAA1
:10912000704700BF002300B583B0019300F044F9FD
:10913000019B002BFCD003B05DF804FB10B500F0E0
:109140003BF90446FFF768FB28B14FF0E0234FF0EE
:109150008052C3F8042D2046BDE8104000F038B915
:1091600010B504224FF0E024002322610520A36102
:10917000F8F708FF0721044BA3FB00239B09013BE1
:109180006361216110BD00BFD34D62104FF0E02339
:109190004FF08052C3F8042DBFF34F8FBFF36F8F92
:1091A000704700BF08B500F007F9044A136801339F
:1091B0001360BFF34F8FBFF36F8F08BD6C2000208B
:1091C000044B1A68013A1A60186800B1704700F041
:1091D000FFB800BF6C200020836913F8023C662BA7
:1091E00000D070474FF0E023D3F8882D42F470028E
:1091F000C3F8882DD3F8342F42F04042C3F8342FFF
:1092000000F0BCB82DE9F04F4FF0113E4FF08074E4
:1092100040E909E34FF0073340F8044C164C40F89E
:10922000343C40E903424FF005334FF006324FF033
:10923000123B40E90F324FF0033A4FF002394FF042
:1092400001384FF010374FF009364FF008354FF026
:1092500004346FF0020340E905AB40E9078940E9B7
:109260000B6740F8305C40F8404C40F8443C40F814
:10927000481DBDE8F08F00BF259100104FF0E0239E
:109280004FF07F42002110B584B00291C3F81C2D2D
:10929000D3F81C3D1B0E8DF807309DF807309DF864
:1092A00007301A060CD5029B013302939DF8073054
:1092B0005B00DBB28DF807309DF807301B06F2D457
:1092C000029B082B3AD0029AC2F10702120202F462
:1092D000E0624FF0E023002419490E200A60D3F821
:1092E000202D184942F47F02C3F8202DD3F8202DF9
:1092F00042F07F42C3F8202DC3F81C4DFDF734FB2C
:1093000011490F20FDF730FB10490B20FDF72CFB16
:10931000FFF726FF4FF050420D490E4B0C601268CC
:109320001A7000F041F8FFF787FA039400F044F850
:10933000039B002BFCD0002004B010BD0022C8E726
:1093400000380020E19300103D910010619400105E
:109350006C2000206820002008B5F7F77BFE044B46
:10936000044A0344136000F087F8034B186008BDFB
:109370002C2E0020283700207C380020094A116854
:10938000086806C881F30B88022181F31488203015
:1093900080F30988BFF36F8F4FF0000080F31188CE
:1093A000104700002C37002062B661B6BFF34F8F24
:1093B000BFF36F8F66DF00BFEFF311804FF0100136
:1093C00081F31188BFF34F8FBFF36F8F704700BFDA
:1093D00080F31188BFF34F8FBFF36F8F704700BFCB
:1093E000EFF309811EF0100F08BF21ED108AEFF393
:1093F0000B82734621E9FC0F55FC084457FC0964B5
:1094000059FC0A8401E9F003144A136819604FF00B
:10941000100181F31188BFF34F8FBFF36F8FFFF7F8
:109420000BFA4FF0000080F311880C4A11680868AD
:109430001838B0E8F00345EC004447EC016449EC0F
:109440000284B0E8FC0F13F0100F08BFB0EC108AD4
:1094500082F30B8880F30988184700002C3700201E
:109460001EF0040F0CBFEFF30880EFF309800149F1
:1094700008470000D991001010B51820FFF738FEFA
:10948000044620B1002340F8043B00F003F82046D6
:1094900010BD00BF4FF0FF31002200F10803C0E90A
:1094A0000131C0E903330260704700BF002303614C
:1094B000704700BF10B4D0E9003294680133C1E9AD
:1094C0000124616091605DF8044B0861036070479E
:1094D00030B40D686B1C10D000F108031C465B68AB
:1094E0001A68AA42FAD902684B60013299608C600E
:1094F0006160086130BC0260704704696368F2E72C
:109500000346026910B45468406899689C428160BF
:10951000486008BF5160002110685DF8044B0138B5
:1095200019611060704700BF00283BD038B5044671
:1095300000681D2800D938BD0421F7F747FCD4ED99
:10954000047ADFED196AF8EE677AB3EE007A77EE07
:10955000A67A67EE877A0020FCEEE77A2168A58973
:109560004A081F298ABF02F0030202F007020832EC
:1095700002EB82039B0001F00101C4E9012103F128
:10958000804202F5282108608860C8600D61C1ED45
:10959000017A08600B6802F52922DB4303F001031E
:1095A000136038BD704700BF0000003DD0B1426875
:1095B00010B4C4680C4B02EB820280689200A14296
:1095C00028BF2146134450B94FF6FF701A6803F5BF
:1095D00080534A4002405DF8044B1A6070470348CC
:1095E0000904F3E7704700BF0C800A400000FFFF4A
:1095F0002DE9F04784460C4600252CF00F0864B294
:1096000044EA0808384F394E4FFA88F884B048F0D9
:10961000080A39780DF10F02012330685FFA8AFADF
:10962000009544EA0C148DF80FA0FDF7C1FA4FF431
:1096300016700021F8F7B4FA00950DF10F0201231E
:109640003978306848F00C088DF80F80FDF7B0FAD3
:109650004FF416700021F8F7A3FA00950DF10F02F0
:1096600001233978306864B28DF80FA0FDF7A0FAB5
:109670004FF416700021F8F793FA44F008090095AA
:109680000DF10F02012339785FFA89F930688DF8FE
:109690000F90FDF78DFA4FF416700021F8F780FA5D
:1096A00000950DF10F0201233978306844F00C0465
:1096B0008DF80F40FDF77CFA4FF416700021F8F793
:1096C0006FFA3978306801230DF10F0200958DF89B
:1096D0000F90FDF76DFA4FF41670002104B0BDE84D
:1096E000F047F8F75DBA00BFEC380020D83600200C
:1096F00000210120FFF77CBF10B5844684B08E4660
:10970000084B04AC0FCB04E90F00002104EB8C0CD8
:109710005CF8100C80307044C0B204B0BDE810405A
:10972000FFF766BFE08A011010B50446007830B13B
:109730000121FFF75DFF14F8010F0028F8D110BDDB
:1097400038B50A460546134B134C002103201A7006
:109750002560FFF74DFF00210320FFF749FF00219F
:109760000320FFF745FF00210220FFF741FF002102
:109770000620FFF73DFF00212820FFF739FF0021D9
:109780000C20FFF735FFBDE8384000210120FFF72E
:109790002FBF00BFEC380020D8360020034670B53C
:1097A0000846C3E900120C461546F7F76FFB4FF069
:1097B000010343EC44404FF0000646EC404028468D
:1097C000F7F764FB46EC445070BD00BF000000009A
:1097D00070B503680126054646EC40300A2000219A
:1097E000F8F7DEF94FF000022B6842EC40302C4CC9
:1097F0006B68A16A4FF0504C01F5EA4106FA03F399
:10980000303102E0A26A914203D9DCF804201A4206
:10981000F8D04FF050446268134238D02048856A2F
:10982000816A01F5EA41303102E0826A914202D94F
:1098300062681342F9D14FF050425268134226D168
:10984000174B986A401BF8F775FE13A3D3E9002362
:10985000F8F7DCFD0022134BF8F7D8FDF8F74AFEC5
:10986000F0EE007A07EE100AB4EEE77AF1EE10FAA5
:109870000DDB06EE900A9FED0C7AF4EEC76AFFEE60
:10988000007AF1EE10FA88BF17EE900A70BD074813
:1098900070BD00BFAFF30080006F8104C58FA13F92
:1098A00000000B400000E03F0000C843000080BF04
:1098B0000123F0B5002687B00F460DF10F02682195
:1098C000009305468DF80F60FDF772F9012802D06C
:1098D000002007B0F0BD0446072328466821009603
:1098E00004AAFDF76DF90728F2D120469DF8102053
:1098F0009DF81130C2F3021101EB810102F00F0259
:109900009DF8125002EB410262F307061A0902EBBE
:109910008202C5F3011C03F00F039DF8134003EB13
:1099200042030CEB8C0C05F00F0505EB4C0563F3C3
:109930000F2665F3174625099DF8141005EB8505DC
:1099400004F00F0404EB450464F31F660C099DF852
:10995000152004EB840401F00F0101EB44019DF894
:1099600016303971C2F3001101EB810102F00F02D0
:1099700002EB4102190901EB810103F00F0303EB34
:1099800041033E607A71BB7107B0F0BD0023836173
:10999000C361036243628362704700BF05EE901AA1
:1099A000F6EE003A06EE102A90ED015A75EEC65A10
:1099B00007EE103A90ED074A25EE235AD0ED066ADD
:1099C00035EE844A25EE075AD0ED054AE5EE046AE5
:1099D000F4EEE46AD0ED007AF1EE10FA65EEA77AC3
:1099E000C0ED066A37DDC0ED064AF0EE646A90ED20
:1099F000033AF0EE003A77EEA67AF0EE476AD0ED41
:109A0000082A90ED025A90ED094AD3EE236A35EE0A
:109A1000055A36EE444A66EEA26AE5EE046AA3EE03
:109A2000237AF1EE666A86EE875A77EE857AF4EE4F
:109A3000E74AF1EE10FA80ED085AC0ED0A7A16D521
:109A4000F0EE647AC0ED0A4AC0ED075A80ED096A6B
:109A500017EE900A704790ED045AF4EEC56AF1EEE5
:109A600010FA44BF80ED065AF0EE456ABFE790ED6C
:109A7000047AF4EEC77AF1EE10FA44BFF0EE477ABA
:109A800080ED0A7AC0ED075A80ED096A17EE900A58
:109A9000704700BF10B50468844694F90030207800
:109AA000002B03DB0134CCF8004010BD00F0E003D4
:109AB000C02B49D000F0F003E02B40D000F0F803B9
:109AC000F02B46D14FF0030E00F00703627802F04E
:109AD000C00180293DD1A17802F03F0242EA831201
:109AE00001F0C003802B34D101F03F01BEF1020F21
:109AF00041EA82103DD0E278043402F0C0018029AE
:109B000027D102F03F0242EA8010204AA0F18001F2
:109B100091421ED8A0F55842B2F5006F19D3B0F5A6
:109B2000803FC0D31A4AA0F5803102EA8112C0F307
:109B30000900024342F0584040F45C40B3E74FF064
:109B4000020E00F00F03C1E7627802F0C003802B21
:109B500002D04FF0FF3010BD00F01F0302F03F02B3
:109B600042EA8310094BA0F180029A42F1D80234F4
:109B700099E7064BA0F180029A42EAD8A0F5584333
:109B8000B3F5006FE5D303348DE700BF7FFF10000E
:109B90000000FF032DE9F04FAC4B02681E688E46B3
:109BA000B24289B000F0AC80D3F810C0624500F03A
:109BB000B380D3F82080424500F0BA80D3F83090CB
:109BC0004A4500F0C180D3F840A0524500F0C8805B
:109BD000D3F850B05A4500F0CF801D6EAA4200F075
:109BE000D7801F6FBA4200F0DF80D3F880108A421E
:109BF000009100F0E580D3F890108A42019100F0C6
:109C0000ED80D3F8A0108A42029100F0F580D3F8DD
:109C1000B0108A42039100F0FD80D3F8C0108A4250
:109C2000049100F00581D3F8D0108A42059100F02C
:109C30000F81D3F8E0108A42069100F01781D3F823
:109C4000F0109142079141D0002E00F01E81BCF12E
:109C5000000F00F01981B8F1000F00F03081B9F168
:109C6000000F00F03081BAF1000F00F02A81BBF143
:109C7000000F00F02C81002D00F02781002F00F054
:109C800028810099002900F026810199002900F01F
:109C900014810299002900F020810399002900F025
:109CA0001E810499002900F01E810599002900F009
:109CB00018810699002900F0188107990F260029BC
:109CC00000F0E380002009B0BDE8F08FD3F8F41075
:109CD0008468A142B8D1D3F8F810046BA14208BF40
:109CE0000F26B1D103EB0612BEF1010FD1684FEA86
:109CF000061040F0E0800029E4D14FF48071D4E0F8
:109D00005C6881688C427FF44FAF9C68016B8C4229
:109D10007FF44AAF0026E5E75C6981688C427FF4F6
:109D200048AF9C69016B8C427FF443AF0126D9E7B1
:109D30005C6A81688C427FF441AF9C6A016B8C4203
:109D40007FF43CAF0226CDE75C6B81688C427FF4E8
:109D50003AAF9C6B016B8C427FF435AF0326C1E7B1
:109D60005C6C81688C427FF433AF9C6C016B8C42DD
:109D70007FF42EAF0426B5E75C6D81688C427FF4DA
:109D80002CAF9C6D016B8C427FF427AF0526A9E7B1
:109D90005C6E81688C427FF424AF9C6E016B8C42B8
:109DA0007FF41FAF06269DE75C6F81688C427FF4CD
:109DB0001CAF9C6F016B8C427FF417AF072691E7B5
:109DC000D3F8844081688C427FF415AFD3F8884083
:109DD000016B8C427FF40FAF082683E7D3F8941011
:109DE0008468A1427FF40DAFD3F89810046BA142B0
:109DF0007FF407AF092675E7D3F8A4108468A14261
:109E00007FF405AFD3F8A810046BA1427FF4FFAE36
:109E10000A2667E7D3F8B4108468A1427FF4FDAE48
:109E2000D3F8B810046BA1427FF4F7AE0B2659E7C4
:109E3000D3F8C4108468A1427FF4F5AED3F8C810FB
:109E4000046BA1427FF4EFAE0C264BE70028002004
:109E5000D3F8D4108468A1427FF4EBAED3F8D810C5
:109E6000046BA1427FF4E5AE0D263BE7D3F8E41086
:109E70008468A1427FF4E3AED3F8E810046BA142FA
:109E80007FF4DDAE0E262DE701260024BEF1010F82
:109E90000CBF4FF4807101218768056B03EB06103E
:109EA000C0E90175C46030011A500344701CD960C8
:109EB00009B0BDE8F08F0131F7E70926E5E7022692
:109EC000E3E70426E1E70326DFE70626DDE70526CC
:109ED000DBE70726D9E70826D7E70A26D5E70B26CA
:109EE000D3E70D26D1E70C26CFE70E26CDE700BF3E
:109EF0002DE9F047037980460D4682B0002B71D1E1
:109F000000F1680AD8F82C30A91E023B99424AD2C7
:109F1000D8E91442B8F80A30E3FB014291464FF405
:109F2000007200215046C8E918490AF0B9F9B8F89A
:109F30000A305A02B2F5004F154628BF4FF40045CB
:109F4000B2F5007F04D833E06D08B5F5007F2DD958
:109F5000284605F0B1F807460028F5D02A4600212A
:109F60000AF09EF9B8F80A606D0A8EB1002604E086
:109F7000B8F80A302E449E420AD2321998F80100ED
:109F800049F100033946009505F000FA0028EFD0AA
:109F9000384605F093F8B8F80A30F01A18BF0120D7
:109FA00002B0BDE8F0870024A146B8E7B8F80A304F
:109FB0001E46002BF1D00026012506E0013406F1F3
:109FC000010649F100099E42E7D24B4698F801008C
:109FD00022465146009505F0D9F9B8F80A30002814
:109FE000ECD0DAE70124D8E9182300F1680A5146D9
:109FF0004078009405F0CAF910BBD8F86010D8F882
:10A000004030D8F86460D8F8442088F80400D8F8C4
:10A010003000CB1A66EB0202834272F10002BFF4F9
:10A0200071AF98F80330022B7FF46CAF0A180094DC
:10A03000514698F8010046F1000305F0A7F961E7E1
:10A04000204602B0BDE8F0870022436B10B48B605D
:10A05000846BC36BC1E9044390F821305DF8044B75
:10A0600003F00203CA61CB71704700BF2DE9F041D4
:10A0700015461E46D0E91823B34208BFAA4282B053
:10A0800003D1002002B0BDE8F0810179044699B9FE
:10A0900000F168080127607841462A463346009758
:10A0A00005F040F918B14FF0FF3538462E46C4E9A7
:10A0B000185602B0BDE8F081012700F1680841465A
:10A0C0004078009705F062F9C8B9216E236CD4F886
:10A0D00064C0626C2071206BCB1A6CEB020283426D
:10A0E00072F10002D6D2E378022BD3D10A1800977E
:10A0F000414660784CF1000305F048F9CAE738465C
:10A10000C0E700BF2DE9F0470025C36A8E1E023B61
:10A11000B34298BF2E464FF0010907469046B2461B
:10A12000344605E0EBBB0135A84540D0B6B31C462C
:10A13000D7E91613220B521843F100033846FFF7F4
:10A1400095FFC8BBC4F3C800F96A04F007033A18C6
:10A1500009FA03F392F868C00239DBB20134A14274
:10A160004FEA430203EA0C03DCD9013583B94545C4
:10A170001DD0A64211D012F0FF03EFD10130B0F58F
:10A18000007F07EB0002D3D2012392F868C0E5E715
:10A19000A642A2464FF00005EDD100263046BDE8AC
:10A1A000F087002EFAD00025AA462C46C0E70AF117
:10A1B00002063046BDE8F0874FF0FF36EEE700BFFD
:10A1C0002DE9F04706780446022E0D46174630D09A
:10A1D00011D8012E46D1016C05EB5508436C4FEAAE
:10A1E0005822521843F10003FFF740FF00283CD0EB
:10A1F0000120BDE8F087033E012E33D8036CCA0965
:10A20000D218436C43F10003FFF730FF0028EFD171
:10A210002378AD0005F4FE75042B25441FBFAB6EFB
:10A2200027F0704703F070431F430123AF6623718B
:10A2300015E0036C0A0AD218436C43F10003FFF7E0
:10A2400015FF0028D4D16D0004F1680305F4FF75F3
:10A250005F555A190123C7F3072757702371002050
:10A26000BDE8F0870220BDE8F08708F10109EB079F
:10A27000C8F3080804F1680AF9B24FEA592218D560
:10A280001AF80830204603F00F0343EA01130AF8D6
:10A290000830236C2671D218636C43F10003FFF77A
:10A2A000E5FE0028A4D1C9F308025244C7F30713FE
:10A2B00017E00AF80810236C2046D218636C267148
:10A2C00043F10003FFF7D2FE002891D1C9F308093A
:10A2D0001AF80930C7F3032723F00F030AEB09022A
:10A2E0003B43012113702171B9E700BF01290FD948
:10A2F000F8B505680C46EB6A8B4201D80120F8BD21
:10A300002B78013B032BF9D8DFE803F04433210419
:10A3100001207047D0E9043253EA0206C17948D0DF
:10A320008668002E45D00229A4EB060676D1013BB3
:10A3300042F1FF31580A40EAC15000236A89490AB4
:10A340000DF0E6FA8642D9D86ED0601CF8BDE2095D
:10A35000D5E91013521843F100032846FFF786FE93
:10A3600020BBA30003F4FE732B44986E20F07040D2
:10A37000F8BD220AD5E91013521843F1000328460C
:10A38000FFF774FE90B9630003F4FF732B44B3F836
:10A390006800F8BD2B6C01EB5106720AD2186B6C89
:10A3A000284643F10003FFF761FEC8B14FF0FF30CC
:10A3B000F8BD0029A2D1C369B3BBD5E91013E209E6
:10A3C000521843F100032846FFF750FE0028EDD154
:10A3D000A30003F4FE731D44A86E20F00040F8BDF6
:10A3E000771C7A0AD5E91013C6F3080652182E44D2
:10A3F00043F10003284696F86860FFF737FE00280F
:10A40000D4D1C7F308072F4497F8683046EA0320F1
:10A41000E3074CBF0009C0F30B00F8BD0329CAD104
:10A420008369B34291D8C6E76FF00040F8BD00BF22
:10A43000F8B50568066B2B782036042B14BF4FF453
:10A4400000134FF080539E42044605D300220023A0
:10A45000C4E90E230420F8BDD0E90E3253EA02010C
:10A46000F8D0C6F3080707BB0133416B42F1000285
:10A470008363C263F9B16B89013B13EA562314D19C
:10A48000FFF734FF01281DD9431C19D0EB6A98420D
:10A49000DCD2023B60630238984215D2D5E914320F
:10A4A0006989E1FB0032C4E90E3268353D44002081
:10A4B00026632564F8BD2B89B3EB561FF5D8C5E795
:10A4C0000120F8BD0220F8BD3B463A46EBE700BF4D
:10A4D000F0B50379044683B063B92378032B2ED0FB
:10A4E00000226078114604F085FF003818BF012073
:10A4F00003B0F0BD0125D0E9182300F1680631460C
:10A500004078009504F042FF002842D1226E236C6F
:10A51000676E216B2071606CD31A67EB00008B4271
:10A5200070F10000D9D2E378022BD6D152180095F1
:10A530003146607847F1000304F028FFCDE76579E4
:10A54000012DCDD104F168034FF4007200211846AB
:10A5500009F0A6FE4AF6552203460F480095A0666C
:10A5600060691946A4F86622C4F85402D4E90E239F
:10A57000A0690132094D43F10003C4E91823C4F86E
:10A580005002C4F84C52607804F000FF002363715D
:10A59000A6E7284603B0F0BD525261417272416194
:10A5A0002DE9704300214FF0FF384FF0FF39B3F130
:10A5B000FF3F08BFB2F1FF3F82B00446C0E91889EF
:10A5C000017121D14AF65523B4F866529D422BD031
:10A5D00094F86830EB2B07D01833DBB2012B03D98A
:10A5E000032002B0BDE87083B4F873305A1E1A42DB
:10A5F000F6D1B3F5007FF3D194F87530002BEFD08E
:10A600005A1E1A42ECD13EE001210091407804F13B
:10A61000680116461D4604F085FEC0B10420C4E959
:10A62000188902B0BDE870830B22284904F1680044
:10A6300009F08AFD70B194F86830EB2B0CD0183318
:10A64000DBB2012B08D9022002B0BDE87083C4E957
:10A650001865B7E70120C4E708221D4904F1BA00D4
:10A6600009F072FD0028BCD0B4F873305A1E1A42AB
:10A67000E9D1B3F5007FE6D194F87530002BE2D034
:10A680005A1E1A42DFD1B4F8763023B194F87830EC
:10A69000013B012B06D94AF6552085420CBF02200A
:10A6A00003209EE7B4F87930002BF4D0B4F87B3067
:10A6B0007F2B04D8D4F88830B3F5803FEBD3B4F8BF
:10A6C0007E30002BE7D000208BE700BFBC7E01105E
:10A6D000C87E01102DE9F84F002304680B60002CA0
:10A6E00000F04281264602E03A2B00F0358116F850
:10A6F000013B1F2BF8D8A94B1B78A94850F82340E1
:10A70000002C00F046810C60237802F0FE055BB15E
:10A71000607804F0DDFDC60706D415B1410700F1ED
:10A7200035810020BDE8F88F00236078237004F0A5
:10A73000DBFDC20700F11B8115B1430700F1268143
:10A74000002200232046FFF72BFF022800F0EC80B8
:10A75000042800F05481012800F2FB80D4E918534A
:10A76000012800F00781B4F87320B2F5007F40F0B3
:10A77000F080B4F87E00002800F00D8194F8781085
:10A7800020634A1E012AE17000F2E38094F87520EC
:10A790006281002A00F0DD80561E164240F0D9800A
:10A7A000B4F879703E07278140F0D380B4F87BC0BD
:10A7B000BCF1000F01D1D4F888C0B4F87660002E47
:10A7C00000F0C78000FB01F106EB171E8E44F44534
:10A7D000C0F0BF80ACEB0E0C9445BCFBF2F8C0F0AF
:10A7E000B880704A904500F2B4804FF6F57A1EEBBF
:10A7F000050E43F10009761943F1000CD04508F12C
:10A80000020200F22B8240F6F57AD04500F27A82FD
:10A81000C4E90E53C4E914E9C4E9106CE262002FE4
:10A8200000F0978002F0010303F2FF1302EB4202F3
:10A830008E1903EB52034CF10001B0EB532FA664C9
:10A84000E164C0F086804FF0FF3380210122C4E92B
:10A85000053361710021544822700288534B013244
:10A8600092B20280E2801A68E16194421A6908BFDC
:10A870001960944204BF00221A611A6A944204BF0C
:10A8800000221A621A6B944204BF00221A631A6CE7
:10A89000944204BF00221A641A6D944204BF00223D
:10A8A0001A651A6E944204BF00221A661A6F944207
:10A8B00004BF00221A67D3F88020944204BF00220C
:10A8C000C3F88020D3F89020944204BF0022C3F83C
:10A8D0009020D3F8A020944204BF0022C3F8A02007
:10A8E000D3F8B020944204BF0022C3F8B020D3F8BC
:10A8F000C020944204BF0022C3F8C020D3F8D02067
:10A90000944204BF0022C3F8D020D3F8E020944240
:10A9100004BF0022C3F8E020D3F8F020944204BF23
:10A920000022C3F8F020FCE694F82A32EE2B00F067
:10A93000DD80D4F82E22D4F83E52D4F84E72D4F8EA
:10A940005E62002A34D1002D3BD1002F43D1002E6E
:10A950004BD10D20BDE8F88F2378303BDDB2092DB7
:10A9600002D80234A6424CD00B20BDE8F88F032059
:10A97000BDE8F88F0B2204F1720101E0402A44D0B7
:10A9800011F8010F01320028F8D0E2E70A20BDE8F3
:10A99000F88F0C20DEE7D4F88C00EFE6E8380020D2
:10A9A000E02A0020F5FFFF0FE438002000280020F7
:10A9B00000232046FFF7F4FD01287FF6CFAE002DDF
:10A9C000C3D02A4600232046FFF7EAFD01287FF680
:10A9D000C5AE002FBBD03A4600232046FFF7E0FD6E
:10A9E00001287FF6BBAE002EB3D0324600232046AE
:10A9F000FFF7D6FD01287FF6B1AE0428A9D10120CA
:10AA0000A8E7032BB0DC066077E6B4F8D020B2F5F7
:10AA1000807F9ED194F8D420092A9AD1D4F8BC2002
:10AA2000D4F8B070226394F8D620D4F8B460012A28
:10AA3000E2708ED194F8D5108A4091B261810029DC
:10AA400087D0D4F8C410DFF84CC3614581D892B2E6
:10AA500001FB02F20231E162D4F8C010D4F8B8C0B0
:10AA6000491943F1000E1CEB050CC4F840C043F13A
:10AA7000000C5218C4F854E04EF1000EEF19C4E96E
:10AA80000E5343EB0603974273EB0E032165C4F8A4
:10AA900044C0FFF45EAF05460646D4F8C830C4E9AA
:10AAA0001230C5B96089B0427FF653AFA16CE36A3A
:10AAB0000239023B99422BBF2A46D4E914232B4684
:10AAC000E0FB0123B218204643F10003FFF7CEFA62
:10AAD0000136002893D1631993F8682005F120030B
:10AAE000812A00F0DE80C3F30805DAE701220023A3
:10AAF0002046FFF7BBFA002881D104F168080C2238
:10AB00004046A04909F020FB00287FF422AF636F84
:10AB1000A3F15C02B2F5D27F3FF61BAF6FF077076F
:10AB2000234445464FF0FF3C974903F168063F1B1D
:10AB30004DE02B7803F001028CEA020CC3F3400ACB
:10AB4000C3F38012C3F38009C3F3C00EC3F3001B29
:10AB5000C3F34010DB098AEA5C0A4CF3000C0CEAF0
:10AB6000010C8CEA0A0C89EA5C094AF3000C0CEA35
:10AB7000010C89EA0C0C8EEA5C0E49F3000C0CEA1D
:10AB8000010C8EEA0C0C4EF3000E8BEA5C0C0EEA04
:10AB9000010E8CEA0E0E4CF3000C80EA5E000CEA0B
:10ABA000010C80EA0C0C40F3000082EA5C020840D1
:10ABB000504042F3000283EA50030A405A400135F4
:10ABC00043F300030B40B54283EA520C0AD07B19D1
:10ABD000032BAED8002318469B469E4699469A46BC
:10ABE0001A46B8E76FEA0C0CA36F9C457FF4B1AE30
:10ABF000D4F8BC30802B7FF4ACAED4F8B870802F82
:10AC00003FF6A7AED4F8B060D4F8B490002F3FF46C
:10AC1000A0AE0025FF0103E08035BD423FF499AEB0
:10AC20006A0A921949F100032046FFF71FFA00282B
:10AC30007FF4E5AE05F4C07AC24410225046534971
:10AC400009F082FA0028E7D12046DAF82020DAF865
:10AC50002430FFF7A5FC0128DED87FE5B4F8921078
:10AC6000C4E9106C3943C4E914E9C4E90E53E26243
:10AC70007FF46FAE9200E16402F2FF12D4F89410F8
:10AC8000B0EB522FA164FFF464AE4FF0FF3280208E
:10AC9000B4F89810C4E905220129607150D003224C
:10ACA000D8E504F1680635446D69012D7FF651AE93
:10ACB000E36AAB427FF64DAE6389AA1E02FB03F343
:10ACC000226D9B18A365636D43F10003E36502E009
:10ACD0009D427FF43EAED4E91013EA09521843F1C5
:10ACE00000032046FFF7C2F905F07F030135002875
:10ACF0007FF485AE56F823305F1CE9D10422C4E905
:10AD00000533A7E5C4E90E53C4E914E9C4E9106C9E
:10AD1000E262002F3FF41DAE53008E1903F2FF13C1
:10AD20004CF10002B0EB532FC4E91262FFF411AEF4
:10AD30004FF0FF3380210222C4E90533617189E5B8
:10AD40006A1C43F100032046FFF790F90028A6D1C2
:10AD50004AF65522B4F86612607191429FD1A26EF4
:10AD60000B4B9A429BD103F1FF53D4F84C2203F5CD
:10AD7000005320339A4292D1D4E99423C4E9053296
:10AD80008DE700BF908B01102083B8ED808B011000
:10AD900052526141FDFFFF7F2DE9F047D0E90E8758
:10ADA000056804462A6E6B6E2E699F4208BF904567
:10ADB00082B040F08A80236C1A78852A03D0022062
:10ADC00002B0BDE8F0876FF05F01D3F800C05F68A4
:10ADD0009D68D868C6F800C072787760B560F0608A
:10ADE00001329D69D3F810C05F69D86901EB421345
:10ADF000B3F5007FB561C6F810C07761F0614FEA26
:10AE00004215DCD82046FFF713FB0428D7D00028D2
:10AE1000D6D1D4E90E232068FFF728F9002867D19E
:10AE2000236C1A78C02ACAD1D3F800C05F6898682A
:10AE3000D968C6F820C096F82320F16252492C3216
:10AE4000A1FB02127762B062D3F810C05F69986903
:10AE5000D969D208B5EB421FC6F830C07763B0633A
:10AE6000F163ACD306F14007354428E00028A7D1B0
:10AE7000D4E90E232068FFF7F9F8C8BB236C1A78D1
:10AE8000C12A9CD1D3F800E0D3F804C09968DA68ED
:10AE9000C7F800E0C7F804C0B960FA60D3F810E062
:10AEA000D3F814C09969DA69203747F810EC47F8ED
:10AEB0000CCC47F8081C47F8042CBD4245D020466E
:10AEC000FFF7B6FA0428D1D179E72979A9B905F1B4
:10AED0006809012368784946009342463B4604F0DE
:10AEE00021FA38B14FF0FF324FF0FF33C5E9182394
:10AEF000012065E7C5E918875DE74FF0010A05F114
:10AF0000680968784946CDF800A004F03FFA0028A7
:10AF1000EED1296E2B6C6A6CD5F830C02871686E42
:10AF2000CB1A60EB0202634572F10002D1D2EB78DA
:10AF3000022BCED111EB0C0240F100034946687898
:10AF4000CDF800A004F022FAC3E703461A46707851
:10AF500001304001D903022A41EA530104D10522FC
:10AF6000337913FA81F18BB2B45CD90341EA53030C
:10AF7000013214FA83F390429BB2EBD87088C01A66
:10AF800018BF012040001BE7898888882DE9F04F11
:10AF9000D0E90E5755EA07030446066885B04AD043
:10AFA0004FF0FF0B4FF0010AD84606F16809D6E9C9
:10AFB0001823BB4208BFAA421CD03179002940F0B7
:10AFC0008C8070782A463B464946CDF800A004F0B4
:10AFD000A9F968B14FF0FF324FF0FF33C6E91823EB
:10AFE000012000220023C4E90E2305B0BDE8F08F44
:10AFF000C6E91857216C0A78EAB13378042B3CD0A3
:10B00000CB7AE52A03F03F03A37106D02E2A04D0A1
:10B0100023F02000082840F087804FF0FF08236BC2
:10B02000226820331178042914BF4FF400114FF027
:10B0300080518B4201D30420D3E7D4E90E5755EA5F
:10B040000701F8D0C3F3080121B168320A44236331
:10B050002264ACE70135616B47F10007C4E90E5784
:10B06000D1B91189B1EB531FE5D96832236355EA91
:10B07000070322649BD10020B7E7852A236BCFD139
:10B0800020462365FFF788FE0028AAD133691B7983
:10B0900003F03F03A371EEE75089013810EA532013
:10B0A000E3D12046CDE90223FFF720F9012840F241
:10B0B000BB80431C94D0029AD16A8842BBD2023929
:10B0C000606302388842039B44D2D2E91457518905
:10B0D000E1FB0057C4E90E57C7E770784946CDF841
:10B0E00000A004F053F900287FF47AAF316E336C7E
:10B0F000726CD6F830C03071706ECB1A60EB020201
:10B10000634572F10002BFF45CAFF378022B7FF469
:10B1100058AF11EB0C0240F1000349467078CDF8AE
:10B1200000A004F033F94CE70F2B40F004815006E7
:10B13000236B0AD591F80DB002F0BF0823654A7B56
:10B140005A450FD04FF0FF086AE74245F7D04FF05D
:10B15000FF0865E7002000216832C4E90E0123637F
:10B16000226488E74A8B002AECD10A7822F0400258
:10B17000013A02EB420002EB8002FF2AB1F8010023
:10B18000E0D8F568570025F81200B1F803C0002890
:10B190004CD14FF6FF729445D4D1B1F805E04FF68B
:10B1A000FF729645CED1B1F807C04FF6FF729445B5
:10B1B000C8D1B1F809E04FF6FF729645C2D1B1F897
:10B1C0000EC04FF6FF729445BCD1B1F810E04FF6B7
:10B1D000FF729645B6D1B1F812C04FF6FF72944592
:10B1E000B0D1B1F814E04FF6FF729645AAD1B1F88C
:10B1F00016C04FF6FF729445A4D1B1F818E04FF68F
:10B20000FF7296459ED1B1F81CC04FF6FF7294456F
:10B2100098D1B1F81EE04FF6FF72964592D108F131
:10B22000FF385FFA88F8FBE60220DAE6FF2A02F12F
:10B23000010087D025F810C0B1F805E04000BCF14E
:10B24000000FACD0FE2A3FF47DAF2844A0F802E006
:10B25000B1F807C0BEF1000FA7D0FD2A3FF472AFCE
:10B26000A0F804C0B1F809E0BCF1000FA3D0FC2A9B
:10B270003FF468AFA0F806E0B1F80EC0BEF1000FD1
:10B280009FD0FB2A3FF45EAFA0F808C0B1F810E0F1
:10B29000BCF1000F9BD0FA2A3FF454AFA0F80AE0AB
:10B2A000B1F812C0BEF1000F97D0F92A3FF44AAFAF
:10B2B000A0F80CC0B1F814E0BCF1000F93D0F82A4C
:10B2C0003FF440AFA0F80EE0B1F816C0BEF1000F99
:10B2D0008FD0F72A3FF436AFA0F810C0B1F818E0CD
:10B2E000BCF1000F8BD0F62A3FF42CAFA0F812E08F
:10B2F000B1F81CC0BEF1000F87D0F52A3FF422AF91
:10B30000A0F814C0B1F81EE0BCF1000F83D0F42AFD
:10B310003FF418AFA0F816E0097849067FF57FAF33
:10B32000BEF1000F3FF47BAFF32A3FF40BAF0021D7
:10B33000EA19518373E7B8F1000F48D10B78DA01AD
:10B3400042EA53024B781A44C2F3460343EAC2135B
:10B350008A7852FA83F3C3F3460242EAC312CB78E7
:10B3600053FA82F2C2F3460343EAC2130A7952FA4D
:10B3700083F3C3F3460242EAC3124B7953FA82F2D3
:10B38000C2F3460343EAC2138A7952FA83F3C3F342
:10B39000460242EAC312CB7953FA82F2C2F3460361
:10B3A00043EAC2130A7A52FA83F3C3F3460242EA2B
:10B3B000C3124B7A897A53FA82F2C2F3460343EA04
:10B3C000C21351FA83F3DBB29B453FF454AE4FF006
:10B3D000FF3323654FE600BF2DE9F84FD0F800801A
:10B3E00098F80030042B14BF4FF400124FF0805235
:10B3F0008A4210D90E46F1060DD1846807460663CD
:10B400005CB1B8F80A30B6EB432F4FEA4329C0F0DD
:10B41000CD80012C20D102208AE0022B00F28A800C
:10B42000B8F80830B3EB561FF5D9D8E9122352EA21
:10B430000301C7E90D42FB63EDD0710A891808F1D9
:10B440006808C6F3080643F1000346440020C7E934
:10B450000F36B963BDE8F88F4546EB6AA342DAD9E7
:10B460002B78013B032BD6D8DFE803F054382602B3
:10B47000D7E9043253EA0200F97963D0B8680028AA
:10B4800060D00229A4EB000A40F0B680013B42F1F3
:10B49000FF31580A40EAC15000236A89490A0CF07A
:10B4A00037FA8245B7D853D00134631C3FD0D8F85F
:10B4B0002C30A34228D8AEE7E209D5E91013521880
:10B4C00043F100032846FEF7D1FD80BBA30003F43F
:10B4D000FE732B449C6E24F070440FE0220AD5E9E1
:10B4E0001013521843F100032846FEF7BFFDF0B9D0
:10B4F000630003F4FF732B44B3F86840012C8AD92E
:10B50000D8F82C309C4286D2A6EB0906B1454FD81C
:10B510003D68A2E7296C04EB540A6B6C4FEA5A228F
:10B52000521843F100032846FEF7A0FDE8B10120C0
:10B53000BDE8F88FD8F84830C471002B3FF470AFE5
:10B540001C465EE700297FF466AFFB69002B3AD00A
:10B55000D8F82C30002BBFF65EAFA6EB0906B1453C
:10B5600050D86FF000443D6877E70AF1010B296C71
:10B570006B6C4FEA5B225218CAF3080AAA4443F1E3
:10B58000000328469AF868A0FEF770FD0028CED187
:10B59000CBF3080BAB449BF86830E2074AEA032A76
:10B5A0004CBF4FEA1A14CAF30B04A7E7D8F82C30A3
:10B5B000023BA11E994219D2D8E91423B8F80A0017
:10B5C000E0FB012333E7E209D5E91013521843F1F8
:10B5D00000032846FEF74AFD0028A8D1A30003F483
:10B5E000FE732B449C6E24F0004487E70022002366
:10B5F0007C63C7E90E230EE70329A6D1BB699A45F0
:10B60000A3D251E76FF000440049D5E7FDFFFF7F6B
:10B61000002319462DE9F04F02680546146987B0EA
:10B6200094F8019009F1010081464001DA030229F2
:10B6300042EA530204D10521237913FA82F293B22C
:10B64000665CDA0342EA5303013116FA83F3884257
:10B650009BB2EBD81A0AA370E2702846296DFFF757
:10B66000BBFE064620BBD5E90E7B4FF0010AD5F89C
:10B6700000800390D8E918235B4508BFBA421DD06B
:10B6800098F80410002940F0838008F1680698F8C3
:10B69000010031463A465B46CDF800A003F042FE79
:10B6A00050B14FF0FF324FF0FF33C8E918230126A5
:10B6B000304607B0BDE8F08FC8E9187B266860689F
:10B6C000A168E2682B6CB9F101091E6058609960AD
:10B6D000DA6026696069A169E2691E615861996151
:10B6E000DA612E6886F804A000F0828032782B6B35
:10B6F000042A14BF4FF400124FF0805220339342BB
:10B7000008D300220023C5E90E230226304607B0E5
:10B71000BDE8F08FD5E90E7B57EA0B02F5D0C3F3F5
:10B72000080252B90137696B4BF1000BC5E90E7B7A
:10B7300051B93189B1EB531FE3D9B046683616448D
:10B7400020342B632E6495E77089013810EA53206A
:10B75000F3D12846CDE90432FEF7C8FD0128D4D93B
:10B76000431CA4D0F16A8842CBD2DDE9043202390D
:10B770006863023888423DD2D6E91471B6F80AC02F
:10B78000ECFB00718B46C5E90E7BD5F80080D5E750
:10B7900008F1680698F801003146CDF800A003F0E2
:10B7A000F5FD002883D1D8F8401088F80400D8F8B7
:10B7B0006000D8F86430D8F84420D8F830C0411A76
:10B7C00063EB0202614572F10002BFF460AF98F8CA
:10B7D0000320022A7FF45BAF10EB0C02314698F88D
:10B7E000010043F10003CDF800A003F0CFFD4EE7C8
:10B7F000039E5DE70027BB46C5E700BF2DE9F04F7C
:10B8000000218BB00446D0F80080FFF7E5FD054627
:10B8100080BB98F80030042B00F037814FF0FF0E0A
:10B82000D4F83CA04FF0FF3B5646F146F24608F1F3
:10B830006803A76B0393C4F850B00690D8E91823A7
:10B84000B34208BFBA421BD098F80410002940F058
:10B850008880012398F801003A4600930399334603
:10B8600003F060FD50B14FF0FF324FF0FF33C8E9F5
:10B870001823012528460BB0BDE8F08FC8E91876DB
:10B88000206C0778F7B1C27AE52F02F03F01A17171
:10B8900004D0130733D50F2900F092804FF0FF0931
:10B8A000C4F850B02568236B2A782033042A14BFCB
:10B8B0004FF400124FF08052934208D3002200232D
:10B8C000C4E90E23042528460BB0BDE8F08FD4E967
:10B8D0000E7657EA0602F5D0C3F3080252B90137D3
:10B8E000616B46F10006E663A763C1B92989B1EB34
:10B8F000531FE3D968351544236325649EE7B9F1E6
:10B90000000F71D094F84F30DA07C7D40B2204F13E
:10B91000440108F019FC0028C0D1069DAAE76889F7
:10B92000013810EA5320E5D12046CDE90432FEF774
:10B93000DDFC012840F2A780431C9AD0E96A8842C6
:10B94000BCD2DDE90432023960630238884280F0FB
:10B95000EE80D5E914766989E1FB0076C4E90E76BC
:10B96000C8E7012198F801000091039903F00EFD4A
:10B9700000287FF47EAFD8F86010D8F84030D8F8AF
:10B980004420D8F8305088F80400D8F86400CB1A66
:10B9900060EB0202AB4272F10002BFF45AAF98F8BA
:10B9A0000330022B7FF455AF4A194FF0010140F1EB
:10B9B000000398F801000091039903F0E7FC48E7C1
:10B9C00094F84F2056063FF56DAF7D0656D5226B95
:10B9D00090F80DA007F0BF072265427B524500F0AA
:10B9E000A9804FF0FF095DE703784178DA0142EA68
:10B9F00053020A44C2F34603817843EAC21351FA60
:10BA000083F3C3F34602C17842EAC31251FA82F2C9
:10BA1000C2F34603017943EAC21351FA83F3C3F335
:10BA20004602417942EAC31251FA82F2C2F3460356
:10BA3000817943EAC21351FA83F3C3F34602C17911
:10BA400042EAC31251FA82F2C2F34603017A43EA90
:10BA5000C21351FA83F3C3F34602417A42EAC31296
:10BA600051FA82F2C2F34603817A43EAC21351FAD1
:10BA700083F3DBB29A457FF445AF4EE7B945ACD0CE
:10BA80004FF0FF090EE70225F4E6D8F80C602F46C8
:10BA900036F8020BA0B103F0BDFAFB0343EA5703EB
:10BAA000C2B212FA83F3C3F34E07C0F3072047EA8A
:10BAB000C33710FA87F736F8020BBFB20028EAD175
:10BAC0002046FFF763FA80BBD8F810309A8CBA4250
:10BAD000F6D193F823B0BBF1000F6FD0814640261A
:10BAE00004E013F0FF0B17D0D8F81030F20608BFAF
:10BAF0000236985B03F08EFAD8F80C20824632F8B2
:10BB0000190003F087FA82450BF1FF3306F10206B4
:10BB100009F10109E5D0D3E74FEA4909D8F80C301B
:10BB200033F80930002BCBD1A4E60546A2E6174630
:10BB3000164613E7428B002A7FF453AF0126D8F84C
:10BB40000C302B4ACDE904A8089707941F463446C9
:10BB5000904606460578099305F03F05013D05EB43
:10BB6000450105EB810502F10D09234618F8011B7B
:10BB7000745A2BB3FF2D37D8204603F04BFA824678
:10BB800037F8150003F046FA824505F101052BD17F
:10BB9000C845EAD13046DDE904A8027826465106B8
:10BBA000089F079C06D52EB1099B33F81520002A63
:10BBB0007FF417AF7B1E5FFA83F973E6D946ADE7D2
:10BBC0003046424626464FF6FF75DDF810A0089F26
:10BBD000DDF81480079C04E09145EBD012F8013B9E
:10BBE000C65AAE42F8D0FCE6079CDDE904A8F8E6A8
:10BBF000708B01102DE9F04F0B7802689DB02F2B50
:10BC00000D468046019224D05C2B22D000231146A1
:10BC1000D269C36182600978042928D13AB30199B5
:10BC20000B930A6A0D934B6A0691C0E90823896A4F
:10BC30008DF81F30816223F0FF0306A808920A9353
:10BC40001A91FFF7C9FB002800F037821DB0BDE84C
:10BC5000F08F2A46137815462F2B02F10102F9D0F6
:10BC60005C2BF7D00023C8F80830C8F81C3095F8D2
:10BC70000090B9F11F0F40F2B9814146C846DFF884
:10BC8000E4B2DFF8E4A2B54F0B6800248946DE6811
:10BC900018E0B8F11F0F05F1010540F2F181B8F18C
:10BCA0002F0F7BD0B8F15C0F78D04146AC4808F03C
:10BCB00045FB00285BD1FE2C59D826F8148095F856
:10BCC0000080013418F0800FE3D008F0E003C02BAF
:10BCD00048D008F0F003E02B4DD008F0F803F02B2B
:10BCE00045D1032108F007086B7803F0C002802AD1
:10BCF0003DD1AA7803F03F0302F0C000802843EA58
:10BD0000881334D102F03F02022942EA831300F083
:10BD10007781EA7802F0C001802928D102F03F0241
:10BD200042EA8313A3F180025A4520D8A3F5584272
:10BD3000B2F5006F1BD3B3F5803F05F104052AD39C
:10BD4000A3F580380AEA8818C3F3090348EA030810
:10BD500048EA07084FEA184326F814301FFA88F813
:10BD60000134A8E76B7803F0C002802A07D00620D0
:10BD70001DB0BDE8F08F022108F00F08B4E708F00D
:10BD80001F0803F03F03774A43EA8813A3F18001B9
:10BD90009142ECD802351FFA83F88CE749462A46CF
:10BDA000137815462F2B02F10102F9D05C2BF7D046
:10BDB0001F2B8CBF002301234FEA830C012C00F0C2
:10BDC000FA80022C40F0F38073882E2B00F0408123
:10BDD00006EB440232F8023D202B01D02E2B03D17A
:10BDE000013CF7D13480C2E7002226F814203388C2
:10BDF00006EB4400202B40F0D380B31C9E4633F862
:10BE0000028B9146B8F1200F02F10102F6D009F140
:10BE100002094CF0030C30F8023D2E2B01D0013CFE
:10BE2000F9D14FF020338B644B64C1F84B30BEF82E
:10BE3000002092B34FF0000E0823304600912646B2
:10BE400011461C460295F046724665460346202977
:10BE50006ED02E2975D0444500F288800B2C00F05E
:10BE600048814E4572D045F003056FD20099964641
:10BE700091F84420AC46E52A04BF052281F844200D
:10BE8000082C029D21D00EF00C030C2B03D00EF0D9
:10BE90000303032B21D14CF0020C084681F84FC05C
:10BEA0000091FFF7ABFC009991F84F3020B30428C4
:10BEB0007FF4CCAE9C0603F0040240F13481A2B3BF
:10BEC000802381F84F300020C0E64FEA8E0303F054
:10BED0000C020C2A5FFA83FEDDD01CF0020FDCD1CD
:10BEE0000EF001034CEA031C1EF0040F1CBF4CF0C3
:10BEF000080C5FFA8CFCD0E75A07E4D48B79DB0698
:10BF000040F10F81019B1878042800F0A8800B6B8A
:10BF10000328C3F30802019B03F1680313445A8BFF
:10BF200004BF9B8A42EA03428A6095F80080ABE630
:10BF300045F0030533F8191009F10109002986D1EC
:10BF400094E74E45F4D10B2C00F0D3809200B1461B
:10BF50000B244FF00808D2B2ECE700BF00DC00D899
:10BF6000D47E01107FFF10000000FF034E45EAD091
:10BF70007F2955D87048CDE90432039108F0DEF9E5
:10BF8000DDE90313059A002800F08E805F2145F05B
:10BF900003050098404480F8441008F10108C9E7FF
:10BFA0002E2BB6464FF001097FF435AF31E7002C58
:10BFB0007FF40EAF16E733882E2B7FF409AF0023F2
:10BFC0007380202381F8453042F22003A1F84630E7
:10BFD000A1F84C304FF020332E228B6420234CF0FC
:10BFE000200C81F8442081F84E3056E78023002150
:10BFF000404688F84F301DB0BDE8F04FFFF7ECB970
:10C000004E4AA3F1800191423FF6B1AEA3F55842EA
:10C01000B2F5006FFFF4ABAE03351FFA83F84AE6C2
:10C02000CDE90432084645F0020340F2B51103930E
:10C0300002F0D4FFDDE9043210F0800F014623D076
:10C0400000F07F013E48415C039D00299ED091E7AE
:10C0500033882E2B7FF4BCAE0022B280B2E70B698E
:10C06000CA7923F0FF0313434B628B680B620B6D9D
:10C070008B62019B1869FDF7E7FF95F8008003E6E6
:10C0800049464FF0040C99E6FF28DDD9601E404573
:10C090004DD900984FEA112C4044039D08F1010846
:10C0A00080F844C0C9B274E7A1F1410080B21928F8
:10C0B00015D842F00202C9B26BE706A8FEF76CFE83
:10C0C00000287FF4C3AD019A1269916BC8E904108E
:10C0D00092F8213003F0020388F80730C7E5A1F198
:10C0E000610080B219289CBF203942F00102C9B218
:10C0F0004FE7AC460099029D91F844304CF0030C98
:10C10000E52B7FF4CAAE052381F8443002F00C031E
:10C110000C2B3FF4C0AE02F00303032B3FF4BBAE85
:10C12000BBE6052092E5002A08BF05208EE5A04663
:10C1300045F00305FEE600BFE07E01107FFF100022
:10C14000F08A01102DE9F84F066807468946354602
:10C1500081BBD6E90583B8F1000F11D1F3B12B787B
:10C16000042B00F01F81EB6A022B17D94FF0010856
:10C170000224EB6AA34215D801242046BDE8F88FBB
:10C18000F26A4245EAD94BB13378042B00F00C81B6
:10C1900008F10104A24240F29580EAE7002420461B
:10C1A000BDE8F88F2B78013B032BE5D8DFE803F0DF
:10C1B00091C36D4AFEF79AF801280446DCD9411C68
:10C1C0003BD0F36A8342EAD8B269002AE6D03278DB
:10C1D000042A00F0388109F10105AB428CBF2C46DE
:10C1E000022438462146FEF781F80128C4D0421CBB
:10C1F00023D0F36A002840F01A81002C00F01E8141
:10C20000A342B9D94FF0FF3221463046FDF7D8FF9F
:10C2100088B9B9F1000F00F0FB80B9F1010FABD084
:10C22000F36A9945A8D2224649463046FDF7C8FF31
:10C23000002800F0ED8001289ED14FF0FF34204609
:10C24000BDE8F88FD7E9043253EA0200F97900F02B
:10C250008780B868002800F083800229A4EB000AD8
:10C2600040F02081013B42F1FF31580A40EAC150C1
:10C2700000236A89490A0BF04BFB82453FF67CAFED
:10C2800019D0631C013316D1D7E7E209D5E91013A1
:10C29000521843F100032846FDF7E8FE0028CCD1F0
:10C2A000A30003F4FE732B449B6E33F0704371D0F4
:10C2B000012B3FF461AF44453FF470AFF36A0134A2
:10C2C000A3426DD8B8F1010F3FF468AF02243D6876
:10C2D0004FE7296C04EB540A6B6C4FEA5A22521850
:10C2E00043F100032846FDF7C1FE0028A5D10AF15D
:10C2F000010B296C6B6C4FEA5B225218CAF3080AD7
:10C30000AA4443F1000328469AF868A0FDF7AEFE60
:10C31000002892D1CBF3080BAB449BF868304AEA73
:10C32000032AE30740F1B8805FEA1A1A32D0BAF163
:10C33000010FC0D120E7220AD5E91013521843F1AA
:10C3400000032846FDF792FE00287FF476AF6300D5
:10C3500003F4FF732B44B3F86830002BA8D119E025
:10C3600000297FF409AFFB69002BA4D1D5E9101394
:10C37000E209521843F100032846FDF777FE002832
:10C380007FF45BAFA30003F4FE732B449B6E33F08A
:10C3900000438DD1F36A33E7012D7FF6EDAEC84639
:10C3A0003D68E6E64FF00108012241462846FDF7C8
:10C3B000A9FE431E033304463FF6F1AE0121A0F16E
:10C3C000020A4FEA1A32D5E916030AF0070B1218CF
:10C3D00043F1000301FA0BFB2846CAF3C80A5FFACF
:10C3E0008BFBFDF743FE00287FF427AFAA449AF8A1
:10C3F00068301BEA030F7FF4BFAE01218BEA030B09
:10C400008AF868B02971B9F1000F1ED10223FB71BF
:10C41000F36AB269023B9A42737998BF02F1FF3224
:10C4200043F00103746198BFB2617371B7E6D6F847
:10C430001480B8F1010F01D998453BD39D422C4699
:10C44000AAD3C8463EE7C846AEE7FB79022B3AD0EE
:10C4500009F10102A242FB6932D00BB90123FB6151
:10C46000A9EB0302511C012B0CBF22460232012909
:10C470007FF682AE3868C36A9942BFF47DAEFDF79D
:10C480009FFE00287FF4D7AEFB69013BFB61002BC8
:10C49000E6D10123FB61BBE7CAF30B03002B7FF45A
:10C4A00007AF77E703297FF45EAFBB699A45BFF416
:10C4B0005AAFE6E608F10104A3427FF607AF6FE743
:10C4C00063B10133E6E708F10103A342A0D00323DF
:10C4D000FB71BB68A8EB0303BB61B9E70223D9E793
:10C4E0002DE9F04F8B4687B0002104460768FEF720
:10C4F00073FF054618BB07F168028246D7E91803A7
:10C5000003920246D4F83890D4F83C800595434510
:10C5100008BF4A4519D03979002940F09E8001238F
:10C5200078784A4600930399434602F0FBFE50B1E7
:10C530004FF0FF324FF0FF33C7E91823012528469B
:10C5400007B0BDE8F08FC7E918983A78236C042A41
:10C550001B7836D0E52B36D0ABB34FF0000A2668F7
:10C56000236B32782033042A14BF4FF400124FF0AB
:10C570008052934208D300220023C4E90E230725EA
:10C58000284607B0BDE8F08FD4E90E0150EA010259
:10C59000F5D0C3F308055DB90130626B41F10001CC
:10C5A000C4E90E01C2B9B6F808C0BCEB531FE2D90A
:10C5B00068362E444A4623638146434626648846AD
:10C5C000A5E71B06C9D40AF1010ADA45C7D1059DC2
:10C5D000284607B0BDE8F08FB6F80AC00CF1FF3C62
:10C5E0001CEA532CE4D1114620460493FDF77EFE4D
:10C5F00001288046049B56D9B0F1FF3F9ED0F16AD6
:10C60000884218D32046616B0493FFF79BFD804658
:10C610000028B4D0012846D0B0F1FF3F8ED00146AB
:10C620003046FDF765FC002888D1E179049B41F094
:10C630000401E171F16A0239A8F1020C8C45C4F8D9
:10C64000348032D2D6E91401B6F80AE0EEFB0C01D0
:10C65000D7E91898C4E90E01AAE70121787800917A
:10C66000039902F093FE00287FF468AF396E3B6CAB
:10C670007A6C3E6B3871786ECB1A60EB0202B34273
:10C6800072F10002BFF44BAFFB78022B7FF447AF8F
:10C690008A194FF0010140F1000378780091039965
:10C6A00002F074FE3BE7022549E700200146CFE790
:10C6B0002DE9F04F90F84FE09BB01EF0A00C40F039
:10C6C0006D8306680446D6F80CB0BBF80030002B2A
:10C6D00000F0BC835B4633F8022F0CF1010C002AFA
:10C6E000F9D13378042B00F063830DF1100804F1C5
:10C6F00044051EF0010F95E8070088E8070000F0E8
:10C700006E8140234FF0010A84F84F304FF07E09CC
:10C710005B46E346CC4FCDF804E0AE4698E8070010
:10C72000AEE80300BAF1050F2EF8022B4FEA1242D1
:10C730008EF8002040F27E811A885146002A00F0CF
:10C740009A809C4602F0010000EB41004FEA520E35
:10C75000090448BF78400EF0010E0EEB400E910820
:10C76000030448BF8EEA070E01F0010000EB4E0003
:10C770001EF4004F4FEAD20118BF784001F00101CA
:10C7800001EB40014FEA121E000448BF79400EF051
:10C79000010E0EEB410E0B044FEA521048BF8EEA19
:10C7A000070E00F0010000EB4E001EF4004F4FEAB0
:10C7B000921118BF784001F0010101EB40014FEAEE
:10C7C000D21E000448BF79400EF0010E0EEB410E60
:10C7D0000B044FEA122048BF8EEA070E00F001005A
:10C7E00000EB4E001EF4004F4FEA522118BF784074
:10C7F00001F0010101EB40014FEA922E000448BF15
:10C8000079400EF0010E0EEB410E0B044FEAD220E0
:10C8100048BF8EEA070E00F0010000EB4E001EF448
:10C82000004F4FEA123118BF784001F0010101EBCF
:10C8300040014FEA523E000448BF79400EF0010E1D
:10C840000EEB410E900B090448BF8EEA070E00F074
:10C85000010000EB4E001EF4004F4FEAD23118BF2A
:10C8600078403CF8022F01EB4001030448BF7940B7
:10C87000002A7FF467AF01F00F0000F13002392A7F
:10C8800088BF00F137020F294FEA111C8DF80F20E5
:10C8900040F2D4800CF00F0E0EF13002392A88BF1E
:10C8A0000EF13702BCF10F0F4FEA11208DF80E2068
:10C8B00040F2E78000F00F0C0A0B0CF1300139292F
:10C8C00088BF0CF137010F288DF80D1040F2E4807D
:10C8D0000321D2B202F13000C0B2392884BF37320E
:10C8E000D0B28DF80C008DF80B9094F84420202ADB
:10C8F00000F0D08094F84520202A00F0D28094F8EF
:10C900004620202A00F05082032900F0B68094F8D7
:10C910004720202A00F0B180042900F0B08094F86C
:10C920004820202A00F0AB80062918BF052205D137
:10C9300094F84920202A14BF062205220DEB01009D
:10C9400090F808C0062A05F802C090F809C005EB67
:10C95000020080F801C002F1020C2CD0062975D02B
:10C960000DEB0100807A052A05F80C0001F10300A7
:10C9700002F1030C1FD0082870D00DEB0100C07A23
:10C98000042A05F80C0002F1040014D003296DD12B
:10C990009DF80F10032A295402F105010BD0202025
:10C9A000022A685402F1060005D0C0F108022021D5
:10C9B000284407F075FC2046FEF720FF38B90AF13D
:10C9C000010ABAF1640F00F0FF82F368A5E60428BB
:10C9D000DC46DDF804E0834628D184F84FE01EF001
:10C9E000020F60D101212046FFF77AFD8346E8B9A6
:10C9F000D4E90E233046FDF739FB8346B0B9014632
:10CA00002022206C07F04CFC03CD0122236C18601F
:10CA10005960A97828889972188194F84F30216C50
:10CA200003F018030B7332714FF0000B58461BB024
:10CA3000BDE8F08F0AF130028DF80F207E2206212A
:10CA40008DF80E2051E700BF211001002021052A9A
:10CA500005F80C1002F10300A7D1ACE72021042A4D
:10CA600005F80C1002F104009FD1A4E72021032A4D
:10CA7000295402F1050098D19DE703225EE70422C4
:10CA80005CE77E228DF80D2094F844200521202AB1
:10CA90007FF430AF002251E77E2204218DF80C2074
:10CAA00023E701224AE7C14B0CF10C07A3FB07382F
:10CAB0004FEA9808204608F10101FFF711FD83466F
:10CAC0000028B3D10C2F93D0216B2046A1EB481145
:10CAD000FEF782FC83460028A8D194F8442094F8FD
:10CAE0004510D30143EA52030B44C3F3460294F8C2
:10CAF000461042EAC31251FA82F2C2F3460394F896
:10CB0000471043EAC21351FA83F3C3F3460294F881
:10CB1000481042EAC31251FA82F2C2F3460394F873
:10CB2000491043EAC21351FA83F3C3F3460294F85F
:10CB30004A1042EAC31251FA82F2C2F3460394F851
:10CB40004B1043EAC21351FA83F3C3F3460294F83D
:10CB50004C1042EAC31251FA82F2C2F3460394F82F
:10CB60004D1043EAC21351FA83F3C3F3460294F81B
:10CB70004E1042EAC31351FA83F3DBB24FF00F09B0
:10CB80004FF6FD774FF6FF7A019327E0A3F803A055
:10CB9000A3F805A0A3F807A0A3F809A0A3F80EA086
:10CBA000A3F810A0A3F812A0A3F814A0A3F816A04D
:10CBB000A3F818A0A3F81CA0A3F81EA040F0400002
:10CBC0001870012320463371FDF732FC834600289C
:10CBD0007FF42CAFB8F101083FF40AAFD4E90E237B
:10CBE0003046FDF743FA0246834600287FF41EAF25
:10CBF000236CF1685FFA88F05A83019A00F1FF3CD8
:10CC00005A730CEB4C020CEB8202A3F80B9031F838
:10CC100012C00CF1FF3E1FFA8EFE83F801C0BE4524
:10CC20004FEA1C2C83F802C04FEA420CAED8013206
:10CC300031F812E052000EF1FF3B1FFA8BFB83F834
:10CC400003E0BB454FEA1E2E83F804E0A0D80A4457
:10CC5000B2F802E00EF1FF3B1FFA8BFB83F805E010
:10CC6000BB454FEA1E2E83F806E093D8B2F804E0E5
:10CC70000EF1FF3B1FFA8BFB83F807E0BB454FEA41
:10CC80001E2E83F808E087D8B2F806E00EF1FF3BCD
:10CC90001FFA8BFB83F809E0BB454FEA1E2E83F891
:10CCA0000AE03FF67BAFB2F808E00EF1FF3B1FFA57
:10CCB0008BFB83F80EE0BB454FEA1E2E83F80FE096
:10CCC0003FF66EAFB2F80AE00EF1FF3B1FFA8BFBA6
:10CCD00083F810E0BB454FEA1E2E83F811E03FF6C3
:10CCE00061AFB2F80CE00EF1FF3B1FFA8BFB83F84B
:10CCF00012E0BB454FEA1E2E83F813E03FF654AF17
:10CD0000B2F80EE00EF1FF3B1FFA8BFB83F814E044
:10CD1000BB454FEA1E2E83F815E03FF647AFB2F849
:10CD200010E00EF1FF3B1FFA8BFB83F816E0BB45CA
:10CD30004FEA1E2E83F817E03FF63AAFB2F812E042
:10CD40000EF1FF3B1FFA8BFB83F818E0BB454FEA5F
:10CD50001E2E83F819E03FF62DAFB2F814E00EF165
:10CD6000FF3B1FFA8BFB83F81CE0BB454FEA1E2EEE
:10CD700083F81DE03FF620AFD28A02F1FF3E9A779A
:10CD8000120ADA771FFA8EF2BA423FF617AF01EBBA
:10CD90000C02528B002A7FF413AF0FE74FF0060B03
:10CDA00058461BB0BDE8F08F0222C7E54FECC44ED9
:10CDB000884B0CF10E05A3FB0535ED082046A91C98
:10CDC000FFF78EFB834600287FF430AE236B0135DE
:10CDD000A3EB4515E37925655D0740F1938003F0EA
:10CDE000FB03032BE37133D0E369656BABB1EA1A44
:10CDF000511C012B0CBF4FF0FF320232012943D9E5
:10CE00002068C36A99423FD2FDF7DAF90346D8B9E0
:10CE1000E369013BE361002BE9D1A368002B71D0EA
:10CE2000636A22688DF8173023F0FF030893236AA2
:10CE3000A16A0693002304A809930B930492189106
:10CE4000FEF7CAFA034610B39B46EFE59C4648E45A
:10CE5000A769A168002F00F0BA80012914D92068C1
:10CE60000F44C36A4D1C8B420ED92A46FDF7A8F920
:10CE700003460028E8D1AF4200F0A9802946206887
:10CE80004D1CC36A8B42F0D84FF0020BCEE504A8CC
:10CE9000FDF782FF03460028D6D1D4E904524FF4AF
:10CEA00000771946B6F80AC004A8ECFB0752170A27
:10CEB00062F3070367F30F23170CC4E9045267F307
:10CEC0001743120E62F31F6332699563D36363697C
:10CED0001A0A63F3070162F30F211A0C62F3174178
:10CEE0001B0E226963F31F6133699A62D962E37989
:10CEF000326943F0010382F82130FEF789FB0346D3
:10CF00000028A1D137693F220021781CF46807F07E
:10CF1000C7F94FF0000CC022852387F82020E14696
:10CF20000122402166464FF0C10A3B70C7F1040858
:10CF300027F801A0CB1913E0A25B0CF101019AB113
:10CF40005FFA81FCD5B2100A4FEA4C0604EB4C0E96
:10CF500008EB0301D870C8069D7003F1020306D0E8
:10CF600004EB060E002AE7D110461546F0E7BEF89E
:10CF7000005009F101030DB19946D9E709F1020901
:10CF800087F823C087F8019034F8020BB8B102F09B
:10CF900041F8EA03C3B242EA550213FA82F2C2F33D
:10CFA0004E0343EAC233C0F3072234F8020B12FAED
:10CFB00083F39DB20028EAD15FFA85FB280A87F83F
:10CFC00024B087F825002FE54FF0070B2EE500234E
:10CFD000E37109E7898888882DE9F04F01290668FF
:10CFE00083B01BD9F36A0C468B4217D9814692460F
:10CFF000DAB13278042A15D0BAF1010F0ED05345B8
:10D000000CD94FF0FF3251463046FDF7D9F830B910
:10D01000D9F80050EB6A27469C4208D3022003B09F
:10D02000BDE8F08FC279022AE6D13546F3E72B78C6
:10D03000013B032BF2D8DFE803F083692C02D9E926
:10D04000043253EA020099F8071000F0A780D9F8DB
:10D050000800002800F0A2800229A4EB000840F09C
:10D060000781013B42F1FF31580A40EAC1500023D9
:10D070006A89490A0AF04CFC8045CFD800F0FF804D
:10D0800004F10108B8F1FF3F1AD1012003B0BDE857
:10D09000F08FE209D5E91013521843F10003284636
:10D0A000FCF7E4FF0028F0D1A30003F4FE732B4447
:10D0B000D3F8688038F070483CD0B8F1010FADD09B
:10D0C0003378042B09D0F36A9C42A7D20022214670
:10D0D0003046FDF775F80028A1D1F26AB369911EB8
:10D0E0008B4205D20133B361737943F0010373714D
:10D0F0000134444503D03378042B6DD04746904526
:10D1000018D2D9F800504446EB6A85E7220AD5E9DF
:10D110001013521843F100032846FCF7A7FF00281C
:10D12000B3D1630003F4FF732B44B3F86880B8F104
:10D13000000FC2D13378042B00F08C8000206EE702
:10D14000296C04EB54086B6C4FEA5822521843F1D7
:10D1500000032846FCF78AFF002896D108F1010B4E
:10D16000296C6B6C4FEA5B225218C8F30808A8447C
:10D1700043F10003284698F86880FCF777FF002801
:10D1800083D1CBF308032B4493F86830E20748EAD5
:10D19000032877D55FEA18188FD1CBE700297FF4F1
:10D1A0003DAFD9F81C30002B69D1D5E91013E20945
:10D1B000521843F100032846FCF758FF00287FF47B
:10D1C00064AFA30003F4FE732B44D3F8688038F0F7
:10D1D00000487FF472AFADE7E51B0124D6E91623C2
:10D1E000023F4FEA173B1BEB020B07F0070204FA62
:10D1F00002F443F10003C7F3C807E4B25A463046CD
:10D200000193FCF733FF00287FF409AFF11991F87F
:10D210006820019B14420ED100E714F0FF0408D1EE
:10D220000137B7F5007F06EB070119D2012491F809
:10D23000682014420BD06240013D4FEA440481F85B
:10D240006820EAD101234746F26A337157E7012388
:10D250003371E3E6BAF1000F1BD189F807A06DE73F
:10D26000274601241BF1010B43F100033471C5E78C
:10D27000032996D1D9F81830984592D200E76FF07B
:10D2800000481DE7C8F30B08B8F1000F7FF415AF95
:10D2900050E799F80730BBB9D9F808400EE02146AD
:10D2A0004846FDF723F8012804F101047FF6B6AEE5
:10D2B000431C3FF4EAAE84427FF440AF5445EED1C4
:10D2C000022389F8073039E7032B7FF437AFD9F809
:10D2D000083053453FF632AFD9F818201344534570
:10D2E000EED22BE770B582B0CDE90010002900F036
:10D2F000948010468C4602E03A2B00F084801CF8A3
:10D30000013B1F2BF8D8484B93F800E07246474C7E
:10D3100054F82210002964D00025454B44F82250CF
:10D320001E688E4208BF1D601D69A94204BF00250A
:10D330001D611D6AA94204BF00251D621D6BA94223
:10D3400004BF00251D631D6CA94204BF00251D6498
:10D350001D6DA94204BF00251D651D6EA94204BFB5
:10D3600000251D661D6FA94204BF00251D67D3F867
:10D370008050A94204BF0025C3F88050D3F89050D4
:10D38000A94204BF0025C3F89050D3F8A050A94289
:10D3900004BF0025C3F8A050D3F8B050A94204BF81
:10D3A0000025C3F8B050D3F8C050A94204BF0025EF
:10D3B000C3F8C050D3F8D050A94204BF0025C3F829
:10D3C000D050D3F8E050A94204BF0025C3F8E05084
:10D3D000D3F8F050A94204BF0025C3F8F050002351
:10D3E0000B70019B2BB1002183F801E044F822303F
:10D3F000197008B902B070BD0022684601A9FDF796
:10D4000069F902B070BD0A78303A5FFA82FEBEF167
:10D41000090F02D802318C4502D00B2002B070BD3A
:10D42000032A7FF774AFF8E7E8380020E02A0020ED
:10D4300000280020000000002DE9F04F9FB005916A
:10D44000002800F0CD8002F03F070446164607A9E9
:10D450003A4605A8FDF73EF9054628B100232360AA
:10D4600028461FB0BDE8F08FDDF81CA04FF48C609B
:10D47000CDF820A001F020FE8046002800F0BC80FE
:10D4800000F50073CAF80C000599CAF8103008A816
:10D49000FEF7B0FB8146002840F09B809DF96F307D
:10D4A000002BC0F2AF81DFF87895089BD9F80020F7
:10D4B0000A99DDF850C006F03E0E002A00F09E806A
:10D4C0009A4200F09D802A46D9F81000002800F00A
:10D4D000BB81984200F0F581D9F82000002800F0C7
:10D4E000B581834200F0F981D9F83000002800F0BE
:10D4F000B181834200F00982D9F84000002800F091
:10D50000A781834200F0F581D9F85000002800F08F
:10D51000A381834200F00582D9F86000002800F062
:10D520009D81834200F00982D9F87000002800F044
:10D530009981834200F01982D9F88000002800F018
:10D540008F81984200F00582D9F89000002800F001
:10D550008B81984200F01582D9F8A000002800F0D5
:10D560008581984200F01982D9F8B000002800F0B7
:10D570007F81984200F01D82D9F8C000002800F099
:10D580007981834200F02182D9F8D000002800F090
:10D590007381834200F02582D9F8E000002800F072
:10D5A0006D81834200F02982D9F8F000002800F054
:10D5B0002F81984200F0698106F01C01002A40F09A
:10D5C0002981002900F0AE821225404601F076FD47
:10D5D00044E716F01C0F0AD0042830D00546F4E7C3
:10D5E000092528461FB0BDE8F08F4FF006094046D8
:10D5F00001F064FD4D4631E7112531E7012263E773
:10D60000D9F804208A427FF45EAFD9F80820624539
:10D610007FF459AF2B46BEF1000F40F0428109EB79
:10D620000313DB68B3F5807F00F029829DF8263074
:10D63000DB066BD5404601F041FD04250EE7DFF81F
:10D64000E093D9F800306BB3D9F8103053B3D9F860
:10D6500020303BB3D9F8303023B3D9F840300BB386
:10D66000D9F85030F3B1D9F86030DBB1D9F8703067
:10D67000C3B1D9F88030ABB1D9F8903093B1D9F8B3
:10D68000A0307BB1D9F8B03063B1D9F8C0304BB11C
:10D69000D9F8D03033B1D9F8E0301BB1D9F8F03037
:10D6A000002B91D108A8FFF703F847F008070028DE
:10D6B00040F062829AF80030042B00F0E38101F020
:10D6C000FFFC189BC3F80E00189BC3F816009AF8CD
:10D6D0000020189B032A08BF9A8A5E8B08BF46EA7F
:10D6E00002462022DA720022189B5A839AF8001010
:10D6F000032908BF9A82002201231899CA618AF877
:10D700000430002E40F0FF8147F04007189E012FA3
:10D71000DAE9182394BF00210121C4E9142308A8E1
:10D72000A665FCF737FAE062002800F0C5809AF899
:10D730000030042B00F0F981032B08BFB38A728BF1
:10D7400008BF42EA0342A260F369236100236361D8
:10D7500000269FEDB17BBAF806304FF40072A3802B
:10D7600004F1600384F830701846314684ED127B72
:10D7700084ED0E7BC4F800A0E66584F83160049364
:10D7800006F08EFDBF0640F17681D4E904B25BEA73
:10D79000020100F07081BAF80A70C4E90EB2A16803
:10D7A0007F025F4576EB020080F03C8120460292CA
:10D7B000FCF79CFD01280146029A40F22A81BBEB4E
:10D7C000070362F10002481C9B46EAD1216401254F
:10D7D000E36A013B0F2B3FF6F8AE09EB0311CA6871
:10D7E0001B01B2F5807F00F0C48122B1013ACA600A
:10D7F000002A7FF4EAAE0022404649F8032001F0F7
:10D800005DFC2BE616F01C0F3FF4EFAE0625DCE6C0
:10D8100006F01C019DF8263041B113F0110F0ED116
:10D82000730744D436077FF571AF43E7D8063FF559
:10D8300001AFB2077FF56AAFDB077FF567AF404600
:10D8400001F03CFC072509E6012245E601224BE6F2
:10D85000012259E601224FE601225DE6012263E63C
:10D86000012271E6012267E6012275E601227BE6CC
:10D87000012281E6012287E601228DE6D9F8F02017
:10D88000002AC5D09342C3D10122D9F8F4308B428B
:10D890007FF492AED9F8F83063457FF48DAE0F2354
:10D8A000B9E616F01C0F00F0EA8010258DE6404620
:10D8B00001F004FC0825D1E5404601F0FFFB0225FC
:10D8C000CCE5D9F8140088427FF406AED9F81800E8
:10D8D00060457FF401AE01239DE6D9F82400814222
:10D8E0007FF402AED9F8280084457FF4FDAD022311
:10D8F00091E6D9F8440081427FF406AED9F8480099
:10D9000084457FF401AE042385E6D9F834008142D2
:10D910007FF4F2ADD9F8380084457FF4EDAD0323F0
:10D9200079E6D9F8540081427FF4F6ADD9F8580071
:10D9300084457FF4F1AD05236DE6D9F8640081429A
:10D940007FF4F2ADD9F8680084457FF4EDAD06238D
:10D9500061E6D9F8840088427FF4F6ADD9F88800F2
:10D9600060457FF4F1AD082355E6D9F87400814293
:10D970007FF4E2ADD9F8780084457FF4DDAD07236C
:10D9800049E6D9F8940088427FF4E6ADD9F89800CA
:10D9900060457FF4E1AD09233DE6D9F8A40081425A
:10D9A0007FF4E2ADD9F8A80060457FF4DDAD0A232D
:10D9B00031E6D9F8B40088427FF4DEADD9F8B8007A
:10D9C00084457FF4D9AD0B2325E6D9F8C400814204
:10D9D0007FF4DAADD9F8C80084457FF4D5AD0C23C7
:10D9E00019E6D9F8D40081427FF4D6ADD9F8D80031
:10D9F00084457FF4D1AD0D230DE6D9F8E4008142D2
:10DA00007FF4D2ADD9F8E80084457FF4CDAD0E2384
:10DA100001E620640225DBE60000000000000000B3
:10DA200000280020CBF30800216420B3DAF82C0092
:10DA3000023902388142EDD2DAE91460BAF80A708C
:10DA4000E7FB016056EA0001E4D04FEA5B2343EABA
:10DA5000C2539B194FF0010640EB5221C4E9123129
:10DA60001A469AF801000B460096049901F05AFCF8
:10DA700000287FF4ACAE404601F020FBF0E44FF00C
:10DA80001009B4E5DAF810002146C4F800A0FCF74C
:10DA9000DBFA1E220021023006F002FC00222021C7
:10DAA000DAF81030C3F82620C3F82A20C3F82E2055
:10DAB000C3F83220C3F83620C3F83A20DA87DAF800
:10DAC00010301971DAF8106001F0FAFA0122B06032
:10DAD000DAF8103008A883F82120FDF799FD0646F2
:10DAE000A0BBA16800293FF40FAE02462046FFF715
:10DAF00073FAA368013BCAF81430034600283FF4C8
:10DB000003AE1D4661E53146DAE918BC08A8CDE947
:10DB100002BCFFF761FA8346E8B1404601F0CEFA55
:10DB20005D469BE44FF0120961E50C9B9DF82720B0
:10DB300023F0FF03134363620A9B214623621C9B6D
:10DB4000DAF81000A362FCF77FFA01E6404601F024
:10DB5000B5FA354682E4DDE902235046FCF786FA41
:10DB6000013E0346CAF8146000283FF4CDAD1D46BF
:10DB70002BE50022CA603EE6054626E52DE9F04F7A
:10DB8000002685B01E6058B19A46036804463BB132
:10DB900015461A7822B10F46DA888188914203D05F
:10DBA000092005B0BDE8F08F587801F091FBC1075E
:10DBB000F6D494F831000028F3D194F830309A0765
:10DBC00040F1F580D4F8008098F80020042A03D0B2
:10DBD000A26BEA4228BFD543002D7FD0D4E90E6363
:10DBE00002901846C6F30803002B7CD1B8F80A90BF
:10DBF000730A09F1FF3943EAC05319EA03094FEAEE
:10DC000050210FD1304340F09E80A068002800F0E2
:10DC1000D88001287CD0431C00F0C280A368206417
:10DC200003B9A06094F93030002BC0F2A780226CB9
:10DC3000D8F82C30023A023B9A4269D2D8E9141340
:10DC4000B8F80A00E0FB021351EA030260D019EBB6
:10DC5000010B43F10003B5F5007F60D309EB5522BA
:10DC600082424FEA552688BFA0EB09065A4698F82B
:10DC7000010039460096039301F088FB002840F02C
:10DC80008F80A16CE26C039BB1EB0B0162EB030292
:10DC9000B14272F10002C0F0AC804FEA4629DAF8D6
:10DCA0000030A66BE06B19EB06064B44CAF8003057
:10DCB00040F10000D4E90423B24273EB00013CBF01
:10DCC00032460346A5EB0905C4E904234F44A66385
:10DCD000E063002D86D1029894F8303043F0400381
:10DCE00084F830305DE704F16009C3F50076AE4298
:10DCF00028BF2E4609EB03003946324607F040F9AB
:10DD000094F83030B14663F07F0384F83030C6E7D2
:10DD10000223184684F8313005B0BDE8F08FD4E90D
:10DD200012129A4208BF5945D4E90E6004D0D4E9D2
:10DD300004128E4290414CD304F16009C4E912B33D
:10DD4000C6F30803D1E7E66D9EB31846236806F1D3
:10DD5000040B5A894B4609F0DBFD73682BB9BAE70F
:10DD6000C01A5BF8083F002BB5D09842F8D2DBF818
:10DD70000430184400287FF44CAFACE7012398F836
:10DD80000100009304F16001D4E9122301F0FEFACE
:10DD900030B994F8303003F07F0384F8303046E730
:10DDA0000123184684F8313005B0BDE8F08F072014
:10DDB000F7E62046216CFEF7C5F900287FF429AF6D
:10DDC00089E701462046FEF7BDF900287FF421AF20
:10DDD00081E7012204F1600998F8010049460092A8
:10DDE0005A46039301F09EFA0028D9D1A66B039BF3
:10DDF000A4E74FF4007207EB412104F1600007F043
:10DE0000BFF894F8303003F07F0384F8303044E7F3
:10DE1000F0B5466883B0002E27DB43690446856869
:10DE20003BB301F0C002802A21D15A1E036901339D
:10DE30000361034419734261BAB904F10C0301A8E8
:10DE40000193FBF727FE431C0FD0020C1FFA80FC46
:10DE50001FD1BCF17F0F06F1010752D8A319187624
:10DE60003B2F41DC0135C4E9017503B0F0BD00234F
:10DE7000436100230A0621732361DED501F0E0032C
:10DE8000C02B61D001F0F003E02B60D1022363616D
:10DE9000EBE70021C2F309034033C2F387021F0AF4
:10DEA00010321B0167F00F07CCF3831C02F03F0216
:10DEB00003F0300367F3070162F07F0243EA0C03CB
:10DEC00063F07F0300F03F0062F30F2163F317411B
:10DED00060F07F00371D60F31F6106F118033B2FD0
:10DEE00005F10305E150BDDD21463A466B4651F888
:10DEF000180BFFF743FE009BDF1B18BF4FF0FF37E7
:10DF0000B0E7BCF5006F4FEA9C1316D303F03F0354
:10DF10004FEA1C3C274463F07F033B7602354CF00C
:10DF2000E00CB21C00F03F00A31960F07F00571C0A
:10DF3000224483F818C0107692E763F03F033A4614
:10DF400001355FFA83FCEDE7012363618DE701F0A2
:10DF5000F801F02989D10323636186E770B545682C
:10DF600082B0002D11DB4369044686680BB10023A3
:10DF7000436120230020611901353B2D237320616B
:10DF80000B7604DC0136C4E9015602B070BD2146AF
:10DF90002A4601AB51F8180BFFF7F0FD019B5D1B02
:10DFA00018BF4FF0FF35EDE72DE9F04399B040B1D0
:10DFB000036804462BB11A781AB18188DA88914235
:10DFC00004D00925284619B0BDE8F083587801F03F
:10DFD0007FF9C207F5D494F8303013F04005F1D042
:10DFE0001B06266835D401F06BF833780746042BFE
:10DFF00041D0D4E914233046FCF738F820BBA26D99
:10E00000D37A43F02003D372A3682168C3F30720B7
:10E010009376D0760978032903D11B0C13751B0A5C
:10E02000537523690021D3610123C2F81670518210
:10E0300030463371FCF74CFA94F83030054623F043
:10E04000400384F83030BDE70125284619B0BDE80B
:10E05000F0830125D4E91223707804F16001009562
:10E0600001F094F90028EFD194F8303003F07F03E9
:10E0700084F83030B7E7E379032B3FD0E369D4F875
:10E080004080BBB1A8EB0302511C012B0CBF4FF029
:10E09000FF32023201294FD92068C36A99424BD21C
:10E0A000FCF78EF8054600288CD1E369013BE3615B
:10E0B000002BE7D14FF48C6000F0FEFF8046002873
:10E0C00000F08A8000F50073C6E903032368A16AA3
:10E0D0000293236A02A80493636A16918DF80F30A5
:10E0E00023F0FF030693002307930993FDF774F9C8
:10E0F000054618B3404600F0E1FF63E7A369A16855
:10E10000002B6BD0012917D9206801EB0308C36AE3
:10E1100001F101098B420FD94A46FCF751F8054637
:10E1200000287FF44FAFC84558D04946206801F118
:10E130000109C36A8B42EFD8022543E702A8FCF726
:10E140002BFE05460028D5D1AC462946326902A8E7
:10E15000137943F020031371E279336942F001022D
:10E1600083F821203369A2685A6363691A0A63F34A
:10E17000070C62F30F2C1A0C62F3174C1B0E22696A
:10E1800063F31F6C33699A63C3F83CC063691A0A6E
:10E1900063F3070162F30F211A0C62F317411B0EA0
:10E1A000226963F31F613369D9629A623369DF6060
:10E1B00033695D7533691D61FDF72AFA054600284C
:10E1C00098D13046FCF784F994F83030054623F0B6
:10E1D000400384F830308DE71125F3E60023E37126
:10E1E0004CE700BF10B50446FFF7DEFE00B110BDDE
:10E1F0003CB123682BB11A781AB1A188DA88914210
:10E2000001D0092010BD587801F062F810F001002B
:10E21000F7D1E36A013B0F2B12D80B494FEA031CDD
:10E2200001EB0313DA68B2F5807F0BD012B1013A2B
:10E23000DA6012B9002341F80C300023236010BDCE
:10E24000022010BDD860F5E7002800200000000083
:10E250000EB42DE9F04FAEB037AD55F8043B0021B8
:10E260001C460646542219A88DF8371006F018F8F7
:10E27000234614F8011B18960E9500296CD01E46F3
:10E28000252940F0AC817478302C00F0D5812D2CFC
:10E2900000F0DA812023069300230C21042201934D
:10E2A00002362A2C40F0A08130460E9B1C1D0E9495
:10E2B00010F8014B1D6806462E2C00F0AA814FF085
:10E2C000FF376C2C00F0B28100210846019A002C27
:10E2D00042D0A4F14503332B35D8DFE813F05400C6
:10E2E000340034003400340034003400340034008E
:10E2F000340034003400340034003400340034007E
:10E3000034003400A50034003400340034003400FC
:10E310003400340034003400E200DA00B500540068
:10E32000540034003400340034003400340034002D
:10E330003400CA0034003400340049013400B50010
:10E3400034003400A500214618A8FFF761FD3446CB
:10E3500014F8011B002993D1199A002AC0F25184A4
:10E3600018980FAB1EA9FFF709FC002840F049845C
:10E37000199A0F9B9A4240F044841A982EB0BDE837
:10E38000F04F03B070470E9B073323F0070393ED64
:10E39000007B59EC178B03F108020E924B46424664
:10E3A000404649468DED027BF4F7FAF8002840F02C
:10E3B0002F84002F404649464FF000024FF00003E3
:10E3C000B8BF0627F4F710F9002840F0A58129F01E
:10E3D00000430593CDF81080DDE904894FF0FF324A
:10E3E00040464946B24BF4F7DBF848B94046494647
:10E3F0004FF0FF32AE4BF4F70BF9002800F0AF817D
:10E40000662C00F08782DDE9020100220023F4F788
:10E41000D9F8002800F01E847B42089300230DF1F8
:10E42000400907934B46FBE1002800F05D810E9BFD
:10E430004FF01009073323F0070303F108020E928F
:10E44000D3E90078002238E00E9B002840F03281AA
:10E45000642C03F1040040F0C7840E901F684FEA5B
:10E46000E7784346002BC0F2348100224FF00A09BE
:10E4700023E0002800F018810E9B4FF008090733B5
:10E4800023F0070303F108020E92D3E9007800227B
:10E4900013E00E9B18A81A1D19780E92FFF7B8FC0E
:10E4A00055E7002840F0F3804FF002090E9B4FF033
:10E4B00000081A1D0E9242461F68782C02950CBF68
:10E4C0004FF0270B4FF0070B4FF0000A154610AC2A
:10E4D00003E0202B00F03E819A46384641464A46EA
:10E4E000002309F015FABE46C446D2B2092A84BFF9
:10E4F0005A44D2B2CE4502F130027CF1000C0746FC
:10E5000088460AF1010304F8012BE2D22A46029D53
:10E5100032B12D210DEB030282F840100AF1020303
:10E52000019A984618AC62B9AB420AD29946069F46
:10E53000394618A808F10108FFF76AFC4545F7D1EC
:10E540004B4610AAD71817F8011D2046FFF760FCAC
:10E5500010ABBB42F7D1454508F101077FF6F7AE96
:10E560002046FFF7FBFCBD4207F10107F8D1EEE6BC
:10E570000E9BD3F8008004330E93B8F1000F00F027
:10E580004C8398F80010002900F0598408F101002C
:10E59000029106F06BFD002F029900F1010902DBE8
:10E5A000B94528BFB946019B002B00F0A180474424
:10E5B00005E018A8FFF72CFC18F8011F09B1B845B1
:10E5C000F7D14D4509F101077FF6C1AE18AC2046E1
:10E5D000FFF7C4FCBD4207F10107F8D1B7E618A860
:10E5E000FFF716FC2646B2E6A4F13003092B4FF0E4
:10E5F00000053FF661AE05EB850504EB450516F811
:10E60000014B303DA4F13003092BF4D92E2C7FF4BB
:10E6100056AE34782A2C20D10E9B7478181D6C2CA1
:10E620001F6806F102060E907FF44EAE34786C2C13
:10E6300028D0002001364AE6002306940C21B47845
:10E640000422019303362CE6202306930223B47898
:10E650000E2106220336019323E6A4F13003092B91
:10E660004FF0000706F101063FF62BAE07EB8707D8
:10E6700004EB470716F8014B303FA4F13003092B98
:10E68000F4D91EE674780A46082002361FE60E9B6F
:10E690004FF00209073323F0070303F108020E923B
:10E6A000D3E90078002208E74FF008090E9BFEE648
:10E6B000FFFFEF7F073323F007014B6801F10800EC
:10E6C000642C98460F680E907FF4CFAE002BBFF6F7
:10E6D000CCAE02F002037F424FF001024FF00A0974
:10E6E00068EB48080193E8E64FF010090E9BDEE660
:10E6F0004D457FF65CAFDDF818A018AC51462046BA
:10E7000009F10109FFF784FB4D45F7D198F8001096
:10E7100000297FF44CAF1AE6DDE902230020002136
:10E72000F3F760FE804689464FF0FF32744BCDE927
:10E730000289F3F735FF002857D1404649464FF08C
:10E74000FF326F4BF3F764FF00284ED14FF02D09D5
:10E750006C4B07E02A464FF01F0A029DD8E64FF0A7
:10E760002B09684B8DF840900DF141020DF14009E5
:10E7700019461B7802F8013B11F8013F002BF9D133
:10E7800000234846137006F071FC019B07469DF874
:10E79000401033BB854240F24D838A46DDF8188035
:10E7A00018AC414620460137FFF732FBBD42F8D195
:10E7B000514600293FF4CBAD2046FFF729FB19F85D
:10E7C000011F0029F8D1BD4207F101087FF6BFAD56
:10E7D00018AC2046FFF7C2FB454508F10108F8D107
:10E7E000B5E50029EFD018ACE6E7662C00F0A5826D
:10E7F000DDE9020100220023F3F7E4FE002800F027
:10E8000099827B4208932D239FED397B8DF8403010
:10E8100000238DED027B07930DF140090DF14103BB
:10E820004FF0000B1F46CA46CDE909450B96BBF1D8
:10E83000FF3F00F0F881BBF1000F00F0F8825E4668
:10E8400000244FF00008304DDFF8C490331D2046FF
:10E85000294680F2058128A3D3E90023F3F7FCFDC4
:10E86000053604460D46F1D1DDE9028922462B46E4
:10E8700040464946F3F7F0FDF3F76EFE0646F3F720
:10E8800047FE22462B46F3F7C1FD02460B464046A3
:10E890004946F3F7A7FD3A46089B0BF1FF3B30369C
:10E8A0005B45CDE9020102F8016B40F37E83DDE9AF
:10E8B0000945662CD1460B9E3FF462AF079A134977
:10E8C000002ABBBF524207922B222D227C70079C4C
:10E8D000BA70A1FB0431C90801EB8103A4EB430327
:10E8E000303130337A1DF9703B7149E7AFF3008066
:10E8F000000000000000000000000000006AF84076
:10E90000FFFFEF7FEC7E01100000F03FCDCCCCCCC0
:10E91000000024404FF02B097B420893002B00F0AD
:10E920009782984600204FF0000AC549DFF818B3D7
:10E9300018F1040F80F2B080BDA3D3E90023F3F7F0
:10E940008BFD18F10508F3D10022BE4BF3F75EFDF5
:10E9500002460B46DDE90201F3F730FD82468B46A5
:10E960000022B94BCDE902ABF3F766FE80460028E2
:10E9700000F013814FF00008ADA3D3E90023504607
:10E980005946F3F759FE002874D0A9A3D3E9002310
:10E9900050465946F3F760FD0022AB4B82468B464A
:10E9A00008F10508F3F748FE0028E5D128EAE873E6
:10E9B0001F441C2F079300F3EE80B9F12D0F00F0D8
:10E9C000F7810DF140094B46B8F1000F40F3D282B8
:10E9D000CDF82C904FF0000A9946CDE9094537460D
:10E9E000DFF864B2079EB0460024954DB8F1040FDD
:10E9F00040F3E5818EA3D3E9002320462946F3F7AF
:10EA000005FDB8F1050804460D46EFD1DDE9020128
:10EA100022462B46F3F720FDF3F79EFD8046F3F7E1
:10EA200077FD22462B46F3F7F1FC02460B46DDE963
:10EA30000201F3F7D7FC08F13008013ECDE90201ED
:10EA400009F8018BCFD1DDE90945089A4B46002A28
:10EA50000796DDF82C903E467FF7E2AE1A468FE629
:10EA600042464B46F3F7F8FC013604460D467FF468
:10EA7000EDAEF9E6504659460022734BF3F7ECFC35
:10EA80000022714B82468B4608F10108F3F7D4FD52
:10EA900000287FF471AF89E752465B46F3F7DCFC50
:10EAA00018F101087FF444AF4EE750465946002262
:10EAB000634BF3F799FD002800F05F825EA3D3E972
:10EAC000002350465946F3F78FFD002800F0C3811C
:10EAD00057A3D3E9002350465946F3F797FC002289
:10EAE000574B82468B46A8F10508F3F77DFD0028B9
:10EAF000E4D1A8EB0708B8F1000F00F3DB8000F0C9
:10EB0000C58100204FF0000A4D49DFF83CB118F1F3
:10EB1000040F80F2B28146A3D3E90023F3F79CFCF3
:10EB200018F10508F3D10022464BF3F76FFCDDE93D
:10EB30000223F3F743FC02460B46CDE902230022F1
:10EB4000414BF3F779FD002800F0A881DDE902AB25
:10EB50004FF0000836A3D3E9002350465946F3F797
:10EB60006BFD002800F0C38031A3D3E90023504699
:10EB70005946F3F771FC0022334B82468B4608F16D
:10EB80000508F3F759FD0028E4D1B8F1630F02DC62
:10EB9000182F40F3DE802D4BE4E550465946002205
:10EBA000274BF3F721FD002800F0018222A3D3E9CF
:10EBB000002350465946F3F717FD88B11CA3D3E94B
:10EBC000002350465946F3F721FC00221C4B824695
:10EBD0008B46A8F10508F3F707FD0028E6D1E5E626
:10EBE000504659460022184BF3F710FC0022144BF4
:10EBF00082468B4608F1FF38F3F7F6FC0028D5D1A2
:10EC0000D4E64FF0FF302EB0BDE8F04F03B07047B0
:10EC10000DF140094A460E4BAAE5019B002B00F07E
:10EC20009180C146CDE42E2307F8013B07E600BFE3
:10EC300000000000006AF840F168E388B5F8E43E9F
:10EC40000000F03F0000E03F00002440E87E01109B
:10EC5000F07E01104FF02B09DDE902AB0022504697
:10EC60005946C14BF3F7E8FC804600283FF41DAF3E
:10EC70004FF00008B8A3D3E9002350465946F3F7F4
:10EC8000DBFC002845D0B4A3D3E900235046594605
:10EC9000F3F7E2FB0022B44B82468B4608F10508ED
:10ECA000F3F7CAFC0028E5D1A8EB0708B8F1000F7C
:10ECB00040F32B8100204FF0000AAC49DFF8A8B2E6
:10ECC000B8F1040F0BDDA4A3D3E90023F3F79EFBF7
:10ECD000B8F105083FF427AFB8F1040FF3DC524652
:10ECE0005B46F3F793FBB8F10108E9D11BE7504607
:10ECF000594600229C4BF3F7AFFB00229A4B824609
:10ED00008B4608F10108F3F797FC00287FF422AF47
:10ED10003BE7504659460022934BF3F79DFB0022F8
:10ED2000914B82468B4608F10108F3F785FC0028D9
:10ED3000A0D1B9E74FF02D098EE77B424FF02D09A6
:10ED40000893EBE5002D3FF402ABC1460DF1370807
:10ED5000D1E46FF062034345B8BF4346B8F1000FFA
:10ED6000079345DD984600204FF0000A7F49DFF801
:10ED7000F8B1B8F1040F2FDD77A3D3E90023F3F73F
:10ED800045FBB8F10508F4D1C7F1000A02460B466D
:10ED9000DDE90201F3F760FBB9F12D0FCDE90201C6
:10EDA000CDF820A000F0BC800DF140094B4637E5BE
:10EDB0008DF840900DF141030DF1400904E6204625
:10EDC000294652465B46F3F721FBB8F10108044699
:10EDD0000D467FF40BAE19E652465B46F3F716FB81
:10EDE000B8F10108C5D1CFE74FF00A09FFF75FBBC3
:10EDF00000F0A080984600204FF0000A5B49DFF841
:10EE000068B118F1040F0ADA53A3D3E90023F3F72A
:10EE100023FB18F10508B7D018F1040FF4DB5246B4
:10EE20005B46F3F719FB18F10108EAD1ACE70024BF
:10EE30004E4D19E500297FF4D6ACFFF788BA019B47
:10EE4000002B74D19946002D7FF455ACFFF77FBAA3
:10EE50000022474B7EE5504659460022424BF3F7CD
:10EE6000D5FA0022414B82468B4608F1FF38F3F772
:10EE7000BBFB00287FF422AE3BE652465B46F3F72D
:10EE8000EBFA18F101087FF442AE4CE6DDE902012D
:10EE90000022374BF3F792FACDE90201DDE90201D6
:10EEA0000022324BF3F7A0FB002848D0DDE902AB8B
:10EEB0004FF000082AA3D3E9002350465946F3F740
:10EEC00093FB88B124A3D3E9002350465946F3F7B6
:10EED0009DFA0022254B82468B46A8F10508F3F7E0
:10EEE00083FB0028E6D150E65046594600221E4BCF
:10EEF000F3F78CFA00221D4B82468B4608F1FF384F
:10EF0000F3F772FB0028D5D13FE67FF4FAADDDE9D7
:10EF100002010022164BF3F751FACDE9020115E682
:10EF20008DF840900DF141030DF1400978E48946D8
:10EF3000FFF747BB00200D49C7F1000A26E7182F4D
:10EF40003FF729AEC7F1000A0023002007490793C5
:10EF50001CE700BFAFF3008000000000006AF8402B
:10EF6000F168E388B5F8E43E000024400000F03F7B
:10EF70000000E03F0022079252E4C7F1000AD046A9
:10EF8000002F7FF4BEADDDE902010022114BF3F743
:10EF900015FA02460B46CDE9022300220E4BF3F789
:10EFA0004BFB00287FF4D2ADCEE717463FE41C2F81
:10EFB0003FF7F1ADB9F12D0F04D00DF140094B46EB
:10EFC00007902DE48DF8409007900DF141030DF16D
:10EFD000400925E40000E03F000024407F2801D8DC
:10EFE00080B27047B0F5803F03D240F2B51399422A
:10EFF00001D0002070470023054A02E00133802B36
:10F00000F7D032F8021B8142F8D1803398B27047B2
:10F010006C8E0110B0F5803F1DD230B584B2B4F5CE
:10F02000805F34BF224B234B04330DE08C4210D35E
:10F0300033F8022C5FFA82FC0CEB010E70454FEAAC
:10F04000122209DB043382B133F8041C1D46002967
:10F05000ECD1204630BD7047082AFAD8DFE802F02C
:10F06000241E1B1815120F0C080005EB4C03DBE7E0
:10F07000A4F5E354A4B2ECE7503CA4B2E9E70834A9
:10F08000A4B2E6E71A3CA4B2E3E7303CA4B2E0E75E
:10F09000203CA4B2DDE7103CA4B2DAE7631A03F027
:10F0A0000103E41AA4B2D4E7401A33F81040D0E7C1
:10F0B000788C0110BC8B0110F3F7E2BAF3F704BBB4
:10F0C00010B58EB0F7F7E8FF20B36846F7F7DAFF20
:10F0D00005A9684605F09AF9DDE907320A9C100493
:10F0E000A4F1500C00F4F810DB029BB2069940EA40
:10F0F0004C601843059A099B490101F4FC6102EB3D
:10F10000D27201330843C2F344025B05104303F09B
:10F11000F07318430EB010BD002800F0C180002924
:10F1200000F0C1802DE9F0430546604C00200AE064
:10F1300015F8012B013982EA102234F8120080EA16
:10F14000030000F0AB8003026A079BB2F0D121F00C
:10F15000070E01F0070442BAC908AE4492B245D086
:10F1600005EBC101A1F1080C5149A5F1080050F8C7
:10F17000083F45685A4002F0FF032E0EC2F30728ED
:10F1800003F5E06331F8167008F5C068C2F307466E
:10F1900031F8133031F8189006F5A066120E31F8E8
:10F1A00016807B4002F5806205F0FF0631F8127090
:10F1B00083EA0903C5F3072206F5407683EA0803CC
:10F1C00002F5007231F81660C5F3074531F8128078
:10F1D0007B4005F5807531F81520734083EA0803FC
:10F1E000534060459AB2C2D152BA90B2002C55D069
:10F1F0009EF800202D4B82EA102233F81220012CB9
:10F2000082EA002290B249D09EF80120022C82EAC4
:10F21000102233F812204FEA002080B280EA020068
:10F220003CD09EF80220032C82EA102233F81220F0
:10F230004FEA002080B280EA02002FD09EF803201F
:10F24000042C82EA102233F812204FEA002080B208
:10F2500080EA020022D09EF80420052C82EA1022C7
:10F2600033F812204FEA002080B280EA020015D065
:10F270009EF80520062C82EA102233F812204FEA6D
:10F28000002080B280EA020008D09EF80610020238
:10F2900081EA102133F8110092B25040BDE8F083AA
:10F2A0004FF6FF7070470846704700BF6C9F011013
:10F2B0006C8F0110FFF730BF13289ABF024B53F831
:10F2C00020000248704700BF6CA20110F47E0110BC
:10F2D00010B5F1F773FD20B1044600F0B3F8207EBD
:10F2E00010BD042010BD00BF70B5044600F0DAF870
:10F2F000A0B12046F1F762FD054688B12046F1F73E
:10F300005DFD044620B100F09DF8207E830706D401
:10F310002846D5F8B832BDE870401847032070BDC4
:10F32000042070BD38B50C461546F1F747FDF0B125
:10F3300021462A46049BD0F8C442A04720281CD866
:10F34000202812D8DFE800F0201113111311111139
:10F350001511111111111111151111111111111195
:10F3600011111111111111111700012038BD0420C4
:10F3700038BD032038BD022038BD4028F9D0802890
:10F3800014BF0120032038BD002038BD38B50C461D
:10F390001546F1F713FDF0B121462A46049BD0F83B
:10F3A000C042A04720281CD8202812D8DFE800F04F
:10F3B0002011131113111111151111111111111126
:10F3C0001511111111111111111111111111111129
:10F3D0001700012038BD042038BD032038BD0220AD
:10F3E00038BD4028F9D0802814BF0120032038BD43
:10F3F000002038BD38B50C461546F1F7DFFC60B18A
:10F40000012C0CD0032C05D03CB9D0F8C832984759
:10F41000002038BD01232B60FAE7042038BDD0F866
:10F42000CC32984700220346B0FA80F06A602B6025
:10F43000400938BD403008F07BBA00BF403008F0CA
:10F440006BBA00BF38B5027A0346017E62B14FF055
:10F4500050440122DD686468AA402240003A18BF87
:10F4600001220069824204D121F0020119760120B3
:10F4700038BD002441F0030C044A5D2183F818C014
:10F480005C76034804F00EF8204638BD0082011077
:10F49000BCA2011010B100F2B120704700487047C3
:10F4A0004C8401102DE9F843DFF8CC90304808F087
:10F4B0003FFA99F80070002F3DD13D46F1F77CFCF2
:10F4C0000127A842B84633D92846F1F777FC04460D
:10F4D00048B3036C00F14006002B3ED0304608F0E4
:10F4E00027FA2B460421234A84F8188004F2B1201D
:10F4F000F4F758FC237A5BB1237D33B1617DE0687A
:10F5000079B300220121F1F77FFCE068F1F7BEFC3E
:10F510002378012B15D0022B02D1204602F0CAFF1E
:10F52000304608F0F9F9F1F747FC0135A842CBD88D
:10F53000012389F800300E4808F0EEF93846BDE89E
:10F54000F883204602F076F86368186800F07CF8CB
:10F550000740204602F028F8E2E73046F1F7CEFFF8
:10F56000BCE70122F1F750FCE068F1F78FFCCFE730
:10F57000F027002018820110ED3800202DE9F0411D
:10F58000846A39B344F01008C66AC0F828804AB3C8
:10F5900046F040064FF0A04CD0E908544FF0010E61
:10F5A0000768C662A801604401600EFA05F5A10172
:10F5B0000EFA04FE6144083745EA0E054760836091
:10F5C000C0F810800F604A608B600E61CCF8505418
:10F5D000BDE8F08124F010080449C66AC0F828800C
:10F5E000002AD5D1024A26F04006D3E75412002063
:10F5F0007020002070B500680C46F7F72BFD06461A
:10F60000E000F2F797FF044630460D46F2F792FF0E
:10F6100002460B4620462946F2F71EFFF2F76AFF24
:10F620009FED086A07EE100AF7EE086A27EE067AE1
:10F63000F1EE007AE7EE267AFCEEE77A17EE900A12
:10F6400070BD00BF00007A44F8B50446744808F065
:10F650006FF994F83830002B72D1236B04F1300528
:10F66000002B00F0C180284608F062F920680028CD
:10F6700076D02369002B68D06A49F7F725FC6369C7
:10F680002268032B73D8DFE803F0729B02861346CF
:10F69000022753F8041F02F5805003F540563760E7
:10F6A0001268394082F0470203F5005302F0CF029E
:10F6B0000260196001216068F1F788FB0121A068F0
:10F6C000F1F784FB0121E068F1F780FB0121E0689C
:10F6D000F1F7AEFB637E002B40F09980227E002A7A
:10F6E00000F09080237F002B00F08280206AF7F7E3
:10F6F000D1FB606AF7F7CEFB606A236A4A495A0376
:10F700004303206888424FF0010107BF4FF4501EA9
:10F710004FF4581C4FF4401E4FF4481C84F8381026
:10F72000424928460A400B4042EA0E0243EA0C03D3
:10F7300042F0110243F00103C4E90A2308F0ECF897
:10F74000374808F0E9F80120F8BD0520F2F71AFC67
:10F750000346374A2068A2FB0323DB0823618BE7BB
:10F76000344B184623602369002B85D1EDE71346FF
:10F77000022753F8041F02F5805003F54056376006
:10F780001268394082F0070203F5005302F0CF02FD
:10F79000026019608EE71346022653F8041F02F533
:10F7A000805003F5405CCCF800601268314082F074
:10F7B000C70203F5005302F0CF020260196079E737
:10F7C0001346022753F8041F02F5805003F54056F4
:10F7D00037601268394082F0870203F5005302F067
:10F7E000CF020260196065E72846F1F787FE3AE725
:10F7F0000120F7F759FB034601202362F7F754FB7A
:10F8000060627AE701216068F1F7FEFA6AE7A17E9B
:10F81000A068F1F71BFBE17EE068F1F717FB5DE7FD
:10F82000F8270020A086010000800840FDFF01FCB1
:10F83000ABAAAAAA00000840002238B5037E41689E
:10F8400043F001030376427604464868431C00D126
:10F8500038BD1546F1F73EFB63685B6845EC443004
:10F8600038BD00BF0A4B0278417813F802C0827895
:10F8700081EA4C01595C82EA410213F802C0C17866
:10F88000027981EA4C01595C82EA4102985C704736
:10F890006CA101102DE9F041054682B08846F2F7CF
:10F8A000DDFA4FF47A72002308F032F80746204E52
:10F8B000FF238DF806308DF80730F2F7CFFA4FF4BA
:10F8C0007A72002308F024F804460AE0F2F7C6FA38
:10F8D00000234FF47A7208F01BF87369001B9842FA
:10F8E0001ED26B681B681868C3689B07EED501239E
:10F8F0000DF107020DF1060108F016F89DF807302A
:10F90000FF2B11D0F2F7AAFA4FF47A72002307F016
:10F91000FFFFC01B4045CBD3002002B0BDE8F08103
:10F920006B681B681868E2E7012002B0BDE8F0814F
:10F93000842000202DE9F047054682B08946924692
:10F94000F2F78CFA4FF47A72002307F0E1FF4FF0E0
:10F95000FF080746514E8DF80780F2F77FFA4FF403
:10F960007A72002307F0D4FF04460AE0F2F776FA31
:10F9700000234FF47A7207F0CBFFF368001B984224
:10F980001ED26B681B681868C3689907EED50123FF
:10F99000FF210DF1070207F0E7FF9DF80730FE2B6E
:10F9A00012D0F2F75BFA00234FF47A7207F0B0FF3F
:10F9B0003368C01B9842CED3802002B0BDE8F087E8
:10F9C0006B681B681868E2E76B684A461868002194
:10F9D000534607F0D5FF0028EED0FF238DF80730FF
:10F9E000F2F73CFA4FF47A72002307F091FF2B4EA6
:10F9F00004460AE0F2F732FA00234FF47A7207F075
:10FA000087FFF368001B984240D26B681B68186838
:10FA1000C3689A07EED50123FF210DF1070207F015
:10FA2000A3FFFF239DF807708DF807303F02F2F720
:10FA300015FA4FF47A72002307F06AFF174E044656
:10FA40000AE0F2F70BFA00234FF47A7207F060FF36
:10FA5000F368001B98421DD26B681B681868C36866
:10FA60009B07EED501230DF10702FF2107F07CFF74
:10FA7000514648469DF80740FFF71CFC3C43201ABE
:10FA800018BF0120000202B0BDE8F0876B681B6858
:10FA90001868C0E76B681B681868E3E784200020DB
:10FAA00000232DE9F043894641F0400161F307034B
:10FAB000110E85B061F30F23110C8DF80C2061F34A
:10FAC0001743120A62F31F63044602A80293FFF76A
:10FAD000C9FE430043F001034A4E02AF8DF80D30DA
:10FAE0000DF10E0817F8013B8DF80730F2F7B6F963
:10FAF0004FF47A72002307F00BFF05460AE0F2F795
:10FB0000ADF900234FF47A7207F002FF3369401B0E
:10FB1000984244D263681B681868C3689907EED599
:10FB200001220DF1070107F027FFB845DAD1B9F13D
:10FB30000C0F3FD010274FF0FF08324E8DF8078092
:10FB4000F2F78CF94FF47A72002307F0E1FE0546D4
:10FB50000AE0F2F783F900234FF47A7207F0D8FE37
:10FB6000F368401B984216D263681B681868C36824
:10FB70009B07EED50123FF210DF1070207F0F4FEEC
:10FB80009DF907309DF80700002B01DA013FD5D120
:10FB900005B0BDE8F08363681B681868EAE763682E
:10FBA00001221B680DF10701186807F0E5FEB84552
:10FBB00098D1BCE7FF238DF80730F2F74FF94FF4E7
:10FBC0007A72002307F0A4FE0E4E05460AE0F2F713
:10FBD00045F900234FF47A7207F09AFE3369401B0F
:10FBE00098420BD263681B681868C3689A07EED501
:10FBF00001220DF1070107F0BFFE9BE763681B6858
:10FC00001868F5E784200020F0B5036C044683B043
:10FC1000002B00F0B1802046FFF70CFC63681868E9
:10FC2000303007F085FE63685B685A1C26D04FF0C1
:10FC3000000242EC4030FF238DF80730F2F70EF956
:10FC40004FF47A72002307F063FE4D4E05460AE03A
:10FC5000F2F704F900234FF47A7207F059FE336982
:10FC6000401B98427ED263681B681868C3689F0770
:10FC7000EED501220DF1070107F07EFE217E11F085
:10FC800001053CD129462046FFF704FE002854D147
:10FC9000012763685A68511C27D04FF0010343ECD9
:10FCA0004020FF238DF80730F2F7D8F84FF47A722E
:10FCB000002307F02DFE324E05460AE0F2F7CEF89B
:10FCC00000234FF47A7207F023FE3369401B9842F9
:10FCD00044D263681B681868C3689B07EED501228D
:10FCE0000DF1070107F048FE63681868303007F02F
:10FCF00013FE2046FFF7A2FB384603B0F0BD0025F7
:10FD00002046657603F0F2FB204603F0F7FB294618
:10FD10002046FFF7BFFD68B3194E73681BB929E091
:10FD20007368AB4226D9002220461146FFF7B8FE81
:10FD3000FF2805F10105F3D0AAE7114E73681BB93E
:10FD400014E07368AB4211D900220D212046FFF761
:10FD5000A7FEFF2805F10105F3D099E763681B684A
:10FD60001868BCE763681B68186882E7237E43F065
:10FD70000103237600278CE74030F1F7BFFB4AE709
:10FD8000842000202DE9F04385B004460A2603F0C4
:10FD9000ADFB4FF001084FF000074B4D63685B6807
:10FDA000581C23D048EC4030FF238DF80430F2F784
:10FDB00055F84FF47A72002307F0AAFD81460BE054
:10FDC000F2F74CF800234FF47A7207F0A1FD2B698B
:10FDD000A0EB0900984263D263681B681868C36887
:10FDE0009907EDD5012201A907F0C6FD4FF0FF33B9
:10FDF000CDE90133ADF80C30F2F730F84FF47A72F8
:10FE0000002307F085FD814660680A23002201A9CE
:10FE1000006807F0B5FDF2F721F84FF47A7200237D
:10FE200007F076FD8145EFD063685B685A1C24D0EB
:10FE300047EC4030FF238DF80330F2F70FF84FF412
:10FE40007A72002307F064FD81460BE0F2F706F8B2
:10FE500000234FF47A7207F05BFD2B69A0EB0900D9
:10FE6000984221D263681B681868C3689B07EDD568
:10FE700001220DF1030107F07FFD686858B14FF0D2
:10FE80000009002220461146FFF70AFEFF280FD086
:10FE900010F07E0F12D0013E80D105B0BDE8F08396
:10FEA00063681B6818689DE763681B681868DFE76C
:10FEB0006B6809F101099945E3D3ECE70128EAD120
:10FEC00005B0BDE8F08300BF84200020FF23F0B51B
:10FED00087B004460F468DF816208DF81730F1F7DD
:10FEE000BDFF4FF47A72002307F012FD6D4E0546F8
:10FEF0000BE0F1F7B3FF00234FF47A7207F008FD2F
:10FF00007369401B984280F0BB8063681B68186867
:10FF1000C3689B07EDD501230DF117020DF1160102
:10FF200007F002FD9DF81730002B00F0A4806268F6
:10FF30004FF40073394610680022FFF71FFB4FF49F
:10FF400000713846FFF7B6F963684FF40071074651
:10FF50001868FFF74FFB63680146186807F0D0FC8C
:10FF6000002800F088803B0A8DF81730F1F776FF03
:10FF70004FF47A72002307F0CBFC4A4D06460AE0A4
:10FF8000F1F76CFF4FF47A72002307F0C1FC2A6985
:10FF9000831B93427AD263681B681868C368990709
:10FFA000EED501220DF1170107F0E6FC8DF8177070
:10FFB000F1F754FF4FF47A72002307F0A9FC0646CC
:10FFC0000AE0F1F74BFF00234FF47A7207F0A0FC30
:10FFD0002B69801B984261D263681B681868C368EC
:10FFE0009A07EED501220DF1170107F0C5FCFF239A
:10FFF0008DF81730F1F732FF4FF47A72002307F0D3
:020000041001E9
:1000000087FC06460AE0F1F729FF00234FF47A72D5
:1000100007F07EFCEB68801B98423BD263681B684C
:100020001868C3689B07EED50123FF210DF1170265
:1000300007F09AFC9DF8176006F01F03052B23D0EC
:100040002046FFF727FAC6F3400703970096C6F34A
:100050008007C6F3C0060346019640F2F331124A08
:100060001248029703F01EFA4FF480662046296872
:10007000FFF710FC08B94FF48066304607B0F0BDBA
:1000800063681B68186846E70026EFE763681B682B
:10009000186886E763681B681868C5E763681B68AB
:1000A00018689FE7842000201C820110CCA2011058
:1000B00070B53E4D04462968FFF7ECFB60B16B68F4
:1000C00000265BB1002209212046FFF7E9FCFF284A
:1000D00024D010F07E0F01D0002070BD04F11A056D
:1000E000102229462046FFF725FC0028F4D1A37EE4
:1000F0009B0918D0012BEFD10246A5EBD2035B7A06
:1001000002F007010B4103F0010393400132162A6C
:1001100040EA0300F1D10130800270BD6B68013606
:100120009E42CFD3D8E794F8211094F8220094F897
:10013000203001F00105C0F3801242EA850203F08D
:100140000105C01142EA852242EA4002880000F01F
:1001500008000243880000F010000243880000F00D
:1001600020000243880000F040000243880000F0B5
:1001700080000243880000F4807094F8235002430A
:10018000C911980200F4006042EA412394F8244027
:1001900018436B0005F001056D0045EAD41503F026
:1001A00004032B4302330130984070BD84200020AB
:1001B000F0B5044683B0FFF73DF963681868303046
:1001C00007F0B6FB63685B685A1C26D04FF000024C
:1001D00042EC4030FF238DF80730F1F73FFE4FF43B
:1001E0007A72002307F094FB2D4E05460AE0F1F7E2
:1001F00035FE00234FF47A7207F08AFB3369401B07
:10020000984244D263681B681868C3689F07EED59C
:1002100001220DF1070107F0AFFB2046FFF748FF71
:10022000636807465A68511C27D04FF0010343EC1E
:100230004020FF238DF80730F1F710FE4FF47A725B
:10024000002307F065FB164E05460AE0F1F706FEAF
:100250004FF47A72002307F05BFB3269431B934231
:1002600019D263681B681868C3689B07EED5012222
:100270000DF1070107F080FB63681868303007F064
:100280004BFB2046FFF7DAF8384603B0F0BD636851
:100290001B681868BCE763681B681868E7E700BF5D
:1002A000842000202DE9F0470C290F46044615460E
:1002B0009846964E84B002D0002940F0E8807368DA
:1002C0004FF00009002B00F085812A463946204670
:1002D000FFF7E6FBFF28034600F0EC80B8F1000FC3
:1002E00001D0C8F80000050704D54FF4807004B0B1
:1002F000BDE8F087410700F1E98010F0120F40F0EF
:10030000D08000F06005003D18BF0125262F4FEA80
:10031000850500F3CB80072F40F3B080083F052F01
:1003200000F2AC80DFE817F00600AA00AA00AA00DD
:10033000DC00E30002236376FF238DF80F30F1F732
:100340008DFD4FF47A72002307F0E2FA07460BE0C6
:10035000F1F784FD00234FF47A7207F0D9FAF368BD
:10036000C01B984280F0268163681B681868C368C8
:100370009A07EDD50123FF210DF10F0207F0F4FAE2
:10038000FF239DF80F908DF80F304FEA0969F1F7C0
:1003900065FD4FF47A72002307F0BAFA07460BE0C6
:1003A000F1F75CFD00234FF47A7207F0B1FAF368BD
:1003B000C01B984280F0028163681B681868C3689C
:1003C0009B07EDD50DF10F020123FF2107F0CCFAB9
:1003D000FF229DF80F308DF80F2049EA0349F1F70D
:1003E0003DFD4FF47A72002307F092FA07460BE0C6
:1003F000F1F734FD00234FF47A7207F089FAF368BD
:10040000C01B984280F0DE8063681B681868C36870
:100410009907EDD50DF10F020123FF2107F0A4FA92
:10042000FF229DF80F308DF80F204FEA032AF1F7D5
:1004300015FD4FF47A72002307F06AFA07460BE0C5
:10044000F1F70CFD00234FF47A7207F061FAF368BC
:10045000C01B984280F0BA8063681B681868C36844
:100460009A07EDD50123FF210DF10F0207F07CFA69
:100470009DF80F3043EA09034AEA0303B8F1000F7D
:1004800001D0C8F80030A8B204B0BDE8F0873168E8
:10049000FFF700FA00287FF412AF802004B0BDE817
:1004A000F087262F4FF400757FF735AF3A2F3FF4D2
:1004B00043AFE3E7736809F101099945FFF405AF1C
:1004C000B8F1000FE9D0C8F80000E6E7082F08BF30
:1004D00004234FF0020008BF637604B0BDE8F08744
:1004E000204631680193FFF7D5F9019BC6E74FEA33
:1004F0000329FF238DF80F30F1F7B0FC4FF47A7227
:10050000002307F005FA07460DE000BF8420002015
:10051000F1F7A4FC00234FF47A7207F0F9F9F368BD
:10052000C01B984261D263681B681868C3689B0748
:10053000EED50123FF210DF10F0207F015FA9DF80A
:100540000F3053EA090399D099074CBF4FF48465E3
:100550004FF480654FEA832202F4806248BF42F084
:10056000200213F0040F18BF2A4613F0080F18BF1B
:100570002A4613F0100F08BF15469A0648BF45F0EB
:1005800020055F0648BF45F400751E0648BF45F0CC
:1005900004059C0548BF45F40075D80448BF45F4E0
:1005A0000075990448BF45F004055A0448BF45F05A
:1005B000040563E763681B681868DBE663681B680B
:1005C0001868FFE663681B68186823E763681B68A0
:1005D000186847E7B8F1000F0BD0262FC8F8003095
:1005E0000DDC072F0FDD002598E663681B6818688F
:1005F0009FE7262F09DC072FF5DC454643E73A2F16
:1006000001D1002598E61D463BE73A2FF9D0454633
:1006100039E700BF0021FD2370B5426882B004466F
:1006200011738DF80430F1F719FC4FF47A7200233E
:1006300007F06EF9144E05460AE0F1F70FFC0023AF
:100640004FF47A7207F064F93369401B984217D26D
:1006500063681B681868C3689B07EED5012201A96F
:1006600007F08AF931682046FFF714F9002265681F
:100670000D21204601AB6A61FFF714FE02B070BD88
:1006800063681B681868E9E784200020F0B5044619
:1006900083B0FEF7CFFE63681868303007F048F982
:1006A00063685A68511C5FD04FF0000343EC402050
:1006B000FF238DF80730F1F7D1FB4FF47A72002356
:1006C00007F026F9314E05460AE0F1F7C7FB002393
:1006D0004FF47A7207F01CF93369401B98424CD2F0
:1006E00063681B681868C3689F07EED501220DF187
:1006F000070107F041F963681F7B002F37D15A6863
:10070000511C27D04FF0010343EC4020FF238DF80C
:100710000730F1F7A3FB4FF47A72002307F0F8F8E3
:100720001A4E05460AE0F1F799FB4FF47A7200235E
:1007300007F0EEF83269431B934222D263681B68CC
:100740001868C3689B07EED501220DF1070107F079
:1007500013F963681868303007F0DEF82046FEF7BA
:100760006DFE384603B0F0BD1F7B002FF2D020464F
:10077000FFF750FF63680746C1E763681B681868A6
:10078000B4E763681B681868DEE700BF84200020B8
:100790002DE9F04F04468BB0CDE903320791FEF707
:1007A00049FE63681868303007F0C2F863685B6818
:1007B0005A1C00F02D824FF0000242EC4030FF2323
:1007C0008DF82430F1F74AFB4FF47A72002307F0DA
:1007D0009FF8934E05460BE0F1F740FB4FF47A7219
:1007E000002307F095F83269431B934280F00C8296
:1007F00063681B681868C3689B07EDD5012209A9C7
:1008000007F0BAF873680593DDE9032313440693F0
:10081000237E13F0030340F0CB80039A002A00F0FC
:10082000C780E26B0699914200F2C2806268117B38
:10083000002940F0E680039B3168012B00F01E8107
:100840002046FFF727F8002863D07368CBB1002556
:1008500012212046049AFFF723F9FF28034600F0EF
:100860003C811D0700F1CA80580700F1D38113F0C5
:10087000120F02D04FF400754CE013F0600F40F0FF
:1008800097804FF0000B4FF0FF095D465F46039BDA
:10089000DDF81CA00DF124080193F1F7DFFA4FF405
:1008A0007A72002307F034F8834602978DF824907B
:1008B000F1F7D4FA4FF47A72002307F029F80746CB
:1008C0000BE0F1F7CBFA00234FF47A7207F020F82F
:1008D000F368C01B984280F0068163681B68186843
:1008E000C3689907EDD501234246FF2107F03CF884
:1008F0009DF82430FE2B00F0FA80F1F7AFFA0023C8
:100900004FF47A7207F004F83368A0EB0B009842BA
:10091000CCD3802573680027002B4ED000220C21F9
:100920002046FFF7BDF8FF2800F0CD8010F00C0F37
:1009300000F0BD8063685A68511C26D04FF0010357
:1009400043EC4020FF238DF82430F1F787FA4FF471
:100950007A72002306F0DCFF07460BE0F1F77EFA1F
:100960004FF47A72002306F0D3FF3269C31B93421F
:1009700080F0468163681B681868C3689B07EDD5E3
:10098000012209A906F0F8FF63681868303006F004
:10099000C3FF2046FEF752FD28460BB0BDE8F08F9E
:1009A00012F0600F316800F01E812046FEF772FFE2
:1009B000736804250027002BB0D131682046FEF76C
:1009C00069FF059B013B05937FF422AFB2E7134615
:1009D000039ABB46012A00F0098172681D46002A6D
:1009E00000F0008100220C212046FFF759F8FF2873
:1009F000024600F01C81050740F10E814FF480751E
:100A000088E713736FF002038DF82430F1F726FAAC
:100A10004FF47A72002306F07BFF05460DE000BF1D
:100A200084200020F1F71AFA4FF47A72002306F0BE
:100A30006FFF3269431B93424BD263681B6818688F
:100A4000C3689F07EED50DF124080122414606F048
:100A500093FF31682046FEF71DFF002260680D21DC
:100A6000426143462046FFF71DFC054600287FF4FF
:100A700051AF039B3168012B7FF4E2AE2046FEF7B5
:100A800009FF00283FF445AF7368002B3FF4F9AE2F
:100A9000002511212046049AFFF702F8FF2803469B
:100AA0007FF4DFAE736801359D42F2D331E710F079
:100AB000120F316803D110F0600F3FF47FAF204672
:100AC000FEF7E8FE36E7736801379F42FFF426AF72
:100AD00030E763681B681868B5E7736801359D42A5
:100AE000FFF4B6AE15E763681B681868FBE6636839
:100AF0005246186800214FF40073029FFEF73EFD36
:100B00003DB128464FF40071FEF7D4FBB8427FF4A4
:100B100075AF63684FF400711868FEF76BFD63688A
:100B20000146186806F0ECFE00283FF4F2AE8DF89E
:100B30002490F1F793F94FF47A72002306F0E8FE5F
:100B400005460AE0F1F78AF900234FF47A7206F0BD
:100B5000DFFEF368401B984240D263681B68186848
:100B6000C3689A07EED501234246FF2106F0FCFE3A
:100B70009DF824708DF824903F02F1F76FF94FF43F
:100B80007A72002306F0C4FE05460AE0F1F766F922
:100B900000234FF47A7206F0BBFEF368401B9842C4
:100BA00018D263681B681868C3689B07EED50123D9
:100BB0004246FF2106F0D8FE019A9DF82430013A02
:100BC00047EA030755460AF5007301923FF4FFAE6A
:100BD0009A4662E663681B681868E8E763681B6802
:100BE0001868C0E731682046FEF754FE50464FF4BF
:100BF0000071FEF75FFB83457FF400AF002599E6A7
:100C000063681B681868BBE663681B681868F5E5CD
:100C10000A4EF7E502257DE65007FBD412F0120FCD
:100C20003FF4BEAE20463168FEF734FE22E673681C
:100C300001359D42FFF4D6AE6BE600BF8420002054
:100C40002DE9F04F83B0002800F0A9801D46037EF7
:100C5000064613F0030440F0A280002D00F09F80B0
:100C60009046C26B05EB08039A4240F298800F460B
:100C7000FEF7E0FB73681868303006F059FE7368C1
:100C80005A68511C27D044EC4020FF238DF80430D3
:100C9000F1F7E4F84FF47A72002306F039FEDFF83A
:100CA0001C9304460CE0F1F7D9F800234FF47A7254
:100CB00006F02EFED9F81030001B984280F02C81EF
:100CC00073681B681868C3689B07ECD5012201A9EB
:100CD00006F052FE7368012D00F02681DFF8DCA2D9
:100CE000DAF804901A7B52B11A69424500F0D880B4
:100CF0003046FFF78FFC0446002840F0AD803046B8
:100D0000DAF80010FEF7C6FD002800F0A280DAF83D
:100D100004300024002B52D0424619213046FEF701
:100D2000BFFEFF2800F08F8003073DD54FF480748D
:100D300073685A68511C27D04FF0010343EC4020E0
:100D4000FF238DF80430F1F789F84FF47A7200230D
:100D500006F0DEFD994F05460BE0F1F77FF8002322
:100D60004FF47A7206F0D4FD3B69401B984280F044
:100D7000D78073681B681868C3689B07EDD501228C
:100D800001A906F0F9FD73681868303006F0C4FD5B
:100D90003046FEF753FB204603B0BDE8F08F042435
:100DA000204603B0BDE8F08F440776D410F0120F50
:100DB00073685BD110F0600F02D00424B9E7736848
:100DC0005D6105E0013D07F5007708F1010834D0C9
:100DD000FC2239463046FFF779F804460028F1D066
:100DE000736830465C69FFF715FC3046DAF800108E
:100DF000FEF750FDC8B1DAF804304FF0000BC3B372
:100E0000002237213046FEF74BFEDAF8001030465C
:100E1000FEF740FD002216213046FEF741FEFF2876
:100E200000F0A28010F07E0F23D0B9F101097368A1
:100E30007FF458AF4FF480647BE701227368C3F8F6
:100E400010801A7375E7DAF8043001349C42FFF41D
:100E500063AF802473686CE7B0F5806F73687FF4CC
:100E600068AFB9F101097FF43DAF62E74FF4007458
:100E70005FE7042230460DEB0201FEF75BFD019BAC
:100E80001BBA0028D1D1B9F10109A4EB030573689D
:100E9000D0D0002D7FF426AFCCE70224736848E75A
:100EA0005A692A445A6105E0013D07F5007708F1C7
:100EB0000108C2D0FC2239463046FFF707F8044645
:100EC0000028F1D0736830465C69FFF7A3FB304619
:100ED000DAF80010FEF7DEFC0028A6D0DAF80430BD
:100EE0004FF0000B002BC4D0002237213046FEF714
:100EF000D7FDDAF800103046FEF7CCFC00221621B0
:100F00003046FEF7CDFDFF288CD1DAF804300BF126
:100F1000010B9B45E8D388E773681B681868D5E622
:100F200073681B6818682AE71B7B2BB13046FFF7F4
:100F300071FB04460028B1D1DFF880A03046DAF812
:100F40000010FEF7A7FCE0B1DAF80430DBB10024B2
:100F5000424618213046FEF7A3FDFF280CD00107BA
:100F60001ED54FF4807499E7DAF804300BF1010BC9
:100F70009B45FFF445AF58E7DAF8043001349C4252
:100F8000E6D380248AE7FE2239463046FEF79EFFEC
:100F900000220D21304601ABFFF784F904467DE7BE
:100FA00042073FF57AAF10F0120F04D110F0600F36
:100FB000E9D0042472E74FF400746FE78420002026
:100FC0002DE9F043044683B0FEF734FA2046FEF7DD
:100FD00039FA237E13F0020240F01C81D90740F158
:100FE00019816368627618681546303006F0A0FCF7
:100FF00063685B685A1C24D045EC4030FF238DF8B1
:101000000430F0F72BFF4FF47A72002306F080FCD7
:10101000AC4E05460BE0F0F721FF00234FF47A7247
:1010200006F076FC3369401B984280F09D8163682E
:101030001B681868C3689F07EDD5012201A906F057
:101040009BFC2046FEF79EFE012840F0EA8000252A
:101050004FF4D5720821204601AB0195FFF722F924
:10106000002800F01181022840F0E1800325954E10
:1010700020463168FEF70EFC68B173686BB100273B
:1010800001223B212046FEF70BFDFF2800F07F8167
:1010900010F07E0F01D0013DEAD100223A21204616
:1010A00001ABFFF7FFF8002840F0C180019BD90297
:1010B00040F1F580677EA7F10207B7FA87F77F094D
:1010C000BF07F0F7CBFE4FF47A72002306F020FC46
:1010D0008046D6F8009049462046FEF7DBFB002804
:1010E00000F0E3807368002B00F0FD8100250022F2
:1010F00037212046FEF7D4FC31682046FEF7CAFBB4
:101100003A4629212046FEF7CBFCFF2800F0D2808A
:101110000207019000F0010300F1C480450700F1CF
:101120003C8110F0120F00F02B814FF4007563B179
:10113000F0F794FE4FF47A72002306F0E9FBD6F83C
:101140000090A0EB08004845C5D3002D40F0FF817A
:10115000019D002D40F0C981637E022B00F00682C4
:101160000123637620463168FEF794FB00285ED0A9
:101170007368B3B1002237212046FEF791FC316835
:101180002046FEF787FB00222A212046FEF788FC36
:10119000FF2800F0FB8110F01E0F48D110F0600F07
:1011A00045D1637E032B00F099804FF4CC61464A11
:1011B000464802F077F963685A68511C26D04FF010
:1011C000010343EC4020FF238DF80430F0F746FE86
:1011D0004FF47A72002306F09BFB05460BE0F0F714
:1011E0003DFE00234FF47A7206F092FB3369401BF8
:1011F000984280F0C18063681B681868C3689F07C5
:10120000EDD5012201A906F0B7FB636818683030FC
:1012100006F082FB2046FEF711F9207E03B0BDE800
:10122000F08340F282512A4A2A4802F03BF940F208
:101230005A61294A254802F035F963685A68511CF9
:10124000E4D04FF0010343EC4020FF238DF804303D
:10125000F0F704FE4FF47A72002306F059FB194EA2
:1012600005460AE0F0F7FAFD00234FF47A7206F023
:101270004FFB3369401B98427ED263681B68186835
:10128000C3689F07BDD4EDE7637E022B7FF4EEAE0B
:10129000019BC3F30B03B3F5D57F3FF4E7AE042303
:1012A0006376C4E74FF4807541E7019B802503F026
:1012B00001033CE7736801359D42FFF418AF8025B8
:1012C000019035E784200020D8820110E8A20110A7
:1012D00068820110D8A20110BC820110204602F0E1
:1012E000FFF82046FEF7E4FEE063002800F0D2801D
:1012F00020463168FEF7CEFA70B173680025002BE6
:101300004DD000220A212046FEF7CAFBFF2800F03C
:10131000278110F07E0F42D063685A68511C3FF459
:1013200075AF4FF0010343EC4020FF238DF80430EC
:10133000F0F794FD4FF47A72002306F0E9FA0546BF
:101340000AE0F0F78BFD00234FF47A7206F0E0FA22
:101350003369401B98420FD263681B681868C368E2
:101360009F073FF54EAFECE7636801221B6801A9B8
:10137000186806F001FB64E663681B68186840E7BC
:1013800000F06005003D18BF0125AD00CFE6736891
:1013900001379F42FFF474AE7DE60225C7E61022B6
:1013A000204604F12A01FEF7C5FA0546002840F060
:1013B000A58020463168FEF76DFA002841D0736899
:1013C00053B14FF4007210212046FEF769FBFF284D
:1013D00033D010F07E0F34D1237E626823F00103F6
:1013E00023765368581C26D04FF0010242EC40305F
:1013F000FF238DF80430F0F731FD4FF47A720023AB
:1014000006F086FA05460BE0F0F728FD00234FF4BE
:101410007A7206F07DFA3369401B984280F0BC80F6
:1014200063681B681868C3689B07EDD5012201A992
:1014300006F0A2FA62681068E9E6736801359D4219
:10144000BFD363685A68511C3FF4E0AE4FF001030C
:1014500043EC4020FF238DF80430F0F7FFFC4FF4FD
:101460007A72002306F054FA05460BE0F0F7F6FC1A
:1014700000234FF47A7206F04BFA3369401B98420E
:10148000BFF47AAF63681B681868C3689A073FF5B2
:10149000B8AEEBE763685A68511C3FF4B7AE4FF043
:1014A000010343EC4020FF238DF80430F0F7D6FC15
:1014B0004FF47A72002306F02BFA05460BE0F0F7A2
:1014C000CDFC00234FF47A7206F022FA3369401BF8
:1014D0009842BFF451AF63681B681868C3689F07E0
:1014E0003FF58FAEEBE7019332E6042340F2B251B1
:1014F0002B4A63762B4801F0D5FF52E663685A68A1
:10150000511C3FF483AE4FF0010343EC4020FF2316
:101510008DF80430F0F7A2FC4FF47A72002306F045
:10152000F7F905460BE0F0F799FC00234FF47A72C7
:1015300006F0EEF93369401B9842BFF41DAF6368B3
:101540001B681868C3689F073FF55BAEEBE7042391
:1015500040F2B251124A6376124801F0A3FF66E6E8
:10156000736801359D42FFF4CCAED5E62A463A2198
:10157000204601ABFEF796FE00287FF4F3AD019BF9
:1015800058007FF5EFAD03236376EBE57368013513
:101590009D42FFF4EFAD4AE663681B68186845E7B3
:1015A000A0820110D8A20110F0B50446436883B0B0
:1015B0001868303006F0BCF92046FEF7E3FB63689C
:1015C00007465A68511C27D04FF0010343EC4020D6
:1015D000FF238DF80730F0F741FC4FF47A720023B7
:1015E00006F096F9124E05460AE0F0F737FC4FF484
:1015F0007A72002306F08CF93269431B934212D2AF
:1016000063681B681868C3689B07EED501220DF15B
:10161000070106F0B1F963681868303006F07CF90C
:10162000384603B0F0BD63681B681868EEE700BF7A
:1016300084200020F8B50446144A154D1549C0E928
:10164000B052DFF860C04268134F144E144BC0E92B
:10165000B376C0F8BCC2C0F8C8125068C4F8B8323B
:10166000431C0DD0EFF712FC62684FF00103506885
:1016700043EC400043EC440043EC4000137A03B9D0
:10168000F8BD517ABDE8F840EFF7E0BB91070110D3
:10169000410C01108D060110B101011009FC001070
:1016A000C10F011039F80010F8B505460024FDF708
:1016B000C1FE2B7E6A6843F001032B766C761768B7
:1016C00044EC407044EC4470224621463846EFF723
:1016D0009BFB38461F21EFF779FB6B685F6844EC92
:1016E000407044EC4470224621463846EFF78CFBAC
:1016F00038461F21EFF76AFB6B689F6844EC407027
:1017000044EC4470224621463846EFF77DFB3846CC
:101710001F21EFF75BFB6B68DF6844EC407044EC23
:101720004470224621463846EFF76EFB38461F21AB
:10173000EFF74CFB6B681F6944EC407044EC44705D
:10174000224621463846EFF75FFB38461F21EFF768
:101750003DFB6B685F6944EC407044EC447022468A
:1017600021463846EFF750FB38461F21EFF72EFB96
:101770002846BDE8F840FDF761BE00BF30B5037EE6
:10178000044613F0010383B011D1426801930D2187
:10179000926B01AB01F030F800280CBF0120002053
:1017A00003D0237E43F00103237603B030BD052030
:1017B000F0F7E8FB07EE900A9FED127AF8EE677AF1
:1017C000C7EE877A204617EE901A01F029FC002810
:1017D000EBD0002300251A461946204601F00CF8EC
:1017E00001AB4FF4D57208212046019501F004F8B1
:1017F000019BB3F5D57F08BFA8420CBF0120002094
:1018000003B030BD0050C34930B50C4690F840508D
:1018100083B0082D98BF084BC16398BF53F825309B
:101820004FF0490188BF054B054A019500940548D2
:1018300001F038FE03B030BDFCA201100883011096
:101840001883011090A30110837E9B0918D0012BEF
:1018500001D00020704700210A461A30A0EBD203C5
:101860005B7A02F0070C43FA0CF303F00103934098
:101870000132162A41EA0301F0D101318802704792
:1018800000B590F8211090F822C090F8203001F0B7
:10189000010ECCF3801242EA8E0203F0010E4FEAF1
:1018A000EC1C42EA8E2242EA4C024FEA810C0CF018
:1018B000080C42EA0C024FEA810C0CF0100C42EAD0
:1018C0000C024FEA810C0CF0200C42EA0C024FEAA9
:1018D000810C0CF0400C42EA0C024FEA810C0CF037
:1018E000800C42EA0C024FEA810C0CF4807C90F8E8
:1018F00024E042EA0C02C91190F823C0980200F4D7
:10190000006042EA412318430CF001034FEA4C0205
:101910005B0043EADE1302F004021343023301309A
:1019200098405DF804FB00BF2DE9F041044686B005
:101930000520F0F727FB07EE900A9FEDA67AF8EE58
:10194000677AC7EE877A204617EE901A01F068FB97
:1019500038B3052500260120F0F78EF90023204634
:101960001A461946059600F047FF4FF4D572082134
:10197000204605AB00F040FF18B9059BB3F5D57FB5
:1019800013D0013DE7D1059DB5F5D57F00D160B1FC
:101990007721914BCDE90105904A1846009101F05D
:1019A00081FD002006B0BDE8F081F0F757FA4FF452
:1019B0007A72002305F0ACFF894F0646D4F8048004
:1019C0001EE0D4F8048029212046864A08F1340319
:1019D00001F0C4F8054688F8400000282ED1F0F741
:1019E0003DFA00234FF47A7205F092FF3B6B801BA7
:1019F000984230D8D4F80480D8F83430002B30DB4B
:101A000000223721204605AB00F0F6FE88F84000A2
:101A10000028D6D07F2263687F2493F84000DA63E1
:101A2000082896BF704B714B53F820300190492124
:101A30006F4A00946F4801F035FDB2E78022636879
:101A4000802493F84000DA63082896BF664B674B02
:101A500053F82030EAE78821674A5F4801F022FD09
:101A60009FE72A460221204604F12A0300F06AFF7C
:101A7000024688F84000002840F084806568032111
:101A8000204605F1380300F0B7FE85F84000002835
:101A900040F08580666804F11A052B46092120462E
:101AA000B26B00F04FFF86F84000002840F08480C1
:101AB000A37E9B0900F0A280012B00F0FC806568EA
:101AC000E06307212046AA6B05AB00F095FE85F880
:101AD0004000002840F0D58065683721AA6B204679
:101AE00005AB00F089FE024685F84000002840F072
:101AF000D5802A21204605AB656800F07DFE85F87B
:101B00004000002840F0E980656837212046AA6B34
:101B100005AB00F071FE85F84000002840F0EA8037
:101B200002220621204605AB656800F065FE85F8B7
:101B30004000002840F0EB804FF400721021204656
:101B400005AB656800F058FE85F84000002840F0BD
:101B5000EC8063685D6A002D00F0DE800520F0F700
:101B600011FAAD0007EE100A07EE905AB8EE477A68
:101B7000F8EE677AC7EE277A204617EE901A01F042
:101B80004FFA0FE791226368912493F84000DA63DB
:101B9000082896BF144B154B53F8203046E79A227D
:101BA00063689A2493F84000DA63082896BF0E4BC6
:101BB0000E4B53F8203039E7A2226368A22493F831
:101BC0004000DA63082896BF074B084B53F82030D3
:101BD0002CE700BF0050C3499CA3011038830110BB
:101BE00084200020000004D0FCA201100883011012
:101BF0001883011090A301108483011094F8212010
:101C000094F8220094F8201002F00105C0F380132C
:101C100043EA850301F00105C01143EA852343EA45
:101C200040038802910001F008010B43910001F08C
:101C300010010B43910001F020010B43910001F0D2
:101C4000400195000B4305F080052B43950005F4FA
:101C5000807594F82310D2112B4343EA422300F4F9
:101C6000006018434A0001F0010394F824105B005F
:101C700002F0040243EAD1131343013002339840C7
:101C80001DE7AC226368AC2493F84000DA630828AF
:101C900096BF2C4B2C4B53F82030C7E6BB22636811
:101CA000BB2493F84000DA63082896BF254B264BE7
:101CB00053F82030BAE60346A5EBD302527A03F07C
:101CC00007010A4102F001029A400133162B40EA53
:101CD0000200F1D101308002F1E6BC226368BC242D
:101CE00093F84000DA63082896BF164B164B53F85A
:101CF00020309BE6C4226368C42493F84000DA6372
:101D0000082896BF0F4B104B53F820308EE6C521A4
:101D10006068FFF779FD44E60520F0F733F90C22FF
:101D2000B0FBF2F563685D6218E76068CA21FFF7EF
:101D30006BFDCC21054B064A1846009101F0B2FB21
:101D40002FE600BFFCA20110088301109CA3011024
:101D5000A88301102DE9F0410446FDF76BFB2046F6
:101D6000FDF770FB237E13F0020566D1DB0764D517
:101D7000636865764FF001061F6846EC407046ECDC
:101D8000447001212A463846EFF73EF838460721CD
:101D9000EFF71CF863685F6846EC407046EC4470EF
:101DA00001212A463846EFF72FF838460721EFF78A
:101DB0000DF863689F6846EC407045EC4470012163
:101DC0002A463846EFF720F838460721EEF7FEFF9F
:101DD0006368DF6846EC407045EC447001212A4698
:101DE0003846EFF711F838460721EEF7EFFF636842
:101DF0001F6946EC407045EC447001212A46384684
:101E0000EFF702F838460721EEF7E0FF63685F69F5
:101E100046EC407045EC447001212A463846EEF706
:101E2000F3FF38460721EEF7D1FF2046FFF77CFD90
:101E300018B1237E23F0010323762046FDF7FEFA36
:101E4000207EBDE8F08100BF00222DE9F041466808
:101E500084B00C4603AB0C2186F8BC22054600F08A
:101E6000CBFC86F8400070BB1CB9012004B0BDE873
:101E7000F081EFF7F3FF4FF47A72002305F048FD8D
:101E800001274FF05048064603E0D8F804302342BB
:101E90000DD1EFF7E3FF4FF47A72002305F038FD20
:101EA0006C68801BA468C72807FA04F4EDD94FF0CA
:101EB00050435B682342D8D14FF489710F4A1048D0
:101EC00001F0F0FA15E040F2031240F203146B68DF
:101ED000492193F84000DA63082898BF094B019024
:101EE00094BF53F82030084B084A0948009401F089
:101EF000D9FA002004B0BDE8F08100BFCC83011006
:101F000074A30110FCA201100883011018830110B2
:101F100090A3011038B50546FDF78CFA6B6893F86D
:101F2000BC4224B92846FDF789FA204638BD012174
:101F30002846FFF789FF80F00103DBB22846DC0169
:101F4000FDF77CFA204638BDF0B54768044697F89F
:101F5000BC320E46154685B0002B39D1AB073ED1B9
:101F600032461821204602AB00F046FC87F84000BC
:101F700000283FD1294601222046656800F0D2FFA3
:101F800085F84000656800284CD1204603A901F07F
:101F900005F885F84000656895F840000128F4D000
:101FA00088B1082896BF274B274D53F820504FF48F
:101FB000A1713346CDE90050244A254801F072FA58
:101FC000636893F84000B0FA80F0400905B0F0BDB6
:101FD0000121FFF739FF10B3AB076768C0D029466E
:101FE00007F144004FF4007202F0CAFF676807F17E
:101FF0004405B5E740F23512636840F2351493F8B2
:102000004000DA63082896BF0E4B0F4B53F8203080
:10201000019049210F4A1048009401F043FA002032
:1020200005B0F0BD4FF49B7395F84000EB630828B2
:1020300098BF044B4FF49B7494BF53F82030024B6D
:10204000E6E700BFFCA2011008830110F083011035
:1020500060A301101883011090A301102DE9F04333
:102060001F46930706460C4687B014D0002F61D058
:1020700015460F4401E0BC425CD02A46214630465A
:10208000FFF762FF013405F500750028F3D1002049
:1020900007B0BDE8F0834568904695F8BC32002B48
:1020A00037D10DF114094B4622461921304600F074
:1020B000A3FB85F8400000284AD141463A46304605
:1020C000756800F02FFF85F84000002856D175682C
:1020D0004946304600F062FF85F84000756895F883
:1020E00040100129F4D0F9B1082996BF324B33488A
:1020F00053F821000291CDE9007023464FF4B571E9
:102100002F4A304801F0CEF901213046FFF79CFEFE
:10211000BDE7D5F8C0328B4210D00121FFF794FE05
:102120000028B4D07568BCE701233C44C5F8C04220
:1021300085F8BC32012007B0BDE8F08311463A466D
:1021400000F0F0FE85F8400038BB0DF11409BEE741
:1021500040F25D1240F25D14736893F84000DA6358
:10216000082896BF144B154B53F820300190492195
:10217000154A0094154801F095F988E74FF4AF72BD
:1021800073684FF4AF7493F84000DA63082896BF81
:10219000094B0A4B53F82030E8E740F255127368B8
:1021A00040F2551493F84000DA63082896BF024BBA
:1021B000024B53F82030D9E7FCA20110088301102C
:1021C0001C84011048A301101883011090A3011072
:1021D000F8B51C4605460F461646FDF72BF9012CAF
:1021E0000FD023463A4631462846FFF737FF0446CC
:1021F0002846FDF723F984F00100800200F47C40BA
:10220000F8BD3A4631462846FFF79EFE0446EFE702
:102210002DE9F0414568044695F8BC320F46164654
:1022200084B0002B49D1B3070CBFB04605F1440878
:102230004FF4007301224146204600F0DDFC85F892
:10224000400000283FD13A461121204603AB656883
:1022500000F0D2FA85F84000656800284CD1802152
:10226000204600F08BFD85F84000656895F8400039
:102270000128F4D078B1082896BF274B274A53F895
:102280002020019000923B4640F29711244A2548B5
:1022900001F008F96568B04507D005F144014FF435
:1022A0000072304602F06CFE656895F84000B0FAA6
:1022B00080F0400904B0BDE8F0810121FFF7C4FDC2
:1022C000B0B16568AFE740F28B12636840F28B14DF
:1022D00093F84000DA63082896BF0F4B0F4B53F872
:1022E000203001904921104A1048009401F0DAF89A
:1022F000002004B0BDE8F0814FF4C67395F84000AB
:10230000EB63082898BF044B4FF4C67494BF53F88E
:102310002030024BE5E700BFFCA20110088301104A
:102320005084011034A301101883011090A30110F0
:102330002DE9F0411F464368064693F8BC320C462F
:10234000904686B0002B59D118F0030F454613D0A4
:10235000002F4FD0274401E0BC424BD02A462146F3
:102360003046FFF755FF013405F500750028F3D11D
:10237000002006B0BDE8F081F36BE2199A42E7D283
:1023800041464FF400733A463046756800F034FC1D
:1023900085F84000002837D122461221304605AB8F
:1023A000756800F029FA85F840007568002846D164
:1023B0008021304600F0E2FC85F84000756895F811
:1023C0004020012AF4D0002A34D0082A96BF234B9B
:1023D000234853F822000292CDE9007023464FF4BF
:1023E000E271204A204801F05DF801213046FFF7F4
:1023F0002BFDBDE7012006B0BDE8F0810121FFF70C
:1024000023FD0028A0D1B3E74FF4DC724FF4DC7455
:10241000736893F84000DA63082896BF0F4B104B9F
:1024200053F8203001904921104A0094104801F0DF
:1024300039F89DE701213046FFF706FD99E740F2A4
:10244000B91395F84000EB63082898BF034B40F29E
:10245000B91494BF53F82030014BE3E7FCA20110FC
:10246000088301107C84011020A30110188301103F
:1024700090A30110F8B51C4605460F461646FCF71A
:10248000D9FF012C0ED023463A4631462846FFF7A5
:102490004FFF04462846FCF7D1FF84F00100C0B28C
:1024A000C001F8BD3A4631462846FFF7B1FE044662
:1024B000F0E700BF2DE9F0434FF001094268DFF873
:1024C00054809368DFF850E003F11E0101F01F0112
:1024D0001160DFF848C003EB09010A4F0A4E0B4DAB
:1024E0000B4CD160991C033311615361C0E9AE8E6E
:1024F000C0E9B0C7C0E9B26580F81890C0F8D04212
:10250000BDE8F08375240110151F01104918011052
:102510007D170110551D0110A9160110D1210110C0
:102520002DE9F84F044643684FF08008D3F86C2239
:10253000D3F85012986903F51C73F4F757FC4FF069
:10254000FF3C6368454A9969D3F8444201F12F4042
:1025500000F56000050DD3F8500202EA443200EBAA
:10256000C505D3F8486242EA454222F4F0324FEA08
:10257000841BD3E9A2570BF1A04B05EB472A42EA93
:102580004632D3E9A8E942F08075CBF800A000F10B
:10259000040A45F0190501EB8A0ACBF804A0CBF830
:1025A0000880CBF81050B501C3F8B0C2C3E9AA9EA9
:1025B000D3F81CC005F1A04503F52A732B60032353
:1025C00022F0807242F01902BCF10A0FC5F804A093
:1025D000AB602A6137D0BCF10B0F2AD04FF4836671
:1025E00046F2200300EB400201EBC20201EB800542
:1025F0002E61C2F8D83001231F2603FA04F4834069
:1026000046F240002E61C2F8D8004EF20F00C2F828
:10261000D8004EF28F00C2F8D8004FF0A0426FF001
:102620000F002861C2F850440A6813430B60BDE8EC
:10263000F88F01234FF0A045094AB340C5F81C3478
:10264000C2F81434CAE701234FF0A045044AB3404E
:10265000C5F80C34C2F80434C0E700BFFDFF01FC2C
:10266000002000500123F0B54FF0A0460446456815
:1026700083B0D5F8442293409201C6F864343244C2
:10268000D3685901FCD40121D5F848329A01994008
:1026900002F1A042C6F86414D3685B01FCD4EB6974
:1026A0000A2B19D00B2B13D0D5F85012A869AA68A1
:1026B0000125002706688D4026EA050606600423EA
:1026C0000097F4F74DFB636883F8807203B0F0BDA8
:1026D000034BC3F81414E7E7014BC3F80414E3E712
:1026E00000300050090441EA1241120470B442F46F
:1026F000807241F03D540BB1013B1A434FF000464C
:10270000134BC4F307455D5DC4F3072C85EA0C0544
:102710005D5DC9B26940595CD0F84C5281EA1261E2
:1027200013F801C08169C2F3074080EA0C001B5C0A
:1027300042EA032205EB450301EBC30303F586538D
:1027400001EB85011E611E610C610A6170BC70475E
:1027500010A401108B0000EB8101884248D2024690
:102760000020014610B503F1FF3C2CF00F0C02F1E4
:1027700020039C44103252E9044394FA84FE8EEA0A
:102780001E4E8EEA010E8EEA114E80EA1E301BBAF2
:1027900080EA0E4083EA134352F8081C434083EA60
:1027A00010438EEA0E5E8EEA133E09BA8EEA034E9D
:1027B00081EA114152F8040C81EA0E0181EA1E41BE
:1027C00083EA035383EA113300BA83EA014380EAC0
:1027D0001040584080EA134381EA0151103281EAE7
:1027E0001331944583EA035081EA0341C3D110BDFC
:1027F00000200146704700BF2DE9F043B3F1000807
:10280000044614BF30230023406883B08946FFF795
:1028100069FFEFF723FB4FF47A72002305F078F895
:10282000B8F1000F05460CBF012602263F4F0AE013
:10283000EFF714FB00234FF47A7205F069F8FB6997
:10284000401B984235D863689869D3F84C12C26827
:10285000CB000433DA4002F00F029642E8D8B8F118
:10286000000F4AD000EB81010A6A314B150E5C5D06
:10287000C2F3074060401C5CC2F307206040185C54
:10288000D4B2096A6040185CC1F3072460401E5C42
:1028900001F0FE00864234D1A94502D0B9F1290FDA
:1028A00039D144EA0224C8F80040002003B0BDE852
:1028B000F083B9F1080F07D01E4BBA2118461E4A03
:1028C000CDF8009000F0EEFD64684FF00045D4F8BC
:1028D0004C22A16902EB420201EBC203194602201D
:1028E00003F586531D611D61D4F8543203F01F03B4
:1028F000C1F8D83003B0BDE8F083083150F821307A
:10290000D3E701904B46D7210C4A0A48009600F0C5
:10291000C9FD0320CAE7DF23CDE900951946084A1F
:10292000044800F0BFFD0420C0E700BF8420002061
:1029300010A40110DCA3011074860110B8860110E8
:10294000048701102DE9F04F4FF0004A044640681B
:1029500087B0D0F84C62876906EB460E07EBCE0EC7
:102960000EF5865ED0F844C2CEF810A0CEF810A0C6
:1029700006F1040E083607F12F4807EB86070526F7
:10298000734D08F560084FEA18580EEBC80E05EABB
:102990004C3545EA4E454FEA8C1C0CF1A04C0DF12C
:1029A000040B45F04905CCF800709946CCF804B00A
:1029B0008823CCF80860CCF80C50FFF793FEEFF7B3
:1029C0004DFA4FF47A72002304F0A2FF4FF0A047B3
:1029D0000546604E0BE0EFF741FA00234FF47A72A0
:1029E00004F096FF336A401B984200F288806368C7
:1029F000D3F84422930103F1A04319694901EAD4B1
:102A0000012101FA02F2C7F86424DA6812F0806248
:102A1000FBD114460199504B4FEA114C5FFA8CF0F0
:102A2000185CC1F307277840185CCEB270401D5C7B
:102A30006CF30704029867F30F2466F31744060E3D
:102A4000754066F31F641646C9F800405C5D154684
:102A5000C0F307477C401C5D67F30702C0F30727FC
:102A60007C401C5DC0B2444067F30F221F5D60F3E1
:102A70001742DDE903404FEA146C8CEA07076CF358
:102A80001F62C9F80420DA5DC4F307477A409A5CF4
:102A900067F30706C4F307277A409A5CE4B2624002
:102AA0009A5C67F30F2664F31746040E62409A5C43
:102AB00064F31F66C0F3074462409A5C64F3070541
:102AC000C0F3072462409A5CC0B242409A5C64F34F
:102AD0000F259DF8143060F3174563F31F6503F06D
:102AE000FE039A42C9F80860C9F80C502CD1080EB0
:102AF0003F3818BF0120800007B0BDE8F08F0123E8
:102B00006468D4F844128A018B4002F1A042C7F8ED
:102B10006434D3685801FCD4D4F84C224FF00045FB
:102B2000A16902EB420201EBC2031946022003F540
:102B300086531D611D61D4F8543203F01F03C1F8A0
:102B4000D83007B0BDE8F08F032007B0BDE8F08FA4
:102B5000FDFF01FC8420002010A40110F8B51F46E1
:102B6000044630234068FFF7BDFDEFF777F94FF4D7
:102B70007A72002304F0CCFE1E4E05460AE0EFF701
:102B80006DF900234FF47A7204F0C2FE736A401BA1
:102B9000984216D863689869D3F84C32C268D90055
:102BA0000431CA4012F00E0FE9D0002400EB830379
:102BB0001A6A1B6A2046C3F3072343EA02233B60D9
:102BC000F8BD60684FF00045D0F84C22816902EBF7
:102BD000420201EBC2031946022403F586531D612C
:102BE0001D61D0F85432204603F01F03C1F8D830DD
:102BF000F8BD00BF842000204FF0010C2DE9F04FFC
:102C0000456883B007460E4690461C4685F880C24C
:102C1000EFF724F900234FF47A7204F079FE0023D1
:102C2000C5F884027D68C5E9A338C5E9A533C5F8B0
:102C30008862B8F1000F17D041F2C4204FF0020CA7
:102C40002B4600EBC8023146284424FA0CF62A44ED
:102C5000C3F8CC0208308242C3E9B116C3F8D0C22F
:102C6000214403F11003F3D1002605EB0812C2E959
:102C7000B166A869D5F8501200F12F42D5F844E2A8
:102C8000DFF8ECB002F5600201F1040C120D0CEB60
:102C9000C20C0BEA4E3B4BEA4C4BD5F848C24FEA0C
:102CA0008E1E2BF4F03BD5F8582205F5317A05F548
:102CB00017734BEA4C350EF1A04BDE46DFF8B490AB
:102CC000DFF8B48009EA4C3949EA080845F0807514
:102CD00001F1080900EB890945F04905CBF800909E
:102CE000CEF80460CEF80860CEF8105002254FEA06
:102CF0008C1C0CF1A04C0BF1180BCCF800A0CCF8FC
:102D000004B0CCF80850CCF81080F4F76FF878686D
:102D100004238268D0F8501280690096F4F720F8F6
:102D2000012346F2400E4FF0A04C79689C40D1F848
:102D300050228869D1F8485202EB420100EBC101F0
:102D400003FA05F50F349340043240F82240C1F8ED
:102D5000D8E0D1F8D02042F00042C1F8D020CCF821
:102D60005054026813430360304603B0BDE8F08F4F
:102D7000FDFF01FCFDFF7FFC59137E002DE9F043B0
:102D800044688046D4E9A397B9450E4685B03ED342
:102D9000002384F88032D4F894524D4538BF07F1AF
:102DA000FF3731D3D4F89832002B14BF062000200F
:102DB00005B0BDE8F08305FB06F0D4F888326A1C44
:102DC000C4F8942203EB80003146FFF7C3FC04EB08
:102DD000C50303F58053D3E9B12312BA93FA83FCF8
:102DE000914208BF604506D0D4F898320133012BD8
:102DF000C4F8983265D0D8F80440013FD4F8945212
:102E0000D4F88C329D42CDD27B1CD4D1CAE7D4F801
:102E10009452A94588BF042725D905FB06F0D4F8AC
:102E200088326A1CC4F8942203EB80003146FFF715
:102E300091FC04EBC50303F58053D3E9B12312BA27
:102E400093FA83FC914208BF604506D0D4F89832CB
:102E50000133012BC4F8983245D0D4F894524D4533
:102E600001D2013FD9D1D4F8483204F531729B0127
:102E700003F1A0431B68A3EB02094FEAD90909F14A
:102E8000FF3994F880324FEA5909C4F88C92002B2C
:102E90003FD0EEF7E3FF4FF47A72002304F038FDE1
:102EA000D8F804201C4BD2F884229B6A801A9842DE
:102EB00038BF0120FFF47CAF4046FFF7D3FB05206D
:102EC00076E7CDE902C2009001912B4640F2B111A4
:102ED000124A134800F0E6FA002E8CD0002310337B
:102EE0009E42FCD887E7CDE902C2009001912B46B3
:102EF00040F2B111094A0A4800F0D4FAD8F8044067
:102F0000D4F88C92002EA8D0002310339E42FCD817
:102F1000A3E7D4F890723EE7842000203C8701109C
:102F2000C0A30110F8B50223456804460E461746B3
:102F300085F88032EEF792FF4FF47A72002304F0A6
:102F4000E7FC00230122C5F8840265683046C5F815
:102F50009422C5F88C32C5F898328021C5F8907259
:102F6000C5F88862FFF7F6FBC5E9A8012046FFF720
:102F7000D7FA6468D4E9A423934201D30020F8BDB2
:102F8000D4F888025A1CC4F8942200EB4320802114
:102F9000FFF7E0FBC4E9A8010020F8BD38B51B4BE2
:102FA00004465B680D46C3F308030BBB62681DB1A2
:102FB000D2F88C325B022B6092F880328BB1EEF744
:102FC0004DFF4FF47A72002304F0A2FC6268104BAC
:102FD000D2F88422DB6A801A984238BF01200AD2D4
:102FE00038BD2046FFF73EFB636893F8B40238BD56
:102FF00004F0B6FCDAE74FF43271064A064800F0F6
:1030000051FA2046FFF72EFB052038BD00ED00E009
:10301000842000208C870110ACA301100000000068
:103020002DE9F04F2DED028B4568044695F83030C0
:1030300008EE101A91B05BBBA869002800F0CB81A4
:10304000EB69002B00F09B810121F3F7D9FD666845
:103050000121C5F84C02B069F3F7D2FD034665685B
:103060000120C6F85032F3F71FFF03460120C5F8D0
:1030700044326568F3F718FF6368C5F8480293F8AF
:103080002010D86900F0C4F90123656885F8303054
:1030900001234FF0A041D5F84402820183400A4445
:1030A000C1F86434D3685801FCD40123D5F8480230
:1030B0008201834002F1A042C1F86434D3685B010D
:1030C000FCD40123A869D5E99315026803FA01F13C
:1030D00022EA010202600268AB4022EA03030360B5
:1030E000F3F724FE6368C2499869F3F7A5FDDFEDA5
:1030F000C17A78EE277A0246BCEEE77A65684FF42B
:103100004036D5E90031C8039B0200F4782003F46F
:10311000F843034301F01F000343480100F47870B3
:10312000034343F0105343F48013079302F111005B
:10313000D301090643EA003301F0F85123F0FE43BE
:103140000B4317EE101A89B20696C5F854220029CF
:1031500000F0138107EE101AB8EE477ADFEDA66A89
:1031600077EEC77A67EEA67AFCEEE77ACDED027AC3
:103170009DF80800000201279FED9B8B40EA01416A
:1031800043F00203CDE90413A869029104ABD5F81A
:103190004C12F3F72BFE63684FF000091A68D3F85E
:1031A0004C1298693B460097F3F7DAFD63684FF4D9
:1031B00040289869D3F84C32026807FA03F31343A6
:1031C0008E490360F3F738FD8DED0C8BD4F804C005
:1031D000CDE90E890CAD08AECCF85802031DC00134
:1031E00040EA033E95E80F0086E80F000CF5177AD9
:1031F000CDF824E096E80F00DCF808B08AE80F006C
:1032000085E80F00DCF864327D496FF31D4343F419
:103210004032DCF86832CCF864226BF3D333CCF85C
:103220006832029BCCF85C32DCF81800F3F704FD3E
:103230008DED0C8BD4F804C0CDE90E89DCF8089034
:1032400000F10808CCF86C0207FA09F205304FEAE1
:103250000838039248EAC01895E80F0086E80F0086
:103260000CF51C7ACDF8248096E80F008AE80F0050
:1032700085E80F00DCF87C32DFF890E169F3D333A6
:1032800069F3491303EA0E0E09F01F0B4EEA0B0E09
:103290004EF08253CCF87C32029BCCF87032DCF8D2
:1032A0001820584BDCF80C109A4214BF062507254D
:1032B000DCE9003007FA00F607FA03F33343039E14
:1032C00007FA01F133430B43DCF8101007FA01F160
:1032D0000B43DCF8141007FA01F10B43DCF8781209
:1032E0006FF31D4141F40031CCF87812916B0B4320
:1032F00093632946EDF76AFD636829461868EDF780
:1033000065FD636829469868EDF760FD63682946A6
:10331000D868EDF75BFD636829461869EDF756FD3F
:10332000636829465869EDF751FD63683946586866
:10333000EDF77EFD636839461868EDF779FD63683F
:1033400039469868EDF774FD63683946D868EDF73B
:103350006FFD636839461869EDF76AFD63683946A1
:103360005869EDF765FD636893F8282052B901208C
:1033700011B0BDEC028BBDE8F08F0846FBE60A23D6
:10338000EB6161E693F82A105868EDF75FFD63681A
:1033900093F829101868EDF759FD636893F82B101E
:1033A0009868EDF753FD636893F82C10D868EDF733
:1033B0004DFD636893F82D101869EDF747FD6368BC
:1033C000586993F82E10EDF741FD012011B0BDECC6
:1033D000028BBDE8F08F0C4B1846AB61EB69002BFC
:1033E0007FF432AECBE700BF0000010000F0010027
:1033F00040A501100000003B000080432CA50110F7
:1034000010A501100000305000002050E0FF0FE038
:1034100038B51F4D04462A6890422BD0AB689842BD
:1034200008BF012327D00A2C20D00B2C13D0194B16
:103430001B68A9B119462046EDF79EFE01212046E2
:10344000EDF758FE2B689C421BD0AB689C4208BF2E
:10345000012317D038BD104B0E4A13600029E9D163
:10346000802219462046EDF7B7FEE7E70B4B094AE5
:103470001360DEE7002305EBC3031B79002BD2D0DA
:1034800038BD0023012205EBC3031A7138BD00BF0C
:1034900074200020D036002019140020CD13002005
:1034A000704700BF0CB430B5C3B046AC54F8045BF1
:1034B00000214FF4807202A800F0F2FE23462A4653
:1034C0004FF4807102A80194F0F782FC044602A830
:1034D000FFF7E6FF204643B0BDE8304002B070473A
:1034E00043681B6819691868F3F768BD43680249A7
:1034F0001B681868F3F762BD801A060043685B68B2
:103500005A1C32D04FF05041012270B5496802FA7E
:1035100003F60E40003E84B0044618BF012642EC7C
:1035200040304FF0FF33CDE90133ADF80C30EEF70A
:1035300095FC4FF47A72002304F0EAF905466068BE
:103540000A23002201A9006804F01AFAEEF786FCAB
:103550004FF47A72002304F0DBF98542EFD0636800
:103560005B6846EC403004B070BD7047BFF34F8FCE
:103570000549064BCA6802F4E0621343CB60BFF30F
:103580004F8F00BFFDE700BF00ED00E00400FA052B
:10359000002110B4064C421E733012F8013F83EA3A
:1035A00041039042E15CF8D108465DF8044B704756
:1035B0006CA101100546144C08B578220021204664
:1035C00000F06EFE1149124B2160D3E90023C4E9DB
:1035D00002232B68204623616B686361AB68A3619B
:1035E000EB68E3612B6923626B696362AB69A36279
:1035F000EB69E362FFF7CCFF84F87400BFF34F8FF1
:1036000000BEFFF7B3FF00BF10010020BEBAFECA24
:10361000802A002004205FEA0E01084202D0EFF366
:10362000098001E0EFF308804169FFF7C3BF00BFE5
:10363000024B0146186800F00BB800BFD8240020E8
:10364000024B0146186801F09BBD00BFD824002042
:1036500001F10B03162B2DE9F04F074683B023D859
:10366000102900F2AF8000F0AFFA102518230220D5
:10367000BA4E33445C68A3F10802944200F05681CC
:103680006368384623F00303D4E902122344CA6076
:1036900091605A68083442F001025A6000F09AFAC8
:1036A000204603B0BDE8F08F002B23F00705C0F2E1
:1036B0008980A94200F2868000F086FAB5F5FC7F89
:1036C000C0F07B826B0A00F08480042B00F26281E0
:1036D000AB0903F1390003F1380EC3009F4E3344A8
:1036E000A3F1080C5C68A44507D10DE0002AE1684D
:1036F00080F216818C450C4606D0636823F00303E4
:103700005A1B0F2AF2DD7046DFF86882346944459F
:1037100000F0F280636823F0030CACEB05030F2B81
:1037200000F37481002BC6E9048880F26381BCF544
:10373000007FD6F804E080F0FF804FEADC0301222E
:103740004FEA5C1C013302FA0CF256F833104EEAD1
:10375000020E06EBC302083AC6F804E0C4E90212FE
:1037600046F83340CC6083104FF0010C0CFA03FC98
:10377000F44534D81CEA0E0F07D120F003004FEABD
:103780004C0C04301CEA0E0FF9D006EBC00A81463F
:10379000D646DEF80C300BE05A681C46DB6822F097
:1037A0000302511B0F2900F30181002980F21581CA
:1037B0009E45F1D109F101090EF1080E19F0030F30
:1037C000E7D158E10C233B600024204603B0BDE85C
:1037D000F08F4FF4007340204FF03F0E7EE7B46847
:1037E000636823F00309A945A9EB050302D30F2B56
:1037F00000F385805A4B08201B6803F1100804EB86
:103800000903009301F072FA564AA84483461368EC
:10381000013305D008F1FF384342804403EA080829
:103820004146384601F042FAB0F1FF3F82464D4A28
:1038300000F0078104EB0903834200F200814A4B48
:103840000BF1FF3C18684044186000F06481116877
:10385000013100F06C8104EB0902AAEB0202024480
:103860001A601AF00702CDE9002300F02781C2F1A7
:103870000802384692445A44D04408EA0C01521ACD
:1038800002EA0C0B594601F011FA421C019B00F0B0
:103890006A81A0EB0A0000EB0B08186848F00102EF
:1038A000B442C6F808A05844CAF80420186017D0DB
:1038B000B9F10F0F40F23E816168A9F10C024FF09F
:1038C000050C22F0070201F0010111430F2A61608B
:1038D00004EB0201C1E901CC00F24D81DAF80420C9
:1038E000224B54461968814238BF1860204B196832
:1038F000814238BF1860A6E0D6F804E033E76219C9
:1039000045F0010543F00103083444F8045C3846EF
:10391000B260536000F05EF9204603B0BDE8F08F5E
:10392000A26823443846D1608A60B2E6DC68A342CC
:103930007FF4A6AE0230E7E6BCF5206F4FEA5C22CA
:1039400076D3142A00F2CD8002F15C035B32DB00F7
:10395000F118F3580839994211D1A5E0C820002088
:10396000302B0020BC200020002B0020282B002022
:103970002C2B0020D02000209B68994204D05A684C
:1039800022F003026245F7D8D968C4E902318C609D
:10399000DC60E8E6142B63D9542B00F2AB802B0BD0
:1039A00003F16F0003F16E0EC30097E6D4F808C070
:1039B0003846671945F001056560CCF80C30C3F84E
:1039C00008C041F00103C6E90477C7E902887B60BB
:1039D000A150083400F0FEF8F7E62244384651685A
:1039E00041F00101516054F8082FD3609A6000F053
:1039F000F1F8EAE6A44438460834DCF8043043F031
:103A00000103CCF8043000F0E5F8DEE6621943F07B
:103A1000010145F0010538466560C6E90422C2E9A6
:103A20000288516044F80C30083400F0D3F8CCE63A
:103A30004FEA9C1202F139033832DB0088E7B442C6
:103A400062D0B468626822F00308A845A8EB0503B9
:103A500002D30F2B3FF753AF384600F0BBF8B3E665
:103A600003F15C0003F15B0EC30037E65AF8083936
:103A7000534540F0A08010F0030F00F1FF30F5D166
:103A8000736823EA0C0373604FEA4C0C0CF1FF32AD
:103A90009A4204D3A3E64FEA4C0C09F104091CEA4C
:103AA000030FF8D0484670E692104FF0010C0CFA64
:103AB00002F24EEA020EC6F804E066E70AEB0802DC
:103AC000384602EA0C02ABEB020B0BEA0C0B594630
:103AD00001F0ECF8431C019B7FF4DBAEDDF800B095
:103AE000DBE6542A2AD84FEA1C3202F16F036E3209
:103AF000DB002DE7B3F5AA7F2AD8EB0B03F17800A2
:103B000003F1770EC300E9E52E4B0BF1FF3C18687B
:103B1000404418609BE61AEA0C0F7FF498AEC84444
:103B2000D6F808A048F00102CAF80420D8E6C2F886
:103B300000A096E60123CAF804308DE7B2F5AA7F0B
:103B400024D84FEADC3202F178037732DB00FFE65B
:103B500040F25452934224D8AB0C03F17D0003F1A0
:103B60007C0EC300BAE5009A4FF0000B083A90446F
:103B7000A8EB0A0891E6384604F10801009301F029
:103B8000FFFA009BD6F808A01868A7E640F2545345
:103B90009A420CD84FEA9C4202F17D037C32DB0052
:103BA000D6E64FF47E737F204FF07E0E96E54FF4FD
:103BB0007E737E22CCE6736866E7E80805F10803A9
:103BC00056E500BF002B0020014801F089B800BF76
:103BD000F82A0020014801F087B800BFF82A002029
:103BE000024B0A460146186800F002B8D8240020AB
:103BF0002DE9F04F164683B0002900F09E800C4658
:103C000006F10B058046FFF7DFFF54F8040C162D74
:103C1000A4F1080920F0030762D8102200231546FA
:103C2000B542C0F0A280002B40F09F80974261DA3D
:103C3000DFF82CB309EB0701DBF80830D1F804C03A
:103C40008B4200F09A802CF001030B445B68DB0789
:103C500068D42CF0030C07EB0C03934245DAC3073E
:103C600012D454F8083CA9EB030ADAF8043023F024
:103C7000030084440CEB070B5A4540F3018107EB2A
:103C8000000B5A4540F3D78031464046FFF7E0FC31
:103C90000646002800F02C8154F8043CA0F10802EC
:103CA00023F001034B44934200F0B4803A1F242ACE
:103CB00000F2E280132A00F2B38003462246116824
:103CC00019605168596092689A602146404601F037
:103CD00057FA4046FFF77EFF304603B0BDE8F08F4D
:103CE00025F007052A46EB0F9AE71F46D1E9022384
:103CF000D3609A60781BD9F8043009EB07020F28CB
:103D000003F001031FD83B43C9F80430536843F064
:103D10000103536026464046FFF75CFF304603B080
:103D2000BDE8F08FC307AFD454F8083CA9EB030AF1
:103D3000DAF8043023F00300A1E7114603B0BDE830
:103D4000F04FFFF785BC2B4309EB050140F0010064
:103D5000C9F80430083141F8040C4046536843F078
:103D60000103536001F00CFAD4E70C23C8F80030CB
:103D70000026304603B0BDE8F08F2CF0030C05F1AF
:103D800010010CEB07038B4280F29280C0073FF5D5
:103D90007BAF54F8083CA9EB030ADAF8043023F0AF
:103DA000030084440CEB070399423FF768AF3A1FC6
:103DB0005646DAF80C1056F8080F242AC1608860BD
:103DC00000F2B080132A40F2AB8021681B2ACAF8A7
:103DD00008106168CAF80C1000F2AB8008340AF1D0
:103DE00010022168116061685160A16891605B1BDD
:103DF0000AEB0502404643F00103CBF8082053606C
:103E0000DAF8043003F001032B43CAF80430FFF75B
:103E1000E1FE83E750F8043C23F003031F4469E705
:103E200023681B2A03606368436036D804F10802E4
:103E300000F1080343E73A1F5646DAF80C30242A0B
:103E400056F8081FCB60996022D8132A1ED9236820
:103E50001B2ACAF808306368CAF80C303CD808340A
:103E60000AF1100322681A6062685A60A2689A60B8
:103E700034465F46D1463DE7214600F093F924E7FA
:103E8000D1E902133A1FCB609960D5E73346E9E7E1
:103E90002146304600F086F9EAE7A368242A8360C9
:103EA000E368C36028D004F1100200F1100306E7B4
:103EB0005B1B09EB05024046264643F00103CBF8A5
:103EC0000820536054F8043C03F001032B4344F8EA
:103ED000043CFFF77FFE21E7A368242ACAF81030CC
:103EE000E368CAF8143010D010340AF11803B9E7A7
:103EF0004046FFF76FFE3BE7236904F118020361B8
:103F00006369436100F11803D9E623691834CAF8DC
:103F1000183054F8043CCAF81C300AF12003A1E719
:103F200032465EE721463046019300F03BF9019BA3
:103F30005DE7A168242ACAF81010E168CAF81410D5
:103F400003D010340AF118024BE722691834CAF87A
:103F5000182054F8042CCAF81C200AF1200240E76B
:103F6000C82000202DE9F04F81468E466D487546E9
:103F70001EF801BB10F80B4014F00804F7D1BBF198
:103F80002D0F23F010075DD0BBF12B0F10D0AFB970
:103F9000BBF1300F00F08D80002B00F085801023E6
:103FA0006FF078460F27984600246FF0004A0DE026
:103FB0009EF800B005F1020E002F60D06FF00047B0
:103FC0009846B7FBF3F6BA4603FB1677002528465A
:103FD0000EE0ABF1370C9C451DDA013504D0B04240
:103FE00002D822D1BC4520DD4FF0FF351EF801BBC1
:103FF000ABF1300CBCF1090FEDD9ABF1410CBCF1C8
:10400000190FE6D9ABF1610CBCF1190F03D8ABF174
:10401000570C9C45E1DB6B1C0BD004B1404212B144
:10402000002D57D11160BDE8F08F08FB00C00125BD
:10403000DCE72223C9F80030002A4DD00EF1FF3111
:104040005046EFE79EF800B005F1020E67B9BBF1EC
:10405000300F44D0002B50D10A23334E08270124BF
:1040600098464FF0004AB1E74FF0004A98460124C5
:10407000BAFBF3F603FB06F7AAEB0707A6E7BBF1CB
:10408000300F89D1A87800F0DF0058281ED1102306
:1040900095F803B005F1040E98466FF00047B7FBA2
:1040A000F8F608FB16777FE70A231F4E0727984686
:1040B0007AE79EF8000000F0DF00582806D11023B0
:1040C0009EF801B005F1030E9846E6E723BB0823EE
:1040D0009846E2E78246B1E75046BDE8F08FA878FF
:1040E00000F0DF00582810D0CBB1102398464FF0D5
:1040F000004A0124BAFBF8F668E710234FF0006687
:1041000001244FF0004A984660E7102395F803B069
:1041100005F1040E9846EAE710239846BDE7082308
:104120009846E4E76DA50110CCCCCC0C242B03D829
:10413000012B01D0FFF716BF10B500F0C9FD162303
:104140000360002010BD00BF032A30B412D941EA39
:10415000000484460B46A40721D11946604653F853
:10416000044B5CF8045BA54219D1043A032AF4D845
:1041700060461946541E7AB1431E0139021901E006
:104180009A4209D013F8010F11F801CF6045F7D01A
:10419000A0EB0C0030BC7047002030BC7047541EB0
:1041A000EAE700BF88420DD98B1883420AD900EB99
:1041B000020C5AB3624613F801CD994202F801CDC0
:1041C000F9D170470F2A0DD802F1FF3CF2B10CF182
:1041D000010C431E8C4411F8012B614503F8012F9B
:1041E000F9D1704740EA01039B07F0B50C460ED0A9
:1041F00002F1FF3C03460CF1010C013B8C4411F829
:10420000012B614503F8012FF9D1F0BD7047A2F1F0
:10421000100501F1200E01F1100300F1100C25F042
:104220000F05AE4453F8106C10330CF1100C4CF821
:10423000206C53F81C6C4CF81C6C53F8186C7345CC
:104240004CF8186C53F8146C4CF8146CEAD101EB70
:10425000050C12F00C0F05440CF1100105F11003D0
:1042600002F00F050E4618D0043DA0EB040E25F019
:104270000304A4440CF1140C0F6801EB0E05043187
:104280002F606145F8D1043402F00302A1192344E0
:1042900002F1FF3C002AAED1F0BD2A46F8E700BF8C
:1042A000830730B546D08418844604E003F8011B28
:1042B0009D0704D09C46A4456346F7D130BD013A22
:1042C0000244A2EB0C02032A29D9CCB20F2A04EB38
:1042D000042404EB04442FD9A2F1100C03F11005BF
:1042E0002CF00F0CAC44C3E90044C3E90244103382
:1042F0006345F8D112F00C0F02F00F0E18D02EF01B
:10430000030CAEF104051A469C4442F8044B624586
:10431000FBD125F0030404330EF003022344002AEA
:10432000CCD0C9B21A4403F8011B9342FBD130BD73
:104330007246F4E70346C6E79646E0E711F0FF0150
:10434000034600F0030239D08ABB10B501EB012E01
:1043500002680EEB0E4EA2F101338EEA020423EA4C
:104360000203A4F1013222EA0402134313F0803F56
:104370000FD150F8044F84EA0E0CA4F10133ACF1D4
:10438000013223EA040322EA0C02134313F0803FB4
:10439000EFD0037823B936E010F8013F002B32D07C
:1043A0009942F9D110BD8A4228D09A0729D01A78AB
:1043B00018460133002AF6D110467047CAB9026880
:1043C000A2F1013323EA020313F0803F08D150F831
:1043D000042FA2F1013323EA020313F0803FF6D049
:1043E00003785BB110F8013F002BFBD170479907B0
:1043F00005D0184613F8012B002AF8D1704718464B
:10440000DDE71846A1E7184610BD00BF2DE9F041D1
:104410000C46074602F0E4FD06462146384602F007
:10442000E3FD43690446990703F26C780AD1804A98
:10443000804B02FB083302F18042013AB2EBB30F2A
:10444000C0F0AB807C4A82FB08324FEAE873C3EBD2
:10445000E2134FF4C87202FB1383002B0CBF30250C
:104460000025764B1D4400F0C9F900F0D3F9744BD8
:104470001B68A3B17368434540F091803068D7E969
:104480000013D6E90872002840F09380B94273EB1C
:104490000202C0F29C8001232362376D01E0236297
:1044A000B76A684AFE174FF4616C674982FB0732AE
:1044B00020683A44C6EBE223C6EBE2260CFB1373FA
:1044C00081FB0312D9171A44C1EB62116268521AB8
:1044D000C1EB0111A3EB8103C01AA3683B28A3EB36
:1044E0000603C4E90002A36050DD01323C38C4E990
:1044F00000023B2A43DD01333C3AC4E90123172B78
:104500001FDD183B2069D4E90621A3600132E3686E
:104510000131072A03F10103E161A8BF0022E36032
:10452000A26155F82020934206DD9B1A0B2800F16A
:104530000102E36044D0226100F066F92046BDE844
:10454000F081002BF8DA1833D4E90621A360013A90
:10455000E36801F1FF3148BF0622013BE161A2613E
:10456000E360002BE8D12369013B3CD49A0023612E
:10457000AB58E36000F048F92046BDE8F081002A1E
:10458000BDDA013B3C32C4E90123B8E70028B0DAC8
:10459000013A3C30C4E90002ABE7302561E7404610
:1045A00000F056F800287FF469AF4FF0FF33236224
:1045B00076E7B94273EB020209DA002323626FE760
:1045C0006369002201332261E2616361B4E7B26C86
:1045D0009142F26C9341B4BF012300232362002B6C
:1045E0007FF45BAF5CE763690B215A1E216103F224
:1045F0006B73626192070ED10D490E4A01FB0322D3
:1046000001F180410139B1EBB20F04D240F26D13D8
:104610002C22E361ACE7074A054901FB03230B4A5F
:10462000B2EB331F2CBF0123002303F5B673EFE772
:10463000295C8FC250B81E051F85EB5170A6011072
:10464000282E0020C5B3A291898888880AD7A300A4
:104650002DE9F047044602F0C3FC40F2B1739C42DE
:1046600040F3AA806FF4F66C86465C4AA4F26D7340
:10467000A444A4F2B271446040F26D104FEAAC0C55
:104680006FF4C8690EF1500500FB01CC82FB0301F9
:10469000DB175348A3EB61139C4404EB0903A2FB13
:1046A000032372460CEBD31C117A53694A2922D09A
:1046B00044293DD16344916928321768CE17C3FB62
:1046C0000016C91946EBE776AA4242E90216EBD179
:1046D000DEF82000DEF84810DEF824308842DEF8EC
:1046E0004C204FF001009341B4BF03460023CEF8A5
:1046F0000030BDE8F087A7070CEB03060CD1394F5B
:10470000394901FB0471394FB7EBB10F04D23B2B90
:10471000C8BF0136731ECEE7324F334901FB047127
:10472000334FB7EB311FF5D33B2BC8BF0136F1E751
:10473000A10744D0294E86FB0416E117C1EBE61110
:104740004FF4C87606FB114100290CBF4FF030082A
:104750004FF0000827498844D16801293CDD4FEA21
:10476000810A6646A8F10401AAF10809C14451F87A
:10477000047F49453E44FAD1AAF104018844311D21
:104780001D4F87FB0179CF178944C7EBA907C7EBFA
:10479000C707C91BD8F80070591A136903F1FF3312
:1047A00048BF0731C3EBC3030B44BB4202DB073BEB
:1047B000BB42FCDA33447EE70020BDE8F0870A4EB6
:1047C000084906FB041106F18046013EB6EBB10F25
:1047D000B0D24FF03008BDE76646D0E71F85EB51F9
:1047E0008051010050B81E05295C8FC2285C8F02E1
:1047F0000AD7A30070A6011093244992014800F043
:104800006DBA00BFFC2A0020014800F06BBA00BF5F
:10481000FC2A0020014B186800F002B8D8240020C0
:104820002DE9F04F05468FB0BF4E02F0D9FBBF49CE
:104830000446284600F0D8FD31688046002800F084
:10484000428121B100F060FA002841D03168084669
:10485000EDF73AFF404600F009FC014628460131D9
:10486000FEF7F6FE306010B1414600F02BFBB04A77
:104870000023B04DB04EB14F3360A36223653B605F
:10488000C5E900224A22C4E90333C4E90533C4E977
:104890000D33C4E90F332272002384F83020002244
:1048A000C4E90823C4E9122398F800303A2B12D047
:1048B0003C2B16D00DF1300BA14AA24940465B4675
:1048C00000F03CFE002803DD0C9AD11E07291ED9FA
:1048D0000FB0BDE8F08F98F8013008F101083C2BCB
:1048E000E8D108F101090DF1300B954A96495B4674
:1048F000484600F023FE0028EADD0C9AD11E072965
:10490000E6D819F802103E29E2D108F1020818F899
:10491000021008EB02092D2900F0FB802B294FF033
:10492000010808BF09F101090AAB0022874948467E
:1049300002930DF12603ADF8262000935B46ADF8F7
:10494000282009AACDF80CB0CDF804B000F0F6FD8F
:104950000028BDDDBDF826204FF4616CBDF82400B1
:10496000C2EB0211BDF8282002EB81020C990CFB6E
:10497000002208FB02F319F8012089443C2A059320
:1049800000F0EA805B46724A6E49484600F0D6FD68
:10499000002840F3FC800C9AD11E072998D819F8FA
:1049A000021009EB02082D2900F0B8802B294FF0E6
:1049B000010908BF08F101080AAB0022634940461B
:1049C000ADF82420ADF82620ADF828200C9209AAD5
:1049D000CDF80CB0CDE901B30DF1260300935B4691
:1049E00000F0ACFD002840F3E680BDF826204FF42F
:1049F0006160C2EB0211BDF8282002EB8102BDF814
:104A0000241000FB012209FB02F306930C9A0023F9
:104A1000CDF81CB0A24690449B4698F80090B9F19E
:104A20002C0F03D198F8019008F10108B9F14D0F4E
:104A300000F0C680B9F14A0F4FF00A020DA90CBF71
:104A400008F101084FF04409404600F06BFD0D9B52
:104A5000ADF82E00434500F0A18080B28AF808909E
:104A6000CAF8140098464FF000094FF00203ADF861
:104A70002690ADF82430ADF82890CDF8309098F815
:104A800000302F2B00F0C8804FF4E153CAF81830E3
:104A90000BF101030AF1280A4FF0010B022BBCD1E4
:104AA000059B6068A362069B2365254B2B60284B02
:104AB0006B60FFF7CDFDA26A236D32609B1A18BFB1
:104AC00001233B6004E71C4B0846224AC3F80080E0
:104AD0001A4BC4F82880C3F80080164BC4F85080E5
:104AE000C3E900224A230022237284F830300023D5
:104AF000C4E90388C4E90588C4E90D88C4E90F88BE
:104B0000C4E90823C4E91223EDF7DEFDC6F80080EE
:104B1000DEE609F101094FF0FF3805E708F1010869
:104B20004FF0FF3948E700BF24370020AC87011061
:104B30004C840110D02400204C2E0020282E002070
:104B4000782C0020C8870110B4870110D887011085
:104B50006C2C0020B087011009F1010A5B464E4A17
:104B60004E49504600F0EAFC00280CDD0C9AD11E9C
:104B700007293FF6ADAE1AF802103E297FF4A8AE21
:104B800009F102090BE799F801203E2AEED1444BC6
:104B9000C5E90033059BA362336099E6BBF1000FC2
:104BA0005AD04D220B2184F830200122C4E90D1285
:104BB0000022E26356E7059BA3F56163069325E7B0
:104BC0000DF12E03079A3749404602930BAB03922F
:104BD0000192009313460DF12A0200F0AFFC032866
:104BE0007FF476AEBDF82A305A1E0B2A3FF670AE1F
:104BF000BDF82C20511E04293FF66AAEBDF82E10D8
:104C000006293FF665AE8AF80890CAF81410CAE97A
:104C100003320C9B984426E7079B0AAA2249404688
:104C20000393CDE901320DF12602009209AA00F0AA
:104C300085FC484519DDBDF826304FF46161C3EBB2
:104C40000312BDF8283003EB8203BDF8242001FBDA
:104C500002330C9A904419E74D220320C4F814B093
:104C600022720222C4E90302FCE64A210022002348
:104C7000C4F82890217284F83010C4F85090C4E928
:104C80000399C4E90599C4E90823C4E90D99C4E965
:104C90000F99C4E912231BE66C2C0020B487011085
:104CA000782C0020EC8701100088011038B5002214
:104CB000064D044608462A60EFF7CAF8431C00D0A8
:104CC00038BD2B68002BFBD0236038BDC0320020DC
:104CD000014B1868704700BFD8240020704700BF00
:104CE000704700BF704700BF704700BF082802D15F
:104CF0004FF48050704708B5FFF7EAFF16220346CD
:104D00004FF0FF301A6008BD80EA010C1CF0030F61
:104D100037D110F0030C20F0030021F0030150F80C
:104D2000042B08BF51F8043B0ED08CF0030C6FF03D
:104D30007F434FEACC0C23FA0CFC51F8043B42EAC7
:104D40000C0243EA0C0300BFA2F1013C9A4201BFEE
:104D50002CEA020C1CF0803F50F8042B51F8043B65
:104D6000F2D04FEA02604FEA1222012828BFB0EBCE
:104D7000036F08BF1B0AF4D003F0FF03000EC01A34
:104D8000704710F0030F0AD010F8012B11F8013B07
:104D9000012A28BF9A42F4D0A2EB030070474DF8D5
:104DA000045D50F8042B01F0030521F0030151F8D4
:104DB000043B022D26D04DD822F07F45B5EB132FB2
:104DC000A2F1013C2CEA020C0DD11CF0803C08BF82
:104DD00051F8043B0AD185EA0205B5EB036F0CD10B
:104DE00050F8042BE8E74FEA13235BE03CF07F4CDC
:104DF00054D10B784FEA126554E04FEA126503F084
:104E0000FF034FE04FEA0245A2F1013C4FEA15458E
:104E10002CEA020CB5EB134F18D11CF0803C08BFF4
:104E200051F8043B07D185EA0205B5EB034F09D1E0
:104E300050F8042BE6E75FEA0C4C2FD10B884FEAC1
:104E400012452FE04FEA03434FEA12454FEA13435E
:104E500028E000BF02F0FF05B5EB136FA2F1013CA3
:104E60002CEA020C0DD11CF0803C08BF51F8043B29
:104E70000AD185EA0205B5EB032F0AD150F8042BBD
:104E8000E8E74FEA13630DE012F0FF0F06D051F888
:104E9000043B4FEA122523F07F4303E04FF000006C
:104EA00020BC704705F0FF0203F0FF00012828BF77
:104EB000904204BF2D0A1B0AF4D0A2EB000020BCD4
:104EC000704700BF80EA0102844612F0030F4FD101
:104ED00011F0030F32D14DF8044D11F0040F51F8C9
:104EE000043B0BD0A3F101329A4312F0803F04BF80
:104EF0004CF8043B51F8043B16D100BF51F8044B69
:104F0000A3F101329A4312F0803FA4F101320BD198
:104F10004CF8043BA24312F0803F04BF51F8043B1D
:104F20004CF8044BEAD023460CF8013B13F0FF0F7A
:104F30004FEA3323F8D15DF8044B704711F0010FAD
:104F400006D011F8012B0CF8012B002A08BF70477E
:104F500011F0020FBFD031F8022B12F0FF0F16BF75
:104F60002CF8022B8CF8002012F47F4FB3D170473D
:104F700011F8012B0CF8012B002AF9D1704700BF62
:104F8000844641EA000313F0030349D1403A23D396
:104F90000B6803604B6843608B688360CB68C360B9
:104FA0000B6903614B6943618B698361CB69C361A1
:104FB0000B6A03624B6A43628B6A8362CB6AC36289
:104FC0000B6B03634B6B43638B6B8363CB6BC36371
:104FD00040304031403ADBD230320BD30B680360B3
:104FE0004B6843608B688360CB68C36010301031BE
:104FF000103AF3D20C3205D351F8043B40F8043B8D
:10500000043AF9D2043208D0D2071CBF11F8013B90
:1050100000F8013B01D30B8803806046704700BF56
:10502000082A13D38B07B1D010F00303AED0C3F11D
:105030000403D21ADB071CBF11F8013B00F8013B47
:10504000A4D331F8023B20F8023B9FE7043AD9D3BE
:10505000013A11F8013B00F8013BF9D20B780370DB
:105060004B7843708B7883706046704720F0030163
:1050700010F00300C0F1000051F8043B00F1040CF3
:105080004FEACC0C6FF000021CBF22FA0CF2134363
:105090004FF0010C4CEA0C2C4CEA0C4CA3EB0C022C
:1050A00022EA030212EACC1204BF51F8043B043096
:1050B000F4D0C2F1000102EA0102B2FA82F2C2F1B6
:1050C0001F0200EBD20070472DE9F8430646DFF8D7
:1050D000AC8008208946FFF709FE05463046FEF7FA
:1050E00073FDD8F808305F6827F00307A7F11104B3
:1050F000A4EB09042C44B4FBF5F4013C05FB04F4D7
:10510000A54208DC00213046FFF7D0FDD8F8083072
:105110003B44984205D03046FEF75CFD0020BDE8D8
:10512000F88361423046FFF7C1FD01300FD03F1BCD
:10513000104AD8F80830304647F001075F6013681E
:105140001B1B1360FEF746FD0120BDE8F88300211C
:105150003046FFF7ABFDD8F80820831A0F2BDADDB5
:1051600043F0010303495360034B1B68C01A0860F6
:10517000D1E700BF002B0020BC200020C820002069
:1051800000295AD0F8B50C460746FEF71DFD734DB1
:1051900054F804CCA4F10802A8682CF001030CF028
:1051A000010ED1184E68884226F003067CD088197B
:1051B0004E60406800F00100BEF1000F2ED154F89F
:1051C000084C05F1080C121B23449468644560D018
:1051D000D2F80CE0C4F80CE0CEF8084000287DD0EE
:1051E00043F0010050600B60B3F5007F2ED25809E8
:1051F000D9080123834068680131034355F8310021
:105200006B6005EBC103083BC2E9020345F831209E
:10521000C2603846BDE8F840FEF7DCBC70B93344E4
:1052200005F1080C886843F0010460456ED0C96838
:10523000C16088605460D350D6E770474CF00101DC
:10524000B3F5007F44F8041CD350D0D3B3F5206FDE
:105250004FEA532144D2990901F1390001F1380490
:10526000C100681869580838884203D155E0896838
:10527000884204D04C6824F003049C42F7D8C868E4
:10528000C2E9021082603846CA60BDE8F840FEF705
:10529000A1BC80BB1E44D1E90213CB60996046F0EB
:1052A000010353609651B4E71E44BEF1000F07D1CD
:1052B00054F8083CD21A1E44D2E90213CB6099601C
:1052C00046F001035360264BAA601B68B342A0D886
:1052D000244B38461968FFF7F7FE9AE73344A1E7F5
:1052E00014290DD954291FD8190B01F16F0001F1B0
:1052F0006E04C100B5E743F0010050600B6088E721
:1053000001F15C0001F15B04C100AAE7C5E90422D8
:10531000C2E902CC5460D3507BE7A4100123A34020
:105320006C6823436B60ABE7B1F5AA7F06D8D90B55
:1053300001F1780001F17704C10092E740F2545086
:10534000814206D8990C01F17D0001F17C04C10075
:1053500087E74FF47E717E2483E700BFC8200020DA
:10536000C0200020302B00202DE9F047DFF874909A
:1053700080460E46174601F01BFFD9F800504DB18C
:105380003378344663B13D2B0AD014F8013F3BB16A
:105390003D2BFAD1404601F011FF0020BDE8F08717
:1053A0003D2BF7D02868A41B0028F3D022463146B5
:1053B00001F0DCFD28B92868035D00EB040A3D2BF1
:1053C00004D055F8040F0028F0D1E3E7D9F80030F5
:1053D0004046ED1AAD103D6001F0F0FE0AF101000B
:1053E000BDE8F087E427002000B583B001AAFFF7ED
:1053F000BBFF03B05DF804FB2DE9F04707460E46FE
:105400004548354616F801EB10F80EC01CF0080CA4
:10541000F7D1BEF12D0F63D0BEF12B0F3AD0644609
:1054200033F010003ED04FF0FF389A46B8FBF3F847
:1054300003FB08F96FEA0909002528460EE0AEF1E2
:10544000370C63451DDD013504D0404502D834D109
:10545000CC4532DD4FF0FF3516F801EBAEF1300CE4
:10546000BCF1090FEDD9AEF1410CBCF1190FE6D931
:10547000AEF1610CBCF1190F03D8AEF1570C6345C6
:10548000E1DC6B1C25D004B140420AB135BB116090
:10549000BDE8F08733F0100096F800E0644605F1AF
:1054A0000206C0D1BEF1300F1FD05BB90A234FF006
:1054B0000509DFF868809A46BEE70AFB00C00125AF
:1054C000CAE70BB310234FF00F096FF070489A46EC
:1054D000B2E7222328463B60002AD9D0711ED6E7C6
:1054E00096F800E00124AE1C9AE7307800F0DF0067
:1054F0005828E6D1102396F801E04FF00F09023644
:105500006FF070489A4697E708234FF007096FF04D
:1055100060489A4690E700BF6DA5011099999919C6
:10552000FFF76ABF10B4044C13460A4601462068D0
:105530005DF8044BFFF760BFD82400200EB470B5AF
:105540009DB000254FF4017221AC1B95ADF81420DD
:1055500054F8046B02900690FFF788FD0B49034650
:105560004FF6FF7032460A910949ADF816000393D1
:1055700007932346086802A90E951395019400F03D
:1055800099F81DB0BDE8704003B07047F56E01108A
:10559000D824002038B54B1C1AD093891446526881
:1055A000CDB223F02003A381236BA3B1636B93429D
:1055B00009DD23685A1E226003F8015C6368013329
:1055C0006360284638BD214601F096FC0028F0D0E3
:1055D0004FF0FF35F5E7236921682BB18B4203D2E9
:1055E00011F8013CAB420ED0234604F14000C4E95F
:1055F0000E120321012220632846616303F8425FF3
:10560000C4E9003238BD01390132C4E90012D8E7DB
:105610002DE9F04F834685B002FB03F00E9C019309
:10562000A0B388460646D4E90015A84223D94FF016
:10563000000904F1400ACDE9020240462A46FFF77C
:105640009FFC2168236B58464F19A8441946C4F89B
:10565000049027603746761BDBB1534501D0FFF736
:105660008FFDE06BC4F83090606090B1A16BB042E8
:1056700005462160E1D332464046FFF781FC0198A0
:10568000D4E90032921B3344C4E9003205B0BDE8CE
:10569000F08FDDE90202A389284443F02003C01BF8
:1056A000A3810023B0FBF2F02269C4E9002305B016
:1056B000BDE8F08F2DE9F04FE5B091468A4602AF84
:1056C0004A6E7B62B1F90C30F8639C0400F10581ED
:1056D00043F4005322F400528B814A6608220021D1
:1056E00007F14800FEF7DCFD4FF0000E0AF1400321
:1056F000F346C7F82CE0C7F810E0C7E90CEEC7E99D
:10570000053E994BD3F8E45001F04CFD07F14802F7
:10571000034607F1440100924A46F86BA847002867
:10572000C0F2AE807B6C81440146002B00F0B58056
:10573000012800F0C280252B40D00028E1D0A9EB41
:105740000108DAF80430404408F1FF361A46451ED5
:10575000002A16DDDAF800301878711C72780133EF
:10576000904240F09A80DAF80420A942CAF800304A
:1057700002F1FF32CAF8042000F0AA80002A0E4687
:10578000E8DCDAF83030F86B1946002B00F035858C
:105790007A69934201D0FFF7F3FCDAF83C3000223B
:1057A000CAF80430CAF83020002B00F02685DAF859
:1057B0003830CAF80030CFE701200146002699F8BA
:1057C00000C03246ACF1250309F10104552B64D821
:1057D000DFE813F0E70463006300630063009A03EB
:1057E00063006300630063006300EC00EC00EC0006
:1057F000EC00EC00EC00EC00EC00EC00EC006300D2
:105800006300630063006300630063006300630080
:105810007101E803630063006300630063006300D9
:105820006300870063006300D904630063006300C2
:1058300070046300630063006300F90063006300A9
:105840005802630063006300630063006300630049
:105850008704C803630063006300A203AF038700EB
:105860006300430150015E013C0262036300630078
:1058700070038F00820363006300F90063008F00F0
:105880004FF6FD730822002107F148007B64FEF704
:1058900007FD7B6C09F101097BB9FB6A3BB1FB6A2F
:1058A00018683B6B013369D008B1ECF70DFF386B1A
:1058B00007F5C677BD46BDE8F08F2C4AD25C1107CC
:1058C0001DD4252B3FF478AF09F1FF38012038E7CC
:1058D00002365E44A6EB080B13E7900400F1A384A4
:1058E000FCE63507D9D199F801C046F00206A14679
:1058F00068E73307D1D199F801C0A14662E7DAF829
:1059000004200AF140060025FC6B11E0DAF80030B3
:105910001A78013315498A5C12077FF5F2AEDAF87E
:1059200004200BF1010BCAF80030013ACAF8042038
:10593000002AEBDCDAF8303020461946002B01F063
:10594000C180B34201D0FFF71BFCDAF83C30CAF843
:105950003050CAF80430002B01F0B480DAF8383047
:10596000CAF80030D4E700BF782600206DA50110EA
:105970003B6B1BB1BAF80C305B0690D5FB6ADE8836
:1059800018687EB10024051F8146A04655F8043FE3
:1059900001341868ECF798FE2B68B442C3F8008015
:1059A000F4D148464FF0FF333B637DE716F08F0F8D
:1059B0007FF473AF02EB82020CEB420299F801C054
:1059C000A146303AFEE6DAF8043046F400763C624E
:1059D000002B40F36982DAF800C0DFF8A4829CF85B
:1059E000000018F8005060462D0741F1BF81A3491F
:1059F0000325B961102179630AF14009BD630024D0
:105A000019464D46914609E0CAF80000017818F899
:105A100001100A0740F10C84DAF8041001390BF187
:105A2000010B01300029CAF80410EDDCDAF830303F
:105A3000F86B1946002B00F0E083AB4201D0FFF772
:105A40009FFBDAF83C10CAF83040CAF8041000296D
:105A500000F0D383DAF83800D6E735077FF41DAFBE
:105A600099F801C0BCF16C0F00F0DC8746F001062C
:105A7000A146A7E616F08F037FF40FAFFD6A002D55
:105A800001F04B8099F801C046F08006A14699E6E6
:105A90003C62F40600F1B3807A6A300752F8043BA6
:105AA0007A6200F1DB87710741F14381D7F82090DA
:105AB000A3F800B025E6DAF8043046F041063C626F
:105AC000002B40F3DE85012A38BF0122154616F06F
:105AD0001003BB6240F0C0867B6A340653F8042B87
:105AE0007A607B6241F10380002A3FF4D6AE8020C9
:105AF000ECF7C6FD8146002801F014817B68186030
:105B0000FB6ADE88B3F80480464580F03E8718685B
:105B10007B68FA6A40F82630731C0120C7F81C9095
:105B2000D3802023C7E90203002607F160083B6900
:105B3000BB6301F037FBB04200F06A83BB6B07F137
:105B40005804DAE90021032B12F8010B01F1FF31AF
:105B500008F8060006F10106CAF80410CAF8002089
:105B600002D12368042B04D0082200212046FEF72E
:105B700097FB0094334649464246F86B01F06CFDB2
:105B8000411C034600F04483002840F00D83BA6AAC
:105B9000B344013DDAB9C9F80020F869FE68A9EB01
:105BA0000004B6EBA40F10D8BA6872B1F100BB6361
:105BB000ECF778FDF861002801F0B480720000EB8A
:105BC0000409BB6BFA607A68106009F10409DAF81D
:105BD00004200026002A19DD002DA9D13B61FB69B4
:105BE000A9EB0301FB68B3EBA10F03D9BB68002B42
:105BF00040F03887BB6A13B93B6B01333B63D7F87E
:105C000020907EE5DAF80420002A91DCDAF83010E2
:105C1000002901F011800AF14002914204D0F86B92
:105C2000BB63FFF7ADFABB6B0022CAF83020DAF88D
:105C30003C20CAF80420002A00F0FE87DAF8382059
:105C4000CAF80020002D7FF473AFC7E7DAF80430FC
:105C50003C62002B40F39F82DAF800C0DFF820801E
:105C60009CF8000018F8005060462C0741F1838032
:105C700002490325B96108217963BDE62155011068
:105C80006DA50110214607F18800BA6301F0E2F822
:105C9000DAF8043046F04006BA6B002B386240F365
:105CA0005B87002A06F0100308BF4FF0FF3216F0A2
:105CB0000108FB6100F04A83002B40F0C3857B6A3A
:105CC000300653F8041B39607B6240F11D87BA63CC
:105CD00000293FF4E2AD8020ECF7D2FCBA6B81469C
:105CE000002801F01F803B681860FB6ADD889E88F1
:105CF000B54280F0098618683B680121C7F80C900E
:105D000040F825300135FB6ADD802023C7E9011307
:105D1000C7F838B04FF000083C69934601F042FAEA
:105D2000404500F07582032C07F15006DAE9003295
:105D300002F1FF3213F8011BCAF8042007F16002D8
:105D4000CAF8003002F8081008F1010802D13368DF
:105D5000042B04D0082200213046FEF7A1FA009659
:105D6000434607F160024946F86B01F075FC431C9D
:105D7000044600F04D82002840F026820546C9F80E
:105D8000000007F15803082200211846BB62FEF705
:105D900087FA80492A46BB6AD1F8E05007F14001F2
:105DA000F86BA84701280CBF97F84050002507F171
:105DB00088035B5D002B00F0B786BB6B032C43446C
:105DC000BB6300F00A82FB690BF1FF3BBBB909F131
:105DD0000409F868BE68A9EB0005B6EBA50F0ED85C
:105DE0007B6863B1F100ECF75DFCF860002800F01F
:105DF0009987720000EB0509BA603A681060DAF81A
:105E000004304FF00008002B27DDBBF1000F85D1D7
:105E1000D7F838B03C61FB69002B7FF4F0AEC9F8CD
:105E20000030FB68BA68A9EB03018B1001339A427A
:105E30007FF6E2AE7B68002B3FF4DEAE3C680431B7
:105E40002068ECF72FFC00283FF4D6AE2060D3E6A4
:105E5000DAF80430002B3FF761AFDAF83010002990
:105E600000F004870AF14003994202D0F86BFFF773
:105E700087F90023CAF83030DAF83C30CAF8043029
:105E8000002B00F0F386DAF83830CAF80030BBF1A6
:105E9000000F7FF443AFBBE7DAF8043046F408762E
:105EA0003C62002B3FF797AD3B4B0325BB611023B2
:105EB0007B6383E0DAF804303C62002B40F35686C3
:105EC000DAF80000DFF8D880057818F805502907BF
:105ED00040F19B8002258FE5DAF804303C62002B0C
:105EE00040F33D86DAF800C0DFF8B4809CF800008B
:105EF00018F8005060462D0740F1428726490325D7
:105F0000B9610A21796377E532437FF4C6AC99F829
:105F100001C01026A14655E433077FF4BEAC99F8C2
:105F200001C0BCF1680F00F0758546F00406A1467B
:105F300048E4DAF804303C62002B40F31E86DAF8BD
:105F400000C0DFF85C809CF8000018F80050604644
:105F500015F0080500F0198710490325B9610021E3
:105F6000796349E5DAF804303C62002B21DDDAF888
:105F700000C0DFF82C809CF8000018F80050604644
:105F8000290740F1EB8605490325B9610A217963A8
:105F900032E500BF78260020215501102D41011067
:105FA0006DA50110DAF8043046F001063C62002BC2
:105FB000DDDCA14B0325BB610A237B63DAF83010DB
:105FC000002900F01A810AF14003994204D0F86BCD
:105FD000BA63FFF7D5F8BA6B0023CAF83030DAF8A5
:105FE0003C30CAF80430002B00F00781DAF83800A2
:105FF0007406CAF8000040F11A87012D3FF451AE33
:10600000002D76D0022D40F05082002A06F01003B9
:1060100008BF4FF0FF3216F00109BB6300F0128198
:10602000BB6B002B40F006847B6A310653F8044BAF
:106030007B6240F15685BA62002C3FF42EAC802082
:10604000ECF71EFBBA6A8146002800F06B86FB6AFB
:106050002060DD889E88B54280F06A841868FB6AFB
:10606000494640F825404FF0200C0135DD80DAF834
:106070000030DFF8CC811B7818F8035015F00805C4
:1060800000F00983BB6B002B7FF4B9ADA9EB0101D4
:10609000C9F800308B1001339C457FF6ADAD002C64
:1060A0003FF4AAAD04312068ECF7FCFA00287FF435
:1060B000CDAEA1E5DAF8043046F001053C62002BD4
:1060C00040F35785DAF80000DFF8748190F800C0DB
:1060D00018F80CC01CF0080F00F06B862E46022545
:1060E0008AE4DAF8043046F040063C62002B40F3C4
:1060F000C882012A38BF0122F30715463FF5E7ACF5
:10610000F30600F1B1837B6A340653F8048B7B629B
:1061100040F1AA82B8F1000F3FF4BFAB1046ECF794
:10612000AFFA064600287AD0FB6AC8F80000B3F838
:1061300006909A88914580F07D841868FB6A314604
:1061400040F8298009F101090122A3F806902B46A5
:10615000CDF800A0F86BFFF75BFA064600283FF485
:1061600007AC854207D90146D8F80000ECF79AFA47
:1061700008B1C8F800003B6BB344D7F82090013356
:106180003B63FFF7BEBADAF8043046F001063C6222
:10619000002B3FF761AD294B0325BB6108237B63CF
:1061A0000CE7A146FFF7C9BA821C3FF42BAD0328C8
:1061B000B34403D12268042A00F05181BA6A013D38
:1061C000002A3FF4EAAC02E5851C3FF441AED9F861
:1061D0000050681C7FF4D5ADE9E53368042B7FF4EB
:1061E000F2ADFB69002B3FF4F2ADDAF804304FF06A
:1061F0000008002B3FF792AD2FE6BAF80C300022D2
:10620000DAF8101043F02003CAE90012AAF80C30A3
:106210003B6B23B1BAF80C305A067FF53EABFB6AF4
:10622000002B7FF4ABAB4FF0FF333B63FFF73FBB7B
:10623000BD6B4A46E1E600BF2D410110215501101A
:106240006DA5011006F01003002B40F0BB84796AA5
:1062500016F0800551F8043B1C46BB63796200F0E0
:10626000C283BA62002B3FF418AB2020ECF708FA87
:1062700005460028D3D0FB6ABA6ADE88B3F80490DA
:1062800020604E4580F082821868BB6B4FF0200979
:1062900040F826300136FB6ADE800123DAF800C0C0
:1062A000DFF838859CF8000018F80000010700F1BD
:1062B000BF82144642462E46984661465B46934648
:1062C000DAF80420013ACAF804204A1CCAF800206F
:1062D0000A7805F8012BAA1B4A45BA6211D3B8F116
:1062E000000F0ED04FEA49093046FB614946ECF7F2
:1062F000D9F90646002892D0BB6BBA6A1860851897
:10630000FB69013C0BD0DAF80420002A40F33C84FE
:10631000DAF800100A781BF802201207D0D59B4645
:10632000A91B43468B440131002289452A7006D9B6
:106330002BB1BC6B2068ECF7B5F900B120603B6B6A
:10634000D7F8209001333B63FFF7DBB9FB69002BE3
:1063500040F03282796A16F0800651F8043B796287
:1063600000F0CE83BA62BB63002B3FF496AA2020D4
:10637000ECF786F9054600283FF451AFF96ABB6B8C
:10638000CE88B1F80480BA6A4645186080F0E5828C
:106390000868F96A4FF0200940F826300136CE80AF
:1063A00007F18801DAF800000C460178615C0029E9
:1063B0003FF473AAB3F100080AF14001C7F81CB01A
:1063C0002E4618BF4FF001089346B962BB631BE02D
:1063D000B8F1000F27D04FEA490930464946ECF79B
:1063E00061F9064600283FF41AAFBB6B05441860FC
:1063F000BBF1010B3FD0DAF80410002915DDDAF803
:1064000000000178615CB1B32946DAF80450013D1F
:10641000CAF80450451CCAF80050007801F8010B76
:106420008D1B4D45D4D20D46E2E7DAF83010002935
:1064300000F04184BB6A994202D0F86BFEF7A0FEDF
:106440000023DAF83C10CAF83030CAF804100029EA
:1064500000F03184DAF83800CAF80000D1E7BA6AEF
:10646000002A3FF49AABDAF804200026002A3FF70E
:106470005FABFFF7CBBBAE1BD7F81CB0BB6B3FF4D9
:106480000CAA711C002289452A707FF674AEB8F1FF
:10649000000F3FF470AE1868BB63ECF703F90028F7
:1064A0003FF469AEBB6B186065E6D7F82090DAF868
:1064B00000C0531E262B40F2C580A2F127032722DD
:1064C0003B6200230AF1400407F1600846F4586576
:1064D000BB63BB622346464614464A4699469CF82F
:1064E0000000A0F12B014D292FD8DFE801F0802E0C
:1064F000802E2E856C6C6C6C6C6C6C27272E2E2E6F
:106500002E2E2E2E5656565656562E2E2E2E2E2EBB
:106510002E2E2E2E2E2E2E2E2E2E2E742E2E2E2E55
:106520002E2E2E2E5656565656562E2E2E2E2E2E9B
:106530002E2E2E2E2E2E2E2E2E2E2E747B6BA64918
:1065400031F91310082979632ADC9146E80505D54D
:10655000464500F2988046453FF49FA915F0100289
:1065600014D17B6B4146BC69F86B3270A0477B6AE3
:10657000A90603F1040469D42A0740F11B827B6A4F
:106580001B6818703B6B7C6201333B63A6EB08060B
:10659000BB6B1E44B344FFF7B4B87B6B0A2BD4DD4E
:1065A00025F4386506F8010BDAF8041001390029E2
:1065B000CAF804102DDD0CF10101013CCAF80010ED
:1065C000C3D08C468BE77B6B25F43865824931F963
:1065D00013307B63E6E705F4C061B1F5007FB4D109
:1065E00025F40075102345F4A0657B63DAE72B06DC
:1065F000ABD525F08005D5E72B05D3D57B6B1BB933
:10660000082345F400757B63690522D525F4B06540
:10661000C8E7DAF83010002900F03E83494504D07D
:10662000F86BFA61FEF7ACFDFA69BB6ADAF83C1068
:10663000CAF83030CAF80410002900F02D83DAF8C7
:106640003810BAE700233B623BE77B6A1B6818609F
:1066500098E73B6A25F4607513B1013B01343B6256
:10666000BB6B0133BB639FE7CDF800A013464146E7
:106670000122F86BFEF7CCFF064600287FF47BADC5
:10668000C6E500259AE416F8011C5246F86B013E57
:10669000FEF780FF5FE73E69C7F810809046FC6018
:1066A000F961C7F828C000F07DFDA8423FF4B0AD05
:1066B000032E07F15804DAE9003202F1FF3213F831
:1066C000011BCAF8042007F16002CAF800305155D6
:1066D00005F1010502D12368042B04D00822002112
:1066E0002046FDF7DDFD009407F160022B46494688
:1066F000F86B00F0B1FF421C06463FF489AD00285C
:1067000040F07681C9F8000000F0D0FF002840F08A
:10671000B781AB4408F1FF38BD6B002D40F0D0814C
:1067200009F10409F869BB6AA9EB0004B3EBA40FF3
:1067300000F2C681FA68002A00F0C281D900EBF7A6
:10674000B1FF0146F861002800F0EC82BB6A00EB63
:1067500004095800FB68B8621960DAF80430002BAD
:1067600040F3C682DAF800301B783A69D35CC3F391
:10677000C00383F00103D80702D5B8F1000F92D10E
:10678000FC68F969D7F828C03E617BE44FF6F673E0
:10679000BA6299453FF6F2A809F10809FC6A4FEA86
:1067A00089012068EBF77EFF00283FF4E7A8BA6A6A
:1067B000A4F80490206068E5DAF8001007F188007A
:1067C0000B78C35C002B3FF468A80AF140064546ED
:1067D000144681460AE000BFD0A601106DA5011045
:1067E0000B7819F80330002B00F08980DAF80430B8
:1067F00008F101080131013B4445CAE900137ED08C
:10680000002BEDDCDAF8301000296BD0B14202D059
:10681000F86BFEF7B5FCDAF83C30CAF83050CAF82D
:106820000430002B5ED0DAF83810CAF80010D7E731
:10683000012179E54FF0000C07F1440361469946C8
:10684000644614E4002307F144017B6089463B6001
:10685000C7E90233FFF75CBA00239946FB617B600E
:10686000C7E90233FFF760B9DAE900239D4240F33C
:10687000F6811A44DAF830101E46A5EB0308CAF870
:106880000020002900F053820AF14003994202D00F
:10689000F86BFEF775FC0023CAF83030DAF83C30AC
:1068A000CAF80430002B00F04282DAF8382098450C
:1068B000CAF8002040F3D4819D19BAF80C3043F097
:1068C0002003AAF80C30DAF81030CAF800300023A0
:1068D000CAF80430002D3FF49BACAB44D7F82090AD
:1068E000FEF70FBFBAF80C3043F02003AAF80C30C3
:1068F000DAF81030CAF800300023CAF80430C34474
:10690000D7F82090FEF7FDBE4FF6F673BA639E42AD
:1069100000F208820836FC6AB1002068EBF7C2FE7C
:10692000002800F0FF81BA6BA6802060FFF7E4B971
:106930004FF6F673BA629E4200F2F4810836FB6AA3
:10694000B1001868EBF7AEFE002800F0EB81FB6A9F
:10695000BA6A9E801860FFF782BB4FF6F671BB6281
:10696000BA6388453FF60AA808F10808FC6A4FEAAE
:1069700088012068EBF796FE00283EF4FFAFBB6A63
:10698000BA6BA4F80480206003E54FF6F6739845CF
:1069900000F2C88108F10808FC6A4FEA8801206803
:1069A000EBF780FE002800F0BD81A4F80480206091
:1069B000FFF7AEB86B075FD415F001027FF445AE68
:1069C000A9077FF542AEC74BB969F86B99427B6B5B
:1069D000414600F0F78100F077FD0B467A6A1168B6
:1069E000C1E90003CEE52B46BD6B9946BB6355E478
:1069F000831C3FF4B2AED9F8000000F057FE002827
:106A00003ED1032EAB447FF485AE2368042B7FF484
:106A100081AE81E699F802C046F0080609F1020944
:106A2000FEF7D0BE99F802C046F0020609F102094D
:106A3000FEF7C8BE4FF6F6739A423EF69FAF02F1DC
:106A40000804FB6AA1001868EBF72CFE00283EF44E
:106A500095AFFB6A9C801860FFF770BB83F800B0AD
:106A6000FFF7CDB87C682068EBF71CFE00283FF4E8
:106A7000C1A82060FFF7BEB87B6A1B68188081E55B
:106A800007F16003FC68F969D7F828C03E615E1918
:106A9000C7F828908946FC613446D7F83C806646A2
:106AA000013D524614F8011D4046FEF773FD002DCE
:106AB000F6D14946FC69D7F82890B446FFF7E2BA08
:106AC00000254AE6BAF80C3043F02003AAF80C304F
:106AD000DAF81030CAF800300023CAF80430FEF7A4
:106AE00010BEA146BC6BA4462146FFF7C0BABB6AE4
:106AF000D7F80490FB617B60C7E90233FFF714B855
:106B00001D46B14633464BE4FB69D7F80090FB6065
:106B10003B60C7E90133FFF7FBB882B0CDE9023330
:106B200002ABFB62FEF7AEBFD7F838B03C61B8F1FC
:106B3000000F3FF470A907F160034546FE6B03EBBD
:106B40000804013D524614F8011D3046FEF722FDAF
:106B5000002DF6D1FFF75FB90125FFF72FBA614B82
:106B60000325BB610A237B63FFF728BA0225FFF7E1
:106B700025BA2E460225FFF721BA5B4B0325BB61E0
:106B800000237B63FFF71ABADAF83010002900F00F
:106B900023810AF14002914204D0F86BBB62FEF7F8
:106BA000EFFABB6A0022CAF83020DAF83C20CAF8B3
:106BB0000420002A00F01081DAF83810CAF800101A
:106BC000FFF7A8BBDAF80000DFF82081037818F897
:106BD000033019073FF513A80AF140064D46144645
:106BE00005E0037818F803301B0700F1B080DAF8ED
:106BF000043009F101090130013B4C45CAE90003A9
:106C000000F0A280002BECDCDAF83010002900F054
:106C1000C080B14202D0F86BFEF7B2FADAF83C302D
:106C2000CAF83050CAF80430002B00F0B280DAF80D
:106C30003800CAF80000D4E73B61BAF80C3043F0E2
:106C40002003AAF80C30DAF81030CAF8003000231C
:106C5000CAF80430002E3EF4C2AFFFF7D9BAA846F6
:106C6000A3EB08034244CAE9002336E6BAF80C3025
:106C7000D7F838B043F020033C61AAF80C30DAF8BA
:106C80001030CAF800300023CAF80430B8F1000F01
:106C90003FF4C1A8FFF7BCBABAF80C30914643F0F4
:106CA0002003AAF80C30DAF81030CAF800300023BC
:106CB000CAF804304AE4BAF80C20B542D7F81CB040
:106CC00042F02002BB6BAAF80C20DAF81020CAF8B8
:106CD00000204FF00002CAF804203FF499AAAE1B2E
:106CE000FFF7CFBB215501102D4101106DA50110FB
:106CF000DAF83010002900F083800AF1400399424D
:106D000002D0F86BFEF73CFA0023CAF83030DAF80C
:106D10003C30CAF80430002B72D0DAF83830CAF8A8
:106D2000003021E54FF0FF333B63FEF7B6BD35463B
:106D3000C3E5F2070ED4B5070CD54FEAEB72C3F8E2
:106D400000B05A60FEF75BBFA344FEF758BFCB44C8
:106D5000FEF755BFC3F800B0FEF751BF3A4BBB6119
:106D60000A237B63D7F82090FFF7A3BB374BBB61A7
:106D700010237B63F6E7354BBB6108237B63F1E7A8
:106D8000324BBB610A237B63ECE72F4B7D63BB6116
:106D9000E8E7BAF80C30CB4443F02003AAF80C30F3
:106DA000DAF81030CAF800300023CAF80430FEF7D1
:106DB00026BF5AB906F010034FF0FF322E46BB63D0
:106DC000FFF72EB900F046FC0B4607E606F010036D
:106DD0002E46BB63FFF724B9BAF80C209B46A91BCB
:106DE000434642F020028B440131AAF80C20DAF825
:106DF0001020CAF800200022CAF80420FFF794BA35
:106E0000BAF80C30FC6843F02003F969D7F828C0C1
:106E1000AAF80C30DAF810303E61CAF800300023CE
:106E2000CAF80430002D7FF4F3A9FFF72BB990F8CE
:106E300000C0DFF81C8018F80CC01CF0080F7EF4AE
:106E4000DBADFFF7DAB800BF2D410110215501106D
:106E50006DA5011070B50C7884465E2C24D00023FB
:106E6000481C9E4600220CF5807163F3070263F311
:106E70000F2263F3174263F31F62634643F8042B48
:106E80008B42FBD174B18EF00101451C0CF804104B
:106E900015F8013C2D2B0ED05D2B0AD01BB11C46E2
:106EA0002846F2E7013870BD0123881C4C789E46C5
:106EB000D8E7284670BD90F801E0BEF15D0F15D00F
:106EC000744513DC661C02300CEB060202F8011B51
:106ED000A2EB0C03013B9E45F8DCAEEB040302354C
:106EE000013B7445A8BF00239C19D1E72D242846F7
:106EF000CBE700BF002070472DE9F0410C46096B3D
:106F000004F14003994214D0666B77003A46FCF7CF
:106F10006FFE054630B300EB060801463246404698
:106F2000FEF72EF8C4F80080C4E90C570020BDE835
:106F3000F0814FF48061FCF78BFB98B194F842200C
:106F40004FF48061206300F2FD33616380F8FF231A
:106F500094F8412080F8FE2394F8402080F8FD2327
:106F60002360E3E74FF0FF30E1E700BF82B30B4659
:106F700030B540EA01048646A40717D1032A07D892
:106F800014E0043A22D01CF0803F1FD1032A23D9F9
:106F9000DEF80040194653F8045B7046A4F1013C4A
:106FA0000EF1040EAC422CEA040CEAD00378013A4C
:106FB0000C78A3420ED1024406E03BB110F8013F29
:106FC00011F8014FA34205D19042F6D1002030BD07
:106FD00010467047181B30BD70461946E6E700BFE3
:106FE0000048704720260020F8B55B4A0C46002375
:106FF000D0E9000100F094FC002AC0F2A580574DB2
:10700000054457494FF46163A1FB0201C90A03FB20
:107010001122544BA160A3FB0213E91C5B096360BE
:10702000C3EB0313A2EB83024F4B226083FB0132BD
:10703000CB170A44C3EBA203C3EBC303CB1A78D428
:10704000002DA36177DB494BE91783FB0523C1EBD7
:10705000E3314748474A00FB0150474E8308A2FBF3
:107060000352A6FB0353454D00EBD222A2EBD312F1
:107070000309A5FB0353424DA2EB1312A5FB0235F6
:107080009308521BA6FB036305EB52023D4DDB093F
:10709000120AA5FB0265C3EB55133B4D034440F2B6
:1070A0006D1000FB123303EB83000230A5FB00657B
:1070B00040F2F956ED09B04205EBC5008CBF6FF008
:1070C0000906022600EB00103544304E0230A6FBC4
:1070D00000604FF4C87606FB01215E1C012D98BFAD
:1070E0000131B3F5997FA6EB90000BD3A3F599730B
:1070F000A1F26C71E3610023E06020462362C4E9E1
:107100000451F8BD96070BD0214E06FB02F2214E2A
:10711000B6EB321F2CBF012200223B331344E7E7BA
:107120001B4E1D4F02FB06F6B7EBB60FECD2012249
:10713000F3E70733A36119490C4B294483FB01236F
:10714000C917C1EBE33184E702F5A832144D02F50B
:10715000C072054455E700BF805101006CFA0A0077
:10716000C5B3A2918988888893244992BD066B395A
:107170004FC5FDFF7F206B39D97CC65941D67200BF
:1071800061F319671F85EB51D7802BD6CDCCCCCCC2
:10719000295C8FC20AD7A300285C8F0250C5FDFF6F
:1071A0006BFA0A00014B93F82801704778260020FB
:1071B0000148FDF795BD00BFF42A00200148FDF706
:1071C00093BD00BFF42A002082B049B15AB16BB11F
:1071D00013780B601278101E18BF012002B07047A0
:1071E00001A9002AF3D1104602B070476FF00100E8
:1071F000F4E700BF034649B1FF2A02D801200A7014
:1072000070478A224FF0FF301A6070470846704777
:107210002DE9F04F1F4685B08B460D46A84B0390D5
:1072200000922A4615F8014B1E5D16F00806F8D1AB
:107230002D2C27F0100900F090802B2C1AD0B9F1DA
:10724000000F1DD1302C00F0E980002F00F0DB8012
:107250004FF01008B2466FF0784C4FF0FF364FF009
:107260000F09474600224FF0FF336FF0004ECDE983
:10727000012321E02C78951CB9F1000F00F0A180CA
:107280004FEAE77A3A464FF0FF306FF0004153463D
:10729000B84600F03DFB534691464FF0FF303A466A
:1072A0006FF0004100F034FB4FF0FF3301968C4645
:1072B00006466FF0004E029300221046114613E07E
:1072C000A4F13703BB421FDA013209D086427CEBBE
:1072D000010205D3614508BFB04227D14B4525DDEA
:1072E0004FF0FF3215F8014BA4F13003092BE9D917
:1072F000A4F14103192BE3D9A4F16103192B03D89D
:10730000A4F15703BB42DFDB531C1BD0019B13B11D
:10731000404261EB4101009B2BB1002A40F090807C
:10732000009BC3F800B005B0BDE8F08F00FB0AF287
:1073300008FB0122A0FB08010A44181842EBE37184
:107340000122CFE72223039A1360009B002B7AD0FF
:1073500005F1FF3B02987146E2E72C78951CB9F1E4
:10736000000F14D1302C73D0002F40F08B804FF0E1
:107370000A080123BA460296DFF848C14FF0CC361E
:107380004FF0080947464FF0004E019394E74FEA4B
:10739000E77A3A4600204FF000415346B84600F0E5
:1073A000B7FA5346914600203A464FF0004100F0AC
:1073B000AFFA012302968C4606464FF0004E019329
:1073C0007AE7302C7FF441AF937803F0DF03582B3A
:1073D00030D14FF01008CA46D478151D47464246B2
:1073E00053464FF0FF306FF0004100F091FA5346E2
:1073F00091464FF0FF3042466FF0004100F088FAAE
:1074000006468C462EE74FF00A08BA464FF0CC36B7
:10741000DFF8B0C04FF00709474623E72B7803F0A9
:10742000DF03582B06D14FF010086C78CA46D51CE4
:107430004746D4E7D7BB4FF00808BA464746CEE7E1
:107440008E46029084E70298714605B0BDE8F08F41
:10745000937803F0DF03582B21D067B34FF0100867
:10746000CA4647465346424600204FF0004100F0CE
:107470004FFA00238C46012106464FF0004ECDE91D
:10748000011319E74FF0100801234E464FF0006C2E
:10749000CA4647464FF0004ECDE901390CE74FF0A0
:1074A0001008D478151DCA464746DBE74FF0100890
:1074B000CA46474693E74FF00808BA464746D1E721
:1074C0006DA50110CCCCCC0CFFF7A2BE2DE9F04F7E
:1074D00085B08B461E460D4601925C4A03902946B4
:1074E00015F8014B135D13F00803F8D12D2C00F0B3
:1074F0008C802B2C52D0029336F0100A55D04FEAD4
:10750000E67A32464FF0FF304FF0FF315346B14636
:1075100000F0FEF932460746884653464FF0FF30EA
:107520004FF0FF3100F0F4F9944600221046114666
:1075300013E0A4F137039E421FDD013209D08742D8
:1075400078EB010205D3414508BFB8423BD1634502
:1075500039DD4FF0FF3215F8014BA4F13003092B50
:10756000E9D9A4F14103192BE3D9A4F16103192B43
:1075700003D8A4F157039E42DFDC531C3AD0029B90
:1075800013B1404261EB4101019B23B1002A39D183
:10759000019BC3F800B005B0BDE8F08F36F0100ACB
:1075A0002C78029301F10205A9D1302C32D0BEB95A
:1075B0004FF00A09B2464FF0050C4FF09937DFF84B
:1075C00090804E46B1E700FB0AF209FB0122A0FBC6
:1075D00009010A44181842EBE3710122BBE756B3D4
:1075E0004FF010094FF00F0C4FF0FF376FF070485D
:1075F0004E469AE72223039910460B601146019BE1
:10760000002BC8D005F1FF3BC2E701232C788D1C6D
:10761000029371E72B7803F0DF03582BDFD14FF093
:1076200010096C784FF00F0C02354FF0FF376FF0F8
:1076300070484E4679E74FF00809B2464FF0070C04
:107640004FF0FF376FF060484E466EE76DA50110B2
:1076500099999919FFF73ABF70B582B00446069D13
:1076600055B11048D0F8E4606AB120460095B047A3
:10767000431C10D002B070BD00F1F4050948D0F8E9
:10768000E460002AF1D1012311462046064A009504
:10769000B047431CEED100228A232A60236002B047
:1076A00070BD00BF782600204C840110002100F03E
:1076B00001B800BF10B500F0B7F8044600F0E6F8D6
:1076C000A0F11A03DBB2022B01D8012010BDA4F1F6
:1076D000090004288CBF0020012010BD0229C0F33E
:1076E00007235FFA80FC25D0032903D083F08003B1
:1076F0008CF0800C03F15002D2B21F2A0BD903F197
:107700003002D2B2242A3BD84FF2A64290422CD962
:107710004FF0FF3070474CF6D3729042F8D8B03B30
:10772000ACF1A10C384AC3EBC3130CEB430332F8A2
:1077300013007047BCF19E0F11D90CF1230C80226D
:107740005FFA8CFC9F2B94BF703B503302EB4302DB
:10775000D3B203F15002D2B21F2AD0D8DBE7ACF18A
:107760007E0C7F225FFA8CFCECE7D03BACF1A10CE5
:10777000264AC3EBC3130CEB430332F813007047E4
:10778000A13B072BC4D8DFE803F0382E241D1712C5
:107790000D04BCF1C00FBBD81D4AACF1A10332F8F7
:1077A00013007047BCF1F10FB2D81A4A1CE0BCF1CB
:1077B000D80FADD8184A17E0BCF1F60FA8D80CF5D1
:1077C00040507047BCF1F30FA2D842F6A07060445D
:1077D0007047124B634413F8A13C002B98D04FF62E
:1077E0006060604470470E4AACF1A10332F81300A8
:1077F000002808BF4FF0FF3070470A4AACF1A103E0
:1078000032F81300704700BF70C10110F4A60110D8
:107810009CD80110DCD8011080D90110F0D90110DA
:107820004CDA011008DB011038B50546B9B101F595
:10783000957412492046FDF767FA28B928460121B8
:10784000BDE83840FFF74ABF0D492046FDF75CFA16
:1078500038B928460221BDE83840FFF73FBF094C40
:10786000E7E709492046FDF74FFA28B928460321E2
:10787000BDE83840FFF732BF284638BD5C880110AC
:1078800060880110A227002068880110154B9842DB
:1078900026D840F6F90C70B54FF0000E124D03E0FB
:1078A00004F1010EF44519DB1EEB0C0248BF013256
:1078B00022F00103541003EB620305EB43015B006C
:1078C0004A784E88898842EA062211448842E7D8DD
:1078D000904204F1FF3CE5D3E85C70BDFF2070BD31
:1078E000FF207047EF010E00C4DB0110F8B500BFA8
:1078F0005FF800F02D0300205FF800F0050C002079
:107900005FF800F0711000205FF800F02D170020E4
:107910005FF800F07D1800205FF800F0650300209C
:107920005FF800F0DD1700205FF800F0C90E0020BE
:107930005FF800F0890100205FF800F0A10300204B
:107940005FF800F08D0B00205FF800F0C10B002005
:107950005FF800F0C50200205FF800F0650B002022
:107960005FF800F0591200205FF800F0E90F0020E6
:107970005FF800F0090200205FF800F0590F0020C6
:107980005FF800F07911002051220010C52100108D
:10799000F92100109D220010312200104921001011
:1079A0007922001035210010B11400107D22001042
:1079B000711800109521001065220010152200108A
:1079C0008D100010B510001019020010FD470010B6
:0879D0007170001059930010C2
:1079D800543A256C75636D2020202020202020201B
:1079E80020202020202020202020202020000000EF
:1079F8004D3A252E3266636D207C206D3A252E3255
:107A0800660000004843535230343A20252E32662F
:107A180020636D20202020005420000020202020FA
:107A2800000000004D2000006D20000053440000BD
:107A38004F4B2000416E74656465206465206C615D
:107A480020636F6C6120436F6E7461646F723D20B8
:107A580025640A0044657370756573206465206C3D
:107A68006120636F6C6120436F6E7461646F723D57
:107A78002025640A000000004572726F72206C6550
:107A880079656E646F20656C2052544300000000D5
:107A980055544E2D465241207C20544433207C209E
:107AA800473A3900546172656120656C696D696196
:107AB8006E646100665F6D6F756E74206572726FBB
:107AC800723A20257320282564290A0064617461AC
:107AD8006C6F6765722E747874000000665F6F7053
:107AE800656E28257329206572726F723A20257396
:107AF80020282564290A0000457363726974757229
:107B0800612066616C6C69646120646520627566D9
:107B18006665723100000000665F636C6F736520F4
:107B28006572726F723A20257320282564290A002D
:107B38005441524541207461736B5F67756172648B
:107B480069616E615F73642073757370656E6469D3
:107B58006461000044656E74726F2064652074610E
:107B6800736B5F677561726469616E615F736400EE
:107B7800486F72613A20253032643A253032643ACF
:107B8800253032642C46656368613A2025303264BA
:107B98002F253032642F3230253032642C536574EF
:107BA800706F696E743A20256C752C536574706F0C
:107BB800696E744D61783A20252E32662C536574AF
:107BC800706F696E744D696E3A20252E32660A0010
:107BD800486F72613A20253032643A253032643A6F
:107BE800253032642C46656368613A20253032645A
:107BF8002F253032642F3230253032642C5365748F
:107C0800706F696E744D61783A20252E32662C5358
:107C1800757065726164613A20252E32660A00002B
:107C2800534574706F696E7420677561726461641E
:107C38006F000000534574706F696E742065787426
:107C480065726D6F7320677561726461646F00009F
:107C5800496E697400000000536574506F696E7452
:107C680000000000677561726469616E61534400C9
:107C7800677561726469616E614C4344000000007D
:107C88006465626F756E63655F626F746F6E000026
:107C9800677561726469616E614C45445300000008
:107CA800726567736974726F5F6665636861000007
:107CB800636F6E74726F6C5F706964000A2A2A2A97
:107CC8002050414E4943202A2A2A0A004E6F207329
:107CD80070696E6C6F636B73206172652061766189
:107CE800696C61626C6500004E6F20757365722067
:107CF800495251732061726520617661696C6162D5
:107D08006C650000486172647761726520616C611E
:107D1800726D20256420616C726561647920636CE2
:107D280061696D6564000000486172642061737365
:107D3800657274004F7574206F66206D656D6F7283
:107D48007900000052656C6561736500626F6F743D
:107D5800325F77323571303830000000302E310014
:107D6800322E312E310000007069636F320000003E
:107D78006669726D77617265000000004E6F76204B
:107D88002036203230323500666E692B0000000044
:107D9800666E69006E616E00666E692D00000000F7
:107DA80055534220737464696E202F207374646F76
:107DB800757400005261737062657272792050693F
:107DC800000000005069636F00000000426F61729C
:107DD800642043444300000052657365740000004A
:107DE800556E68616E646C65642049525120307824
:107DF80025780A0065702025303258207761732075
:107E0800616C726561647920617661696C61626C2C
:107E18006500000043616E277420636F6E74696E9D
:107E280075652078666572206F6E20696E6163746F
:107E38006976652065702025303258004E6F2050D5
:107E4800494F207374617465206D616368696E655C
:107E5800732061726520617661696C61626C65008E
:107E6800444D41206368616E6E656C20256420690D
:107E78007320616C726561647920636C61696D65FA
:107E8800640000004E6F20444D41206368616E6EAF
:107E9800656C732061726520617661696C61626CE2
:107EA80065000000546D725100000000546D72208E
:107EB80053766300EB7690455846415420202000C5
:107EC8004641543332202020000000002A3A3C3E2C
:107ED8007C223F7F000000002B2C3B3D5B5D0000B7
:107EE8004F560000494E46004E614E00556E6B6E6F
:107EF8006F776E00537563636565646564000000A1
:107F0800412068617264206572726F72206F6363CA
:107F1800757272656420696E20746865206C6F776D
:107F2800206C6576656C206469736B20492F4F203F
:107F38006C61796572000000417373657274696FD2
:107F48006E206661696C65640000000054686520F5
:107F5800706879736963616C2064726976652063FF
:107F6800616E6E6F7420776F726B0000436F756C73
:107F780064206E6F742066696E642074686520667C
:107F8800696C6500436F756C64206E6F7420666958
:107F98006E64207468652070617468005468652098
:107FA80070617468206E616D6520666F726D6174B2
:107FB80020697320696E76616C696400416363654A
:107FC80073732064656E6965642064756520746FD9
:107FD8002070726F686962697465642061636365A3
:107FE8007373206F72206469726563746F7279208D
:107FF80066756C6C000000004163636573732064F0
:10800800656E6965642064756520746F2070726F91
:1080180068696269746564206163636573732028A5
:1080280065786973747329005468652066696C659E
:108038002F6469726563746F7279206F626A656311
:108048007420697320696E76616C696400000000B1
:1080580054686520706879736963616C206472691B
:1080680076652069732077726974652070726F7401
:108078006563746564000000546865206C6F676907
:1080880063616C206472697665206E756D626572D5
:1080980020697320696E76616C6964005468652094
:1080A800766F6C756D6520686173206E6F20776FD1
:1080B800726B206172656120286D6F756E7429007E
:1080C8005468657265206973206E6F2076616C69EB
:1080D800642046415420766F6C756D650000000081
:1080E80054686520665F6D6B667328292061626F2E
:1080F800727465642064756520746F20616E7920E0
:1081080070726F626C656D00436F756C64206E6F82
:1081180074206765742061206772616E7420746FC3
:10812800206163636573732074686520766F6C756E
:108138006D652077697468696E20646566696E6527
:108148006420706572696F640000000054686520DF
:108158006F7065726174696F6E2069732072656AE9
:108168006563746564206163636F7264696E672018
:10817800746F207468652066696C65207368617225
:10818800696E6720706F6C69637900004C464E20F9
:10819800776F726B696E67206275666665722063B9
:1081A8006F756C64206E6F7420626520616C6C6FF3
:1081B80063617465640000004E756D626572206FBE
:1081C80066206F70656E2066696C6573203E204678
:1081D800465F46535F4C4F434B0000004769766546
:1081E8006E20706172616D657465722069732069B3
:1081F8006E76616C696400004E6F205344206361A1
:108208007264206465746563746564210D0A0000F6
:1082180025643A0025733A20426C6F636B205772CD
:10822800697465206E6F742061636365707465643A
:108238002E20526573706F6E736520746F6B656E58
:108248003A20307825782C20737461747573206215
:108258006974733A202564256425640A00000000C7
:108268004E6F206469736B2C206F7220636F756C7E
:1082780064206E6F7420707574205344206361729B
:108288006420696E20746F205350492069646C65BE
:108298002073746174650A0054696D656F75742084
:1082A80077616974696E6720666F722063617264B2
:1082B8000A0000004661696C656420746F20696E6D
:1082C800697469616C697A6520636172640A000087
:1082D8005344205374616E64617264204361706119
:1082E80063697479204D656D6F727920436172649A
:1082F80020756E737570706F727465640A00000083
:10830800556E6B6E6F776E206572726F720000002B
:108318002573206174206C696E652025643B206597
:1083280072726F7220636F64652025640A00000012
:1083380025732C2564205344494F206E6F74207296
:108348006573706F6E64696E6720746F20434D4467
:10835800382053454E445F49465F434F4E442C20D6
:108368007374617475732030782578207265706C29
:1083780079203078256C780A000000005344494F72
:10838800206361726420696E697469616C697A61DD
:1083980074696F6E2074696D656F75740A000000EA
:1083A80025732C2564205344494F206661696C6508
:1083B8006420746F2073657420424C4F434B4C45C6
:1083C8004E0A000073645F7364696F5F73746F7043
:1083D8005472616E736D697373696F6E28292074A6
:1083E800696D656F75740A0073645F7364696F5FA4
:1083F8007772697465536563746F7228256C752983
:10840800206661696C65643A2025732028256429F3
:108418000A00000073645F7364696F5F7772697440
:1084280065536563746F7273282C256C752C2C2525
:108438007A7529206661696C65643A20257320285D
:108448002564290A0000000073645F7364696F5F24
:1084580072656164536563746F72282C256C752C82
:1084680029206661696C65643A2025732028256493
:10847800290A000073645F7364696F5F72656164E1
:10848800536563746F727328256C642C2E2E2E2C02
:1084980025642920206661696C65643A202573206B
:1084A800282564290A0000005344494F3A204F4BBD
:1084B800000000005344494F3A2062757379000068
:1084C8005344494F3A2054696D6564206F75742090
:1084D80077616974696E6720666F72207265737060
:1084E8006F6E73652066726F6D2063617264000041
:1084F8005344494F3A20526573706F6E7365204339
:1085080052432069732077726F6E67005344494F56
:108518003A20526573706F6E736520636F6D6D617D
:108528006E6420636F646520646F6573206E6F747A
:10853800206D6174636820776861742077617320A7
:1085480073656E74000000005344494F3A20546923
:108558006D6564206F75742077616974696E672032
:10856800666F72206461746120626C6F636B0000D7
:108578005344494F3A2043524320666F7220646146
:108588007461207061636B65742069732077726F02
:108598006E6700005344494F3A2043617264207269
:1085A80065706F7274732062616420435243206661
:1085B8006F72207772697465000000005344494F58
:1085C8003A2043617264207265706F727473207709
:1085D80072697465206661696C75726500000000D7
:1085E8005344494F2063617264207265706F7274DE
:1085F8007320777269746520435243206572726FE5
:10860800722C2073746174757320256C780A0000CD
:108618005344494F2063617264207265706F7274AD
:1086280073207772697465206661696C7572652C50
:108638002073746174757320256C780A000000003B
:108648005344494F2063617264207265706F72747D
:108658007320756E6B6E6F776E2077726974652004
:1086680073746174757320256C780A0025733A2039
:1086780054696D656F75742077616974696E6720D8
:10868800666F7220726573706F6E736520696E20F5
:108698007270323034305F7364696F5F636F6D6D11
:1086A800616E645F5231283078256878290A0000A5
:1086B8007270323034305F7364696F5F636F6D6DF1
:1086C800616E645F5231282564293A204352432061
:1086D8006572726F722C2063616C63756C6174656E
:1086E800642030782568782C207061636B6574206D
:1086F8006861732030782568780A00002564207244
:1087080070323034305F7364696F5F636F6D6D61B1
:108718006E645F5231282564293A20726563656961
:10872800766564207265706C7920666F72202564A6
:108738000A0000005344494F20636865636B7375F2
:108748006D206572726F7220696E20726563657044
:1087580074696F6E3A20626C6F636B2025642063C6
:10876800616C63756C61746564203078256C6C7815
:10877800206578706563746564203078256C6C7842
:108788000A0000007270323034305F7364696F5FC2
:1087980074785F706F6C6C28292074696D656F75CB
:1087A800740A0000545A0000474D54002531315BCB
:1087B8002D2B302D39412D5A612D7A5D256E000003
:1087C8002531315B412D5A612D7A5D256E000000FF
:1087D800256875256E3A256875256E3A25687525CC
:1087E8006E0000004D256875256E2E256875256E6E
:1087F8002E256875256E00002F256875256E3A258B
:108808006875256E3A256875256E00002E000000F3
:108818004C435F434F4C4C41544500004C435F432D
:1088280054595045000000004C435F4D4F4E45548D
:10883800415259004C435F4E554D45524943000043
:108848004C435F54494D45004C435F4D455353419C
:10885800474553004A495300534A49530000000012
:108868004555434A5000000006005250D3F0754267
:108878004C7D011006005250E182887F547D011022
:10888800060052503ABCA911647D011006005250EE
:10889800ABB36053687D011006005250BBFF3CB675
:1088A800707D011006005250861C0302787D01106D
:1088B800060052505422A29D847D0110050052509A
:1088C800DE65F46858380210000000000000F03F30
:1088D8000000000000002440000000000000594093
:1088E8000000000000408F40000000000088C340E6
:1088F80000000000006AF8400000000080842E415B
:1089080000000000D01263410000000084D79741A6
:108918000000000065CDCD410D0A000000000000F8
:1089280079420010000000007D42001089420010CA
:10893800B5420010B1420010000000000A0000001B
:1089480000000306A6000800020002009C001400B4
:10895800030057494E555342000000000000000034
:108968000000800004000100280044006500760033
:1089780069006300650049006E00740065007200BC
:108988006600610063006500470055004900440027
:1089980000004E007B00620063003700330039009E
:1089A8003800630031002D00370033006300640095
:1089B8002D0034006300620037002D0039003800B4
:1089C800620038002D0039003100330061003800A2
:1089D80066006300610037006200660036007D00B3
:1089E80000000000050F2100011C100500DF60DDFC
:1089F800D88945C74C9CD2659D9E648A9F00000318
:108A080006A60001000000000600525053B4F4A16D
:108A1800A87D011000000000BC7D0110CC7D011074
:108A280004380020D47D0110E07D011009025400B3
:108A3800030100807D080B00020202000009040007
:108A480000010202000405240020010524010001A0
:108A58000424020605240600010705810308001006
:108A680009040100020A0000000705020240000094
:108A7800070582024000000904020000FF0001050A
:108A880012011002EF0201408A2E090000010102C2
:108A98000301000000000000B15B0010215C001021
:108AA800515C00109D5C00105D5D00101D5E0010A3
:108AB8000000000000000000155F0010715F00104A
:108AC8008D5F0010B15F00100D430010A56000100D
:108AD8000000000005000000000000004000000049
:108AE8001400000054000000809A45418E418F8098
:108AF8004545454949498E8F9092924F994F555512
:108B080059999A9B9C9D9E9F41494F55A5A5A6A7FB
:108B1800A8A9AAABACADAEAFB0B1B2B3B4B5B6B755
:108B2800B8B9BABBBCBDBEBFC0C1C2C3C4C5C6C745
:108B3800C8C9CACBCCCDCECFD0D1D2D3D4D5D6D735
:108B4800D8D9DADBDCDDDEDFE0E1E2E3E4E5E6E725
:108B5800E8E9EAEBECEDEEEFF0F1F2F3F4F5F6F715
:108B6800F8F9FAFBFCFDFEFF01030507090E1012D8
:108B78001416181C1E000000A2A0D0EBE5B933445F
:108B880087C068B6B72699C7454649205041525410
:108B980000000100454649205041525400000100A0
:108BA8005C00000000000200EEFEFF000100000073
:108BB800FFFFFFFF7D1D0100632C001E9601A01E14
:108BC8005A01001F0806101F0606201F0806301F3E
:108BD8000806401F0606511F0700591F521F5B1F3A
:108BE800541F5D1F561F5F1F601F0806701F0E0071
:108BF800BA1FBB1FC81FC91FCA1FCB1FDA1FDB1F25
:108C0800F81FF91FEA1FEB1FFA1FFB1F801F08063A
:108C1800901F0806A01F0806B01F0400B81FB91F40
:108C2800B21FBC1FCC1F0100C31FD01F0206E01FCC
:108C38000206E51F0100EC1FF31F0100FC1F4E2177
:108C48000100322170211002842101008321D024E7
:108C58001A05302C2F04602C0201672C0601752C94
:108C68000201802C6401002D260841FF1A03000030
:108C780061001A03E0001703F8000703FF00010072
:108C880078010001300132010601390110014A0161
:108C98002E017901060180014D0043028101820104
:108CA80082018401840186018701870189018A0183
:108CB8008B018B018D018E018F0190019101910132
:108CC80093019401F60196019701980198013D02DC
:108CD8009B019C019D0120029F01A001A001A2010E
:108CE800A201A401A401A601A701A701A901AA0143
:108CF800AB01AC01AC01AE01AF01AF01B101B201F2
:108D0800B301B301B501B501B701B801B801BA01A2
:108D1800BB01BC01BC01BE01F701C001C101C20118
:108D2800C301C401C501C401C701C801C701CA0103
:108D3800CB01CA01CD011001DD0101008E01DE0168
:108D48001201F3010300F101F401F401F801280113
:108D5800220212013A020900652C3B023B023D0245
:108D6800662C3F0240024102410246020A015302B8
:108D7800400081018601550289018A0158028F014C
:108D88005A0290015C025D025E025F029301610279
:108D98006202940164026502660267029701960105
:108DA8006A02622C6C026D026E029C0170027102F2
:108DB8009D01730274029F0176027702780279029C
:108DC8007A027B027C02642C7E027F02A601810269
:108DD8008202A9018402850286028702AE0144024A
:108DE800B101B20145028D028E028F0290029102FA
:108DF800B7017B030300FD03FE03FF03AC0304007C
:108E08008603880389038A03B1031103C20302009E
:108E1800A303A303C4030803CC0303008C038E033A
:108E28008F03D8031801F2030A00F903F303F403CC
:108E3800F503F603F703F703F903FA03FA0330041B
:108E4800200350041007600422018A043601C1047B
:108E58000E01CF040100C004D004440161052604BA
:108E680000000000C700FC00E900E200E400E000A8
:108E7800E500E700EA00EB00E800EF00EE00EC0098
:108E8800C400C500C900E600C600F400F600F20000
:108E9800FB00F900FF00D600DC00A200A300A5003B
:108EA800A7209201E100ED00F300FA00F100D100E3
:108EB800AA00BA00BF001023AC00BD00BC00A1008E
:108EC800AB00BB0091259225932502252425612519
:108ED8006225562555256325512557255D255C2591
:108EE8005B251025142534252C251C2500253C251B
:108EF8005E255F255A255425692566256025502558
:108F08006C2567256825642565255925582552252A
:108F180053256B256A2518250C25882584258C253D
:108F280090258025B103DF009303C003A303C30387
:108F3800B500C403A6039803A903B4031E22C603FD
:108F4800B50329226122B10065226422202321234E
:108F5800F7004822B0001922B7001A227F20B20079
:108F6800A025A0000000102120423063408450A5B5
:108F780060C670E781089129A14AB16BC18CD1AD57
:108F8800E1CEF1EF123102103273225252B54294FF
:108F980072F762D693398318B37BA35AD3BDC39CA7
:108FA800F3FFE3DE246234430420140164E674C74B
:108FB80044A45485A56AB54B85289509E5EEF5CFF7
:108FC800C5ACD58D365326721611063076D766F69F
:108FD800569546B4B75BA77A97198738F7DFE7FE47
:108FE800D79DC7BC48C458E5688678A7084018616B
:108FF80028023823C9CCD9EDE98EF9AF8948996997
:10900800A90AB92B5AF54AD47AB76A961A710A503E
:109018003A332A12DBFDCBDCFBBFEB9E9B798B58E6
:10902800BB3BAB1A6CA67C874CE45CC52C223C038A
:109038000C601C41EDAEFD8FCDECDDCDAD2ABD0B36
:109048008D689D497E976EB65ED54EF43E132E32DE
:109058001E510E70FF9FEFBEDFDDCFFCBF1BAF3A86
:109068009F598F78918881A9B1CAA1EBD10CC12DE4
:10907800F14EE16F108000A130C220E3500440257A
:109088007046606783B99398A3FBB3DAC33DD31CDA
:10909800E37FF35E02B1129022F332D242355214CA
:1090A80062777256B5EAA5CB95A88589F56EE54F26
:1090B800D52CC50D34E224C314A00481746664471A
:1090C80054244405A7DBB7FA879997B8E75FF77E7A
:1090D800C71DD73C26D336F2069116B0665776766A
:1090E80046155634D94CC96DF90EE92F99C889E946
:1090F800B98AA9AB584448657806682718C008E1BA
:10910800388228A3CB7DDB5CEB3FFB1E8BF99BD819
:10911800ABBBBB9A4A755A546A377A160AF11AD009
:109128002AB33A92FD2EED0FDD6CCD4DBDAAAD8B65
:109138009DE88DC97C266C075C644C453CA22C8359
:109148001CE00CC1EF1FFF3ECF5DDF7CAF9BBFBAB9
:109158008FD99FF86E177E364E555E742E933EB2A9
:109168000ED11EF00000333166625553CCC4FFF5B2
:10917800AAA6999789A9BA98EFCBDCFA456D765CCF
:10918800230F103E0373304265115620CFB7FC867B
:10919800A9D59AE48ADAB9EBECB8DF89461E752FAF
:1091A800207C134D06E635D7608453B5CA22F913DF
:1091B800AC409F718F4FBC7EE92DDA1C438B70BA8F
:1091C80025E916D8059536A463F750C6C951FA6043
:1091D800AF339C028C3CBF0DEA5ED96F40F873C96F
:1091E800269A15AB0DCC3EFD6BAE589FC108F239DF
:1091F800A76A945B8465B754E207D13648A17B908F
:109208002EC31DF20EBF3D8E68DD5BECC27BF14ABA
:10921800A41997288716B427E174D2454BD278E36E
:109228002DB01E810B2A381B6D485E79C7EEF4DF1E
:10923800A18C92BD8283B1B2E4E1D7D04E477D764E
:1092480028251B1408593B686E3B5D0AC49DF7AC82
:10925800A2FF91CE81F0B2C1E792D4A34D347E052E
:109268002B5618671B9828A97DFA4ECBD75CE46D5E
:10927800B13E820F9231A100F453C7625EF56DC40E
:1092880038970BA618EB2BDA7E894DB8D42FE71E3A
:10929800B24D817C9142A273F720C4115D866EB7EE
:1092A8003BE408D51D7E2E4F7B1C482DD1BAE28B9E
:1092B800B7D884E994D7A7E6F2B5C18458136B22CE
:1092C8003E710D401E0D2D3C786F4B5ED2C9E1F802
:1092D800B4AB879A97A4A495F1C6C2F75B606851AE
:1092E8003D020E331654256570364307DA90E9A11E
:1092F800BCF28FC39FFDACCCF99FCAAE533960084E
:10930800355B066A1527261673454074D9E3EAD2F9
:10931800BF818CB09C8EAFBFFAECC9DD504A637B2D
:109328003628051910B2238376D045E1DC76EF475D
:10933800BA148925991BAA2AFF79CC4855DF66EE0D
:1093480033BD008C13C120F075A34692DF05EC34C1
:10935800B9678A569A68A959FC0ACF3B56AC659DED
:1093680030CE03FF000037306E605950DCC0EBF0A0
:10937800B2A08590A9A19E91C7C1F0F17561425133
:109388001B012C31436374532D031A339FA3A893F5
:10939800F1C3C6F3EAC2DDF284A2B3923602013207
:1093A80058626F5286C6B1F6E8A6DF965A066D3641
:1093B800346603562F67185741077637F3A7C497C3
:1093C8009DC7AAF7C5A5F295ABC59CF519652E559D
:1093D800770540356C045B3402643554B0C487F4B7
:1093E800DEA4E9941DAD2A9D73CD44FDC16DF65DE3
:1093F800AF0D983DB40C833CDA6CED5C68CC5FFC37
:1094080006AC319C5ECE69FE30AE079E820EB53E3C
:10941800EC6EDB5EF76FC05F990FAE3F2BAF1C9F02
:1094280045CF72FF9B6BAC5BF50BC23B47AB709BA8
:1094380029CB1EFB32CA05FA5CAA6B9AEE0AD93A06
:10944800806AB75AD808EF38B668815804C833F824
:109458006AA85D9871A946991FC928F9AD699A59F2
:10946800C309F4393B5A0C6A553A620AE79AD0AAFA
:1094780089FABECA92FBA5CBFC9BCBAB4E3B790BC2
:10948800205B176B78394F0916592169A4F993C9DC
:10949800CA99FDA9D198E6A8BFF888C80D583A68B6
:1094A80063385408BD9C8AACD3FCE4CC615C566C30
:1094B8000F3C380C143D230D7A5D4D6DC8FDFFCD72
:1094C800A69D91ADFEFFC9CF909FA7AF223F150F74
:1094D8004C5F7B6F575E606E393E0E0E8B9EBCAE46
:1094E800E5FED2CE26F711C748977FA7FA37CD07F2
:1094F8009457A3678F56B866E136D606539664A686
:109508003DF60AC6659452A40BF43CC4B9548E6463
:10951800D734E004CC35FB05A255956510F527C571
:109528007E9549A5A0319701CE51F9617CF14BC1D7
:10953800129125A109903EA067F050C0D550E26075
:10954800BB308C00E352D4628D32BA023F9208A23B
:1095580051F266C24AF37DC3249313A39633A10341
:10956800F853CF63000076B4ED689BDCCAF1BC45C4
:109578002799512D85C3F37768AB1E1F4F32398663
:10958800A25AD4EE1BA76D13F6CF807BD156A7E263
:109598003C3E4A8A9E64E8D0730C05B85495222153
:1095A800B9FDCF49374E41FADA26AC92FDBF8B0B95
:1095B80010D76663B28DC4395FE52951787C0EC82F
:1095C8009514E3A02CE95A5DC181B735E61890AC33
:1095D8000B707DC4A92ADF9E444232F663DB156F07
:1095E8008EB3F8076E9C182883F4F540A46DD2D981
:1095F80049053FB1EB5F9DEB0637708321AE571AE3
:10960800CCC6BA72753B038F9853EEE7BFCAC97EC2
:1096180052A22416F0F8864C1D906B243A094CBDD2
:10962800D761A1D559D22F66B4BAC20E9323E59754
:109638007E4B08FFDC11AAA5317947CD16E06054AE
:10964800FB888D3C427534C1AF1DD9A98884FE3092
:1096580065EC1358C7B6B1022ADE5C6A0D477BF386
:10966800E02F969BDD38AB8C305046E417C9617DFE
:10967800FAA18C1558FB2E4FB593C327920AE4BE66
:109688007F6209D6C69FB02B2BF75D430C6E7ADA42
:10969800E10697B2435C35E8AE34D88089ADFF194E
:1096A80064C51271EA769CC2071E71AA20875633D8
:1096B800CDEFBB5B6FB5190182DDF469A544D3F02A
:1096C800482C3E98F1D187651CB96A0D3B204D9412
:1096D800D648A0FC741202A6997AEFCEBEE3C8570A
:1096E800538B253FB3A4C5105ECC287879550FE17C
:1096F800943DE289366740D3DB0FADBBFC968A22E6
:1097080011FE674AA803DEB7456B33DF62F21446E1
:109718008F9AF92E2DC05B74C0A8B61CE7319185CD
:109728000A597CED84EAF25E69821F364E1B38AF17
:10973800A373D5C70129779DEC419AF5CBD8BD6CA9
:1097480026B050049F4DE9F97225049155BC2308B1
:10975800B8D4CE601A8E6C3AF7E68152D07FA6CB89
:109768003D174BA30000AA514483EED28906235724
:10977800CD8567D4022DA87C46AEECFF8B2B217AD1
:10978800CFA865F9045AAE0B40D9EA888D5C270D3D
:10979800C9DF638E0677AC2642F4E8A58F712520D1
:1097A800CBF261A308B4A2E54C37E66681B22BE39D
:1097B800C5316F600A99A0C84E1AE44B839F29CE21
:1097C800C71C6D4D0CEEA6BF486DE23C85E82FB96D
:1097D800C16B6B3A0EC3A4924A40E01187C52D9421
:1097E800C34669171168BB3955EBFFBA986E323F0B
:1097F800DCED76BC1345B91457C6FD979A43301271
:10980800DEC074911532BF6351B1FBE09C343665FC
:10981800D8B772E6171FBD4E539CF9CD9E19344830
:10982800DA9A70CB19DCB38D5D5FF70E90DA3A8B5C
:10983800D4597E081BF1B1A05F72F52392F738A6C0
:10984800D6747C251D86B7D75905F35494803ED12C
:10985800D0037A521FABB5FA5B28F17996AD3CFC80
:10986800D22E787F22D088816653CC02ABD601876E
:10987800EF55450420FD8AAC647ECE2FA9FB03AAD0
:10988800ED784729268A8CDB6209C858AF8C05DD3C
:10989800EB0F415E24A78EF66024CA75ADA107F0D0
:1098A800E92243732A6480356EE7C4B6A36209339C
:1098B800E7E14DB0284982186CCAC69BA14F0B1E20
:1098C800E5CC4F9D2E3E846F6ABDC0ECA7380D696C
:1098D800E3BB49EA2C1386426890C2C1A5150F4420
:1098E800E1964BC733B899E9773BDD6ABABE10EF0A
:1098F800FE3D546C31959BC47516DF47B89312C270
:10990800FC10564137E29DB37361D930BEE414B5FB
:10991800FA67503635CF9F9E714CDB1DBCC916982F
:10992800F84A521B3B0C915D7F8FD5DEB20A185B5B
:10993800F6895CD8392193707DA2D7F3B0271A76BF
:10994800F4A45EF53F5695077BD5D184B6501C012B
:10995800F2D358823D7B972A79F8D3A9B47D1E2C7F
:10996800F0FE5AAF000045A08B40CEE006A14301AF
:109978008DE1C8410D4248E28602C3A20BE34E4383
:1099880080A3C5031A845F2491C4D4641C25598517
:109998009765D2C517C652669C86D926116754C7E3
:1099A8009A27DF87350870A8BE48FBE833A97609EF
:1099B800B8E9FD49384A7DEAB30AF6AA3EEB7B4B83
:1099C800B5ABF00B2F8C6A2CA4CCE16C292D6C8DD7
:1099D800A26DE7CD22CE676EA98EEC2E246F61CFE3
:1099E800AF2FEA8F6A102FB0E150A4F06CB12911A3
:1099F800E7F1A251675222F2EC12A9B261F32453A3
:109A0800EAB3AF1370943534FBD4BE74763533950E
:109A1800FD75B8D57DD63876F696B3367B773ED7C2
:109A2800F037B5975F181AB8D45891F859B91C1976
:109A3800D2F99759525A17FAD91A9CBA54FB115BA2
:109A4800DFBB9A1B459C003CCEDC8B7C433D069DCE
:109A5800C87D8DDD48DE0D7EC39E863E4E7F0BDFC2
:109A6800C53F809FD42091805F601AC0D281972122
:109A780059C11C61D9629CC252221782DFC39A6302
:109A880054831123CEA48B0445E40044C8058DA556
:109A9800434506E5C3E6864648A60D06C54780E762
:109AA8004E070BA7E128A4886A682FC8E789A2296E
:109AB8006CC92969EC6AA9CA672A228AEACBAF6B02
:109AC800618B242BFBACBE0C70EC354CFD0DB8AD96
:109AD800764D33EDF6EEB34E7DAE380EF04FB5EF62
:109AE8007B0F3EAFBE30FB90357070D0B891FD3122
:109AF80033D17671B372F6D238327D92B5D3F07322
:109B08003E937B33A4B4E1142FF46A54A215E7B54D
:109B180029556CF5A9F6EC5622B66716AF57EAF741
:109B2800241761B78B38CE98007845D88D99C839F5
:109B380006D94379867AC3DA0D3A489A80DBC57B21
:109B48000B9B4E3B91BCD41C1AFC5F5C971DD2BD8D
:109B58001C5D59FD9CFED95E17BE521E9A5FDFFF41
:109B6800111F54BF0000B86160E3D882C1C679A74D
:109B7800A125194493AD2BCCF34E4B2F526BEA0A17
:109B880032888AE9377B8F1A5798EFF9F6BD4EDC91
:109B9800965E2E3FA4D61CB7C4357C546510DD7183
:109BA80005F3BD926EF6D6970E15B674AF30175101
:109BB800CFD377B2FD5B453A9DB825D93C9D84FC4F
:109BC8005C7EE41F598DE1EC396E810F984B202A99
:109BD800F8A840C9CA207241AAC312A20BE6B387EB
:109BE8006B05D364DDEC658DBD0F056E1C2AA44B97
:109BF8007CC9C4A84E41F6202EA296C38F8737E6AB
:109C0800EF645705EA9752F68A7432152B51933050
:109C18004BB2F3D3793AC15B19D9A1B8B8FC009D0E
:109C2800D81F607EB31A0B7BD3F96B9872DCCABD60
:109C3800123FAA5E20B798D64054F835E171591002
:109C4800819239F384613C00E4825CE345A7FDC658
:109C580025449D2517CCAFAD772FCF4ED60A6E6B16
:109C6800B6E90E88ABF91398CB1A737B6A3FD25EBC
:109C78000ADCB2BD3854803558B7E0D6F99241F3C2
:109C8800997121109C8224E3FC6144005D44E52520
:109C98003DA785C60F2FB74E6FCCD7ADCEE97688D6
:109CA800AE0A166BC50F7D6EA5EC1D8D04C9BCA848
:109CB800642ADC4B56A2EEC336418E2097642F05EA
:109CC800F7874FE6F2744A1592972AF633B28BD388
:109CD8005351EB3061D9D9B8013AB95BA01F187E4E
:109CE800C0FC789D7615CE7416F6AE97B7D30FB232
:109CF800D7306F51E5B85DD9855B3D3A247E9C1F0E
:109D0800449DFCFC416EF90F218D99EC80A838C95F
:109D1800E04B582AD2C36AA2B2200A411305AB64A9
:109D280073E6CB8718E3A0827800C061D925614427
:109D3800B9C601A78B4E332FEBAD53CC4A88F2E955
:109D48002A6B920A2F9897F94F7BF71AEE5E563FC7
:109D58008EBD36DCBC350454DCD664B77DF3C592C1
:109D68001D10A571000047D38FA6C8750F6D48BE9A
:109D780080CBC7181EDA5909917CD6AF11B7566443
:109D88009E11D9C23DB47A67B212F5C132D9750AAB
:109D9800BD7FFAAC236E64BDACC8EB1B2C036BD043
:109DA800A3A5E4767B683CBBF4CEB31D740533D61B
:109DB800FBA3BC7065B22261EA14ADC76ADF2D0C43
:109DC800E579A2AA46DC010FC97A8EA949B10E62CB
:109DD800C61781C458061FD5D7A09073576B10B803
:109DE800D8CD9F1EF6D0B10379763EA5F9BDBE6EDB
:109DF800761B31C8E80AAFD967AC207FE767A0B403
:109E080068C12F12CB648CB744C20311C40983DA2A
:109E18004BAF0C7CD5BE926D5A181DCBDAD39D0082
:109E2800557512A68DB8CA6B021E45CD82D5C506DA
:109E38000D734AA09362D4B11CC45B179C0FDBDC82
:109E480013A9547AB00CF7DF3FAA7879BF61F8B24A
:109E580030C77714AED6E905217066A3A1BBE668C2
:109E68002E1D69CEFD81BA52722735F4F2ECB53F4A
:109E78007D4A3A99E35BA4886CFD2B2EEC36ABE562
:109E880063902443C03587E64F930840CF58888BAA
:109E980040FE072DDEEF993C5149169AD182965122
:109EA8005E2419F786E9C13A094F4E9C8984CE573A
:109EB800062241F19833DFE017955046975ED08D22
:109EC80018F85F2BBB5DFC8E34FB7328B430F3E3CA
:109ED8003B967C45A587E2542A216DF2AAEAED3922
:109EE800254C629F0B514C8284F7C324043C43EFFA
:109EF8008B9ACC49158B52589A2DDDFE1AE65D35A2
:109F08009540D29336E57136B943FE9039887E5B29
:109F1800B62EF1FD283F6FECA799E04A27526081E1
:109F2800A8F4EF27703937EAFF9FB84C7F54388779
:109F3800F0F2B7216EE32930E145A696618E265DE1
:109F4800EE28A9FB4D8D0A5EC22B85F842E0053349
:109F5800CD468A9553571484DCF19B225C3A1BE961
:109F6800D39C944F00002110422063308440A550B8
:109F7800C660E770088129914AA16BB18CC1ADD147
:109F8800CEE1EFF13112100273325222B5529442EF
:109F9800F772D662399318837BB35AA3BDD39CC397
:109FA800FFF3DEE36224433420040114E664C7743B
:109FB800A44485546AA54BB528850995EEE5CFF5E7
:109FC800ACC58DD55336722611163006D776F6668F
:109FD8009556B4465BB77AA719973887DFF7FEE737
:109FE8009DD7BCC7C448E5588668A778400861185B
:109FF80002282338CCC9EDD98EE9AFF94889699987
:10A008000AA92BB9F55AD44AB77A966A711A500A2E
:10A01800333A122AFDDBDCCBBFFB9EEB799B588BD6
:10A028003BBB1AABA66C877CE44CC55C222C033C7A
:10A03800600C411CAEED8FFDECCDCDDD2AAD0BBD26
:10A04800688D499D977EB66ED55EF44E133E322ECE
:10A05800511E700E9FFFBEEFDDDFFCCF1BBF3AAF76
:10A06800599F788F8891A981CAB1EBA10CD12DC1D4
:10A078004EF16FE18010A100C230E320045025406A
:10A0880046706760B9839893FBA3DAB33DC31CD3CA
:10A098007FE35EF3B1029012F322D23235421452BA
:10A0A80077625672EAB5CBA5A89589856EF54FE516
:10A0B8002CD50DC5E234C324A0148104667447640A
:10A0C80024540544DBA7FAB79987B8975FE77EF76A
:10A0D8001DC73CD7D326F2369106B016576676765A
:10A0E800154634564CD96DC90EF92FE9C899E98936
:10A0F8008AB9ABA94458654806782768C018E108AA
:10A108008238A3287DCB5CDB3FEB1EFBF98BD89B09
:10A11800BBAB9ABB754A545A376A167AF10AD01AF9
:10A12800B32A923A2EFD0FED6CDD4DCDAABD8BAD55
:10A13800E89DC98D267C076C645C454CA23C832C49
:10A14800E01CC10C1FEF3EFF5DCF7CDF9BAFBABFA9
:10A15800D98FF89F176E367E554E745E932EB23E99
:10A16800D10EF01E0009121B242D363F48415A53C8
:10A178006C657E7719100B023D342F265158434ADF
:10A18800757C676E323B2029161F040D7A7368614F
:10A198005E574C452B2239300F061D14636A7178BF
:10A1A800474E555C646D767F4049525B2C253E379F
:10A1B80008011A137D746F6659504B42353C272E9F
:10A1C8001118030A565F444D727B60691E170C050F
:10A1D8003A3328214F465D546B627970070E151C7F
:10A1E800232A31384148535A656C777E09001B127F
:10A1F8002D243F3658514A437C756E671019020B5F
:10A20800343D262F737A6168575E454C3B322920CE
:10A218001F160D046A6378714E475C55222B30393E
:10A22800060F141D252C373E0108131A6D647F761E
:10A2380049405B523C352E2718110A03747D666F1E
:10A248005059424B171E050C333A21285F564D448E
:10A258007B7269600E071C152A233831464F545DFE
:10A26800626B7079FC7E0110087F0110407F01103D
:10A27800547F0110747F01108C7F0110A47F01109E
:10A28800C47F011000800110308001105880011037
:10A2980080800110A4800110C8800110E88001109E
:10A2A800108101105481011094810110C0810110A6
:10A2B800E481011073645F636172645F646574654F
:10A2C8006374000073656E645F626C6F636B00009B
:10A2D80073645F696E69745F6D656469756D0000AC
:10A2E80073645F636172645F7370695F696E6974D8
:10A2F80000000000B0840110BC840110C884011063
:10A30800F88401101485011050850110788501101A
:10A318009C850110C485011073645F7364696F5F65
:10A3280072656164536563746F72730073645F73FD
:10A3380064696F5F72656164536563746F7200006E
:10A3480073645F7364696F5F77726974655365637B
:10A35800746F72730000000073645F7364696F5FE9
:10A368007772697465536563746F720073645F73A1
:10A3780064696F5F73746F705472616E736D697323
:10A3880073696F6E000000006C6F6753444572720A
:10A398006F72000073645F7364696F5F62656769F9
:10A3A8006E0000007270323034305F7364696F5F22
:10A3B80074785F706F6C6C007364696F5F76657238
:10A3C8006966795F72785F636865636B73756D73CF
:10A3D800000000007270323034305F7364696F5F60
:10A3E800636F6D6D616E645F523100006368656311
:10A3F8006B5F7364696F5F77726974655F726573A9
:10A40800706F6E736500000000122436485A6C7E27
:10A418009082B4A6D8CAFCEE322016047A685E4C44
:10A42800A2B08694EAF8CEDC647640522C3E081A34
:10A43800F4E6D0C2BCAE988A564472601E0C3A2824
:10A44800C6D4E2F08E9CAAB8C8DAECFE8092A4B614
:10A45800584A7C6E10023426FAE8DECCB2A0968404
:10A468006A784E5C22300614ACBE889AE4F6C0D2F4
:10A478003C2E180A746650429E8CBAA8D6C4F2E0E4
:10A488000E1C2A38465462708290A6B4CAD8EEFCD4
:10A49800120036245A487E6CB0A29486F8EADCCEC4
:10A4A80020320416687A4C5EE6F4C2D0AEBC8A98B4
:10A4B800766452403E2C1A08D4C6F0E29C8EB8AAA4
:10A4C800445660720C1E283A4A586E7C0210263494
:10A4D800DAC8FEEC9280B6A4786A5C4E3022140684
:10A4E800E8FACCDEA0B284962E3C0A186674425074
:10A4F800BEAC9A88F6E4D2C01C0E382A5446706264
:10A508008C9EA8BAC4D6E0F218A5011009FF000075
:10A518003E20BE240461420180E101418501A02161
:10A528002081000034A5011005FF000022A0202092
:10A53800BE2304424300000048A5011012FF00009A
:10A54800E3B14DA161116061287101E181F10161FF
:10A55800471180E1287142A1311142A1CD11014179
:10A568004F11208100202020202020202020282872
:10A5780028282820202020202020202020202020BB
:10A5880020202020208810101010101010101010FB
:10A59800101010101004040404040404040404102B
:10A5A80010101010101041414141414101010101B9
:10A5B8000101010101010101010101010101010183
:10A5C800101010101010424242424242020202028F
:10A5D8000202020202020202020202020202020253
:10A5E8001010101020000000000000000000000003
:10A5F8000000000000000000000000000000000053
:10A608000000000000000000000000000000000042
:10A618000000000000000000000000000000000032
:10A628000000000000000000000000000000000022
:10A638000000000000000000000000000000000012
:10A648000000000000000000000000000000000002
:10A6580000000000000000000000000000000000F2
:10A6680000000000000000001F0000001C000000A7
:10A678001F0000001E0000001F0000001E00000058
:10A688001F0000001F0000001E0000001F00000047
:10A698001E0000001F0000001F0000001D00000039
:10A6A8001F0000001E0000001F0000001E00000028
:10A6B8001F0000001F0000001E0000001F00000017
:10A6C8001E0000001F0000000A0001000200030035
:10A6D8000400050006000700080009000A000B0036
:10A6E8000C000D000E000F00100000000C5F104E53
:10A6F800154E2A4E314E364E3C4E3F4E424E564E29
:10A70800584E824E854E6B8C8A4E12820D5F8E4E4D
:10A718009E4E9F4EA04EA24EB04EB34EB64ECE4E5B
:10A72800CD4EC44EC64EC24ED74EDE4EED4EDF4E17
:10A73800F74E094F5A4F304F5B4F5D4F574F474FBA
:10A74800764F884F8F4F984F7B4F694F704F914F7F
:10A758006F4F864F964F1851D44FDF4FCE4FD84F7B
:10A76800DB4FD14FDA4FD04FE44FE54F1A50285006
:10A7780014502A50255005501C4FF64F215029508F
:10A788002C50FE4FEF4F115006504350475003676F
:10A798005550505048505A5056506C507850805030
:10A7A8009A508550B450B250C950CA50B350C25094
:10A7B800D650DE50E550ED50E350EE50F950F550CC
:10A7C8000951015102511651155114511A51215173
:10A7D8003A5137513C513B513F51405152514C51E4
:10A7E80054516251F87A69516A516E5180518251BF
:10A7F800D8568C5189518F519151935195519651F9
:10A80800A451A651A251A951AA51AB51B351B1516A
:10A81800B251B051B551BD51C551C951DB51E0518B
:10A828005586E951ED51F051F551FE5104520B5244
:10A8380014520E5227522A522E52335239524F5224
:10A8480044524B524C525E5254526A52745269529C
:10A8580073527F527D528D52945292527152885245
:10A868009152A88FA78FAC52AD52BC52B552C1526B
:10A87800CD52D752DE52E352E652ED98E052F352EF
:10A88800F552F852F9520653085338750D531053C0
:10A898000F5315531A5323532F53315333533853EC
:10A8A800405346534553174E49534D53D6515E5363
:10A8B80069536E5318597B53775382539653A05359
:10A8C800A653A553AE53B053B653C353127CD9966F
:10A8D800DF53FC66EE71EE53E853ED53FA5301541F
:10A8E8003D5440542C542D543C542E543654295421
:10A8F8001D544E548F5475548E545F54715477546C
:10A90800705492547B548054765484549054865492
:10A91800C754A254B854A554AC54C454C854A854E9
:10A92800AB54C254A454BE54BC54D854E554E65451
:10A938000F551455FD54EE54ED54FA54E25439555C
:10A94800405563554C552E555C55455556555755EC
:10A95800385533555D5599558055AF548A559F558F
:10A968007B557E5598559E55AE557C558355A955B2
:10A978008755A855DA55C555DF55C455DC55E455F6
:10A98800D4551456F7551656FE55FD551B56F95510
:10A998004E565056DF7134563656325638566B5628
:10A9A80064562F566C566A56865680568A56A05656
:10A9B80094568F56A556AE56B656B456C256BC5681
:10A9C800C156C356C056C856CE56D156D356D7567A
:10A9D800EE56F9560057FF560457095708570B57B4
:10A9E8000D57135718571657C7551C57265737571B
:10A9F80038574E573B5740574F576957C057885796
:10AA080061577F5789579357A057B357A457AA57E9
:10AA1800B057C357C657D457D257D3570A58D657E3
:10AA2800E3570B5819581D587258215862584B58FB
:10AA38007058C06B52583D5879588558B9589F5826
:10AA4800AB58BA58DE58BB58B858AE58C558D35842
:10AA5800D158D758D958D858E558DC58E458DF5851
:10AA6800EF58FA58F958FB58FC58FD5802590A593A
:10AA780010591B59A66825592C592D59325938593E
:10AA88003E59D27A555950594E595A5958596259BE
:10AA9800605967596C596959785981599D595E4F60
:10AAA800AB4FA359B259C659E859DC598D59D959F0
:10AAB800DA59255A1F5A115A1C5A095A1A5A405A11
:10AAC8006C5A495A355A365A625A6A5A9A5ABC5A6C
:10AAD800BE5ACB5AC25ABD5AE35AD75AE65AE95A0D
:10AAE800D65AFA5AFB5A0C5B0B5B165B325BD05A90
:10AAF8002A5B365B3E5B435B455B405B515B555B6A
:10AB08005A5B5B5B655B695B705B735B755B785B12
:10AB180088657A5B805B835BA65BB85BC35BC75B5E
:10AB2800C95BD45BD05BE45BE65BE25BDE5BE55B69
:10AB3800EB5BF05BF65BF35B055C075C085C0D5C4C
:10AB4800135C205C225C285C385C395C415C465CA8
:10AB58004E5C535C505C4F5C715B6C5C6E5C624E2F
:10AB6800765C795C8C5C915C945C9B59AB5CBB5C5F
:10AB7800B65CBC5CB75CC55CBE5CC75CD95CE95CB8
:10AB8800FD5CFA5CED5C8C5DEA5C0B5D155D175D48
:10AB98005C5D1F5D1B5D115D145D225D1A5D195DB5
:10ABA800185D4C5D525D4E5D4B5D6C5D735D765D11
:10ABB800875D845D825DA25D9D5DAC5DAE5DBD5DC2
:10ABC800905DB75DBC5DC95DCD5DD35DD25DD65D81
:10ABD800DB5DEB5DF25DF55D0B5E1A5E195E115E85
:10ABE8001B5E365E375E445E435E405E4E5E575E79
:10ABF800545E5F5E625E645E475E755E765E7A5E38
:10AC0800BC9E7F5EA05EC15EC25EC85ED05ECF5E47
:10AC1800D65EE35EDD5EDA5EDB5EE25EE15EE85E46
:10AC2800E95EEC5EF15EF35EF05EF45EF85EFE5E99
:10AC3800035F095F5D5F5C5F0B5F115F165F295FF4
:10AC48002D5F385F415F485F4C5F4E5F2F5F515FFC
:10AC5800565F575F595F615F6D5F735F775F835FB3
:10AC6800825F7F5F8A5F885F915F875F9E5F995F82
:10AC7800985FA05FA85FAD5FBC5FD65FFB5FE45FD6
:10AC8800F85FF15FDD5FB360FF5F216060601960AE
:10AC9800106029600E6031601B6015602B602660B3
:10ACA8000F603A605A6041606A6077605F604A602E
:10ACB80046604D6063604360646042606C606B60D6
:10ACC800596081608D60E76083609A6084609B60F2
:10ACD800966097609260A7608B60E160B860E06002
:10ACE800D360B460F05FBD60C660B560D8604D6188
:10ACF80015610661F660F7600061F460FA6003614F
:10AD08002161FB60F1600D610E6147613E61286160
:10AD180027614A613F613C612C6134613D61426158
:10AD2800446173617761586159615A616B617461FB
:10AD38006F61656171615F615D61536175619961A1
:10AD480096618761AC6194619A618A619161AB6136
:10AD5800AE61CC61CA61C961F761C861C361C6618E
:10AD6800BA61CB61797FCD61E661E361F661FA6131
:10AD7800F461FF61FD61FC61FE61006208620962C5
:10AD88000D620C6214621B621E6221622A622E62CC
:10AD980030623262336241624E625E6263625B625B
:10ADA800606268627C62826289627E629262936299
:10ADB8009662D46283629462D762D162BB62CF62C8
:10ADC800FF62C662D464C862DC62CC62CA62C262D4
:10ADD800C7629B62C9620C63EE62F1622763026319
:10ADE8000863EF62F56250633E634D631C644F6312
:10ADF80096638E638063AB637663A3638F638963B3
:10AE08009F63B5636B636963BE63E963C063C663CD
:10AE1800E363C963D263F663C46316643464066487
:10AE28001364266436641D65176428640F646764B8
:10AE38006F6476644E642A6595649364A564A96416
:10AE48008864BC64DA64D264C564C764BB64D864CB
:10AE5800C264F164E7640982E064E164AC62E364BB
:10AE6800EF642C65F664F464F264FA640065FD64CA
:10AE780018651C650565246523652B65346535658E
:10AE88003765366538654B754865566555654D6552
:10AE980058655E655D6572657865826583658A8BD0
:10AEA8009B659F65AB65B765C365C665C165C465C8
:10AEB800CC65D265DB65D965E065E165F1657267EA
:10AEC8000A660366FB6573673566366634661C6614
:10AED8004F664466496641665E665D666466676697
:10AEE80068665F6662667066836688668E6689666F
:10AEF800846698669D66C166B966C966BE66BC66A4
:10AF0800C466B866D666DA66E0663F66E666E966EF
:10AF1800F066F566F7660F6716671E672667276788
:10AF280038972E673F6736674167386737674667E0
:10AF38005E67606759676367646789677067A96751
:10AF48007C676A678C678B67A667A1678567B76741
:10AF5800EF67B467EC67B367E967B867E467DE670C
:10AF6800DD67E267EE67B967CE67C667E7679C6A21
:10AF78001E684668296840684D6832684E68B3683C
:10AF88002B685968636877687F689F688F68AD68C1
:10AF980094689D689B688368AE6AB9687468B56888
:10AFA800A068BA680F698D687E680169CA6808690F
:10AFB800D86822692669E1680C69CD68D468E768B1
:10AFC800D568366912690469D768E3682569F9683C
:10AFD800E068EF6828692A691A6923692169C668DF
:10AFE800796977695C6978696B6954697E696E69A2
:10AFF800396974693D695969306961695E695D6972
:10B0080081696A69B269AE69D069BF69C169D36982
:10B01800BE69CE69E85BCA69DD69BB69C369A769AE
:10B028002E6A9169A0699C699569B469DE69E869C5
:10B03800026A1B6AFF690A6BF969F269E769056ABE
:10B04800B1691E6AED69146AEB690A6A126AC16A13
:10B05800236A136A446A0C6A726A366A786A476AAB
:10B06800626A596A666A486A386A226A906A8D6AA8
:10B07800A06A846AA26AA36A976A1786BB6AC36AC7
:10B08800C26AB86AB36AAC6ADE6AD16ADF6AAA6A57
:10B09800DA6AEA6AFB6A056B1686FA6A126B166B3D
:10B0A800319B1F6B386B376BDC76396BEE98476BCF
:10B0B800436B496B506B596B546B5B6B5F6B616B8C
:10B0C800786B796B7F6B806B846B836B8D6B986B04
:10B0D800956B9E6BA46BAA6BAB6BAF6BB26BB16BD2
:10B0E800B36BB76BBC6BC66BCB6BD36BDF6BEC6BAB
:10B0F800EB6BF36BEF6BBE9E086C136C146C1B6CE4
:10B10800246C236C5E6C556C626C6A6C826C8D6C02
:10B118009A6C816C9B6C7E6C686C736C926C906C96
:10B12800C46CF16CD36CBD6CD76CC56CDD6CAE6C4B
:10B13800B16CBE6CBA6CDB6CEF6CD96CEA6C1F6DD1
:10B148004D88366D2B6D3D6D386D196D356D336DD0
:10B15800126D0C6D636D936D646D5A6D796D596DDB
:10B168008E6D956DE46F856DF96D156E0A6EB56D12
:10B17800C76DE66DB86DC66DEC6DDE6DCC6DE86DB6
:10B18800D26DC56DFA6DD96DE46DD56DEA6DEE6D54
:10B198002D6E6E6E2E6E196E726E5F6E3E6E236E23
:10B1A8006B6E2B6E766E4D6E1F6E436E3A6E4E6EE4
:10B1B800246EFF6E1D6E386E826EAA6E986EC96E12
:10B1C800B76ED36EBD6EAF6EC46EB26ED46ED56EF2
:10B1D8008F6EA56EC26E9F6E416F116F4C70EC6ED4
:10B1E800F86EFE6E3F6FF26E316FEF6E326FCC6E9F
:10B1F8003E6F136FF76E866F7A6F786F816F806F0F
:10B208006F6F5B6FF36F6D6F826F7C6F586F8E6FB0
:10B21800916FC26F666FB36FA36FA16FA46FB96FA1
:10B22800C66FAA6FDF6FD56FEC6FD46FD86FF16FF1
:10B23800EE6FDB6F09700B70FA6F117001700F7091
:10B24800FE6F1B701A70746F1D7018701F7030704D
:10B258003E7032705170637099709270AF70F17077
:10B26800AC70B870B370AE70DF70CB70DD70D97031
:10B278000971FD701C71197165715571887166715C
:10B2880062714C7156716C718F71FB71847195711B
:10B29800A871AC71D771B971BE71D271C971D4710D
:10B2A800CE71E071EC71E771F571FC71F971FF71A4
:10B2B8000D7210721B7228722D722C7230723272DB
:10B2C8003B723C723F72407246724B725872747293
:10B2D8007E7282728172877292729672A272A7725D
:10B2E800B972B272C372C672C472CE72D272E2728C
:10B2F800E072E172F972F7720F5017730A731C73D8
:10B3080016731D7334732F73297325733E734E732D
:10B318004F73D89E57736A736873707378737573B5
:10B328007B737A73C873B373CE73BB73C073E573DF
:10B33800EE73DE73A27405746F742574F873327437
:10B348003A7455743F745F74597441745C746974C9
:10B35800707463746A7476747E748B749E74A77444
:10B36800CA74CF74D474F173E074E374E774E97445
:10B37800EE74F274F074F174F874F774047503756C
:10B3880005750C750E750D75157513751E75267575
:10B398002C753C7544754D754A7549755B754675D0
:10B3A8005A756975647567756B756D757875767599
:10B3B8008675877574758A758975827594759A7599
:10B3C8009D75A575A375C275B375C375B575BD753E
:10B3D800B875BC75B175CD75CA75D275D975E37573
:10B3E800DE75FE75FF75FC750176F075FA75F275F8
:10B3F800F3750B760D7609761F76277620762176FB
:10B4080022762476347630763B76477648764676CA
:10B418005C76587661766276687669766A7667765B
:10B428006C7670767276767678767C7680768376A9
:10B4380088768B768E769676937699769A76B076A7
:10B44800B476B876B976BA76C276CD76D676D2762E
:10B45800DE76E176E576E776EA762F86FB7608777C
:10B4680007770477297724771E77257726771B7740
:10B478003777387747775A7768776B775B77657769
:10B488007F777E7779778E778B779177A0779E779E
:10B49800B077B677B977BF77BC77BD77BB77C77713
:10B4A800CD77D777DA77DC77E377EE77FC770C78A8
:10B4B8001278267920782A7945788E787478867873
:10B4C8007C789A788C78A378B578AA78AF78D17890
:10B4D800C678CB78D478BE78BC78C578CA78EC784A
:10B4E800E778DA78FD78F47807791279117919799B
:10B4F8002C792B794079607957795F795A79557920
:10B5080053797A797F798A799D79A7794B9FAA7936
:10B51800AE79B379B979BA79C979D579E779EC7916
:10B52800E179E379087A0D7A187A197A207A1F7AFC
:10B538008079317A3B7A3E7A377A437A577A497AF0
:10B54800617A627A697A9D9F707A797A7D7A887A47
:10B55800977A957A987A967AA97AC87AB07AB67AE2
:10B56800C57AC47ABF7A8390C77ACA7ACD7ACF7AF5
:10B57800D57AD37AD97ADA7ADD7AE17AE27AE67A12
:10B58800ED7AF07A027B0F7B0A7B067B337B187B94
:10B59800197B1E7B357B287B367B507B7A7B047B33
:10B5A8004D7B0B7B4C7B457B757B657B747B677B1D
:10B5B800707B717B6C7B6E7B9D7B987B9F7B8D7B8F
:10B5C8009C7B9A7B8B7B927B8F7B5D7B997BCB7BF8
:10B5D800C17BCC7BCF7BB47BC67BDD7BE97B117CDD
:10B5E800147CE67BE57B607C007C077C137CF37B2A
:10B5F800F77B177C0D7CF67B237C277C2A7C1F7CC1
:10B60800377C2B7C3D7C4C7C437C547C4F7C407C41
:10B61800507C587C5F7C647C567C657C6C7C757C3B
:10B62800837C907CA47CAD7CA27CAB7CA17CA87C38
:10B63800B37CB27CB17CAE7CB97CBD7CC07CC57C63
:10B64800C27CD87CD27CDC7CE27C3B9BEF7CF27CAD
:10B65800F47CF67CFA7C067D027D1C7D157D0A7DD6
:10B66800457D4B7D2E7D327D3F7D357D467D737DCD
:10B67800567D4E7D727D687D6E7D4F7D637D937DA9
:10B68800897D5B7D8F7D7D7D9B7DBA7DAE7DA37D34
:10B69800B57DC77DBD7DAB7D3D7EA27DAF7DDC7D6B
:10B6A800B87D9F7DB07DD87DDD7DE47DDE7DFB7D31
:10B6B800F27DE17D057E0A7E237E217E127E317E2B
:10B6C8001F7E097E0B7E227E467E667E3B7E357E11
:10B6D800397E437E377E327E3A7E677E5D7E567E39
:10B6E8005E7E597E5A7E797E6A7E697E7C7E7B7E0E
:10B6F800837ED57D7D7EAE8F7F7E887E897E8C7EA3
:10B70800927E907E937E947E967E8E7E9B7E9C7E9D
:10B71800387F3A7F457F4C7F4D7F4E7F507F517FEA
:10B72800557F547F587F5F7F607F687F697F677F21
:10B73800787F827F867F837F887F877F8C7F947FD7
:10B748009E7F9D7F9A7FA37FAF7FB27FB97FAE7FB9
:10B75800B67FB87F718BC57FC67FCA7FD57FD47F00
:10B76800E17FE67FE97FF37FF97FDC98068004803C
:10B778000B801280188019801C80218028803F80CF
:10B788003B804A804680528058805A805F80628021
:10B798006880738072807080768079807D807F80F9
:10B7A8008480868085809B8093809A80AD8090512C
:10B7B800AC80DB80E580D980DD80C480DA80D680EB
:10B7C8000981EF80F1801B81298123812F814B81A1
:10B7D8008B9646813E8153815181FC8071816E81B7
:10B7E800658166817481838188818A818081828173
:10B7F800A0819581A481A3815F819381A981B08172
:10B80800B581BE81B881BD81C081C281BA81C9813B
:10B81800CD81D181D981D881C881DA81DF81E08168
:10B82800E781FA81FB81FE8101820282058207821B
:10B838000A820D821082168229822B8238823382F4
:10B848004082598258825D825A825F826482628213
:10B8580068826A826B822E827182778278827E8287
:10B868008D829282AB829F82BB82AC82E182E3822C
:10B87800DF82D282F482F382FA8293830383FB828B
:10B88800F982DE820683DC820983D9823583348398
:10B8980016833283318340833983508345832F83D2
:10B8A8002B831783188385839A83AA839F83A28314
:10B8B800968323838E8387838A837C83B58373836C
:10B8C8007583A0838983A883F4831384EB83CE8351
:10B8D800FD830384D8830B84C183F7830784E083C3
:10B8E800F2830D8422842084BD8338840685FB83FB
:10B8F8006D842A843C845A85848477846B84AD84DF
:10B908006E848284698446842C846F847984358427
:10B91800CA846284B984BF849F84D984CD84BB845B
:10B92800DA84D084C184C684D684A1842185FF8426
:10B93800F484178518852C851F8515851485FC8446
:10B948004085638558854885418502864B855585A0
:10B958008085A485888591858A85A8856D85948547
:10B968009B85EA8587859C8577857E859085C985B1
:10B97800BA85CF85B985D085D585DD85E585DC8512
:10B98800F9850A8613860B86FE85FA850686228641
:10B998001A8630863F864D86554E54865F86678662
:10B9A80071869386A386A986AA868B868C86B68698
:10B9B800AF86C486C686B086C9862388AB86D486F9
:10B9C800DE86E986EC86DF86DB86EF8612870687C9
:10B9D800088700870387FB86118709870D87F98603
:10B9E8000A8734873F8737873B87258729871A87C0
:10B9F80060875F8778874C874E8774875787688703
:10BA08006E875987538763876A870588A2879F87C8
:10BA18008287AF87CB87BD87C087D087D696AB870D
:10BA2800C487B387C787C687BB87EF87F287E08756
:10BA38000F880D88FE87F687F7870E88D2871188CA
:10BA48001688158822882188318836883988278879
:10BA58003B8844884288528859885E8862886B8807
:10BA680081887E889E8875887D88B5887288828856
:10BA780097889288AE889988A2888D88A488B0888B
:10BA8800BF88B188C388C488D488D888D988DD8815
:10BA9800F9880289FC88F488E888F28804890C8986
:10BAA8000A89138943891E8925892A892B8941890D
:10BAB80044893B89368938894C891D8960895E8922
:10BAC800668964896D896A896F89748977897E89AD
:10BAD800838988898A8993899889A189A989A68966
:10BAE800AC89AF89B289BA89BD89BF89C089DA8929
:10BAF800DC89DD89E789F489F889038A168A108A3E
:10BB08000C8A1B8A1D8A258A368A418A5B8A528A50
:10BB1800468A488A7C8A6D8A6C8A628A858A828A81
:10BB2800848AA88AA18A918AA58AA68A9A8AA38AD7
:10BB3800C48ACD8AC28ADA8AEB8AF38AE78AE48AD7
:10BB4800F18A148BE08AE28AF78ADE8ADB8A0C8B18
:10BB5800078B1A8BE18A168B108B178B208B338BF4
:10BB6800AB97268B2B8B3E8B288B418B4C8B4F8B2B
:10BB78004E8B498B568B5B8B5A8B6B8B5F8B6C8B8D
:10BB88006F8B748B7D8B808B8C8B8E8B928B938B36
:10BB9800968B998B9A8B3A8C418C3F8C488C4C8C29
:10BBA8004E8C508C558C628C6C8C788C7A8C828CF8
:10BBB800898C858C8A8C8D8C8E8C948C7C8C988CC2
:10BBC8001D62AD8CAA8CBD8CB28CB38CAE8CB68C3D
:10BBD800C88CC18CE48CE38CDA8CFD8CFA8CFB8CE1
:10BBE800048D058D0A8D078D0F8D0D8D108D4E9F3F
:10BBF800138DCD8C148D168D678D6D8D718D738D14
:10BC0800818D998DC28DBE8DBA8DCF8DDA8DD68DF1
:10BC1800CC8DDB8DCB8DEA8DEB8DDF8DE38DFC8DAF
:10BC2800088E098EFF8D1D8E1E8E108E1F8E428EE1
:10BC3800358E308E348E4A8E478E498E4C8E508E7D
:10BC4800488E598E648E608E2A8E638E558E768EBF
:10BC5800728E7C8E818E878E858E848E8B8E8A8E58
:10BC6800938E918E948E998EAA8EA18EAC8EB08E64
:10BC7800C68EB18EBE8EC58EC88ECB8EDB8EE38E01
:10BC8800FC8EFB8EEB8EFE8E0A8F058F158F128F22
:10BC9800198F138F1C8F1F8F1B8F0C8F268F338F3D
:10BCA8003B8F398F458F428F3E8F4C8F498F468F00
:10BCB8004E8F578F5C8F628F638F648F9C8F9F8F9F
:10BCC800A38FAD8FAF8FB78FDA8FE58FE28FEA8FB3
:10BCD800EF8F8790F48F0590F98FFA8F1190159058
:10BCE80021900D901E9016900B90279036903590CD
:10BCF8003990F88F4F905090519052900E904990F3
:10BD08003E90569058905E9068906F907690A89666
:10BD1800729082907D90819080908A9089908F9087
:10BD2800A890AF90B190B590E290E4904862DB9013
:10BD3800029112911991329130914A9156915891EC
:10BD4800639165916991739172918B9189918291B7
:10BD5800A291AB91AF91AA91B591B491BA91C091CA
:10BD6800C191C991CB91D091D691DF91E191DB91AD
:10BD7800FC91F591F6911E92FF9114922C921592D6
:10BD880011925E9257924592499264924892959286
:10BD98003F924B9250929C92969293929B925A9277
:10BDA800CF92B992B792E9920F93FA9244932E9355
:10BDB800199322931A9323933A9335933B935C9365
:10BDC80060937C936E935693B093AC93AD93949396
:10BDD800B993D693D793E893E593D893C393DD9318
:10BDE800D093C893E4931A941494139403940794E7
:10BDF800109436942B94359421943A944194529407
:10BE080044945B94609462945E946A9429927094CA
:10BE1800759477947D945A947C947E9481947F94BD
:10BE2800829587958A959495969598959995A095D4
:10BE3800A895A795AD95BC95BB95B995BE95CA959E
:10BE4800F66FC395CD95CC95D595D495D695DC95BB
:10BE5800E195E595E295219628962E962F9642969D
:10BE68004C964F964B9677965C965E965D965F9647
:10BE7800669672966C968D96989695969796AA96CB
:10BE8800A796B196B296B096B496B696B896B99665
:10BE9800CE96CB96C996CD964D89DC960D97D596BC
:10BEA800F99604970697089713970E9711970F9787
:10BEB8001697199724972A97309739973D973E9761
:10BEC800449746974897429749975C976097649735
:10BED80066976897D2526B977197799785977C97F1
:10BEE80081977A9786978B978F9790979C97A89723
:10BEF800A697A397B397B497C397C697C897CB97B6
:10BF0800DC97ED974F9FF297DF7AF697F5970F98A2
:10BF18000C9838982498219837983D9846984F98C7
:10BF28004B986B986F987098719874987398AA98B2
:10BF3800AF98B198B698C498C398C698E998EB9802
:10BF48000399099912991499189921991D991E997B
:10BF5800249920992C992E993D993E99429949996D
:10BF6800459950994B99519952994C995599979946
:10BF78009899A599AD99AE99BC99DF99DB99DD9906
:10BF8800D899D199ED99EE99F199F299FB99F89987
:10BF9800019A0F9A059AE299199A2B9A379A459A13
:10BFA800429A409A439A3E9A559A4D9A5B9A579A62
:10BFB8005F9A629A659A649A699A6B9A6A9AAD9A34
:10BFC800B09ABC9AC09ACF9AD19AD39AD49ADE9A48
:10BFD800DF9AE29AE39AE69AEF9AEB9AEE9AF49A43
:10BFE800F19AF79AFB9A069B189B1A9B1F9B229B18
:10BFF800239B259B279B289B299B2A9B2E9B2F9B1A
:10C00800329B449B439B4F9B4D9B4E9B519B589B04
:10C01800749B939B839B919B969B979B9F9BA09BB9
:10C02800A89BB49BC09BCA9BB99BC69BCF9BD19B2B
:10C03800D29BE39BE29BE49BD49BE19B3A9CF29BC3
:10C04800F19BF09B159C149C099C139C0C9C069CD2
:10C05800089C129C0A9C049C2E9C1B9C259C249C3E
:10C06800219C309C479C329C469C3E9C5A9C609CE0
:10C07800679C769C789CE79CEC9CF09C099D089DAD
:10C08800EB9C039D069D2A9D269DAF9D239D1F9D8C
:10C09800449D159D129D419D3F9D3E9D469D489DF9
:10C0A8005D9D5E9D649D519D509D599D729D899D8C
:10C0B800879DAB9D6F9D7A9D9A9DA49DA99DB29DDC
:10C0C800C49DC19DBB9DB89DBA9DC69DCF9DC29D77
:10C0D800D99DD39DF89DE69DED9DEF9DFD9D1A9EF2
:10C0E8001B9E1E9E759E799E7D9E819E889E8B9E20
:10C0F8008C9E929E959E919E9D9EA59EA99EB89E61
:10C10800AA9EAD9E6197CC9ECE9ECF9ED09ED49E79
:10C11800DC9EDE9EDD9EE09EE59EE89EEF9EF49E00
:10C12800F69EF79EF99EFB9EFC9EFD9E079F089F2C
:10C13800B776159F219F2C9F3E9F4A9F529F549FE1
:10C14800639F5F9F609F619F669F679F6C9F6A9FC9
:10C15800779F729F769F959F9C9FA09F2F58C76936
:10C1680059906474DC5199719C4E1655035A3F9648
:10C17800C0541B612863F659229075841C83507A39
:10C18800AA60E163256EED656684A682F59B9368D7
:10C198002757A16571629B5BD0597B86F498627DB5
:10C1A800BE7D8E9B16629F7CB788895BB55E0963EE
:10C1B80097664868C7958D974F67E54E0A4F4D4F6C
:10C1C8009D4F4950F2563759D459015A095CDF60DE
:10C1D8000F61706113660569BA704F757075FB79E8
:10C1E800AD7DEF7DC3800E846388028B55907A9075
:10C1F8003B53954EA54EDF57B280C190EF78004E65
:10C20800F158A26E3890327A28838B822F9C415144
:10C218007053BD54E154E056FB59155FF298EB6D2D
:10C22800E4802D8562967096A096FB970B54F35385
:10C23800875BCF70BD7FC28FE8966F535C9DBA7ADB
:10C24800114E9378FC81266E185604551D6B1A857D
:10C258003B9CE559A953666DDC748F954256914E07
:10C268004B90F2964F830C99E153B655305B715F52
:10C278002066F3660468386CF36C296D5B74C876C5
:10C288004E7A3498F1825B88608AED92B26DAB7514
:10C29800CA76C599A660018B8A8DB2958E69AD5311
:10C2A8008651125730584459B45BF65E2860A9632A
:10C2B800F463BF6C146F8E7014715971D5713F732C
:10C2C800017E7682D182978560905B921B9D69582A
:10C2D800BC655A6C2575F9512E596559805FDC5F2C
:10C2E800BC62FA652A6A276BB46B8B73C17F568967
:10C2F8002C9D0E9DC49EA15C966C7B8304514B5C67
:10C30800B661C68176686172594EFA4F7853696092
:10C31800296E4F7AF3970B4E1653EE4E554F3D4FFD
:10C32800A14F734FA052EF5309560F59C15AB65B2C
:10C33800E15BD17987669C67B6674C6BB36C6B70B1
:10C34800C2738D79BE793C7A877BB182DB820483A4
:10C358007783EF83D3836687B28A2956A88CE68FC2
:10C368004E901E978A86C44FE85C116259723B75DD
:10C37800E581BD82FE86C08CC5961399D599CB4EB2
:10C388001A4FE389DE564A58CA58FB5EEB5F2A60AB
:10C3980094606260D0611262D0623965419B6666C2
:10C3A800B068776D70704C758676757DA582F98753
:10C3B8008B958E969D8CF151BE521659B354B35B32
:10C3C800165D68618269AF6D8D78CB845788728AF3
:10C3D800A793B89A6C6DA899D986A357FF67CE869C
:10C3E8000E92835287560454D35EE162B9643C6866
:10C3F8003868BB6B7273BA786B7A9A89D2896B8DFD
:10C40800038FED90A39594966997665BB35C7D69FD
:10C418004D984E989B63207B2B6A7F6AB6680D9C6B
:10C428005F6F72529D557060EC623B6D076ED16E06
:10C438005B841089448F144E399CF6531B693A6A01
:10C4480084972A685C51C37AB284DC918C935B56DA
:10C45800289D226805833184A57C0852C582E6742C
:10C468007E4E834FA051D25B0A52D852E752FB5DF1
:10C478009A552A58E6598C5B985BDB5B725E795E4D
:10C48800A3601F616361BE61DB636265D167536846
:10C49800FA683E6B536B576C226F976F456FB07499
:10C4A8001875E3760B77FF7AA17B217CE97D367FCF
:10C4B800F07F9D8066829E83B389CC8AAB8C849002
:10C4C800519493959195A2956596D397289918823A
:10C4D800384E2B54B85CCC5DA9734C763C77A95C7C
:10C4E800EB7F0B8DC196119854985898014F0E4FB9
:10C4F80071539C556856FA574759095BC45B905C61
:10C508000C5E7E5ECC5FEE633A67D765E2651F67B7
:10C51800CB68C4685F6A305EC56B176C7D6C7F75CD
:10C528004879635B007A007DBD5F8F89188AB48C77
:10C53800778DCC8E1D8FE2980E9A3C9B804E7D5055
:10C54800005193599C5B2F628062EC643A6BA07235
:10C5580091754779A97FFB87BC8A708BAC63CA83C6
:10C56800A09709540354AB555468586A708A2778C1
:10C578007567CD9E7453A25B1A8150860690184E3B
:10C58800454EC74E114FCA533854AE5B135F2560F2
:10C5980051653D67426C726CE36C78700374767A0F
:10C5A800AE7A087B1A7DFE7C667DE7655B72BB53BD
:10C5B800455CE85DD262E0621963206E5A86318A72
:10C5C800DD8DF892016FA6795A9BA84EAB4EAC4E02
:10C5D8009B4FA04FD1504751F67A7151F6515453A1
:10C5E80021537F53EB53AC558358E15C375F4A5F67
:10C5F8002F6050606D601F6359654B6AC16CC272D1
:10C60800ED72EF77F880058108824E85F790E19307
:10C61800FF9757995A9AF04EDD512D5C81666D69E6
:10C62800405CF266756989735068817CC550E45234
:10C638004757FE5D2693A465236B3D6B347481795F
:10C64800BD794B7BCA7DB982CC837F885F89398B62
:10C65800D18FD1911F5480925D4E3650E5533A5395
:10C66800D7729673E977E682AF8EC699C899D29940
:10C6780077511A615E86B0557A7A7650D35B4790C7
:10C688008596324EDB6AE791515C485C98639F7AE5
:10C69800936C7497618FAA7A8A718896827C1768DE
:10C6A800707E51686C93F2521B54AB85138AA47F39
:10C6B800CD8EE190665388884179C24FBE501152A1
:10C6C800445153552D57EA738B575159625F845F14
:10C6D800756076616761A961B2633A646C656F667B
:10C6E8004268136E66753D7AFB7C4C7D997D4B7E66
:10C6F8006B7F0E834A83CD86088A638A668BFD8E9C
:10C708001A988F9DB882CE8FE89B87521F628364E8
:10C71800C06F999641689150206B7A6C546F747A07
:10C72800507D4088238A0867F64E39502650655058
:10C738007C5138526352A7550F570558CC5AFA5EA8
:10C74800B261F861F36272631C69296A7D72AC7226
:10C758002E7314786F78797D0C77A9808B89198B63
:10C76800E28CD28E639075937A965598139A789E38
:10C7780043519F53B3537B5E265F1B6E906E847349
:10C78800FE73437D3782008AFA8A50964E4E0B50CC
:10C79800E4537C54FA56D159645BF15DAB5E275F74
:10C7A80038624565AF67566ED072CA7CB488A1807E
:10C7B800E180F0834E86878AE88D3792C79667981E
:10C7C800139F944E924E0D4F485349543E542F5A3E
:10C7D8008C5FA15F9F60A7688E6A5A7481789E8A71
:10C7E800A48A778B90915E4EC99BA44E7C4FAF4F25
:10C7F8001950165049516C519F52B952FE529A53D2
:10C80800E35311540E5489555157A2577D59545B1F
:10C818005D5B8F5BE55DE75DF75D785E835E9A5EE5
:10C82800B75E185F52604C619762D862A7633B6538
:10C8380002664366F4666D6721689768CB695F6C2A
:10C848002A6D696D2F6E9D6E327587766C783F7A8A
:10C85800E07C057D187D5E7DB17D15800380AF800D
:10C86800B18054818F812A8252834C8861881B8BC6
:10C87800A28CFC8CCA90759171923F78FC92A49519
:10C888004D9605989999D89A3B9D5B52AB52F753B0
:10C898000854D558F762E06F6A8C5F8FB99E4B5188
:10C8A8003B524A54FD56407A7791609DD29E44731C
:10C8B800096F70811175FD5FDA60A89ADB72BC8F11
:10C8C800646B0398CA4EF0566457BE585A5A68604B
:10C8D800C7610F6606663968B168F76DD5753A7D28
:10C8E8006E82429B9B4E504FC95306556F5DE65D65
:10C8F800EE5DFB67996C73740278508A9693DF88B3
:10C908005057A75E2B63B550AC508D510067C95482
:10C918005E58BB59B05B695F4D62A1633D68736B3C
:10C92800086E7D70C7918072157826786D798E654E
:10C93800307DDC83C188098F9B96645228575067E5
:10C948006A7FA18CB45142572A963A588A69B480B2
:10C95800B2540E5DFC579578FA9D5C4F4A528B5441
:10C968003E6428661467F567847A567B227D2F9388
:10C978005C68AD9B397B19538A513752DF5BF6628D
:10C98800AE64E6642D67BA6BA985D1969076D69B7E
:10C998004C630693AB9BBF765266094E9850C253C0
:10C9A800715CE860926463655F68E671CA732375B9
:10C9B800977B827E9586838BDB8C78911099AC650A
:10C9C800AB668B6BD54ED44E3A4F7F4F3A52F853E5
:10C9D800F253E355DB56EB58CB59C959FF59505B15
:10C9E8004D5C025E2B5ED75F1D6007632F655C5B45
:10C9F800AF65BD65E8659D67626B7B6B0F6C4573C2
:10CA08004979C179F87C197D2B7DA2800281F38157
:10CA180096895E8A698A668A8C8AEE8AC78CDC8CDB
:10CA2800CC96FC986F6B8B4E3C4F8D4F5051575B9B
:10CA3800FA5B486101634266216BCB6EBB6C3E7248
:10CA4800BD74D475C1783A790C803380EA819484B6
:10CA58009E8F506C7F9E0F5F588B2B9DFA7AF88EB5
:10CA68008D5BEB96034EF153F7573159C95AA45BC6
:10CA780089607F6E066FBE75EA8C9F5B0085E07BE0
:10CA88007250F4679D82615C4A851E7E0E829951C0
:10CA9800045C6863668D9C656E713E79177D0580C0
:10CAA8001D8BCA8E6E90C786AA901F50FA523A5CA8
:10CAB80053677C7035724C91C8912B93E582C25BA9
:10CAC800315FF9603B4ED653885B4B6231678A6BA6
:10CAD800E972E0732E7A6B81A38D52919699125167
:10CAE800D7536A54FF5B8863396AAC7D0097DA567E
:10CAF800CE536854975B315CDE5DEE4F0161FE6298
:10CB0800326DC079CB79427D4D7ED27FED811F8217
:10CB1800908446887289908B748E2F8F31904B91B8
:10CB28006C91C6969C91C04E4F4F45514153935FAF
:10CB38000E62D467416C0B6E6373267ECD9183922F
:10CB4800D4531959BF5BD16D5D792E7E9B7C7E587D
:10CB58009F71FA515388F08FCA4FFB5C2566AC77FA
:10CB6800E37A1C82FF99C651AA5FEC656F69896BED
:10CB7800F36D966E646FFE76147DE15D7590879116
:10CB88000698E6511D5240629166D9661A6EB65EE5
:10CB9800D27D727FF866AF85F785F88AA952D95396
:10CBA80073598F5E905F5560E4926496B7501F5139
:10CBB800DD5220534753EC53E85446553155175628
:10CBC8006859BE593C5AB55B065C0F5C115C1A5C2F
:10CBD800845E8A5EE05E705F7F628462DB628C6383
:10CBE800776307660C662D6676667E67A2681F6A9D
:10CBF800356ABC6C886D096E586E3C712671677118
:10CC0800C77501775D7801796579F079E07A117BEC
:10CC1800A77C397D9680D6838B8449855D88F38887
:10CC28001F8A3C8A548A738A618CDE8CA49166922E
:10CC38007E9318949C9698970A4E084E1E4E574E0F
:10CC480097517052CE573458CC58225B385EC56025
:10CC5800FE6461675667446DB6727375637AB8840B
:10CC6800728BB89120933156F457FE98ED620D6996
:10CC7800966BED71547E77807282E689DF985587CE
:10CC8800B18F3B5C384FE14FB54F0755205ADD5BFC
:10CC9800E95BC35F4E612F63B0654B66EE689B69C5
:10CCA800786DF16D3375B9751F775E79E679337DE7
:10CCB800E381AF82AA85AA893A8AAB8E9B8F32908C
:10CCC800DD910797BA4EC14E03527558EC580B5C6C
:10CCD8001A753D5C4E810A8AC58F63966D97257BD0
:10CCE800CF8A08986291F356A853179039548257FF
:10CCF800255EA863346C8A7061778B7CE07F7088CE
:10CD080042905491109318938F965E74C49A075D5D
:10CD1800695D7065A267A88DDB966E6349671969BE
:10CD2800C5831798C096FE88846F7A64F85B164EA0
:10CD38002C705D752F66C4513652E252D359815F0B
:10CD4800276010623F6574651F667466F26816682E
:10CD5800636B056E72721F75DB76BE7C5680F05869
:10CD6800FD887F89A08A938ACB8A1D9092915297D9
:10CD7800599789650E7A0681BB962D5EDC601A622A
:10CD8800A56514669067F3774D7A4D7C3E7E0A81DF
:10CD9800AC8C648DE18D5F8EA9780752D962A5634A
:10CDA800426498622D8A837AC07BAC8AEA96767D43
:10CDB8000C824987D94E485143536053A35B025CA8
:10CDC800165CDD5D26624762B06413683468C96C1E
:10CDD800456D176DD3675C6F4E717D71CB657F7A3A
:10CDE800AD7BDA7D4A7EA87F7A811B823982A6854F
:10CDF8006E8ACE8CF58D78907790AD9291928395CE
:10CE0800AE9B4D528455386F367168518579557E81
:10CE1800B381CE7C4C565158A85CAA63FE66FD6669
:10CE28005A69D9728F758E750E795679DF79977C24
:10CE3800207D447D0786348A3B966190209FE75089
:10CE48007552CC53E2530950AA55EE584F593D72CA
:10CE58008B5B645C1D53E360F3605C6383633F63D7
:10CE6800BB63CD64E965F966E35DCD69FD69156F5E
:10CE7800E571894EE975F876937ADF7CCF7D9C7DE4
:10CE88006180498358836C84BC84FB85C588708D18
:10CE980001906D9097931C97129ACF5097588E6176
:10CEA800D3813585088D2090C34F745047527353F2
:10CEB8006F6049635F672C6EB38D1F90D74F5E5CC0
:10CEC800CA8CCF659A7D525396887651C363585B56
:10CED8006B5B0A5C0D6451675C90D64E1A592A59EF
:10CEE800706C518A3E551558A559F0605362C16758
:10CEF800358255694096C499289A534F0658FE5B67
:10CF08001080B15C2F5E855F20604B613462FF66E4
:10CF1800F06CDE6ECE807F81D4828B88B88C0090D6
:10CF28002E908A96DB9EDB9BE34EF05327592C7B91
:10CF38008D914C98F99DDD6E277053534455855B50
:10CF480058629E62D362A26CEF6F2274178A38947B
:10CF5800C16FFE8A3883E751F886EA53E953464F92
:10CF68005490B08F6A593181FD5DEA7ABF8FDA68D3
:10CF7800378CF872489C3D6AB08A394E5853065629
:10CF88006657C562A263E6654E6BE16D5B6EAD7078
:10CF9800ED77EF7AAA7BBB7D3D80C680CB86958AEC
:10CFA8005B93E356C7583E5FAD659666806AB56B7E
:10CFB8003775C78A2450E57730571B5F65607A66F6
:10CFC800606CF4751A7A6E7FF48118874590B3996E
:10CFD800C97B5C75F97A517BC4841090E979927A9F
:10CFE8003683E15A40772D4EF24E995BE05FBD6281
:10CFF8003C66F167E86C6B8677883B8A4E91F392C2
:10D00800D099176A26702A73E7825784AF8C014E2D
:10D018004651CB518B55F55B165E335E815E145FCE
:10D02800355F6B5FB45FF2611163A2661D676E6F57
:10D0380052723A753A777480398178817687BF8AD7
:10D04800DC8A858DF38D9A9277950298E59CC55276
:10D058005763F4761567886CCD73C38CAE9373965B
:10D06800256D9C580E69CC69FD8F9A93DB751A90D3
:10D078005A580268B463FB69434F2C6FD867BB8F5B
:10D088002685B47D54933F69706F6A57F7582C5BB7
:10D098002C7D2A720A54E391B49DAD4E4E4F5C50DC
:10D0A800755043529E8C485424589A5B1D5E955E79
:10D0B800AD5EF75E1F5F8C60B5623A63D063AF68A0
:10D0C800406C87788E790B7AE07D4782028AE68AFF
:10D0D800448E1390B8902D91D8910E9FE56C5864AA
:10D0E800E2647565F46E84761B7B6990D193BA6EA1
:10D0F800F254B95FA4644D8FED8F449278516B5808
:10D108002959555C975EFB6D8F7E1C75BC8CE28E31
:10D118005B98B9701D4FBF6BB16F3075FB964E5160
:10D12800105435585758AC59605C925F97655C67E6
:10D13800216E7B76DF83ED8C1490FD904D932578DE
:10D148003A78AA52A65E1F577459126012505A5163
:10D15800AC51CD5100521055545858585759955BF9
:10D16800F65C8B5DBC6095622D6471674368BC6832
:10D17800DF68D776D86D6F6E9B6D6F70C871535F1F
:10D18800D8757779497B547B527BD67C717D305238
:10D1980063846985E4850E8A048B468C0F8E039020
:10D1A8000F90199476962D98309AD895CD50D552DF
:10D1B8000C5402580E5CA7619E641E6DB377E57A25
:10D1C800F480048453908592E05C079D3F53975FF9
:10D1D800B35F9C6D79726377BF79E47BD26BEC7235
:10D1E800AD8A0368616AF851817A34694A5CF69CB1
:10D1F800EB82C55B49911E7078566F5CC7606665A7
:10D208008C6C5A8C419013985154C7660D924859AA
:10D21800A39085514D4EEA5199850E8B58707A63CB
:10D228004B936269B499047E777557536069DF8EB2
:10D23800E3965D6C8C4E3C5C105FE98F0253D18C99
:10D2480089807986FF5EE565734E655182593F5C3A
:10D25800EE97FB4E8A59CD5F8D8AE16FB07962797E
:10D26800E75B71842B73B171745EF55F7B639A64BD
:10D27800C371987C434EFC5E4B4EDC57A256A960A6
:10D28800C36F0D7DFD803381BF81B28F9789A486DE
:10D29800F45D8A62AD6487897767E26C3E6D3674A7
:10D2A8003478465A757FAD82AC99F34FC35EDD6220
:10D2B800926357656F67C3764C72CC80BA80298FAA
:10D2C8004D910D50F957925A856873696471FD72D2
:10D2D800B78CF258E08C6A9619907F87E479E777E3
:10D2E80029842F4F65525A53CD62CF67CA6C7D7619
:10D2F800947B957C36828485EB8FDD66206F067281
:10D308001B7EAB83C199A69EFD51B17B7278B87B19
:10D318008780487BE86A615E8C80517560756B51C7
:10D3280062928C6E7A769791EA9A104F707F9C621F
:10D338004F7BA595E99C7A565958E486BC96344F9C
:10D3480024524A53CD53DB53065E2C6491657F67A4
:10D358003E6C4E6C4872AF72ED735475417E2C82F0
:10D36800E985A98CC47BC69169711298EF983D63D1
:10D3780069666A75E476D0784385EE862A535153F8
:10D3880026548359875E7C5FB26049627962AB62DA
:10D398009065D46BCC6CB275AE769178D879CB7D2C
:10D3A800777FA580AB88B98ABB8C7F905E97DB9826
:10D3B8000B6A387C99503E5CAE5F8767D86B3574D2
:10D3C80009778E7F3B9FCA67177A39538B75ED9A19
:10D3D800665F9D81F18398803C5FC55F6275467B7F
:10D3E8003C906768EB599B5A107D7E762C8BF54FE5
:10D3F8006A5F196A376C026FE27468796888558ABF
:10D40800798CDF5ECF63C575D279D7822893F29283
:10D418009C84ED862D9CC1546C5F8C655C6D157089
:10D42800A78CD38C3B984F65F6740D4ED84EE057B9
:10D438002B59665ACC5BA851035E9C5E16607662D7
:10D448007765A7656E666E6D3672267B50819A8108
:10D4580099825C8BA08CE68C748D1C964496AE4F9A
:10D46800AB64666B1E8261846A85E890015C5369CF
:10D47800A8987A8457850F4F6F52A95F455E0D674C
:10D488008F79798107898689F56D175F5562B86C40
:10D49800CF4E6972929B06523B547456B358A4619E
:10D4A8006E621A716E59897CDE7C1B7DF0968765E9
:10D4B8005E80194E754F75514058635E735E0A5F02
:10D4C800C467264E3D8589955B96737C0198FB5011
:10D4D800C1585676A7782552A5771185867B4F5077
:10D4E80009594772C77BE87DBA8FD48F4D90BF4FDB
:10D4F800C952295A015FAD97DD4F1782EA92035747
:10D508005563696B2B75DC88148F427ADF52935808
:10D5180055610A62AE66CD6B3F7CE9832350F84FB4
:10D5280005534654315849599D5BF05CEF5C295DC1
:10D53800965EB16267633E65B9650B67D56CE16C51
:10D54800F97032782B7EDE80B3820C84EC840287FB
:10D5580012892A8A4A8CA690D292FD98F39C6C9DD7
:10D568004F4EA14E8D5056524A57A8593D5ED85F2E
:10D57800D95F3F62B4661B67D067D2689251217D3C
:10D58800AA80A881008B8C8CBF8C7E923296205406
:10D598002C981753D5505C53A858B26434676772F7
:10D5A8006677467AE691C352A16C866B00584C5E4A
:10D5B80054592C67FB7FE151C6766964E878549B1F
:10D5C800BB9ECB57B95927669A67CE6BE954D96980
:10D5D800555E9C819567AA9BFE67529C5D68A64E26
:10D5E800E34FC853B9622B67AB6CC48FAD4F6D7EE8
:10D5F800BF9E074E6261806E2B6F138573542A6736
:10D60800459BF35D957BAC5CC65B1C874A6ED184F9
:10D61800147A088199598D7C116C2077D952225936
:10D6280021715F72DB772797619D0B697F5A185AC2
:10D63800A5510D547D540E66DF76F78F9892F49CB1
:10D64800EA595D72C56E4D51C968BF7DEC7D629720
:10D65800BA9E7864216A028384595F5BDB6B1B7313
:10D66800F276B27D1780998432512867D99EEE767A
:10D678006267FF520599245C3B627E7CB08C4F55F3
:10D68800B6600B7D809501535F4EB6511C593A72B6
:10D698003680CE91255FE2778453795F047DAC852F
:10D6A800338A8D8E5697F367AE8553940961086166
:10D6B800B96C5276ED8A388F2F55514F2A51C7527F
:10D6C800CB53A55B7D5EA0608261D6630967DA678C
:10D6D800676E8C6D3673377331755079D588988A33
:10D6E8004A909190F590C4968D871559884E594F58
:10D6F8000E4E898A3F8F1098AD507C5E9659B95B63
:10D70800B85EDA63FA63C164DC664A69D8690B6D8E
:10D71800B66E94712875AF7A8A7F00804984C9846F
:10D728008189218B0A8E65907D960A997E61916226
:10D73800326B836C746DCC7FFC7FC06D857FBA873C
:10D74800F8886567B1833C98F7961B6D617D3D84C9
:10D758006A91714E7553505D046BEB6FCD852D86C4
:10D76800A78929520F54655C4E67A86806748374AC
:10D77800E275CF88E188CC91E29678968B5F8773C3
:10D78800CB7A4E84A06365758952416D9C6E09748D
:10D7980059756B78927C8696DC7A8D9FB64F6E6150
:10D7A800C5655C86864EAE4EDA50214ECC51EE5B96
:10D7B80099658168BC6D1F734276AD771C7AE77CEA
:10D7C8006F82D28A7C90CF91759618989B52D17DA2
:10D7D8002B5098539767CB6DD0713374E8812A8F9B
:10D7E800A396579C9F9E60744158996D2F7D5E98B3
:10D7F800E44E364F8B4FB751B152BA5D1C60B273CD
:10D808003C79D3823492B796F6960A97979E629F90
:10D81800A666746B1752A352C870C288C95E4B6063
:10D828009061236F49713E7CF47D6F80EE84239074
:10D838002C9342546F9BD36A8970C28CEF8D3297B8
:10D84800B452415ACA5E045F17677C6994696A6D6D
:10D858000F6F6272FC72ED7B01807E804B87CE90E9
:10D868006D51939E84798B803293D68A2D508C5437
:10D87800718A6A6BC48C0781D160A067F29D994E4A
:10D88800984E109C6B8AC185688500697E6E977872
:10D8980055810000002502250C2510251825142582
:10D8A8001C252C25242534253C25012503250F2559
:10D8B80013251B251725232533252B253B254B25EC
:10D8C80020252F25282537253F251D2530252525C9
:10D8D80038254225100411041204130414041504F5
:10D8E800010416041704180419041A041B041C0460
:10D8F8001D041E041F0420042104220423042404FC
:10D90800250426042704280429042A042B042C04AB
:10D918002D042E042F040000000000000000000069
:10D9280000000000000000000000000000000000EF
:10D938000000000030043104320433043404350498
:10D94800510436043704380439043A043B043C04CF
:10D958003D043E043F04400441044204430444049B
:10D96800450446044704480449044A044B044C044B
:10D978004D044E044F040000910392039303940353
:10D98800950396039703980399039A039B039C03B3
:10D998009D039E039F03A003A103A303A403A50360
:10D9A800A603A703A803A9030000000000000000C5
:10D9B8000000000000000000B103B203B303B40389
:10D9C800B503B603B703B803B903BA03BB03BC0373
:10D9D800BD03BE03BF03C003C103C303C403C50320
:10D9E800C603C703C803C903000000000000000005
:10D9F8000000000000000001010101010101010116
:10DA08000100000000000000010101010101010105
:10DA180001010101010101010101010101010101EE
:10DA280001010000000000000001010101010101E5
:10DA380001010101010101010101010101010101CE
:10DA480001010100C625A125A025B325B225BD25C4
:10DA5800BC253B2012309221902191219321133033
:10DA680000000000000000000000000000000000AE
:10DA780000000000000008220B2286228722822252
:10DA880083222A2229220000000000000000000052
:10DA980000000000000027222822AC00D221D42157
:10DAA80000220322292200000000000000000000DC
:10DAB800000000000000000000002022A522122320
:10DAC80002220722612252226A226B221A223D2256
:10DAD8001D2235222B222C2200000000000000000D
:10DAE8000000000000002B2130206F266D266A26DA
:10DAF80020202120B6002C22000000000000EF2585
:10DB08000030013002300CFF0EFFFB301AFF1BFF04
:10DB18001FFF01FF9B309C30B40040FFA8003EFF70
:10DB28003E203FFFFD30FE309D309E300330DD4EFD
:10DB3800053006300730FC30142010200FFF3CFF62
:10DB48001C3016205CFF26202520182019201C20B8
:10DB58001D2008FF09FF143015303BFF3DFF5BFF18
:10DB68005DFF083009300A300B300C300D300E30B4
:10DB78000F30103011300BFF1222B100D700F70020
:10DB88001DFF60221CFF1EFF662267221E22342210
:10DB980042264026B000322033200321A50004FF8E
:10DBA800A200A30005FF03FF06FF0AFF20FFA7004E
:10DBB80006260526CB25CF25CE25C7250000000043
:10DBC8001F001C2000000000142100000200162481
:10DBD80000000000142500000200152800000000C5
:10DBE800112900000000142A00000000182B000072
:10DBF8000000142C00000000102D00000000142E5E
:10DC0800000001000C3000000900143A0000010077
:10DC1800183C00000200143F00000100034100000E
:10DC28001900155B00000000145C00000000115D85
:10DC380000000000175E000000000F5F00000000F9
:10DC4800176000000000036100001900157B000048
:10DC58000000187C00000000117D00000000187E04
:10DC680000000000007F000020001CA00000000051
:10DC780014A10000000016A20000030019A600006D
:10DC8800000014A70000000017A80000000019A950
:10DC98000000000006AA0000000013AB000000000E
:10DCA80018AC0000000001AD0000000019AE000033
:10DCB800000017AF0000000019B00000000018B104
:10DCC800000000000EB20000010017B400000000C0
:10DCD80003B50000000014B60000010017B80000EA
:10DCE80000000EB90000000006BA0000000012BBD8
:10DCF800000000000EBC0000020014BF000000007D
:10DD080003C00000160018D70000000003D8000068
:10DD1800060004DF0000000003E00000160018F70A
:10DD28000000000003F800003F0004380100000074
:10DD3800033901000F00044901000000034A0100F3
:10DD48004200048D01000000038E01000C00049BBA
:10DD580001000000039C01000D0004AA010001005D
:10DD680003AC01000D0004BA0100000006BB01006D
:10DD7800000003BC0100010004BE0100000003BF55
:10DD88000100000006C00100030003C401000000F8
:10DD980007C50100000003C60100010007C8010013
:10DDA800000003C90100010007CB0100000003CCFB
:10DDB8000100230004F00100000003F1010000004D
:10DDC80007F20100000003F301002D000421020006
:10DDD8000000032202001100043402000500033A87
:10DDE80002001A0004550200000003560200010058
:10DDF800045802000000035902000000045A0200FF
:10DE08000000035B02000100045D020002000360E1
:10DE18000200010004620200000003630200000027
:10DE280004640200000003650200010004670200A8
:10DE38000000036802000400046D02000100036F83
:10DE480002000000047002000000037102000100DB
:10DE5800047302000100037502000000047602004A
:10DE68000600037D02000000047E0200010003801A
:10DE78000200000004810200000003820200010089
:10DE8800048402000200038702000500048D0200DA
:10DE980004000392020000000493020000000694AC
:10DEA80002000000049502000700039D0200010023
:10DEB800049F0200100005B00200110017C2020002
:10DEC800030005C602000B0017D202000D0005E092
:10DED8000200040017E50200060005EC020000003D
:10DEE80017ED0200000005EE0200000017EF020027
:10DEF80010000B0003006F0003700300030005749B
:10DF080003000000177503000000037603000100FA
:10DF1800057A03000000037B03000200147E03005F
:10DF28000000037F0300000017840300010003863C
:10DF380003000000148703000000038803000200A8
:10DF4800038C03000000038E03000100049003000B
:10DF5800000003910300100003A303000C0004B0A9
:10DF68000300000003B10300200008D203000200F0
:10DF780003D50300200018F60300000003F7030090
:10DF8800040004FC0300000003FD03008400198260
:10DF9800040000000B83040004000A880400010048
:10DFA800038A0400A5000331050025000559050072
:10DFB8000000145A05000500046005000000036114
:10DFC80005002500048705000100148905000000EC
:10DFD800108A05000000198D05000100168F050044
:10DFE80000000B9105002C0010BE050000000BBFBF
:10DFF8000500000014C0050000000BC10500010069
:10E0080014C3050000000BC40500010014C6050078
:10E0180000000BC70500000006D005001A0006EF37
:10E028000500030014F305000100010006000500C7
:10E03800180606000200140906000100160B060067
:10E048000000140C06000100190E060001000B1058
:10E0580006000A00141B06000000011C0600000050
:10E06800141D06000200062006001F0005400600D9
:10E0780000000641060009000B4B060014000C6066
:10E0880006000900146A06000300066E0600010077
:10E098000B700600000006710600620014D406002A
:10E0A800000006D5060000000BD60600060001DDBC
:10E0B8000600000019DE060000000BDF0600050060
:10E0C80005E5060001000BE70600010019E9060056
:10E0D80000000BEA0600030006EE060001000CF043
:10E0E8000600090006FA0600020019FD06000100F4
:10E0F80006FF06000000140007000D00010F0700CE
:10E1080000000610070000000B11070000000612AF
:10E1180007001D000B3007001A00064D07005800C5
:10E128000BA607000A0006B1070000000CC0070094
:10E13800090006CA070020000BEB0700080005F4D9
:10E148000700010019F60700000014F70700020095
:10E1580005FA070000000BFD0700000016FE070087
:10E1680001000600080015000B1608000300051A38
:10E17800080000000B1B0800080005240800000028
:10E188000B25080002000528080000000B290800DC
:10E198000400143008000E000640080018000B594F
:10E1A80008000200145E08000000066008000A006B
:10E1B8000670080017001788080000000689080084
:10E1C80005000190080001000B980800070006A050
:10E1D8000800280005C9080000000BCA080017003D
:10E1E80001E2080000000BE308001F000903090012
:10E1F80000000604090035000B3A09000000093B3D
:10E20800090000000B3C09000000063D0900000061
:10E21800093E090002000B410900070009490900ED
:10E2280003000B4D09000000094E090001000650CB
:10E23800090000000B5109000600065809000900F2
:10E248000B62090001001464090001000C66090052
:10E258000900147009000000057109000000067229
:10E2680009000E000B810900000009820900010065
:10E27800068509000700068F0900010006930900BA
:10E28800150006AA0900060006B20900000006B635
:10E29800090003000BBC0900000006BD09000000CE
:10E2A80009BE090002000BC10900030009C70900E3
:10E2B800010009CB090001000BCD0900000006CEC2
:10E2C8000900000009D70900000006DC0900010068
:10E2D80006DF090002000BE2090001000CE6090054
:10E2E800090006F00900010016F2090001000EF409
:10E2F8000900050019FA0900000016FB09000000D2
:10E3080006FC0900000014FD090000000BFE0900CE
:10E3180000000B010A00010009030A0000000605BD
:10E328000A000500060F0A00010006130A0015007E
:10E33800062A0A00060006320A00010006350A000D
:10E34800010006380A0001000B3C0A000000093EE3
:10E358000A0002000B410A0001000B470A000100F5
:10E368000B4B0A0002000B510A00000006590A0074
:10E378000300065E0A0000000C660A0009000B7024
:10E388000A00010006720A0002000B750A0000006C
:10E3980014760A0000000B810A00010009830A00B4
:10E3A800000006850A000800068F0A00020006938E
:10E3B8000A00150006AA0A00060006B20A000100B3
:10E3C80006B50A0004000BBC0A00000006BD0A00DE
:10E3D800000009BE0A0002000BC10A0004000BC7B6
:10E3E8000A00010009C90A00000009CB0A0001005F
:10E3F8000BCD0A00000006D00A00000006E00A0063
:10E4080001000BE20A0001000CE60A00090014F002
:10E418000A00000016F10A00000006F90A000000D0
:10E428000BFA0A0005000B010B00000009020B00A3
:10E43800010006050B000700060F0B00010006137C
:10E448000B001500062A0B00060006320B0001001F
:10E4580006350B0004000B3C0B000000063D0B00CA
:10E468000000093E0B0000000B3F0B0000000940B4
:10E478000B0000000B410B00030009470B000100D3
:10E48800094B0B0001000B4D0B0000000B550B0056
:10E49800010009570B000000065C0B000100065F35
:10E4A8000B0002000B620B0001000C660B00090058
:10E4B80019700B00000006710B0000000E720B00B3
:10E4C80005000B820B00000006830B000000068588
:10E4D8000B000500068E0B00020006920B000300DD
:10E4E80006990B000100069C0B000000069E0B001D
:10E4F800010006A30B00010006A80B00020006AEEF
:10E508000B000B0009BE0B0001000BC00B00000044
:10E5180009C10B00010009C60B00020009CA0B0063
:10E5280002000BCD0B00000006D00B00000009D73D
:10E538000B0000000CE60B0009000EF00B000200B7
:10E5480019F30B00050016F90B00000019FA0B006F
:10E5580000000B000C00000009010C0002000B0475
:10E568000C00000006050C000700060E0C00020057
:10E5780006120C001600062A0C000F000B3C0C00BB
:10E588000000063D0C0000000B3E0C000200094193
:10E598000C0003000B460C0002000B4A0C000300A1
:10E5A8000B550C00010006580C000200065D0C001B
:10E5B800000006600C0001000B620C0001000C66F4
:10E5C8000C00090014770C0000000E780C000600FF
:10E5D800197F0C00000006800C0000000B810C0065
:10E5E800000009820C00010014840C00000006855C
:10E5F8000C000700068E0C00020006920C001600A4
:10E6080006AA0C00090006B50C0004000BBC0C009F
:10E61800000006BD0C00000009BE0C0000000BBF86
:10E628000C00000009C00C0004000BC60C00000020
:10E6380009C70C00010009CA0C0001000BCC0C0032
:10E64800010009D50C00010006DD0C00010006E000
:10E658000C0001000BE20C0001000CE60C000900A4
:10E6680006F10C00010009F30C0000000B000D007E
:10E67800010009020D00010006040D000800060E45
:10E688000D00020006120D0028000B3B0D000100D2
:10E69800063D0D000000093E0D0002000B410D0073
:10E6A800030009460D000200094A0D0002000B4D47
:10E6B8000D000000064E0D000000194F0D0000006F
:10E6C80006540D00020009570D0000000E580D00F9
:10E6D8000600065F0D0002000B620D0001000C66CB
:10E6E8000D0009000E700D00080019790D000000DA
:10E6F800067A0D0005000B810D00000009820D004F
:10E70800010006850D001100069A0D00170006B3DA
:10E718000D00080006BD0D00000006C00D00060033
:10E728000BCA0D00000009CF0D0002000BD20D002E
:10E7380002000BD60D00000009D80D0007000CE6FA
:10E748000D00090009F20D00010014F40D0000008D
:10E7580006010E002F000B310E00000006320E00DD
:10E7680001000B340E000600163F0E0000000640A4
:10E778000E00050005460E0000000B470E000700BE
:10E78800144F0E0000000C500E000900145A0E0021
:10E79800010006810E00010006840E0000000686B6
:10E7A8000E000400068C0E00170006A50E000000DF
:10E7B80006A70E0009000BB10E00000006B20E00FD
:10E7C80001000BB40E00080006BD0E00000006C0D4
:10E7D8000E00040005C60E0000000BC80E0006005F
:10E7E8000CD00E00090006DC0E00030006000F0026
:10E7F800000019010F00020014040F000E00191385
:10E808000F00000014140F00000019150F0002007B
:10E818000B180F000100191A0F0005000C200F003B
:10E8280009000E2A0F00090019340F0000000B35EB
:10E838000F00000019360F0000000B370F00000012
:10E8480019380F0000000B390F000000153A0F00AF
:10E858000000113B0F000000153C0F000000113DA7
:10E868000F000000093E0F00010006400F000700DE
:10E8780006490F0023000B710F000D00097F0F00E0
:10E8880000000B800F00040014850F0000000B86A9
:10E898000F00010006880F0004000B8D0F000A000E
:10E8A8000B990F00230019BE0F0007000BC60F00BD
:10E8B800000019C70F00050019CE0F00010014D081
:10E8C8000F00040019D50F00030014D90F00010030
:10E8D800060010002A00092B100001000B2D100063
:10E8E80003000931100000000B3210000500093840
:10E8F800100000000B3910000100093B1000010056
:10E908000B3D10000100063F100000000C401000F5
:10E918000900144A100005000650100005000956A9
:10E92800100001000B5810000100065A10000300E7
:10E938000B5E100002000661100000000962100062
:10E948000200066510000100096710000600066E47
:10E95800100002000B7110000300067510000C0077
:10E968000B82100000000983100001000B851000C5
:10E9780001000987100005000B8D10000000068EAD
:10E9880010000000098F100000000C901000090012
:10E99800099A100002000B9D10000000199E10003B
:10E9A800010003A01000250003C71000000003CDDC
:10E9B8001000000003D010002A0014FB1000000013
:10E9C80005FC1000000003FD100002000600110005
:10E9D8004801064A120003000650120006000658B5
:10E9E80012000000065A12000300066012002800F8
:10E9F800068A1200030006901200200006B21200D8
:10EA0800030006B81200060006C01200000006C285
:10EA18001200030006C812000E0006D812003800C3
:10EA28000612130003000618130042000B5D1300C2
:10EA380002001460130008000E691300130006801A
:10EA480013000F0019901300090003A013005500CC
:10EA580003F813000500100014000000060114005C
:10EA68006B02196D16000000146E16000000066F88
:10EA7800160010001C801600000006811600190000
:10EA8800159B16000000119C1600000006A0160039
:10EA98004A0014EB160002000DEE1600020006F103
:10EAA800160007000600170011000B1217000200DD
:10EAB800091517000000061F170012000B32170077
:10EAC8000100093417000000143517000100064042
:10EAD800170011000B5217000100066017000C0008
:10EAE800066E170002000B7217000100068017005F
:10EAF80033000BB41700010009B6170000000BB76C
:10EB08001700060009BE170007000BC61700000013
:10EB180009C7170001000BC917000A0014D4170011
:10EB2800020005D71700000014D81700020016DBF2
:10EB38001700000006DC170000000BDD17000000BE
:10EB48000CE0170009000EF0170009001400180067
:10EB580005001006180000001407180003000B0B2E
:10EB680018000200010E180000000B0F180000002A
:10EB78000C10180009000620180022000543180090
:10EB880000000644180034000680180004000B85B5
:10EB9800180001000687180021000BA918000000C2
:10EBA80006AA1800000006B0180045000600190063
:10EBB8001E000B20190002000923190003000B276F
:10EBC8001900010009291900020009301900010083
:10EBD8000B32190000000933190005000B39190020
:10EBE80002001940190000001444190001000C46E5
:10EBF80019000900065019001D00067019000400CC
:10EC0800068019002B0006B0190019000CD0190055
:10EC180009000EDA1900000019DE190021000600AB
:10EC28001A0016000B171A00010009191A00010032
:10EC38000B1B1A000000141E1A00010006201A00FF
:10EC4800340009551A0000000B561A000000095735
:10EC58001A0000000B581A0006000B601A0000008A
:10EC680009611A0000000B621A00000009631A000B
:10EC780001000B651A000700096D1A0005000B73E7
:10EC88001A0009000B7F1A0000000C801A00090006
:10EC98000C901A00090014A01A00060005A71A0013
:10ECA800000014A81A0005000BB01A000D000ABED7
:10ECB8001A0000000BBF1A000F000B001B00030016
:10ECC80009041B00000006051B002E000B341B0066
:10ECD800000009351B0000000B361B000400093B2F
:10ECE8001B0000000B3C1B000000093D1B0004003A
:10ECF8000B421B00000009431B00010006451B00D6
:10ED080007000C501B000900145A1B00060019616B
:10ED18001B0009000B6B1B00080019741B0008007E
:10ED2800147D1B0001000B801B00010009821B00E1
:10ED3800000006831B001D0009A11B0000000BA298
:10ED48001B00030009A61B0001000BA81B00010003
:10ED580009AA1B0000000BAB1B00020006AE1B003B
:10ED680001000CB01B00090006BA1B002B000BE6C3
:10ED78001B00000009E71B0000000BE81B00010056
:10ED880009EA1B0002000BED1B00000009EE1B0046
:10ED980000000BEF1B00020009F21B00010014FC2D
:10EDA8001B00030006001C00230009241C000700A8
:10EDB8000B2C1C00070009341C0001000B361C003A
:10EDC8000100143B1C0004000C401C000900064D07
:10EDD8001C0002000C501C000900065A1C001D00F3
:10EDE80005781C000500147E1C00010003801C002F
:10EDF800080003901C002A0003BD1C00020014C078
:10EE08001C0007000BD01C00020014D31C000000DB
:10EE18000BD41C000C0009E11C0000000BE21C00D4
:10EE2800060006E91C0003000BED1C00000006EEBE
:10EE38001C0005000BF41C00000006F51C00010076
:10EE480009F71C0000000BF81C00010006FA1C0062
:10EE5800000004001D002B00052C1D003E00046B63
:10EE68001D000C0005781D00000003791D0000003E
:10EE7800047A1D000200037D1D000000047E1D00B1
:10EE88000F00038E1D000000048F1D000B00059B62
:10EE98001D0024000BC01D003F0003001E0095004C
:10EEA80004961E000400039B1E000000049C1E0024
:10EEB8000100039E1E000000049F1E00000003A026
:10EEC8001E00750003181F00050003201F00250001
:10EED80003481F00050004501F00000003511F00D5
:10EEE800000004521F00000003531F0000000454D8
:10EEF8001F00000003551F00000004561F000000FB
:10EF080003571F00000003591F000000035B1F0088
:10EF18000000035D1F000000035F1F001E00038048
:10EF28001F00070007881F00070003901F00070045
:10EF380007981F00070003A01F00070007A81F006D
:10EF4800070003B01F00010004B21F00000003B354
:10EF58001F00000004B41F00000004B61F000100D9
:10EF680003B81F00030007BC1F00000017BD1F00E7
:10EF7800000003BE1F00000017BF1F00020004C2EC
:10EF88001F00000003C31F00000004C41F0000008E
:10EF980004C61F00010003C81F00030007CC1F00A0
:10EFA800000017CD1F00020003D01F00010004D28B
:10EFB8001F00010004D61F00010003D81F00030032
:10EFC80017DD1F00020003E01F00010004E21F001C
:10EFD800020003E51F00000004E61F00010003E82B
:10EFE8001F00040017ED1F00020004F21F000000BC
:10EFF80003F31F00000004F41F00000004F61F00C4
:10F00800010003F81F00030007FC1F00000017FDA4
:10F018001F0001001C0020000A00010B2000040052
:10F0280010102000050014162000010013182000FD
:10F038000000121920000000151A20000000131B00
:10F0480020000100121D20000000151E20000000F5
:10F05800131F200000001420200007001A28200099
:10F0680000001B2920000000012A200004001C2F9A
:10F078002000000014302000080013392000000090
:10F08800123A20000000143B200003000F3F20002C
:10F09800010014412000020018442000000015451A
:10F0A80020000000114620000000144720000A003C
:10F0B8001852200000001453200000000F542000B4
:10F0C80000001455200009001C5F200000000160AA
:10F0D800200004000166200009000E7020000000D6
:10F0E8000571200000000E7420000500187A200029
:10F0F8000200157D20000000117E20000000057F21
:10F10800200000000E8020000900188A200002005C
:10F11800158D20000000118E2000000005902000B1
:10F128000C0016A0200020000BD020000C000ADDE7
:10F13800200003000BE1200000000AE2200002008A
:10F148000BE520000B001900210001000802210036
:10F158000000190321000300080721000000190816
:10F1680021000100040A21000000080B2100020010
:10F17800040E2100010008102100020004132100E0
:10F1880000001914210000000815210000001916BC
:10F1980021000100181821000000081921000400AE
:10F1A800191E21000500082421000000192521004E
:10F1B800000003262100000019272100000008286C
:10F1C80021000000192921000000032A2100010064
:10F1D800082C21000100192E21000000042F210015
:10F1E800000008302100010003322100000008332C
:10F1F800210000000434210000000635210003002E
:10F20800043921000000193A21000100043C2100C2
:10F218000100083E210001001840210004000845B3
:10F2280021000000044621000300194A21000000C3
:10F23800184B21000000194C21000100034E210049
:10F248000000194F210000000E5021000F000D6032
:10F25800210022000383210001000D852100030005
:10F268000E8921000000198A210001001890210050
:10F278000400199521000400189A21000100199C26
:10F288002100030018A02100000019A1210001009D
:10F2980018A32100000019A42100010018A62100CC
:10F2A800000019A72100060018AE2100000019AFC0
:10F2B80021001E0018CE2100010019D021000100F4
:10F2C80018D22100000019D32100000018D4210011
:10F2D800000019D521001E0018F421000B011900A7
:10F2E800230007001508230000001109230000006F
:10F2F800150A23000000110B23000000190C23003D
:10F3080013001820230001001922230006001529E4
:10F3180023000000112A23000000192B23005000AD
:10F32800187C23000000197D23001D00189B230072
:10F33800180019B42300270018DC2300050019E27F
:10F3480023004400194024000A000E6024003B00FA
:10F35800199C24004D000EEA240015001900250010
:10F36800B60018B72500000019B82500080018C114
:10F378002500000019C22500350018F825000700EF
:10F38800190026006E00186F26000000197026006C
:10F39800F700156827000000116927000000156AAA
:10F3A80027000000116B27000000156C27000000E3
:10F3B800116D27000000156E27000000116F27004F
:10F3C8000000157027000000117127000000157259
:10F3D80027000000117327000000157427000000A3
:10F3E8001175270000000E7627001D0019942700CC
:10F3F8002B0018C02700040015C52700000011C6FF
:10F408002700000018C727001E0015E62700000087
:10F4180011E72700000015E82700000011E9270080
:10F42800000015EA2700000011EB2700000015EC8A
:10F438002700000011ED2700000015EE270000004E
:10F4480011EF2700000018F027000F00190028000E
:10F45800FF0018002900820015832900000011848C
:10F4680029000000158529000000118629000000E8
:10F478001587290000001188290000001589290036
:10F488000000118A29000000158B29000000118C4A
:10F4980029000000158D29000000118E29000000A8
:10F4A800158F2900000011902900000015912900EE
:10F4B8000000119229000000159329000000119402
:10F4C8002900000015952900000011962900000068
:10F4D80015972900000011982900000018992900A3
:10F4E8003E0015D82900000011D92900000015DABE
:10F4F8002900000011DB2900000018DC29001F008A
:10F5080015FC2900000011FD2900000018FE290043
:10F51800010119002B002F0018302B001400194589
:10F528002B00010018472B000500194D2B00260061
:10F5380019762B001F0019972B00680003002C0078
:10F54800700004712C00000003722C000100047488
:10F558002C00000003752C00010004772C00040027
:10F56800057C2C000100037E2C00650004E42C00BF
:10F57800000019E52C00050003EB2C0003000BEF3D
:10F588002C00020003F22C00010014F92C000300E7
:10F598000EFD2C00000014FE2C00010003002D00BD
:10F5A800250003272D000000032D2D000000063044
:10F5B8002D003700056F2D00000014702D0000008D
:10F5C8000B7F2D00000006802D00160006A02D00E0
:10F5D800060006A82D00060006B02D00060006B895
:10F5E8002D00060006C02D00060006C82D000600E6
:10F5F80006D02D00060006D82D0006000BE02D00D1
:10F608001F0014002E00010013022E000000120338
:10F618002E00000013042E00000012052E0000002A
:10F6280014062E00020013092E000000120A2E00F4
:10F638000000140B2E000000130C2E000000120D09
:10F648002E000000140E2E00080010172E000000D7
:10F6580014182E000100101A2E000000141B2E0092
:10F668000000131C2E000000121D2E000000141EA6
:10F678002E00010013202E00000012212E00000091
:10F6880015222E00000011232E00000015242E0044
:10F69800000011252E00000015262E00000011275D
:10F6A8002E00000015282E00000011292E00000051
:10F6B800142A2E000400052F2E00000014302E00FE
:10F6C8000900103A2E000100143C2E0003001040DF
:10F6D8002E00000014412E00000015422E000000EC
:10F6E80014432E000C0019502E00010014522E0055
:10F6F800020015552E00000011562E000000155767
:10F708002E00000011582E00000015592E00000090
:10F71800115A2E000000155B2E000000115C2E000F
:10F728000000105D2E00000019802E001900199BA2
:10F738002E00580019002F00D50019F02F000B00DB
:10F748001C003000000014013000020019043000D1
:10F7580000000505300000000606300000000D0717
:10F7680030000000150830000000110930000000CA
:10F77800150A30000000110B30000000150C300095
:10F788000000110D30000000150E30000000110FB0
:10F79800300000001510300000001111300000008A
:10F7A8001912300001001514300000001115300046
:10F7B8000000151630000000111730000000151861
:10F7C80030000000111930000000151A3000000048
:10F7D800111B30000000101C30000000151D300007
:10F7E8000000111E300001001920300000000D211A
:10F7F800300008000B2A30000300092E30000100F9
:10F808001030300000000531300004001936300097
:10F8180001000D3830000200053B30000000063CB6
:10F8280030000000143D30000000193E3000010097
:10F838000641300055000B9930000100179B30003D
:10F848000100059D30000100069F3000000010A057
:10F858003000000006A13000590014FB3000000001
:10F8680005FC3000020006FF3000000006053100EC
:10F878002A00063131005D001990310001000E9216
:10F888003100030019963100090006A031001F005D
:10F8980019C03100230006F031000F0019003200B2
:10F8A8001E000E2032000900192A32001D000E48E1
:10F8B800320007001950320000000E5132000E00CD
:10F8C800196032001F000E8032000900198A3200C8
:10F8D80026000EB132000E0019C032003F010600AA
:10F8E8003400BF1919C04D003F0006004E001452E5
:10F8F8000515A00000000616A00076041990A400C3
:10F90800360006D0A400270005F8A400050014FE60
:10F91800A40001000600A5000B01050CA6000000CC
:10F92800140DA60002000610A6000F000C20A60069
:10F938000900062AA60001000340A6002D00066E55
:10F94800A60000000B6FA60000000A70A6000200C7
:10F958001473A60000000B74A6000900147EA6000C
:10F968000000057FA60000000380A6001B00059C80
:10F97800A60001000B9EA600010006A0A6004500F7
:10F988000DE6A60009000BF0A600010014F2A6007F
:10F9980005001700A70016000517A7000800172084
:10F9A800A70001000322A7000D000430A7000100F2
:10F9B8000332A7003D000570A70000000471A700EE
:10F9C80007000379A7000E000588A7000000178923
:10F9D800A7000100038BA7000200048EA700000007
:10F9E800068FA70000000390A70004000495A70055
:10F9F80000000396A700180004AFA700000003B09A
:10FA0800A7001A0003D0A700010004D3A700000034
:10FA180004D5A700000003D6A700030005F2A7003D
:10FA2800020003F5A700010006F7A700000005F88B
:10FA3800A700010004FAA700000006FBA7000600C3
:10FA48000B02A80000000603A80002000B06A8008D
:10FA580000000607A80003000B0BA8000000060C16
:10FA6800A80016000923A80001000B25A800010022
:10FA78000927A80000001928A80003000B2CA800DB
:10FA880000000E30A80005001936A800010016383D
:10FA9800A80000001939A80000000640A80033009B
:10FAA8001474A80003000980A80001000682A800B9
:10FAB800310009B4A8000F000BC4A800010014CE3F
:10FAC800A80001000CD0A80009000BE0A800110054
:10FAD80006F2A800050014F8A800020006FBA8001A
:10FAE800000014FCA800000006FDA80001000BFFA0
:10FAF800A80000000C00A9000900060AA9001B00C4
:10FB08000B26A9000700142EA90001000630A90041
:10FB180016000B47A9000A000952A9000100145F4A
:10FB2800A90000000660A9001C000B80A9000200C3
:10FB38000983A90000000684A9002E000BB3A900C0
:10FB4800000009B4A90001000BB6A900030009BA16
:10FB5800A90001000BBCA900010009BEA900020010
:10FB680014C1A9000C0005CFA90000000CD0A90001
:10FB7800090014DEA900010006E0A90004000BE555
:10FB8800A900000005E6A900000006E7A900080092
:10FB98000CF0A900090006FAA90004000600AA0052
:10FBA80028000B29AA000500092FAA0001000B3123
:10FBB800AA0001000933AA0001000B35AA000100C0
:10FBC8000640AA0002000B43AA0000000644AA004F
:10FBD80007000B4CAA000000094DAA0000000C50B9
:10FBE800AA000900145CAA0003000660AA000F001E
:10FBF8000570AA0000000671AA0005001977AA007E
:10FC08000200067AAA000000097BAA0000000B7C0B
:10FC1800AA000000097DAA000000067EAA003100A3
:10FC28000BB0AA00000006B1AA0000000BB2AA009F
:10FC3800020006B5AA0001000BB7AA00010006B928
:10FC4800AA0004000BBEAA00010006C0AA0000001A
:10FC58000BC1AA00000006C2AA00000006DBAA0029
:10FC6800010005DDAA00000014DEAA00010006E07C
:10FC7800AA000A0009EBAA0000000BECAA00010088
:10FC880009EEAA00010014F0AA00010006F2AA0079
:10FC9800000005F3AA00010009F5AA0000000BF610
:10FCA800AA0000000601AB0005000609AB0005002C
:10FCB8000611AB0005000620AB0006000628AB00C5
:10FCC80006000430AB0022000353AB0000000454CC
:10FCD800AB000600175BAB000000055CAB0003003F
:10FCE8000460AB0008000569AB000000176AAB00B0
:10FCF80001000370AB004F0006C0AB00220009E30F
:10FD0800AB0001000BE5AB00000009E6AB00010009
:10FD18000BE8AB00000009E9AB00010014EBAB00F5
:10FD2800000009ECAB0000000BEDAB0000000CF08C
:10FD3800AB0009000600AC00A32B06B0D7001600E4
:10FD480006CBD70030000200D800FF070600F900F4
:10FD58006D010670FA0069000400FB000600041338
:10FD6800FB000400061DFB0000000B1EFB0000004A
:10FD7800061FFB0009001829FB000000062AFB00EB
:10FD88000C000638FB000400063EFB00000006409D
:10FD9800FB0001000643FB0001000646FB006B0068
:10FDA80017B2FB00100006D3FB006A01113EFD00EC
:10FDB8000000153FFD0000001940FD000F0006502F
:10FDC800FD003F000692FD00350019CFFD00000040
:10FDD80006F0FD000B0016FCFD00000019FDFD00FB
:10FDE80002000B00FE000F001410FE00060015179D
:10FDF800FE0000001118FE0000001419FE000000AB
:10FE08000B20FE000F001430FE0000001031FE0031
:10FE180001000F33FE0001001535FE000000113609
:10FE2800FE0000001537FE0000001138FE0000003B
:10FE38001539FE000000113AFE000000153BFE00D7
:10FE48000000113CFE000000153DFE000000113EC0
:10FE5800FE000000153FFE0000001140FE000000FB
:10FE68001541FE0000001142FE0000001543FE008F
:10FE780000001144FE0000001445FE000100154773
:10FE8800FE0000001148FE0000001449FE000300B7
:10FE98000F4DFE0002001450FE0002001454FE0034
:10FEA80003001058FE0000001559FE000000115A0A
:10FEB800FE000000155BFE000000115CFE00000063
:10FEC800155DFE000000115EFE000000145FFE00DC
:10FED80002001862FE0000001063FE0000001864B3
:10FEE800FE0002001468FE0000001669FE00000013
:10FEF800146AFE0001000670FE0004000676FE008B
:10FF0800860001FFFE0000001401FF000200160435
:10FF1800FF0000001405FF0002001508FF000000A4
:10FF28001109FF000000140AFF000000180BFF0071
:10FF38000000140CFF000000100DFF000000140E5C
:10FF4800FF0001000C10FF000900141AFF00010057
:10FF5800181CFF000200141FFF0001000321FF000E
:10FF68001900153BFF000000143CFF000000113D84
:10FF7800FF000000173EFF0000000F3FFF000000D9
:10FF88001740FF0000000341FF001900155BFF0048
:10FF98000000185CFF000000115DFF000000185E03
:10FFA800FF000000155FFF0000001160FF00000067
:10FFB8001461FF0000001562FF0000001163FF00DC
:10FFC80000001464FF0001000666FF0009000570C8
:10FFD800FF0000000671FF002C00059EFF000100D5
:10FFE80006A0FF001E0006C2FF00050006CAFF00AB
:08FFF800050006D2FF00050020
:020000041002E8
:1000000006DAFF00020016E0FF00010018E2FF0020
:10001000000017E3FF00000019E4FF00000016E5F0
:10002000FF00010019E8FF00000018E9FF000300CD
:1000300019EDFF00010001F9FF00020019FCFF00AB
:100040000100060000010B00060D00011900062842
:1000500000011200063C00010100063F00010E00F5
:10006000065000010D00068000017A001400010115
:1000700002000E0701012C001937010108000D4094
:10008000010134000E75010103001979010110000E
:100090000E8A01010100198C010102001990010171
:1000A0000C0019A00101000019D001012C000BFD6A
:1000B00001010000068002011C0006A002013000C0
:1000C0000BE0020100000EE102011A00060003012C
:1000D0001F000E2003010300062D030113000D4134
:1000E000030100000642030107000D4A030100005E
:1000F0000650030125000B7603010400068003016E
:100100001D00149F0301000006A00301230006C880
:100110000301070014D0030100000DD10301040006
:10012000030004014F00065004014D000CA004011F
:10013000090003B00401230003D8040123000600D2
:1001400005012700063005013300146F050100008A
:10015000037005010A00037C05010E00038C0501F4
:100160000600039405010100039705010A0003A39B
:1001700005010E0003B30501060003BB05010100E4
:10018000060006013601064007011500066007015A
:10019000070005800701050005870701290005B252
:1001A0000701080006000801050006080801000014
:1001B000060A08012B00063708010100063C080169
:1001C0000000063F080116001457080100000E58F1
:1001D00008010700066008011600197708010100F0
:1001E0000E7908010600068008011E000EA708010E
:1001F000080006E00801120006F4080101000EFBE9
:10020000080104000600090115000E160901050089
:10021000141F09010000062009011900143F0901FB
:1002200000000680090137000EBC0901010006BE6E
:10023000090101000EC009010F000ED209012D00B5
:1002400006000A0100000B010A0102000B050A0169
:1002500001000B0C0A01030006100A010300061539
:100260000A01020006190A011C000B380A010200EB
:100270000B3F0A0100000E400A01080014500A0159
:10028000080006600A011C000E7D0A010100147FAF
:100290000A01000006800A011C000E9D0A010200EE
:1002A00006C00A01070019C80A01000006C90A01B0
:1002B0001B000BE50A0101000EEB0A01040014F01B
:1002C0000A01060006000B01350014390B01060077
:1002D00006400B0115000E580B01070006600B01CC
:1002E00012000E780B01070006800B011100149913
:1002F0000B0103000EA90B01060006000C014800CB
:1003000003800C01320003C00C0132000EFA0C0114
:10031000050006000D0123000B240D0103000C3025
:100320000D0109000E600E011E0006800E0129005D
:100330000BAB0E01010010AD0E01000006B00E0166
:1003400001000BFD0E01020006000F011C000E1D36
:100350000F01090006270F01000006300F011500EC
:100360000B460F010A000E510F01030014550F0137
:10037000040006700F0111000B820F0103001486A8
:100380000F01030006B00F0114000EC50F01060097
:1003900006E00F0116000900100100000B0110011A
:1003A00000000902100100000603100134000B38A0
:1003B00010010E001447100106000E521001130028
:1003C0000C66100109000B7010010000067110018D
:1003D00001000B73100101000675100100000B7F76
:1003E00010010200098210010000068310012C0098
:1003F00009B0100102000BB31001030009B710018E
:1004000001000BB91001010014BB1001010001BD76
:100410001001000014BE100103000BC21001000007
:1004200001CD1001000006D0100118000CF01001E1
:1004300009000B00110102000603110123000B2724
:1004400011010400092C110100000B2D11010700FE
:100450000C3611010900144011010300064411017A
:100460000000094511010100064711010000065076
:10047000110122000B73110100001474110101001D
:100480000676110100000B801101010009821101A3
:100490000000068311012F0009B3110102000BB601
:1004A0001101080009BF1101010006C1110103007B
:1004B00014C5110103000BC91101030014CD110172
:1004C000000009CE110100000BCF110100000CD07B
:1004D0001101090006DA1101000014DB110100000E
:1004E00006DC1101000014DD110102000EE1110112
:1004F0001300060012011100061312011800092C46
:10050000120102000B2F1201020009321201010038
:100510000B34120100000935120100000B361201E4
:1005200001001438120105000B3E12010000063FC5
:10053000120101000B4112010000068012010600A9
:10054000068812010000068A12010300068F1201BC
:100550000E00069F1201090014A91201000006B046
:1005600012012E000BDF1201000009E0120102004F
:100570000BE3120107000CF0120109000B0013013C
:100580000100090213010100060513010700060F0F
:1005900013010100061313011500062A13010600BA
:1005A0000632130101000635130104000B3B130151
:1005B0000100063D13010000093E130101000B403C
:1005C0001301000009411301030009471301010051
:1005D000094B1301020006501301000009571301D3
:1005E0000000065D130104000962130101000B669F
:1005F000130106000B7013010400060014013400FF
:100600000935140102000B381401070009401401D8
:1006100001000B42140102000945140100000B46C1
:1006200014010000064714010300144B14010400D8
:100630000C5014010900145A14010100145D140136
:1006400000000B5E14010000065F1401020006802A
:1006500014012F0009B0140102000BB314010500AE
:1006600009B9140100000BBA1401000009BB140100
:1006700003000BBF1401010009C1140100000BC2EB
:100680001401010006C41401010014C61401000085
:1006900006C7140100000CD01401090006801501E2
:1006A0002E0009AF150102000BB21501030009B8B5
:1006B000150103000BBC1501010009BE1501000066
:1006C0000BBF1501010014C11501160006D8150154
:1006D00003000BDC15010100060016012F00093094
:1006E000160102000B3316010700093B1601010039
:1006F0000B3D16010000093E160100000B3F1601DC
:1007000001001441160102000644160100000C50BD
:1007100016010900146016010C00068016012A005B
:100720000BAB1601000009AC160100000BAD160161
:10073000000009AE160101000BB01601050009B654
:10074000160100000BB71601000006B816010000E4
:1007500014B9160100000CC01601090006001701AB
:100760001A000B1D170102000920170101000B22BE
:10077000170103000926170100000B2717010400C9
:100780000C30170109000E3A17010100143C170143
:100790000200193F1701000006401701060006007D
:1007A00018012B00092C180102000B2F180108005A
:1007B0000938180100000B3918010100143B180119
:1007C000000003A018013F000CE0180109000EEA28
:1007D0001801080006FF18010700060919010000AA
:1007E000060C190107000615190101000618190168
:1007F00017000930190105000937190101000B3BE9
:1008000019010100093D190100000B3E190100000A
:10081000063F1901000009401901000006411901B5
:1008200000000942190100000B43190100001444A3
:10083000190102000C501901090006A01901070056
:1008400006AA1901260009D1190102000BD41901C9
:1008500003000BDA1901010009DC190103000BE0A8
:100860001901000006E11901000014E2190100005D
:1008700006E31901000009E41901000006001A014D
:1008800000000B011A010900060B1A0127000B33A7
:100890001A01050009391A010000063A1A01000080
:1008A0000B3B1A010300143F1A0107000B471A0102
:1008B000000006501A0100000B511A0105000957EB
:1008C0001A0101000B591A010200065C1A012D00E1
:1008D0000B8A1A010C0009971A0100000B981A01E3
:1008E0000100149A1A010200069D1A010000149ECC
:1008F0001A01040006B01A01480014001B01090087
:1009000006001C010800060A1C012400092F1C0116
:1009100000000B301C0106000B381C010500093ECD
:100920001C0100000B3F1C01000006401C010000E0
:1009300014411C0104000C501C0109000E5A1C013A
:10094000120014701C01010006721C011D000B92A4
:100950001C01150009A91C0100000BAA1C010600BE
:1009600009B11C0100000BB21C01010009B41C01FB
:1009700000000BB51C01010006001D010600060861
:100980001D010100060B1D0125000B311D01050095
:100990000B3A1D0100000B3C1D0101000B3F1D0126
:1009A000060006461D0100000B471D0100000C500B
:1009B0001D01090006601D01050006671D010100FB
:1009C000066A1D011F00098A1D0104000B901D010C
:1009D000010009931D0101000B951D0100000996FE
:1009E0001D0100000B971D01000006981D0100006D
:1009F0000CA01D01090006E01E0112000BF31E01F0
:100A0000010009F51E01010014F71E0101000B0091
:100A10001F01010006021F01000009031F01000061
:100A200006041F010C0006121F01210009341F01DA
:100A300001000B361F010400093E1F0101000B409D
:100A40001F01000009411F0100000B421F010000AF
:100A500014431F010C000C501F01090006B01F01B8
:100A600000000EC01F01140019D51F01070016DD7C
:100A70001F01030019E11F01100014FF1F010000F6
:100A80000600200199030D0024016E00147024015A
:100A9000040006802401C30006902F01600014F1B9
:100AA0002F010100060030012F04013034010F0036
:100AB0000B40340100000641340105000B473401AE
:100AC0000E00060044014602060068013802064096
:100AD0006A011E000C606A010900146E6A010100BF
:100AE00006706A014E000CC06A01090006D06A0156
:100AF0001D000BF06A01040014F56A0100000600F5
:100B00006B012F000B306B01060014376B010400E2
:100B1000193C6B01030005406B01030014446B0199
:100B2000000019456B0100000C506B0109000E5BC1
:100B30006B01060006636B011400067D6B01120059
:100B400003406E013F000E806E01160014976E0187
:100B5000030006006F014A000B4F6F0100000650B2
:100B60006F01000009516F0136000B8F6F01030008
:100B700005936F010C0005E06F01010014E26F01A5
:100B8000000005E36F0100000BE46F01000009F0B5
:100B90006F01010006007001F71706008801D504F7
:100BA00006008D01080005F0AF01030005F5AF0157
:100BB000060005FDAF0101000600B001220106326A
:100BC000B10100000650B10102000655B10100005C
:100BD0000664B10103000670B1018B010600BC017F
:100BE0006A000670BC010C000680BC01080006907B
:100BF000BC010900199CBC0100000B9DBC01010057
:100C0000149FBC01000001A0BC0103000B00CF0138
:100C10002D000B30CF0116001950CF0173001900C1
:100C2000D001F5001900D10126001929D1013B009E
:100C30000965D10101000B67D1010200196AD101D8
:100C40000200096DD10105000173D10107000B7B82
:100C5000D10107001983D10101000B85D1010600E4
:100C6000198CD1011D000BAAD101030019AED101CD
:100C70003C001900D20141000B42D201020019458B
:100C8000D20100000EC0D20113000EE0D201130009
:100C90001900D30156000E60D30118000800D401DA
:100CA0001900041AD40119000834D4011900044EA3
:100CB000D40106000456D40111000868D4011900BB
:100CC0000482D4011900089CD4010000089ED401BC
:100CD000010008A2D401000008A5D401010008A960
:100CE000D401030008AED401070004B6D401030008
:100CF00004BBD401000004BDD401060004C5D40126
:100D00000A0008D0D401190004EAD401190008042B
:100D1000D50101000807D5010300080DD501070022
:100D20000816D5010600041ED50119000838D501A2
:100D30000100083BD50103000840D5010400084626
:100D4000D5010000084AD50106000452D50119005A
:100D5000086CD50119000486D501190008A0D50139
:100D6000190004BAD501190008D4D501190004EE00
:100D7000D50119000808D60119000422D60119006E
:100D8000083CD60119000456D60119000870D60196
:100D90001900048AD6011B0008A8D601180018C142
:100DA000D601000004C2D601180018DBD6010000ED
:100DB00004DCD601050008E2D601180018FBD601B4
:100DC000000004FCD60118001815D7010000041615
:100DD000D7010500081CD70118001835D7010000FD
:100DE0000436D7011800184FD70100000450D7016E
:100DF00005000856D7011800186FD70100000470CD
:100E0000D70118001889D7010000048AD70105000E
:100E10000890D701180018A9D701000004AAD7012B
:100E2000180018C3D701000004C4D701050008CA80
:100E3000D701000004CBD70100000CCED701310050
:100E40001900D801FF010B00DA0136001937DA0169
:100E500003000B3BDA013100196DDA0107000B7555
:100E6000DA0100001976DA010D000B84DA010000C6
:100E70001985DA0101001487DA0104000B9BDA01FD
:100E800004000BA1DA010E000400DF010900060ACC
:100E9000DF010000040BDF0113000425DF01050062
:100EA0000B00E00106000B08E00110000B1BE00145
:100EB00006000B23E00101000B26E00104000530D1
:100EC000E0013D000B8FE00100000600E1012C0075
:100ED0000B30E10106000537E10106000C40E1019D
:100EE0000900064EE1010000194FE10100000690E3
:100EF000E2011D000BAEE201000006C0E2012B0082
:100F00000BECE20103000CF0E201090016FFE20124
:100F1000000006D0E4011A0005EBE40100000BEC30
:100F2000E40103000CF0E401090006E0E70106001B
:100F300006E8E701030006EDE701010006F0E7011E
:100F40000E000600E801C4000EC7E80108000BD03F
:100F5000E80106000300E90143000B44E901060033
:100F6000054BE90100000C50E9010900145EE9019C
:100F700001000E71EC013A0019ACEC0100000EAD5D
:100F8000EC01020016B0EC0100000EB1EC01030010
:100F90000E01ED012C00192EED0100000E2FED01C8
:100FA0000E000600EE0103000605EE011A00062100
:100FB000EE0101000624EE0100000627EE0100000C
:100FC0000629EE0109000634EE0103000639EE01A0
:100FD0000000063BEE0100000642EE01000006475D
:100FE000EE0100000649EE010000064BEE01000094
:100FF000064DEE0102000651EE0101000654EE011D
:1010000000000657EE0100000659EE010000065BE5
:10101000EE010000065DEE010000065FEE0100003B
:101020000661EE0101000664EE0100000667EE01B4
:101030000300066CEE0106000674EE01030006795B
:10104000EE010300067EEE0100000680EE010900BD
:10105000068BEE01100006A1EE01020006A5EE01CE
:10106000040006ABEE01100018F0EE0101001900BB
:10107000F0012B001930F001630019A0F0010E00FF
:1010800019B1F0010E0019C1F0010E0019D1F001E3
:1010900024000E00F1010C00190DF101A00019E669
:1010A000F1011C001910F2012B001940F201080097
:1010B0001950F20101001960F20105001900F30155
:1010C000FA0017FBF30104001900F401D70219DC40
:1010D000F601100019F0F6010C001900F701760076
:1010E000197BF7015E0019E0F7010B0019F0F70119
:1010F00000001900F8010B001910F8013700195011
:10110000F80109001960F80127001990F8011D0085
:1011100019B0F80101001900F90153011960FA0131
:101120000D001970FA010C001980FA0108001990DD
:10113000FA012D0019BFFA01060019CEFA010D00BF
:1011400019E0FA01080019F0FA0108001900FB0182
:1011500092001994FB0136000CF0FB010900060017
:101160000002DFA60600A70239100640B702DD0024
:101170000620B802811606B0CE02301D0600F80225
:101180001D02060000034A13065013035F100101FD
:10119000000E00000120000E5F000B00010EEF00AA
:0811A000683BFF7F0100000025
:1011A800708801107C8801108888011094880110CB
:1011B800A0880110AC880110B8880110C4880110FB
:0411C800108A011078
:1011CC004FF0504310B5026893F90040EFF31083D1
:1011DC0072B6D2E8CFCF0121BCF1000FF9D1C2E831
:1011EC004C1FBCF1000FF4D1BFF35F8F90F90420BA
:1011FC00002A1CDB00210268C2E88F1F83F31088D1
:10120C0020BF0268EFF3108372B6D2E8CFEF5FF025
:10121C00010CBEF1000FF8D1C2E84ECFBEF1000FA9
:10122C00F3D1BFF35F8F90F90420002AE3DA002298
:10123C0001680471C1E88F2F83F3108810BD00BFC3
:10124C00034600B50268EFF3108C72B6D2E8CFEF0C
:10125C000120BEF1000FF9D1C2E84E0FBEF1000F14
:10126C00F4D1BFF35F8F93F90420002A0ADB01B19C
:10127C000A60002000221B68C3E88F2F8CF31088B3
:10128C005DF804FB4FF05042126801201A71F1E72F
:10129C004FF050412DE9F0410027044616461D46FB
:1012AC00D1F8008008E0C1E88F7F8CF310883046BD
:1012BC00294601F0F9FCE8B92168EFF3108C72B6FD
:1012CC00D1E8CF2F0123002AFAD1C1E8423F002AEE
:1012DC00F6D1BFF35F8F94F904302168002BE2DA6A
:1012EC00002384F80480C1E88F3F8CF31088012020
:1012FC00BDE8F0810020BDE8F08100BF30B5046886
:10130C00EFF3108C72B6D4E8CFEF0125BEF1000FCD
:10131C00F9D1C4E84E5FBEF1000FF4D1BFF35F8F7B
:10132C0090F904400568002C10DB0021C5E88F1FE4
:10133C008CF310884FF0504595F90050A54201D11F
:10134C00084630BDBDE83040FFF7A2BF4FF0504219
:10135C00126800230271C5E88F3F8CF310880120BE
:10136C0030BD00BF70B505460C4601F071FC02465D
:10137C000B464FF47A704FF0FF3E6FF0004CE4FBDD
:10138C00002396457CEB030138BF72462846BDE826
:10139C00704038BF6346FFF77BBF00BF0368EFF3B5
:1013AC00108272B6D3E8CFCF0121BCF1000FF9D176
:1013BC00C3E84C1FBCF1000FF4D1BFF35F8F4FF0AB
:1013CC00FF0C0023016880F804C0C1E88F3F82F352
:1013DC00108840BF704700BF002108B5134B4FF475
:1013EC00707299601248D960196159619961D9611B
:1013FC00196259629962D962196359639963D96305
:10140C00196459649964D964196559659965D965E4
:10141C00196659669966D966196759679967D967C4
:10142C0001F022FC034B044A1A6008BD0000105066
:10143C000C330020E0360020800110502DE9F04FD5
:10144C001F4B85B0D3F858A0BAF1000F22D000245E
:10145C0001254FF4E069DFF870801A4F01E0202C71
:10146C0018D00AEA0502611C2346AB46CCB26D00CB
:10147C00002AF4D004F0010203F0FE06164407EB38
:10148C0046163046C8F858B000F00AFC28B93AEABB
:10149C000B0AE4D105B0BDE8F08F00238DF80930BC
:1014AC00B37801A88DF80830F38A0121ADF80490C7
:1014BC00039300F013FC304600F098FBE7E700BF05
:1014CC0000001150CC32002000301150F0B5BB4B55
:1014DC0085B0D3F8985015F4003674D0B84BB94C8D
:1014EC00996A94F83B30B84A022B116000F0D48012
:1014FC00002694F87B30022B00F03B8194F8BB3033
:10150C00022B00F07D8194F8FB30022B00F06C81F3
:10151C0094F83B31022B00F0448194F87B31022B80
:10152C0000F0338194F8BB31022B00F0B68194F8B3
:10153C00FB31022B00F0A68194F83B32022B00F019
:10154C00968194F87B32022B00F0868194F8BB32A2
:10155C00022B00F0768194F8FB32022B00F06681AE
:10156C0094F83B33022B00F0568194F87B33022B1A
:10157C0000F0A48094F8BB33022B00F0998194F80E
:10158C00FB33022B00F0B4803EB9904B1B7823B98F
:10159C004FF400328E4BC3F890204FF44072874BBF
:1015AC0001219B6C01A8C3F30A03ADF8042002933C
:1015BC0000F094FBEA064FF40036864C07D5FFF793
:1015CC003DFF264603E0EA064FF01004F7D4EB0388
:1015DC0022D57C4C46F48036A37E002B40F09980BB
:1015EC00012394F83A20E370002A40F0AD800123E7
:1015FC004FF4C061784A84F82330ADF8041092E8B7
:10160C00030004AA02E90300194601A800F066FBD6
:10161C004FF400326E4B1A65E90408D46A041DD4E9
:10162C002B042AD4AE4240F0C58105B0F0BD002495
:10163C00624B46F480561C60FFF7CEFE4FF480736D
:10164C00012101A8ADF804308DF8084000F046FBEC
:10165C004FF400225E4B1A656A04E1D54FF48063A7
:10166C00012101A8ADF8043000F038FB1022584BD2
:10167C0046F480461A652B04D4D54FF4A06301219F
:10168C0001A8ADF8043000F029FB4FF40062504B78
:10169C0046F400461A65C5E794F83A60002E3FF40C
:1016AC0028AF94F83C30002B3FF423AF002304F117
:1016BC00200084F83C3000F0C1FA1AE794F87A73F1
:1016CC00002F3FF457AF94F87C33002B40F064812B
:1016DC0094F8BB33022B40F0F48094F8BA33002B0F
:1016EC0040F0EB8094F8FB33022B7FF456AF3E4670
:1016FC0094F8FA33002B3FF447AF94F8FC33002BEB
:10170C003FF44BAF0023354884F8FC3300F096FAD5
:10171C0043E70221324B294A1966536E9F07FCD5C9
:10172C004FF440520021274800F066FA254800F09B
:10173C005DFA0222264B5A661A66012394F83A2067
:10174C00E370002A3FF453AF254A1366A2F500520A
:10175C00536ED807FCD54FF440520021214800F0BD
:10176C004BFA204800F042FA0122194B5A661A66CD
:10177C003DE794F87A70002F3FF4C0AE94F87C30BB
:10178C00002B40F001813E46B8E694F87A71002FA8
:10179C003FF4C8AE94F87C31002B40F0ED803E460F
:1017AC00C0E694F83A71002F3FF4B7AE94F83C3190
:1017BC00002B40F0D9803E46AFE600BF0000115030
:1017CC0000000B40CC320020BC320020EA38002054
:1017DC00003011501000020000001050AC360020F8
:1017EC0000201150EC32002094F8FA70002F3FF4D6
:1017FC008FAE94F8FC30002B40F08E803E4687E68E
:10180C0094F8BA70002F3FF47EAE94F8BC30002BE5
:10181C007AD13E4677E694F83A73002F3FF4A5AEA2
:10182C0094F83C33002B57D13E469EE694F8FA725E
:10183C00002F3FF495AE94F8FC32002B5CD13E4661
:10184C008EE694F8BA72002F3FF485AE94F8BC3251
:10185C00002B49D13E467EE694F87A72002F3FF475
:10186C0075AE94F87C32002B76D13E466EE694F839
:10187C003A72002F3FF465AE94F83C32002B63D1E2
:10188C003E465EE694F8FA71002F3FF455AE94F89C
:10189C00FC31002B50D13E464EE694F8BA71002F25
:1018AC003FF445AE94F8BC31002B3DD13E463EE6AC
:1018BC0094F8BA33002B3FF462AE94F8BC33002B8F
:1018CC0071D194F8FB33022B7FF467AE94F8FA33A2
:1018DC00002B3FF462AE10E70023394884F83C3308
:1018EC003E4600F0ABF940E60023364884F8BC32A3
:1018FC003E4600F0A3F92EE60023334884F8FC3270
:10190C003E4600F09BF92BE60023304884F8BC30AF
:10191C003E4600F093F9F6E500232D4884F8FC30A0
:10192C003E4600F08BF9F3E500232A4884F8BC31DD
:10193C003E4600F083F9FAE50023274884F8FC3191
:10194C003E4600F07BF9F7E50023244884F83C324E
:10195C003E4600F073F9F4E50023214884F87C320C
:10196C003E4600F06BF9F1E500231E4884F83C314B
:10197C003E4600F063F9D0E500231B4884F87C3127
:10198C003E4600F05BF9CDE50023184884F87C3026
:10199C003E4600F053F9B1E50023154884F87C333A
:1019AC0000F04CF994E60023124884F8BC3300F0A4
:1019BC0045F986E7104886EA050101F041F900BFB8
:1019CC00EC3500206C350020AC3500206C33002049
:1019DC00AC3300206C340020AC340020EC340020FC
:1019EC002C350020EC3300202C3400202C3300202C
:1019FC002C3600206C360020E87D01102DE9F047D4
:101A0C00848A058BC278A54228BF2546171E18BFAD
:101A1C000127641B467882F00102A4B20346C2700F
:101A2C00848245F4806040EA4730A6BBD3E90326A4
:101A3C006F1E02EB811E55B3052F98BF721C31D956
:101A4C0002EB811C721CACEB0204022C2AD932462C
:101A5C004FEA95094FEA890A06EB890852F8044BBC
:101A6C0042454CF8044BF9D15545A7EB0A070EEB50
:101A7C000A040AD016F829600EF829602FB156789E
:101A8C00012F667001D09278A2701E699C8A2E4438
:101A9C001E6140F400400CB940F4804001B10004D8
:101AAC00BDE8F0870EF1FF3E2E4400E0013212F843
:101ABC00014CB2420EF8014FF8D1E6E783680246BA
:101ACC00186801B1000C5378C0F30900002B3CD00E
:101ADC002DE9F041D2E90334461E03EB811E40B3DD
:101AEC00052E3BD989014D1C1D44651B022D35D992
:101AFC007346214600F47F774FEA9008FD1853F89F
:101B0C0004CBAB4241F804CBF9D1B842A6EB0706A3
:101B1C0004EB07030EEB07010AD01EF8285004F85B
:101B2C0028502EB14C78012E5C7001D089789970B8
:101B3C001469D38A04440344D382138B1461834203
:101B4C0084BF00239382BDE8F081D38A0344D382FF
:101B5C00138B834284BF002393827047013C0EEBAE
:101B6C0000011EF8013B714504F8013FF9D1DFE794
:101B7C0010B50446836800211B68FFF79FFF63685C
:101B8C001B685B0002D5238B834200D010BD20461E
:101B9C00BDE810400121FFF791BF00BF084B1B6C43
:101BAC0013F0020302D18278D20901D100207047D0
:101BBC00C07EA0F10200B0FA80F04009704700BF6F
:101BCC000000115008B5FFF7E9FF50B1054A064B6C
:101BDC00906A1B68A0F54870C01AC6288CBF0020FC
:101BEC00012008BD00000B40BC3200200023C0E9DE
:101BFC0004338376704700BF10B5836809B11C6845
:101C0C00214082B1114352050DD51A6854050CD4EC
:101C1C00084A21F480641C60126C920703D40C23D4
:101C2C00033BFDD28368196010BD8178024801F036
:101C3C0007F800BF00001150FC7D011030B543685F
:101C4C00002183B004461D68FFF7D8FE134B40F407
:101C5C008052196CA37889070ED55B060ED025F03F
:101C6C00A04545F000550021204663681D6003B077
:101C7C00BDE83040FFF7C0BFDB09F0D0A38A002BD2
:101C8C00EDD0012120460192FFF7B8FE019A25F014
:101C9C000055024345F0A045E5E700BF0000115098
:101CAC0038B5857E044695B1FFF762FFA38A0BB960
:101CBC00284638BD2046FFF785FF20B10123237746
:101CCC000025284638BD2046FFF7B8FFF8E7817895
:101CDC00014800F0B5FF00BF1C7E01102DE9F04358
:101CEC0043788146023B0D4685B0042B13D8DFE8C0
:101CFC0003F0034A6A73440000217B4B1A7822F0EC
:101D0C0001021A701A7822F002021A7059701A78AD
:101D1C0061F382021A70754B1C686369EFF31082D1
:101D2C0072B6D3E8CF0F01210028FAD1C3E8401FC7
:101D3C000028F6D1BFF35F8FA2614946204600F020
:101D4C0097FF00236269C2E88F3FA36983F3108871
:101D5C0048B94FF0E023D3F8F03DDB070AD500BEBD
:101D6C0005B0BDE8F0832A4699F8011099F80000F7
:101D7C0000F09EFF05B0BDE8F0835D4A1378013397
:101D8C00DBB21370C7E700245A4E23463178DFF8D4
:101D9C006C81594F11E03B6813EB441307D0DB699E
:101DAC002BB1D9F8041099F8000098473178013418
:101DBC00E4B24A1CA242234617DBA142EBD85B1AC1
:101DCC0008EB4313EBE7484B1A78D607D2D51A78B1
:101DDC0042F004021A709EE7434B1A78D407C9D517
:101DEC001A7822F004021A7095E73F4C23785807B2
:101DFC003AD4E378DA07BDD5032300263B4A99F899
:101E0C0000101468D9F804208DF804108DF80530F2
:101E1C006369CDF80660CDF80A60ADF80E600292E9
:101E2C00EFF3108272B6D3E8CF0F01210028FAD15C
:101E3C00C3E8401F0028F6D1BFF35F8F2046A26194
:101E4C0001A900F015FF6369C3E88F6FA36983F3E1
:101E5C00108800283FF47DAF2A469DF805109DF8A8
:101E6C00040000F025FF85E72378002723F0040306
:101E7C00237005231D4A8DF80530166899F800204B
:101E8C00ADF80E708DF804207369CDF80670CDF89E
:101E9C000A70EFF3108272B6D3E8CF0F012100283D
:101EAC00FAD1C3E8401F0028F6D1BFF35F8F30464C
:101EBC00B26101A900F0DCFE7369C3E88F7FB369DE
:101ECC0083F3108838B94FF0E023D3F8F03DD907ED
:101EDC008FD500BE8DE72A469DF805109DF80400AD
:101EEC0000F0E6FE85E700BF5C2E0020B42E00203B
:101EFC00EB380020E9380020842C00209C8A01104B
:101F0C0070B51D4684461C4615B3C4B1DCF80C6094
:101F1C0004F1080EB60706D5754533D211F8010B3E
:101F2C00013CCCF80800DCF80C004007EDD5DCF8DF
:101F3C000860013D02F8016B002DE6D108E0DCF8E9
:101F4C000C607607F3D4DCF80C607607EFD4F6E778
:101F5C006CB1DCF80C209007FBD514F1080F08D0FD
:101F6C0011F8012B013CCCF80820002CF1D11846BB
:101F7C0070BDDCF80C209207EBD5DCF80C20920736
:101F8C00F7D4E6E7DCF80C004007D0D4BEE700BF7E
:101F9C00844610466AB3013900B501EB020EDCF839
:101FAC000C309B07FBD511F8013F7145CCF808307C
:101FBC00F5D1DCF80C30590705D5DCF80830DCF825
:101FCC000C305907F9D4DCF80C30DA0606D5DCF8FD
:101FDC000C30DA06F7D401E0DCF80830DCF80C3011
:101FEC005B07F9D40123CCF820305DF804FBDCF856
:101FFC000830DCF80C305907F9D4DCF80C30DA0670
:10200C0006D5DCF80C30DA06F7D401E0DCF8083041
:10201C00DCF80C305B07F9D40123CCF82030704786
:10202C0070B51D4684461C4605B3B4B1DCF80C6093
:10203C0004F1080EB60704D575452FD2CCF808105C
:10204C00013CDCF80C004007EFD5DCF80860013DE2
:10205C0002F8016B002DE8D108E0DCF80C60760783
:10206C00F3D4DCF80C607607EFD4F6E75CB1DCF85F
:10207C000C209007FBD514F1080F06D0013CCCF8CE
:10208C000810002CF3D1184670BDDCF80C20920718
:10209C00EDD5DCF80C209207F7D4E8E7DCF80C005F
:1020AC004007D2D4C2E700BF70B504460D4600F01D
:1020BC00CFFD4FF47A72002300F0FCFB0646636AF6
:1020CC009B0103F1A0421269510106D4226A9201CC
:1020DC0002F1A042126952010BD500F0B9FD4FF488
:1020EC007A72002300F0E6FB801BA842E7D3636AF8
:1020FC009B0103F1A0431B695B0106D4236A9B017E
:10210C0003F1A0431B695E0134D501202368DA6812
:10211C00DE68DD68D968DB68890701D5D9071BD46F
:10212C004FF0A0400123656A246AA901A201AB40CB
:10213C0001441518ED68CD68C0F86434CB685B01B8
:10214C00FCD40121A14002F1A043C0F86414D8686A
:10215C0010F08060FBD170BD0028E1D102F01003BB
:10216C0006F00806334305F004052B4308BF012095
:10217C00D6D170BD00F06CFD4FF47A72002300F0E4
:10218C0099FB064609E000F063FD4FF47A720023D8
:10219C0000F090FB801BA84207D22368DA68D006B7
:1021AC00F1D4D868C0F30010B1E72368F9E700BF99
:1021BC002DE9F0471E460446836A002953D043F0AC
:1021CC001009E76AC4F82890002A54D047F0400759
:1021DC004FF0A04ED4E9085801234FEA851C206823
:1021EC00F444E76203FA05F5CCF8001003FA08F39F
:1021FC004FEA881171441D4300F1080ACCF804A081
:10220C00CCF80860CCF81090C1F800A04A608E6041
:10221C000F61CEF8505400F00FFD0546F00000F0B1
:10222C003FFD064628460F4600F03AFD02460B4697
:10223C003046394600F014FD00F00EFD9FED106A9B
:10224C0007EE100AF7EE086AF1EE007A27EE067A2E
:10225C00E7EE267AFCEEE77A2046BDE8F04717EE6B
:10226C00901AFFF721BF23F010090649E76AC4F85A
:10227C002890002AAAD1044A27F04007A8E700BFFB
:10228C0000007A445412002070200020FF0000004F
:10229C002DE9F0414568044695F88032022B59D05F
:1022AC00032B01D0BDE8F081D5F84822930103F14E
:1022BC00A0431B695B01F5D4D5F8B83213F1011FAB
:1022CC0094BF1A461A04B2F17F4F28BF1202B2F122
:1022DC00704F28BF1201B2F1404F28BF9200002A64
:1022EC00B8BF5200C2F30272022A75D0052A76D00A
:1022FC00062A0BBF3E4A3F4A40F26A2140F26F2148
:10230C003D4800F0BDFC0822636885F8B42293F8C0
:10231C00B4222046002A42D1D3E9A32101328A42B9
:10232C00C3F88C223BD200F0B3FC02216468D4E9E0
:10233C00A423934284F88012B4D2D4F888025A1C95
:10234C008021C4F8942200EB432000F09DFCC4E9EA
:10235C00A801A7E7D5F844329B0103F1A0431B6900
:10236C0058019FD4D5F84822930103F1A04001698C
:10237C00490197D403214FF0010E85F88012D5F84E
:10238C005062A96906F1080C4F680EFA0CF818EAAD
:10239C00070F08D151F82C20C5F8B82287E7BDE803
:1023AC00F04100F079BC01EB8C0701F12F4101F5F4
:1023BC006001090D043606EBC1061049076001EAFD
:1023CC00423242EA464242F0090205F52E71416062
:1023DC00C0F808E0C2606AE72B46002295E7084A7D
:1023EC0040F26521044800F04BFC072263688CE73F
:1023FC001886011048860110F4A30110FDFF01FCA2
:10240C00E885011070B500244FF0A045012600E0CE
:10241C00013400F019FC844218D2204600F02CFC48
:10242C000028F5D00278022AF2D14368DA69D3F891
:10243C0048320A2A06FA03F3EAD1D5F80C241A42D8
:10244C00E6D0C5F80C34FFF723FFE1E770BD00BF01
:10245C0070B500244FF0A045012600E0013400F0D7
:10246C00F3FB844218D2204600F006FC0028F5D07D
:10247C000278022AF2D14368DA69D3F848320B2A7F
:10248C0006FA03F3EAD1D5F81C241A42E6D0C5F8B3
:10249C001C34FFF7FDFEE1E770BD00BF81F0004189
:1024AC0002E000BF83F0004330B54FEA41044FEA2D
:1024BC00430594EA050F08BF90EA020F1FBF54EAC8
:1024CC00000C55EA020C7FEA645C7FEA655C00F064
:1024DC00E2804FEA5454D4EB5555B8BF6D420CDD35
:1024EC002C4480EA020281EA030382EA000083EAB8
:1024FC00010180EA020281EA0303362D88BF30BD58
:10250C0011F0004F4FEA01314FF4801C4CEA1131AD
:10251C0002D0404261EB410113F0004F4FEA03330C
:10252C004CEA133302D0524263EB430394EA050F97
:10253C0000F0A780A4F10104D5F1200E0DDB02FA06
:10254C000EFC22FA05F2801841F1000103FA0EF29A
:10255C00801843FA05F359410EE0A5F120050EF160
:10256C00200E012A03FA0EFC28BF4CF0020C43FA91
:10257C0005F3C01851EBE37101F0004507D54FF09E
:10258C00000EDCF1000C7EEB00006EEB0101B1F5EE
:10259C00801F1BD3B1F5001F0CD349085FEA300034
:1025AC004FEA3C0C04F101044FEA445212F5800F3F
:1025BC0080F09A80BCF1004F08BF5FEA500C50F1DC
:1025CC00000041EB045141EA050130BD5FEA4C0CBF
:1025DC00404141EB0101013C28BFB1F5801FE9D21C
:1025EC0091F0000F04BF01460020B1FA81F308BF3F
:1025FC002033A3F10B03B3F120020CDA0C3208DD0B
:10260C0002F1140CC2F10C0201FA0CF021FA02F1E5
:10261C000CE002F11402D8BFC2F1200C01FA02F155
:10262C0020FA0CFCDCBF41EA0C019040E41AA2BF7A
:10263C0001EB0451294330BD6FEA04041F3C1CDA42
:10264C000C340EDC04F11404C4F1200220FA04F062
:10265C0001FA02F340EA030021FA04F345EA03010C
:10266C0030BDC4F10C04C4F1200220FA02F001FACE
:10267C0004F340EA0300294630BD21FA04F0294650
:10268C0030BD94F0000F83F4801306BF81F48011E9
:10269C000134013D4EE77FEA645C18BF7FEA655C5C
:1026AC0029D094EA050F08BF90EA020F05D054EA2E
:1026BC00000C04BF1946104630BD91EA030F1EBF33
:1026CC000021002030BD5FEA545C05D14000494137
:1026DC0028BF41F0004130BD14F580043CBF01F52A
:1026EC00801130BD01F0004545F0FE4141F4700110
:1026FC004FF0000030BD7FEA645C1ABF19461046EB
:10270C007FEA655C1CBF0B46024650EA013406BFEB
:10271C0052EA033591EA030F41F4002130BD00BFAA
:10272C0090F0000F04BF0021704730B54FF4806467
:10273C0004F132044FF000054FF0000150E700BFE8
:10274C0090F0000F04BF0021704730B54FF4806447
:10275C0004F1320410F0004548BF40424FF0000134
:10276C003EE700BF42004FEAE2014FEA31014FEA77
:10277C0002701FBF12F07F4393F07F4F81F06051C6
:10278C00704732F07F4208BF704793F07F4F04BF11
:10279C0041F40021704730B54FF4607401F00045EE
:1027AC0021F000411CE700BF50EA010208BF70474E
:1027BC0030B54FF000050AE050EA010208BF70473F
:1027CC0030B511F0004502D5404261EB41014FF4A8
:1027DC00806404F132045FEA915C3FF4D8AE4FF0B0
:1027EC0003025FEADC0C18BF03325FEADC0C18BF93
:1027FC00033202EBDC02C2F1200300FA03FC20FAE4
:10280C0002F001FA03FE40EA0E0021FA02F1144430
:10281C00BDE600BF7BB972B90029BEBF00204FF0E6
:10282C00004106E008BF00281CBF6FF000414FF0CC
:10283C00FF3000F0FDB9ADF1080C6DE904CE0029B4
:10284C0009DB002B1ADB00F04DF8DDF804E0DDE9C4
:10285C00022304B07047404261EB4101002B1BDBAB
:10286C0000F040F8DDF804E0DDE9022304B040425A
:10287C0061EB4101524263EB43037047524263EBFD
:10288C00430300F02FF8DDF804E0DDE9022304B087
:10289C00404261EB41017047524263EB430300F04D
:1028AC0021F8DDF804E0DDE9022304B0524263EBC9
:1028BC004303704753B94AB9002908BF00281CBF0D
:1028CC004FF0FF314FF0FF3000F0B2B9ADF1080C12
:1028DC006DE904CE00F006F8DDF804E0DDE9022332
:1028EC0004B070472DE9F04F8C46099E04460F4604
:1028FC00002B48D18A4215465ED9B2FA82F33BB11D
:10290C00C3F120029F409D409C4020FA02F21743E5
:10291C004FEA154E1FFA85FC220CB7FBFEF10EFB9D
:10292C00117701FB0CF042EA0742904207D9AA1832
:10293C0001F1FF3702D2904200F258813946121A47
:10294C00A4B2B2FBFEF00EFB102200FB0CFC44EA1E
:10295C000244A4450BD92C1900F1FF322CBF0127DE
:10296C000027A44502D9002F00F04381104640EA0D
:10297C000140A4EB0C0400211EB1DC400023C6E98D
:10298C000043BDE8F08F8B4206D90EB1C6E90001B9
:10299C0000210846BDE8F08FB3FA83F1002951D12C
:1029AC006345C0F01681824240F213810846002E26
:1029BC00E7D0C6E90047E4E7002A00F0AF80B2FA9E
:1029CC0082F3002B40F0C2808A1A4FEA154EAFB248
:1029DC000121200CB2FBFEFC0EFB1C2240EA024241
:1029EC0007FB0CF090420ED9AA180CF1FF382CBF43
:1029FC004FF001094FF00009904203D9B9F1000FD3
:102A0C0000F0F080C446121AA4B2B2FBFEF00EFB2A
:102A1C00102200FB07F744EA0244A7420ED92C19F6
:102A2C0000F1FF322CBF4FF0010E4FF0000EA74209
:102A3C0003D9BEF1000F00F0D2801046E41B40EA2F
:102A4C000C4099E7C1F120058B400CFA01F400FA17
:102A5C0001F922FA05F72CFA05FC8A401F4320FAEB
:102A6C0005F3380C23431FFA87FE1C0CBCFBF0F853
:102A7C0000FB18CC44EA0C4408FB0EFCA4450ED910
:102A8C003C1908F1FF3A2CBF4FF0010B4FF0000B33
:102A9C00A44503D9BBF1000F00F0B880D046A4EBDD
:102AAC000C041FFA83FCB4FBF0F300FB134403FB90
:102ABC000EFE4CEA0444A6450ED93C1903F1FF3036
:102ACC002CBF4FF0010C4FF0000CA64503D9BCF104
:102ADC00000F00F09F80034643EA0840A4EB0E046D
:102AEC00A0FB02EC64457346E04602D307D1F145E6
:102AFC0005D2BEEB02036CEB070C0138E0465EB16D
:102B0C00B9EB030264EB080404FA05F522FA01F3AD
:102B1C00CC401D43C6E90054002132E742082F4641
:102B2C004B08AC4642EAC172AE46C407110C92B2D5
:102B3C0041EA034142EA0142B1FBF5F1B3FBF5F086
:102B4C001F23A2EB0C0241EA004142E79D40C3F176
:102B5C00200299409C402CFA02FC4FEA154E20FAB8
:102B6C0002F2AFB2BCFBFEF80A430EFB18CC110C00
:102B7C0041EA0C4108FB07FC8C4550D9691808F157
:102B8C00FF302CBF4FF001094FF000098C4502D9E2
:102B9C00B9F1000F30D0A1EB0C01B1FBFEF808FB32
:102BAC0007FC0EFB181192B242EA0142624534D284
:102BBC00AA1808F1FF312CBF4FF001094FF00009A2
:102BCC006245BED2B9F1000FBBD1A8F102012A4473
:102BDC00B7E7841A6CEB030201201746E7E62C4496
:102BEC0002382BE7ACF1020C2A440CE702392A44D8
:102BFC00A5E62C440238BAE6A5EB0C0CA8F10200B1
:102C0C006144B1FBFEF808FB07FCCAE7A8F1020817
:102C1C003C4444E7023B3C445EE7414691E7A1EB70
:102C2C000C014046B1FBFEF808FB07FCB9E700BFFE
:102C3C00704700BF000000005FF800F055700010F6
:102C4C005FF800F0150F00105FF800F0B90D0010E0
:102C5C005FF800F05D1E00105FF800F0F524001026
:102C6C005FF800F0592400105FF800F0A142011049
:102C7C005FF800F0F56600105FF800F0BD0D001075
:102C8C005FF800F0A53401105FF800F05527011033
:102C9C005FF800F0212501105FF800F065260110A7
:102CAC005FF800F0352500105FF800F0551D00109E
:102CBC005FF800F01D4D0010C40900000A00000070
:102CCC00000000000000000087130000010000005D
:102CDC0001000000701F0020000000000000000038
:102CEC0000000000000000000000000000000000D8
:102CFC0000000000000000000000000000000000C8
:102D0C0000000000000000000000000000000000B7
:102D1C0000000000000000000000000000000000A7
:102D2C000000000000000000000000000000000097
:102D3C000000000000000000000000000000000087
:102D4C000000000000000000000000000000000077
:102D5C000000000000000000000000000000000067
:102D6C000000000000000000000000000000000057
:102D7C000000000000000000000000000000000047
:102D8C000000000000000000000000000000000037
:102D9C000000000000000000000000000000000027
:102DAC000000000000000000000000000000000017
:102DBC000000000000000000000000000000000007
:102DCC0000000000000000000000000000000000F7
:102DDC0000000000000000000000000000000000E7
:102DEC0000000000000000000000000000000000D7
:102DFC0000000000000000000000000000000000C7
:102E0C0000000000000000000000000000000000B6
:102E1C0000000000000000000000000000000000A6
:102E2C000000000000000000000000000000000096
:102E3C000000000000000000000000000000000086
:102E4C000000000000000000000000000000000076
:102E5C000000000000000000000000000000000066
:102E6C000000000000000000000000000000000056
:102E7C000000000000000000000000000000000046
:102E8C000000000000000000000000000000000036
:102E9C000000000000000000000000000000000026
:102EAC000000000000000000000000000000000016
:102EBC000000000000000000000000000000000006
:102ECC0000000000000000000000000000000000F6
:102EDC0000000000000000000000000000000000E6
:102EEC0000000000000000000000000000000000D6
:102EFC0000000000000000000000000000000000C6
:102F0C0000000000000000000000000000000000B5
:102F1C0000000000000000000000000000000000A5
:102F2C000000000000000000000000000000000095
:102F3C000000000000000000000000000000000085
:102F4C000000000000000000000000000000000075
:102F5C000000000000000000000000000000000065
:102F6C000000000000000000000000000000000055
:102F7C000000000000000000000000000000000045
:102F8C000000000000000000000000000000000035
:102F9C000000000000000000000000000000000025
:102FAC000000000000000000881F0020010000004D
:102FBC000000000000000000000000000000000005
:102FCC0000000840000000000300000002000000A8
:102FDC0050D6DC01000000000000000000000000E2
:102FEC0000000000000000000000000000000000D5
:102FFC0000000000000000000000000010000000B5
:10300C0000000000000001000000000000000000B3
:10301C00000002000000000000000000000003009F
:10302C0000000000000000000000FF000000000095
:10303C0001B5486801318E46004770460938014990
:10304C00884701BDC1130010000000000000000003
:10305C00000000000000000000000000002900201B
:10306C00C944001075440010ED4300105D4300107E
:10307C000000000000010000B82E002010000C0021
:10308C000000000000000000000000000000000034
:10309C0000000000FF0000000000094000000000DC
:1030AC00FF000000AAAAAAAAA50000000A000000BE
:1030BC00000000000B00000000000000D007000022
:1030CC0003000000401F0000E8030000E8030000BC
:1030DC00E8030000A00F00000A000000020000003E
:1030EC0002000000E803000088130000E803000061
:1030FC00C8000000FFFFFFFF0000020000000000FE
:10310C000000000000000000C8200020C8200020A3
:10311C00D0200020D0200020D8200020D820002053
:10312C00E0200020E0200020E8200020E820002003
:10313C00F0200020F0200020F8200020F8200020B3
:10314C00002100200021002008210020082100205F
:10315C00102100201021002018210020182100200F
:10316C0020210020202100202821002028210020BF
:10317C00302100203021002038210020382100206F
:10318C00402100204021002048210020482100201F
:10319C0050210020502100205821002058210020CF
:1031AC00602100206021002068210020682100207F
:1031BC00702100207021002078210020782100202F
:1031CC0080210020802100208821002088210020DF
:1031DC00902100209021002098210020982100208F
:1031EC00A0210020A0210020A8210020A82100203F
:1031FC00B0210020B0210020B8210020B8210020EF
:10320C00C0210020C0210020C8210020C82100209E
:10321C00D0210020D0210020D8210020D82100204E
:10322C00E0210020E0210020E8210020E8210020FE
:10323C00F0210020F0210020F8210020F8210020AE
:10324C00002200200022002008220020082200205A
:10325C00102200201022002018220020182200200A
:10326C0020220020202200202822002028220020BA
:10327C00302200203022002038220020382200206A
:10328C00402200204022002048220020482200201A
:10329C0050220020502200205822002058220020CA
:1032AC00602200206022002068220020682200207A
:1032BC00702200207022002078220020782200202A
:1032CC0080220020802200208822002088220020DA
:1032DC00902200209022002098220020982200208A
:1032EC00A0220020A0220020A8220020A82200203A
:1032FC00B0220020B0220020B8220020B8220020EA
:10330C00C0220020C0220020C8220020C822002099
:10331C00D0220020D0220020D8220020D822002049
:10332C00E0220020E0220020E8220020E8220020F9
:10333C00F0220020F0220020F8220020F8220020A9
:10334C000023002000230020082300200823002055
:10335C001023002010230020182300201823002005
:10336C0020230020202300202823002028230020B5
:10337C003023002030230020382300203823002065
:10338C004023002040230020482300204823002015
:10339C0050230020502300205823002058230020C5
:1033AC006023002060230020682300206823002075
:1033BC007023002070230020782300207823002025
:1033CC0080230020802300208823002088230020D5
:1033DC009023002090230020982300209823002085
:1033EC00A0230020A0230020A8230020A823002035
:1033FC00B0230020B0230020B8230020B8230020E5
:10340C00C0230020C0230020C8230020C823002094
:10341C00D0230020D0230020D8230020D823002044
:10342C00E0230020E0230020E8230020E8230020F4
:10343C00F0230020F0230020F8230020F8230020A4
:10344C000024002000240020082400200824002050
:10345C001024002010240020182400201824002000
:10346C0020240020202400202824002028240020B0
:10347C003024002030240020382400203824002060
:10348C004024002040240020482400204824002010
:10349C0050240020502400205824002058240020C0
:1034AC006024002060240020682400206824002070
:1034BC007024002070240020782400207824002020
:1034CC0080240020802400208824002088240020D0
:1034DC009024002090240020982400209824002080
:1034EC00A0240020A0240020A8240020A824002030
:1034FC00B0240020B0240020B8240020B8240020E0
:10350C00C0240020C0240020B0870110B087011017
:10351C00E02400200000000000000000342B0020FC
:10352C009C2B0020042C0020000000000000000058
:10353C00000000000000000000000000000000007F
:10354C00000000000000000000000000000000006F
:10355C00000000000000000000000000000000005F
:10356C00000000000000000000000000000000004F
:10357C00000000000000000000000000000000003F
:10358C00000000000000000000000000000000002F
:10359C00000000000000000000000000000000001F
:1035AC00000000000000000000000000000000000F
:1035BC0001000000000000000E33CDAB34126DE6AC
:1035CC00ECDE05000B000000000000000000000015
:1035DC0000000000000000000000000000000000DF
:1035EC0000000000000000000000000000000000CF
:1035FC0000000000000000000000000000000000BF
:10360C0000000000000000000000000000000000AE
:10361C00000000000000000000000000000000009E
:10362C00000000000000000000000000000000008E
:10363C00000000000000000000000000000000007E
:10364C00000000000000000000000000000000006E
:10365C00000000000000000001000000000000005D
:10366C004A00000000000000000000000000000004
:10367C00000000000000000000000000000000003E
:10368C0000000000000000004A00000000000000E4
:10369C00000000000000000000000000000000001E
:1036AC00000000000000000000000000000000000E
:1036BC0043000000000000000000000000000000BB
:1036CC0000000000000000000000000000000000EE
:1036DC00430000000000000000000000000000009B
:1036EC0000000000000000000000000000000000CE
:1036FC00430000000000000000000000000000007B
:10370C0000000000000000000000000000000000AD
:10371C00430000000000000000000000000000005A
:10372C00000000000000000000000000000000008D
:10373C00430000000000000000000000000000003A
:10374C00000000000000000000000000000000006D
:10375C00430000000000000000000000000000001A
:10376C00000000000000000000000000000000004D
:10377C0043000000000000000000000000000000FA
:10378C00000000000000000000000000000000002D
:10379C00F5710110C9710110000000006CA5011039
:1037AC00148801104C8401104C8401104C840110BD
:1037BC004C8401104C8401104C8401104C84011079
:1037CC004C8401104C840110FFFFFFFFFFFFFFFF33
:1037DC00FFFFFFFFFFFF0000010041534349490079
:1037EC0000000000000000000000000000000000CD
:1037FC000000000000000000000041534349490054
:10380C0000000000000000000000000000000000AC
:10381C00000000000000000000000000CC3600207A
:10382C00000000000000000000000000000000008C
:08383C00000000000000000084
:10384400D3DEFFFFFE010000FF010000F4C8FDFF0E
:04385400793512AB05
=======
:1002300000000000EC360020187A011010B52DEDFA
:10024000028B00239FED0B8A82B00B4C01930B486D
:1002500009F056FA07EE900A78EE677A0223002238
:10026000206801A9CDED017A07F0A4F8142008F068
:1002700031FAECE700003442D8370020EC37002098
:1002800000B5194D194E83B00EE0022300226946D5
:10029000306807F08FF8002328681A46194607F0DF
:1002A00089F8322008F016FA4FF0FF31286807F07D
:1002B00039FB0128EFD169460D4809F091FA04464F
:1002C0000028E2D10B4804F04DF80223224669468B
:1002D00030688DF80240ADF80040ADF804408DF86C
:1002E000064007F067F8D6E7E8370020CC37002053
:1002F00060200020187A01102DE9F0432DED068BC7
:10030000002341F2873101220A249FED428A9BB0EB
:1003100004A8CDE90533CDE90712049409F09CF84F
:100320000F220E2102A809F0D1F93B493B4A3C4B70
:100330003C480F9110923C493C4A11933C4E3D4B36
:1003400013900FA81991149215938DED168A8DEDC7
:10035000178A8DED188A129609F0B0FA40F6AC5162
:1003600004A809F0BBF89FED34AADFED349A9FEDA5
:10037000349ADFF8D890DFF8D880324F324D01221E
:100380000AA9D8F8000007F089F9DDED0A7A02A879
:10039000F8EE678A09F0B4F907EE900A7AEE677A08
:1003A0000023052201A93868CDED017A07F002F893
:1003B000DDED017A28EE298AA7EE898A334618EE08
:1003C000901A18EE102A0FA809F080FA07EE900A8A
:1003D000FDEEE77A17EE903A2A8899B28B1A642BD1
:1003E00004A805DD89FB0341A1EBE371114489B247
:1003F000B1F57A6F28BF4FF47A61B1F5E16F38BF7C
:100400004FF4E1610C4609F069F81E202C8008F0D9
:1004100061F9B4E7000000000000C843000020427A
:10042000000048420000E14400002F4500007A45EA
:100430008FC2F53C00403545000034423333333F32
:100440009A99993EC0370020801C0020565555557A
:10045000C837002008B50C490C4806F087FC03217A
:10046000082000F005FD0321092000F001FD002215
:100470000121082000F01AFDBDE8084000220121FA
:10048000092000F013BD00BF801A06006020002084
:1004900008B506F0A1FC1F211A2000F0E9FC00229B
:1004A0001A20114600F002FD00211A2000F030FD54
:1004B000034B044A1B6803F47043136008BD00BF7C
:1004C00000000A4000100A4008B52721064809F03C
:1004D000CFF809F0A5F80021084609F0A5F8BDE815
:1004E0000840024803F03EBF60200020307A01102F
:1004F00000232DE9F04391B00293FFF7E5FF09F0E7
:100500008FF8464EDFF83C91DFF83C814FF0FF3129
:10051000306807F007FA012804464ED103A9642287
:10052000D9F8000007F0BAF8642202A9D8F8000050
:1005300007F0B4F8002108469DF81C7009F074F823
:10054000039A374908A803F01BFD08A809F084F8AE
:100550002046002109F068F8059817F0F5F90446DF
:1005600004980D4617F0F0F922462B46CDE900011C
:100570002C4908A803F004FD08A809F06DF8002133
:10058000022009F051F8029817F0DEF902460B46F6
:1005900008A8254903F0F4FC08A809F05DF8042F29
:1005A0000BD8DFE807F0242C1C14030003200421DF
:1005B00009F03AF81D4809F04FF8002330681A4650
:1005C000194606F0F7FE322008F084F89EE7002175
:1005D000032009F029F8164809F03EF8EDE700215C
:1005E000032009F021F8134809F036F8E5E7002167
:1005F000032009F019F8104809F02EF8DDE7002172
:10060000032009F011F80D4809F026F80421032011
:1006100009F00AF80A4809F01FF8CEE7E837002089
:10062000447A0110647A0110787A0110A07A0110DE
:100630009C7A0110987A0110A47A01108C7A01102A
:10064000907A0110D4370020C037002038B50C2034
:1006500000F06EFC4FF001050C2345EC44304FF0E8
:10066000000444EC40300D2000F062FC0D2345EC0A
:10067000443044EC403038BD002800F0CC802DE9F7
:10068000F04F0E4691B0002900F0C280044614F0ED
:100690000BFD3F28024600F2B88021466846013231
:1006A00014F08CFC9DF800306BB16946002205E027
:1006B0000A2B05D011F8013F013223B10D2BF7D1E0
:1006C00000236A4413706946544803F0CBFE684621
:1006D000534913F07FFE0446002800F088804FF055
:1006E0000008C346C24645464746C14615E0627803
:1006F000502A56D1A2783A2A53D1E01C12F030FF8A
:1007000081464848494603F0ADFE4FF0010A0020FB
:10071000434913F05FFE044688B12146424803F086
:10072000A1FE2378532BE2D02146404803F09AFEE5
:1007300000203B4913F04EFE04460028EDD1BAF1EB
:10074000000F57D0BBF1000F54D0B8F1000F5AD0B2
:1007500007EE905A07EE107AF8EEE77AB8EEC77A0D
:10076000C6ED017A86ED027A3148C6F8009003F0B2
:10077000F9FD31682F4803F075FEB06817F0E4F812
:1007800002460B462C4803F06DFE706817F0DCF84B
:1007900002460B46294803F065FE204611B0BDE82D
:1007A000F08F532BC0D162784D2A12D0532BBBD17E
:1007B00063786D2BB8D1A3783A2BB5D1E01C12F039
:1007C000CFFE05461E48294603F04CFE4FF00108B7
:1007D0009DE7A2783A2AE9D1E01C12F0C1FE074653
:1007E0001848394603F03EFE4FF0010B8FE7804674
:1007F0008346824643465A465146134803F032FE2A
:100800006FF00200CAE7DA46F4E76FF00100C5E7CF
:100810004FF0FF30C2E74FF0FF307047A87A011069
:10082000C47A0110E47A0110C87A01102C7B0110FF
:10083000487B0110647B0110807B0110A07B0110BC
:10084000147B0110FC7A0110C07B01102DE9F04FE0
:100850002DED028B0023A7B04FF4E1318048CDE9A4
:100860000133CDE90333059301F0A6FB02210420F7
:1008700000F0FEFA0221052000F0FAFA794803F0B0
:1008800071FD05220421784803F0ECFD774803F060
:1008900069FD01F037FB9FED768A0346754DDFF861
:1008A0002882754FDFF824B2DFF824926C4C79B3BC
:1008B0004FF47A72002317F04BF8A1692E6811F0FB
:1008C000100108BF324640F09480A369DB06FCD4D7
:1008D0002368DBB20A2B1FD00D2B1DD07E2AA3F17B
:1008E000200C05DCBCF15E0F02D80121BB540A4488
:1008F000A369DB06E9D5C8F80000002979D02A6091
:100900000A2007F0E7FE01F0FDFA03460029CFD1E7
:10091000A9FB03308009D0E7002AE9DD002639462B
:10092000BE54C8F800007F2206A813F021FD06A9D6
:1009300052488DF897602E6003F094FD01A906A837
:10094000FFF79AFE0646002848D14D4803F00AFDFD
:1009500001994C4803F086FD039816F0F5FF024616
:100960000B46494803F07EFD029816F0EDFF024663
:100970000B46464803F076FD454803F0F3FC01239F
:100980006422ADF81430DBF80000334601A98DED88
:10099000048A06F00FFD01284AD03E480023642255
:1009A000006801A906F006FD012854D03A4800234A
:1009B0006422006801A906F0FDFC012847D03748F1
:1009C00000236422006801A906F0F4FC012833D05A
:1009D0008022002106A813F015FC91E7014630485B
:1009E00003F040FD2F4803F0BDFC2F4803F0BAFC94
:1009F000EEE7002E84DDD8F80030C01A64287FF6B8
:100A00007FAF2A4803F02EFD2B68002B0ADD00265D
:100A1000DFF864A01AF8010B03F062FC2B680136C2
:100A20009E42F7DB224803F09DFC00232B6067E722
:100A3000204803F097FCB0E700231F4A19461068CE
:100A40001A4606F0B7FC1D4803F08CFCC0E71C48B2
:100A500003F088FCB3E701991A4803F003FDA5E70A
:100A600000800740F07B01100C7C0110347C0110E9
:100A700000000000CC36002004380020507C01101B
:100A8000907C0110C47C0110DC7C0110F87C01100A
:100A9000147D0110C8370020C4370020D037002053
:100AA000E07D0110087E01103C7E0110687C011081
:100AB0008C7C01104C7D0110E4370020B47D0110C6
:100AC000907D0110607D0110D8360020D4370020C1
:100AD000D34D621010B5ADF59A6D04460122204940
:100AE0009AA80CF097FB90BB32221E4902A80CF08A
:100AF0003BFC10F0F70F019007D00EF075FB019B47
:100B000002461849184800F057FA214602A80DF08D
:100B100037FB002817DB02A80DF0FCFA044650B999
:100B200000220F4910460CF075FB104803F01AFC28
:100B30000DF59A6D10BD0EF057FB224601460C488C
:100B400003F090FCECE70B4803F00CFCE3E70190AA
:100B50000EF04AFB019A0146074800F02DFA00BF4B
:100B6000C07A0110747E0110847E0110D87E0110BD
:100B7000C07E0110A07E01105C7E01102DE980482E
:100B8000DFF80C91ADF52D7DDFF808A1DFF808B195
:100B90000AAC0CAD11AE4FF0FF31D9F8000006F0F1
:100BA000C1FE354803F0DEFB00222146DAF80000E2
:100BB00006F074FD00222946DBF8000007F012F869
:100BC0002E4B00221868314607F00CF8686816F0C2
:100BD000BBFE94F80180A778CDE90801A86816F05B
:100BE000B3FECDE90601296843460491A1793A464E
:100BF000039161792FA802912179019121780091C7
:100C00001F4903F0BDF9F06816F09EFE94F80180CC
:100C1000A778CDE90601B06816F096FECDE904018B
:100C2000A1794346039161793A460291217916A848
:100C3000019121780091134903F0A2F96B7C4BB12B
:100C4000737C012BA7D116A8FFF744FF0E4803F0D1
:100C500089FBA0E72FA8FFF73DFF0C4803F082FBBC
:100C60000222737C6A74012B95D116A8FFF732FF1C
:100C7000054803F077FB8EE7FC7E0110D837002093
:100C8000187F0110787F0110DC7F0110C87F0110F0
:100C9000E4370020CC370020D037002008B51220E0
:100CA00000F046F912204FF0000343EC4400BDE889
:100CB00008400121002200F0F9B800BF80B582B0E1
:100CC00003F00CFBFFF7EAFF0F220E214A4808F061
:100CD000FDFCFFF7DDFBFFF7BDFBFFF7B7FC474867
:100CE00008F0BAFB00220721012006F027FB04468A
:100CF000434B0022042101201C6006F01FFB044628
:100D0000404B0022142105201C6006F017FB04460E
:100D10003D4B0022142105201C6006F00FFB044609
:100D20003A4B0022142101201C6006F007FB044608
:100D3000374B0022142105201C6006F0FFFA044600
:100D4000344B0022142101201C6006F0F7FA012127
:100D5000314B00221860084606F0F0FA02462F4B8D
:100D600001201A6006F066FC04462D4B0322002188
:100D700001201C6006F0E2FA06462A4B00240225F8
:100D80001E600326284F4FF4807223462749CDE981
:100D90000054274807F0F4FA4FF40062234625492F
:100DA000CDE90067244807F0EBFA4FF48072234640
:100DB0002249CDE90054224807F0E2FA4FF480724C
:100DC00023462049CDE900541F4807F0D9FA4FF4D3
:100DD000807223461D49CDE900641D4807F0D0FA12
:100DE0004FF4806223461B49CDE900541A4807F0AE
:100DF000C7FA07F047FBFEE7EC370020841C002011
:100E0000CC370020C0370020D4370020C437002062
:100E1000D0370020D8370020C837002064320020A7
:100E2000E8370020E437002000380020F87F011068
:100E30003D0200100C8001107D0B00101880011085
:100E4000F104001028800110810200103880011088
:100E5000F9020010448001104D0800100120704775
:100E600008B9024870470020704700BF981C002056
:100E700010B44FF480740C4B53F8202003EB800324
:100E8000C00082F0400200F1804003F5805C02F077
:100E9000C00200F5203003F54053CCF8002041603B
:100EA0001C605DF8044B70470480034010B4084C8C
:100EB000C90041EA820154F8202004EB800351402C
:100EC00003F5805301F00C015DF8044B1960704785
:100ED00004800340054B53F8202003EB800351406E
:100EE00001F0010103F5805319607047048003404D
:100EF000064B53F8202003EB800382EA011202F034
:100F0000300203F580531A60704700BF048003402D
:100F1000064B402203EB800319B103F500531A601E
:100F2000704703F540531A60704700BF04800340C8
:100F300030B44FF0000343EC440043EC400005257F
:100F40004FF480740B4BC20053F8201003EB800069
:100F500081F0400102F1804303F5203301F0C0022B
:100F600000F5805100F540500A605D60046030BCBF
:100F7000704700BF0480034010B44FF480711F24F9
:100F80000C4B53F8202003EB8003C00082F040029A
:100F900000F1804003F5805C02F0C00200F52030D3
:100FA00003F54053CCF8002044605DF8044B196011
:100FB000704700BF048003400FB400B583B0049CA9
:100FC000074803F0CFF93CB105A92046019103F091
:100FD00029F8044803F0C6F9012003F03BF800BFEC
:100FE000548001103C880110EFF3108072B6064B5C
:100FF000D3E8CF1F01220029FAD1C3E8412F0029ED
:10100000F6D1BFF35F8F7047372E00200023034ACD
:10101000C2E88F3F80F31088704700BF372E002052
:1010200070B58646EFF3108572B6124CD4E8CF6FD8
:101030000120002EFAD1C4E8460F002EF6D1BFF3EE
:101040005F8F4FF0010CC80801F007030CFA03F39F
:101050001EF800C01CEA030608D14CEA030C0EF887
:1010600000C0C4E88F6F85F3108870BD1046FFF78D
:10107000A3FF00BF372E0020F8B5EFF3108772B63C
:101080001C4ED6E8CF5F0124002DFAD1C6E8454FAB
:10109000002DF6D1BFF35F8F9A421BD8012502E0E5
:1010A0000132934222D3D40810F804E002F0070C76
:1010B00005FA0CFC1EEA0C0FF2D14EEA0C0E00F8F9
:1010C00004E010460023C6E88F3F87F3108898425B
:1010D00007DBF8BD0023C6E88F3F87F310884FF089
:1010E000FF300029F5D00698FFF766FF4FF0FF307C
:1010F000E8E700BF372E0020044A1078431CDBB21B
:10110000182B28BF10231370704700BFC41F002086
:1011100010B5054C82B001461F23182200940348E5
:10112000FFF7AAFF02B010BD648001105832002002
:101130004FF0E022936843F000539360704700BF84
:101140000021044B03F12002C3E88F1F01339342B7
:10115000FAD170472C2E00204FF0E0234FF0803260
:10116000C3F80024C3F80424C3F80824C3F80C24EB
:10117000C3F81024C3F81424C3F81824C3F81C249B
:10118000C3F82024C3F82424C3F82824C3F82C244B
:10119000C3F83024704700BF012300F01F029340C2
:1011A000400941B1800000F1604000F56140C0F8A5
:1011B000803103607047024A203042F82030704787
:1011C00000E100E00123064A410952F8212000F025
:1011D0001F0003FA00F01040003818BF01207047CC
:1011E00000E100E001224309034900F01F008240B2
:1011F000403341F82320704700E100E0054A1030F9
:101200009268054B52F82000C01A2F288CBF00208E
:101210000120704700ED00E0C81F0020F8B50D4622
:10122000EFF3108772B6124ED6E8CF2F0123002AB3
:10123000FAD1C6E8423F002AF6D1BFF35F8F0D4BCB
:1012400000F110049B680C4A53F82430934203D0F9
:10125000994201D001F0A4F8064B9B6843F8245052
:10126000BFF35F8F0023C6E88F3F87F31088F8BD78
:10127000352E002000ED00E01D0100102DE9F04F9B
:1012800081468B46164683B0EFF3108372B6DFF8C3
:10129000D0A10093DAE8CF1F01230029FAD1CAE8D0
:1012A000413F0029F6D1BFF35F8F664B93F90040B1
:1012B000002CC0F2A080644D04EB440705EB8708C6
:1012C00098F8061009F110091970604BBF009B686F
:1012D00053F829006300411B2F292FD95C4988420C
:1012E00040F0A4801C445B4B02372F44043BDB1BC3
:1012F000C3F34A036FEAC3434FF421416FEAD34378
:1013000025F8241005EB840463804BF60153A38079
:10131000FF2348F00100E671C4F808B0A3714B4BFD
:101320009B6843F82900BFF35F8F0023CAE88F3F13
:10133000009B83F3108803B0BDE8F08F20F0010E0E
:101340009EF80710B1422ED84FF42143EB53414B86
:10135000B91C2944043B04375B1A2F44AEF1040145
:10136000C91BC1F34A043C49C3F34A030B4321435D
:10137000A8F804103949A8F802304AF6AA207346A2
:101380005B1B5B415843000D88F8076088F8060036
:10139000C8F808B048F00100CEF80010BFE7D179D6
:1013A000B1422ED996469EF906C00CEB4C02BCF118
:1013B000000F05EB8202F2DA4BF601510EF1040246
:1013C000A8F10407BF1AC7F34A076FEAC7476FEAD5
:1013D000D7478EF8064003EB0408204C05EB880342
:1013E000AEF8047045F82840998083F806C0DE7195
:1013F000C3F808B093E700F0D3FF124B93F9004015
:1014000059E7724632F8041F490514D449150231D0
:1014100002EB410101916FF00701C91B019F491BBC
:101420003944C1F34A0141F46041C9E7019300F036
:10143000B7FF019B56E701F5FF1101F5FF511F3181
:10144000E4E700BF76390020C81F002000ED00E06F
:101450001D010010F81F002000E0FFFF0148804739
:10146000352E0020F0B5EFF30585EDB2EFF3108CCB
:1014700072B62649D1E8CF2F0123002AFAD1C1E85C
:10148000423F002AF6D1BFF35F8F214E40F0010E9C
:10149000B4684AF6AA2354F825701E4A0446A41AD2
:1014A000644163431B0D77455BB21BD092F9064044
:1014B0009C421CD092F912409C4223D092F91E40CB
:1014C0009C4221D092F92A409C4208BF03240FD0AD
:1014D000114A0024157813708571C1E88F4F8CF381
:1014E0001088F0BDB2680D4C42F82540F0E70024AA
:1014F00004EB440402EB8402FF2494714BF6015484
:101500009480E5E70124F3E70224F1E7352E00207B
:1015100000ED00E0C81F0020763900201D010010FA
:1015200010B5074C82B001460523002200940548FF
:10153000FFF7A2FD0028A8BFC0F1330002B010BD24
:10154000808001107A390020014B0B440360704702
:101550002C2E002070B5104C104DAC420ED2FF2640
:10156000236863B1FFF7C8FD01462046FFF7ECFF93
:10157000A680BFF35F8F0834AC42F1D370BDFFF794
:10158000BBFD01462046FFF7DFFF2671BFF35F8FEB
:101590000834AC42E4D370BDE827002000280020C6
:1015A00010B50446FFF7A8FD01462046FFF7CCFF23
:1015B000FF232371BFF35F8F10BD00BF10B504463A
:1015C0000120FFF7A5FD034B03442360BFF35F8FAA
:1015D00010BD00BF2C2E0020024B0B440360BFF354
:1015E0005F8F70472C2E00200D4B1A68EFF310818F
:1015F00072B6D2E8CFCF0120BCF1000FF9D1C2E81A
:101600004C0FBCF1000FF4D1BFF35F8F00221B68B9
:10161000C3E88F2F81F3108840BF0020002170475E
:10162000F4370020000000002DE9F04F2DED028B73
:1016300085B0EFF30583DBB2103B9A0818BF012297
:101640004FF0010103F0030B18BFAF4DAF4B08BFC4
:10165000AF4D0BEB820253F8226001FA0BF205F555
:1016600041539FEDA78B01925A602FE0B3881C0471
:1016700040F19380B379002B40F0DD80B6F908206B
:10168000002AC0F21E81736902EB420203EBC2031F
:10169000D3E90247B7F1FF3F08BFB4F1FF3F0ED0D7
:1016A00005EB8B01AB6A0A69D21AE31A934205D3A0
:1016B00001232A6A03FA0BF3134200D10C61284676
:1016C00000F018FCA042B941C0F2FB80B6F9083026
:1016D000019A002B0093EA63C8DBD6F8148003EB71
:1016E0004309284608EBC907D7E9024A00F002FC83
:1016F000A04271EB0A01B9DBBAF1000FC0F2C3805E
:10170000D7E90431834A934200F0ED807A88B6F934
:10171000080092B242EA0040984702460B4652EA5D
:10172000030100F0B080002B80F2D180B4EB020EF8
:101730006AEB030A38F93930C7E902EA002B95DB76
:10174000716903EB430201EBC202D2E90270BE45AC
:101750007AEB000C4FEA430288DBB4462CF8083FD2
:1017600006E003EB430001EBC0005A00D0E9027031
:10177000BE451A447AEB000001EBC20404DB31F9E8
:101780003230A446002BECDA28F83930009BACF854
:101790000030B3881C043FF56DAF3369EFF310825E
:1017A00072B6D3E8CF0F01210028FAD1C3E8401F59
:1017B0000028F6D1BFF35F8F4FF6FF74B088002387
:1017C000316900B2B480C1E88F3F82F3108898423B
:1017D000FFF650AF0746A946746906F1080807EB03
:1017E000470E04EBCE03D3E90250B6F90830C446E5
:1017F000002B13DBB246009704E034F936309446F0
:10180000002B09DB03EB430604EBC602D2E90271AD
:10181000BD4270EB0101F0DA5646009FACF8007053
:1018200034F93E7024F83E30002FD8DAB3794D46B3
:10183000002B3FF423AF0023B371B6F9083006F153
:101840000808581C3DD01A46776903E08046591CA9
:101850003FF416AF03EB430107EBC100B0F802C041
:101860001C461CF4004F9E4637F93130EED09442AE
:1018700080ED028B05D0A8F80030328927F831209E
:1018800034817246E3E738F8393033813369EFF356
:10189000108272B6D3E8CF0F01210028FAD1C3E835
:1018A000401F0028F6D1BFF35F8F7388316928F895
:1018B0003930009B73800023C1E88F3F82F310888A
:1018C000D4E640BF05B0BDEC028BBDE8F08F2846E2
:1018D000CDE9022300F00EFB029A039B10EB020EEF
:1018E00043EB010A26E708460B6902919847002856
:1018F000C9D00299D1E9002311E700BFAFF30080FE
:10190000FFFFFFFFFFFFFFFF00800B400C370020B1
:1019100000000B40291600102DE9F84F364C2569C0
:101920002DB1BDE8F84F0A213448FFF70DBEDFF8AE
:10193000E4800321404600F0CBFA0326C4F80C8073
:10194000FFF7DAFB4FF0504C2D4B26700344236118
:10195000DCF800300F216370636961801D834FF0F4
:101960000405A3F878504FF00505A3F890504FF008
:101970000605A3F8A8504FF007050E214FF6FF7299
:1019800008274FF00A0EA3F8C0504FF001094FF09E
:101990000C0C4FF0020B4FF0090A0D204FF00B0515
:1019A000A3F868111749A280A3F808E1A160A3F881
:1019B00048B0A3F8F0A0A3F82051A3F838C1A3F8C9
:1019C0005001A3F83090A3F86060A3F8D8701A8093
:1019D0000D4B3046C8F820700C49DC60FFF71EFC48
:1019E00049463046FFF7D8FB094B0A211F640348DC
:1019F000BDE8F84FFFF7A8BD10200020F437002005
:101A00002C2E0020FFFF10000C370020291600109C
:101A100000200B4000000B400048704710200020C1
:101A2000F8B59DF82050044617461E4635B900F01B
:101A300069FA874266EB010100295CDB2169EFF35B
:101A4000108372B6D1E8CF0F01220028FAD1C1E885
:101A5000402F0028F6D1BFF35F8FB4F902206569EB
:101A600002EB4201002A4FEAC10C206905EBC101DB
:101A700039DB35F80CE0A4F802E04FF0000EC0E8C6
:101A80008FEF83F310884888069B0130C0F30E0067
:101A9000012838BF01200B61079B48804B61C1E9D9
:101AA000027640EA02402369EFF3108172B6D3E870
:101AB000CF7F0126002FFAD1C3E8476F002FF6D160
:101AC000BFF35F8FA38825F80C30A2802369C3E899
:101AD0008FEF81F310880122E368217803F5015329
:101AE0008A405A60F8BD0022C0E88F2F83F3108827
:101AF0004FF0FF30F8BD2846F8BD00BF0146F0B5F5
:101B00000069EFF3108772B6D0E8CF5F0124002D93
:101B1000FAD1C0E8454F002DF6D1BFF35F8FB1F980
:101B200002E04C690EEB4E0CBEF1000F4FEACC0503
:101B3000086904EBCC0C3CDB665B4E800026C0E8F9
:101B40008F6F87F31088BCF80200CCE902230130C4
:101B5000C0F30E00012838BF0120059BACF802003D
:101B6000CCF81030069B40EA0E40CCF814300B69DC
:101B7000EFF3108272B6D3E8CFCF0127BCF1000F8C
:101B8000F9D1C3E84C7FBCF1000FF4D1BFF35F8FF4
:101B90008B886353A1F804E00B69C3E88F6F82F36D
:101BA00010880122CB68097803F501538A405A60F6
:101BB000F0BD0023C0E88F3F87F310884FF0FF305F
:101BC000F0BD00BF03464089B0EB214F37DD5869B7
:101BD0000A1402EB420210B500EBC2001C69EFF3DD
:101BE000108C72B6D4E8CFEF0122BEF1000FF9D10C
:101BF000C4E84E2FBEF1000FF4D1BFF35F8F4288CF
:101C000089B292B28A4207D000221B69C3E88F2FA3
:101C10008CF31088002010BD42F400424280012164
:101C2000002218699971C0E88F2F8CF310881C78F6
:101C3000DA68084602F50153A140596010BD002042
:101C4000704700BF407870472DE9F04182B00446EC
:101C50000E4600F057F94FF0FF326FF000432418A2
:101C600046EB0106A24273EB06013CBF14461E463A
:101C7000A51F46F1FF37AC4276EB07033CBF0025BA
:101C80002F4600F03FF9281A67EB010C01287CF180
:101C9000000C06DA2046314602B0BDE8F04100F003
:101CA00069B900F02FF9854267EB010100290ADBD1
:101CB0000021174B2A46009316483B460191FFF737
:101CC0001DFF0130E6D04FF0000C134A1349536A50
:101CD0009F4204D8906AA842DCD29F42DAD10B68B6
:101CE000EFF3108072B6D3E8CF8F5FF0010EB8F13A
:101CF000000FF8D1C3E848EFB8F1000FF3D1BFF3FC
:101D00005F8F0B68C3E88FCF80F3108820BFDEE7BA
:101D1000E91500101020002000000B40F4370020CF
:101D20002DE9F04182B0064600F0ECF84FF47A73EA
:101D300004464FF0FF306FF00042E6FB0341A04243
:101D400072EB01033ABF044615460D46A61F45F146
:101D5000FF37B44275EB07033CBF0026374600F05F
:101D6000D1F8301A67EB0101012871F1000106DAA0
:101D70002046294602B0BDE8F04100F0FBB800F073
:101D8000C1F8864267EB010100290ADB0021174BED
:101D90003246009316483B460191FFF7AFFE0130F3
:101DA000E6D04FF0000C134A1349536A9F4204D8FF
:101DB000906AB042DCD29F42DAD10B68EFF3108018
:101DC00072B6D3E8CF8F5FF0010EB8F1000FF8D1F3
:101DD000C3E848EFB8F1000FF3D1BFF35F8F0B6892
:101DE000C3E88FCF80F3108820BFDEE7E91500102D
:101DF0001020002000000B40F43700202DE9F043B4
:101E000006460D4683B0EFF30584E4B23CB12D4B9A
:101E10005A6AAA421CD2002003B0BDE8F0832A4FC0
:101E2000D7F80C9097F80080484600F063F808F166
:101E3000040859F828301B1A301A65EB0101984242
:101E400071F1000110DB20BF1E4B5A6AAA42E2D397
:101E500014BF012400249B6AB34234BF204644F0DF
:101E6000010003B0BDE8F08300F04CF8864265EB5A
:101E70000101002914DB154B3846CDE90034324608
:101E80002B46FFF73BFE011E0ADD0E4B5A6AAA42A3
:101E900016D39B6AB34211D30B48FFF793FEB6E704
:101EA000084B5C6AAC42B6D3641B18BF01249B6A22
:101EB000B34234BF204644F00100ADE7AA42EBD163
:101EC00020BFE9E700000B4010200020E9150010BA
:101ED00010B4054B054C064AA04214BF1846581CC6
:101EE0005DF8044BFFF79CB85C32002000800B408B
:101EF0009C8001100346416A0A46986A596A8A42E0
:101F0000FAD17047034B596A0A46986A596A914256
:101F1000FAD1704700000B4030B4154A536A9C4612
:101F2000946A536A6345FAD1021959414FF000058A
:101F300028BF01250E4B5B6AB5B15A1C08BF1A4673
:101F400008D04FF0FF310A460948436A8B42FCD360
:101F50008B4207D1064902E0486A984202D1886A5A
:101F60009042F9D330BC70479942EDD8F0E700BFFA
:101F700000000B40074A536A9942FCD8994207D1A6
:101F8000044B02E05A6A914202D19A6A9042F9D80F
:101F9000704700BF00000B4010B5002314464FF4FB
:101FA0007A7215F0DDFC034BC4E9000103FB02F279
:101FB000A26010BD40420F00F8B5054606200E464F
:101FC00000F0E4F8002842D0354A3648954214BF64
:101FD0004FF080624FF00062334B344902601A6068
:101FE0008C6832EA0404FBD12D4B4FF48071EB1A5C
:101FF000B3FA83F32E4A5B09062022F8131000F08F
:10200000C5F8C300B3FBF6F30133DA0920D140264B
:1020100001216962AA622F6BFB0722D42B460022A2
:1020200053F82C1F062003F5805422602F6300F024
:10203000ADF840F2013103228000B0FBF6F0EB6A0C
:1020400083F0700303F07E0323602963AA64F8BD64
:102050004FF6FE718A421BD922464FF6FF71154E8C
:10206000D7E740F2013205F540531A636B6AAC6A58
:10207000062004EB831400F089F80F4BA402A3FBA5
:102080000023DB0A0021B4FBF3F0FFF745FFC5E7AF
:10209000C3F34503114603EB82161A46B9E700BFA6
:1020A0000080074000200240003002400000024053
:1020B00084380020C0FF3F00757B2B8F00EB400C65
:1020C0004FEA8C0C0CF1804C0CF5803CF0B51646B8
:1020D000DCF80420051FB2F5803F38BF4FF4803292
:1020E000EDB238BFCCF80420012D2AD94FF4006797
:1020F000254C0CF54052176054F82020B2B9DCF89A
:102100000020012D82EA461202F0E0020CF5805612
:1021100032602AD94FF4006144F820304FF4803304
:102120000CF500521160CCF80430F0BD6769B7FBC4
:10213000F2FE0EF1010E0EEB4E0EBEF1030EFCD2BE
:10214000DDE70129D2D103240CF540521460DCF8FC
:102150000820D207FBD5DCF800200B4C82EA46129F
:1021600002F0E0020CF5805632600122DCF80050EB
:102170004D4005F00305356002FA01F1DCF8082056
:102180000A42FBD0C6E700BF68320020014B53F87B
:10219000200070476832002070B4039D04682D034E
:1021A00045EA03451B4B002CB3FBF1F3B2FBF3F6FE
:1021B0001FDB194A194B904214BF4FF480424FF471
:1021C0000042174C1A6003F580531A60A36832EA84
:1021D0000303FBD1212200F54053043301608660E4
:1021E0001A600268002AFCDA0822C5601A6070BC16
:1021F0007047036803F03F038B42DAD18368C3F36F
:102200000B03B342D5D1C36803F4EE23AB42D0D164
:10221000EDE700BF001BB700008005400020024032
:102220000000024030B44FF080441C4B1C60E0B111
:102230001B4CA3F54053DC611A4C40F001004440B4
:102240001C62596298624FF080454FF0E061134B79
:102250001548164C1D60846019604AB930BC4FF0B7
:102260000042A3F580531A607047114BD861EAE72A
:102270004FF47A7303FB02F2B2F1807F2ABF6FF052
:102280007F4313461A464FF080410A4C08482360AA
:10229000094B426030BC1960704700BF00B00D4070
:1022A000D3C007B02D3FF84F00A00140F3FFFF015E
:1022B00000800D40E436002000A00D40012300EB1B
:1022C0004000800000F1804000F584104160036010
:1022D000704700BF002370B5DB8A04460D4600221C
:1022E00042E800F2520254BF1021042144F252206D
:1022F000984786462B462246F446BDE870400A21A0
:102300004FF48170604700BF0023DB8A002242E85F
:1023100000F2520201D4102118470421184700BFCF
:1023200008B503460846191E02DB1AB140F030001A
:10233000FFF7D0FF40F02000FAE700BF034AD2F8D1
:102340002838002BFBD0BFF35F8F704700000E4092
:102350000021044B044ABFF35F8F43F8041B9342F0
:10236000F9D170470C080E402C080E4010B44FF401
:102370008D704FF42A64064A064B07491460D060FA
:1023800019605368002BFCDA5DF8044B704700BFFE
:102390000080044000A0044000B0FA00704700BF75
:1023A00008B50148FEF708FEC080011038B5054C9D
:1023B000054DAC4204D254F8043B9847AC42FAD3E2
:1023C00038BD00BFC8790110087A011010B4074861
:1023D000074C084B084A094904601A608B6832EAC6
:1023E0000303FBD15DF8044B704700BF002002409F
:1023F0007F3BEFEF00300240F6FFF30300000240A6
:10240000044BDB6CB3F5004F03D14FF48022024B39
:10241000DA64704700001150002011504FF0E022A4
:10242000044BD2F8881D0B43C2F8883D10EE3004EF
:10243000704700BF030330006FF06041044B054A52
:1024400019609368DB4333F06043FAD1704700BFF3
:10245000003002400000024010B545F25320FFF763
:1024600053FFBDE8104003460420184710B545F25D
:102470005320FFF749FFBDE81040034601201847ED
:10248000FEF75EBE10B5054B054C4FF4887218463A
:10249000A16812F093FDA06010BD00BF00000020F5
:1024A00000ED00E0002370B52B4C82B0C4F88430FE
:1024B000FFF75CFF0122294BDA63636C012BFCD12F
:1024C0000321264A244B11639C6B012CFCD102266C
:1024D000052521460523224A22480096FFF75CFE87
:1024E00021462B46204A21480095FFF755FE002241
:1024F000042031461E4BFFF7E1FD2146284600220D
:102500001C4BFFF7DBFD0022082011461A4BFFF79A
:10251000D5FD002209201146174BFFF7CFFD002201
:1025200006201146134BFFF7C9FD0022114B07206F
:102530001146FFF7C3FD0420FFF728FE00240F4BD0
:10254000A3FB0035AD0CE0B229460134FFF7B6FE1F
:10255000062CF8D102B070BD0000014000300140EF
:10256000002F685900000540008C86470080054018
:10257000001BB70080D1F008006CDC0283DE1B4337
:1025800086B003B451FC0804CDE9020151FC0904F2
:10259000CDE9040151EC0A04CDE9060103BCF04782
:1025A000BDE800504EEC00C4BDE800504EEC01C444
:1025B000BDE800504EEC02C400BD000000B5FFF7BE
:1025C000DFFF02E010FE30F4F8D441EC100443ECDD
:1025D000112400EE010410EE010480EE200451EC01
:1025E0001004704700B5FFF7CBFF02E010FE30F497
:1025F000F8D441EC100443EC112400EE010410EE79
:10260000210480EE200451EC3004704700B5FFF740
:10261000B7FF02E010FE30F4F8D410B541EC10041E
:1026200043EC112451EC040453EC0524A0FB024CB0
:102630005FF0000EE0FB03CEE1FB02CE4CEC204449
:102640000024E1FB03E444EC30E480EE200451EC90
:102650005004BDE81040704700B5FFF791FF02E05D
:1026600010FE30F4F8D441EC100443EC112451EC8A
:102670002104A0FB01126FEA820252FB100052FB00
:1026800012F252FB1000A0EBD07C53EC04245CFB54
:1026900013F153EC1524A1FB022001FB030053ECC2
:1026A0004424A2EB000050FB1CF24FEA111312EB82
:1026B000017043EBE27140EA515020EA915020F062
:1026C000070053EC7524A0FB023C53EC752400FB7F
:1026D00003CC01FB02CC53EC0424ACEB824C40EA6B
:1026E0005C70A0F1010041EC400480EE200451EC4C
:1026F0007004704700B5FFF743FF02E010FE30F4AE
:10270000F8D441EC100480EE220410EEB2047047BD
:1027100000B5FFF735FF02E010FE30F4F8D440ECCE
:10272000700400EE010410EE210480EE200451EC50
:102730003004704700B5FFF723FF02E010FE30F4CD
:10274000F8D440EC600400EE010410EE210480EEA9
:10275000200451EC3004704700B5FFF711FF02E090
:1027600010FE30F4F8D441EC800400EE010410EEC9
:10277000010480EE400410EE1304704700B5FFF72B
:10278000FFFE02E010FE30F4F8D441EC800400EECD
:10279000010410EE010480EE400410EE3304704793
:1027A00000B5FFF7EDFE02E010FE30F4F8D441EC86
:1027B000100443EC112400EE010410EE3004C0F3C9
:1027C0000070704700B5FFF7DBFE02E010FE30F44A
:1027D000F8D441EC100443EC112400EE010410EE97
:1027E0003004C0F38070704700B5FFF7C9FE02E007
:1027F00010FE30F4F8D443EC102441EC110400EE48
:10280000010410EE30F48CBF01200020704700BF9F
:1028100000B5FFF7B5FE02E010FE30F4F8D443EC4B
:10282000102441EC110400EE010410EE30F42CBF32
:1028300001200020704700BF00B5FFF7A1FE02E0B5
:1028400010FE30F4F8D441EC100443EC112400EEF7
:10285000010410EE30F42CBF01200020704700BFAF
:1028600000B5FFF78DFE02E010FE30F4F8D441EC25
:10287000100443EC112400EE010410EE30F48CBF80
:1028800001200020704700BF10B5044610F06CFE18
:1028900028B10346034A2344934200D810BD02489E
:1028A000FEF78AFB00000820CC80011010B50C4612
:1028B00011F032F928B10346034A2344934200D869
:1028C00010BD0248FEF778FB00000820CC80011004
:1028D00010F052BE9A4238BF88547047704700BF0C
:1028E0002DE9F04F83B09946DDE90DAB0F9B88468B
:1028F00011469A07074616D1DA453AD20C460D46DC
:10290000ABEB0A060E4422464B46414620200134DA
:10291000B847B442F7D12946BAF1000F08D1204692
:1029200003B0BDE8F08F0C46BAF1000F10D00E4690
:1029300055460C9B2E449A440191721B4B46013D17
:1029400041461AF8010D3446B847002DF5D10199DA
:102950000F9B9B07E3D5651AAB45E0D922464B4652
:10296000414620200135B8475D4504F10104F5D307
:10297000D5E70C46BAF1000FD9D1D0E72DE9F04FD9
:102980000F9FDDF8248017F0020F0A9C9DF82CA001
:102990000E9DDDE90C9644D1F5BBB44241D207F05F
:1029A000010B04F1FF3C4FF0300EC44404E001344D
:1029B000A6420CF801EF01D9202CF8D1BBF1000F91
:1029C00000F08880A5422CD904F1FF3C4FF0300E76
:1029D000C44404E00134AC420CF801EF21D0202CB7
:1029E000F8D117F0100F0ED017F4806F54D1A64213
:1029F00063D0A54261D0B9F1100F50D0B9F1020FE8
:102A000056D0202C29D12024CDE90B57CDE90984BB
:102A1000BDE8F04FFFF764BF17F0010B34D1B442AB
:102A2000BFD317F0100F1ED017F4806FE3D1002C26
:102A3000DDD1B9F1100F63D0B9F1020F77D0302496
:102A400088F800400124BAF1000F11D17E0748D563
:102A50002B2608F804600134D6E7264601344FF0EF
:102A6000300C08F806C0202CCDD0BAF1000FEDD004
:102A70002D2608F804600134CDE90B57CDE909840F
:102A8000BDE8F04FFFF72CBFBAF1000F30D0B442D1
:102A900005F1FF3585D395E7B9F1100FB3D1BE0627
:102AA0003BD5202CAFD0582608F804600134A8E7A5
:102AB000202CA8D02646013407E0661EB9D0B9F113
:102AC000100F36D0B9F1020FC9D14FF0620C08F8DF
:102AD00006C096E717F0100FC5D017F4806F86D0A8
:102AE00089E73E0790D5202608F8046001348BE77B
:102AF00017F00C0F00D0013DB442FFF452AF61E774
:102B0000BC0612D4782488F80040302488F80140AC
:102B10000224BAF1000F99D0AAE7202C3FF473AF3A
:102B2000782608F8046001346BE75824EBE7622448
:102B3000E9E717F0200FA4F1020C04D04FF0580E73
:102B400008F80CE08BE74FF0780E08F80CE086E709
:102B500000B9704701F0C4BB10B1D1E9003118478A
:102B6000704700BF000000002DE9F04F97B09DEDC9
:102B7000207BDDE9225B0746884651EC170B249C3D
:102B800099460C920B4602468DED047B0794FFF7A5
:102B90000BFE002840F0F481DDE904014FF0FF3224
:102BA0006FF48013FFF724FE002840F01B81DDE95D
:102BB00004014FF0FF32AC4BFFF756FE002840F007
:102BC000EE80DDE90401A4A3D3E90023FFF74CFE66
:102BD000002840F0D380DDE90401A1A3D3E900235C
:102BE000FFF706FE002840F0C980DDE9040100225D
:102BF0000023FFF7FDFD002840F0E88023460D90FC
:102C000013F4806F08BF062530212B460EAAA5F1CC
:102C1000200605E0013BB34202F8011B00F093815E
:102C2000092BF7D81E46ED1ADDE90401FFF798FDE0
:102C30008E4B044603EBC60393ED007B8DED087BC2
:102C4000FFF76AFD02460B46DDE90401FFF7CEFC03
:102C5000DDE90823FFF7DEFC02460B46CDE90A2337
:102C6000FFF790FD8246FFF769FD02460B46DDE95E
:102C70000A01FFF7BBFC02460B46CDE90A230022FE
:102C80007B4BFFF7F1FD002800F0FE800AF1010AFE
:102C90005046FFF753FD02460B46DDE90801FFF7FA
:102CA000BBFD10B14FF0000A0134002E00F0FD8092
:102CB000681E0EABDFF8CCC118440FE0ACFB0A2154
:102CC000C90801EB8102AAEB42023032BAF1090FC6
:102CD00000F8012F40F21C818A461D46202D05F187
:102CE000010306F1FF36E9D12025691E0EAB6148CC
:102CF000194410E080FB0462C3EBA20303EB8302E0
:102D0000A4EB420404F1300201351C4601F8012F06
:102D1000002B00F0EB80202D4FEAE473EAD1079BF3
:102D200003F00303012B18D1BBF1000F15D00D9B4D
:102D3000002B00F00A810BF1FF3BBBF1200F0CD9F7
:102D40006B1E0EA930220B4405E001355D4503F8EA
:102D5000012F80F0D180202DF7D1079B0EACCDE95B
:102D600002B341464B4638460C9A01950094FFF752
:102D7000B7FD8246504617B0BDE8F08F079B9DED2A
:102D8000047BCDE923B341464B4638460C9A8DED82
:102D9000207B229517B0BDE8F04F00F045B96107E0
:102DA00023464CBF042303234146219338464B4618
:102DB000079A48BF304CCDE922B258BF2F4C0C9A2D
:102DC000209417B0BDE8F04FFFF78ABDDDE904237A
:102DD00000200021FFF70AFC0123CDE904010D9337
:102DE00023460DE723469C0740F0AA80BBF1040F61
:102DF00040F2A6800C9B1D461C1F04EB0B0A2A46C2
:102E00004B46414620200135B847AA45F7D15546E3
:102E10001B4C261F14F8010D2A464B464146B84765
:102E2000B44205F10105F5D1079B0AF1040A9807A0
:102E3000A0D50C9CAAEB04039B459BD952464B465C
:102E4000414620200AF1010AB847AAEB04035B457A
:102E5000F4D38FE7AFF300800000000065CDCD41D3
:102E60000000000065CDCDC1FFFFEF7F608C011039
:102E70000000E03F6766666620810110288101102E
:102E800034810110CDCCCCCC0022DDE90A01634BAA
:102E9000FFF7AEFC00287FF408AFBAF1000F6AD14B
:102EA0000AF1010A002E7FF403AF2046FFF734FC3D
:102EB00002460B46DDE90401FFF798FB02460B468C
:102EC000CDE904230022554BFFF792FC00287FF444
:102ED0000CAFDDE904010022504BFFF7C5FC0028D0
:102EE0007FF403AF013424F00104FEE6079B03F0F6
:102EF0000303012B00F08280202D3FF42EAF0D9BA9
:102F00007BB32D220DEB050383F83820013524E730
:102F1000202B3FF4E9AE0EAA15441E44302204E0F3
:102F2000202B05F8012F3FF4DFAE9E4203F1010391
:102F3000F6D12E220DEB060383F83820751CD4E65B
:102F4000DDF830A063E720256EE6079B13F00C0F39
:102F500050D00BF1FF3BAB453FF6F2AE202D3FF4D6
:102F6000FCAE079B5A0701D52B22CBE71B077FF549
:102F7000F4AE2022C6E71AF0010F3FF496AE8FE7B9
:102F8000A60734D1BBF1030F31D90C9B1D46DC1EC3
:102F900004EB0B0A2A464B46414620200135B84730
:102FA0005545F7D155461E4CE61E14F8010D2A462C
:102FB0004B464146B847A64205F10105F5D1079BAE
:102FC0000AF1030A9D077FF5D5AE0C9CAAEB04031A
:102FD0009B457FF6CFAE52464B46414620200AF134
:102FE000010AB847AAEB04039B45F4D8C2E6DDF812
:102FF00030A0D7E7AB453FF6A3AEAEE6BBF1000F7E
:103000003FF47AAF0D9B002B9FD00BF1FF3B5D454A
:10301000FFF496AE202D7FF474AF9EE60000E03FF3
:103020002F810110000000002DE9F04F9FB02A9E73
:10303000DDE92845074693460891099322462B4629
:10304000204629460E96DDE92BA6FFF7ADFB0028AA
:1030500040F0BE80204629464FF0FF32784BFFF704
:1030600003FC002840F0B480204629464FF0FF3290
:103070006FF48013FFF7BCFB002840F0A9802046C6
:10308000294600220023FFF7B3FB002840F0D5813A
:10309000CDE90A45DDE90A239046994606F4006227
:1030A00016F480630F92139340F0A18058EA09034D
:1030B00040F0CA80002A40F0E38106230E9316F008
:1030C0000202109240F0D4815346042B38BF0423EF
:1030D0000C920422043B12920F93204629460022B0
:1030E0000023FFF785FB002840F0F3819DED0A7B6C
:1030F0000F9B5A4603930E9B8DED007B029326F4A3
:10310000006304933846099B0899FFF72DFD02469A
:1031100016F0200F099B08990CBF6520452002F18D
:103120000108B8470C9A129B16AC5D1E82EAE27346
:10313000A3EBE273D10F002622469946DFF804C1C3
:1031400001E0202E10D0CE46ACFB0930C00800EBC9
:103150008003A9EB43033033BEF1090F814606F12A
:10316000010602F8013BECD80523002006930A2350
:1031700005950094099D089C4246CDE90330CDE9B0
:1031800001612B4621463846FFF7F8FB109A80462E
:10319000D2B1A0EB0B06B24516D90BEB06022B46BB
:1031A000214620200136B847B245F6D80BF1FF334F
:1031B0005344CBF10102A3EB08034244924538BFCC
:1031C000002308F10108984440461FB0BDE8F08F85
:1031D0005A463846CDE92845CDE92BA60E9C099BD9
:1031E00008992A941FB0BDE8F04FFFF7BDBC58EA1C
:1031F00009032BD1002A3FF462AF00230C930E9BEE
:103200000C9A934200F3B9814FF0000820462946FA
:1032100000220023FFF7ECFA002840F013819DED17
:103220000A7B26F4006646F480668DED287B5A46BC
:103230003846CDE92A8A099B08992C96D2E700BF27
:10324000FFFFEF7FCDCCCCCC06230E93C9F30A5001
:10325000A0F2FF30FFF760FAC1A3D3E90023FFF724
:10326000D9F9C1A3D3E90023FFF7ACF9C9F31309D6
:10327000CDE90C0149F07F5140460022B24B41F4A8
:103280004011FFF7B3F9A4A3D3E90023FFF7C2F974
:1032900002460B46DDE90C01FFF794F9FFF760FAEF
:1032A0000C90FFF739FA9EA3D3E9002380468946A4
:1032B000FFF7B0F90022A54BFFF784F9FFF750FAAA
:1032C000034649464046129397A3D3E90023FFF7EC
:1032D000A1F9804612988946FFF71EFA94A3D3E914
:1032E0000023FFF797F902460B4640464946FFF791
:1032F0007DF902460B4680468946FFF78BF9424628
:103300004B46CDE9100140464946FFF75BF90022E4
:10331000CDE91401DDE910018D4BFFF7A1F9002281
:103320008C4BFFF74FF902460B46DDE91001FFF722
:1033300097F90022884BFFF745F902460B46DDE975
:103340001001FFF78DF942464B4680468946002022
:103350004FF08041FFF74AF902460B464046494686
:10336000FFF730F902460B46DDE91401FFF778F963
:1033700000227A4BFFF726F9129B002203F2FF3C52
:103380004FEA0C53FFF746F980468946DDE90A010A
:1033900042464B46FFF72CFA50B10C9B4046013B8E
:1033A00049460C9300226B4BFFF75AF98046894639
:1033B0000C9A43466332C62A06F00202109249462E
:1033C0000F9A2CD8002A5ED0042212920B433FF4AD
:1033D00016AFDDE90A0158A3D3E90023FFF730FA5D
:1033E00048B1DDE90A0156A3D3E90023FFF700FA4B
:1033F00000287FF404AF0E9B002B50D0139A002AB4
:103400007DD0013B0E93129B9A4505D9109B002B52
:1034100000F0AE800223109300230F9344E022BB00
:10342000BAF1050F4FD906F00203002B49D105234D
:103430001293AAF105030F933AE005F100430A94B1
:103440000B9327E626F4006646F4806638462C96F1
:10345000DDE90A67344607F100455A46CDE92A8A74
:10346000CDE92845099B0899BCE605221292ADE7F3
:1034700000230222CDE90F3204220C9312922CE693
:103480004FF00508C2E6BAF1040F1FD9109B002BBC
:1034900078D104231293AAF104030F9304E0129B42
:1034A0009A4531D80E9B0F930C9B002B3FF415AE21
:1034B000DDE90A0142464B46FFF7D2F8CDE90A01A1
:1034C0000BE60223109305231293F1E704231293D2
:1034D000EAE7DDE90A45A0460F9B05F100490393A1
:1034E0000E9B5A46029326F4006304933846CDE9B6
:1034F0000089099B0899FFF737FB024608E6129BF3
:103500009A4544D80F92CFE7109B8BB30E9B0F9335
:1035100002231093C8E700BF61436F63A787D23FC0
:1035200071A379094F930A401655B5BBB16B0240A0
:10353000EF39FAFE422EE63F2D431CEBE2361A3FEE
:103540000000000080842E410000F83F0000E03FB2
:1035500000002C4000002440000018400000F03F14
:10356000FB799F501344D33FB3C8608B288AC63F72
:10357000129BAAEB03030F9396E7A3EB020808F153
:10358000FF3843E604231293022310938CE7109B29
:10359000002BEDD002230F92109385E72DE9F04F19
:1035A0009BB0249C954D0A94954CB1F1000A18BF2C
:1035B000834625601878934C914608BFA34609932B
:1035C000002800F093824FF000080AE042464B4684
:1035D000514608F10108D847099B1878002800F0E7
:1035E000CE80099B252803F101030993EED11C46E7
:1035F0000023224612F8010BA0F1200110290AD85D
:10360000DFE801F04009093C0909090909090938FD
:10361000093409093000A0F130010929099440F268
:103620008A802A2800F0F08000252E2800F096805D
:103630000026A0F1680112292DD8DFE811F0490118
:103640002C0043012C0038012C002C002C002C00F5
:103650002C002C002C0027002C002C002C002C000F
:103660002C002700144643F00103C2E7144643F040
:103670000203BEE7144643F00403BAE7144643F0DE
:103680001003B6E7144643F00803B2E709994878F7
:1036900043F480730132672809927ED8242840F2CF
:1036A000C180A0F12502422A00F2BC80DFE812F0BE
:1036B0005001BA00BA00BA00BA00BA00BA00BA00A3
:1036C000BA00BA00BA00BA00BA00BA00BA00BA002A
:1036D000BA00BA00BA00BA00BA00BA00BA00BA001A
:1036E000BA00BA00BA00BA00BA00BA00BA00BA000A
:1036F000190137011901BA00BA00BA00BA00BA00BC
:10370000BA00BA00BA00BA00BA00BA00BA00BA00E9
:10371000BA00BA00BA00BC01BA00BA00BA00BA00D6
:10372000BA00BA00BA00BA00BA00BC015801BC0124
:10373000190137011901002500E0013205EB85056B
:1037400000EB45051078303DA0F130010929F4D98E
:103750002E28099202F101027FF46AAF099943F41D
:10376000806348781146A0F13006092E40F221818D
:103770002A2800F02F8109920026013259E7444699
:10378000C14501D809F1FF384B4642465146002059
:10379000D84720461BB0BDE8F08FA0F16902D2B235
:1037A0000F2A3FD8012149F241079140394040F0AA
:1037B000F3800A2A3DD0072A34D10A9D55F8042BFC
:1037C000002A00F0138143F0210012AB1F460B9337
:1037D00003E0202900F014811A4602F00F0423466A
:1037E000092C94BF303337330F2A07F8013B01F11E
:1037F00001014FEA1213ECD802E100BF9D35001021
:10380000DC360020DD2800100A99099851F8045B85
:103810004078002DCDE90921BCBF43F002036D4281
:10382000013202E742464B46514608F10108D847AB
:10383000D2E60A99002E51F8047B18BF3246387838
:1038400008BF4FF0FF32002800F07B83BC18A4466D
:103850003A4604E012F8014F002C00F03F819445F5
:10386000F8D16446E41B5A0540F12281B44228BFD6
:10387000344613F0020300F088820223CDE90A5196
:1038800042461D46464408E04B465146D84717F885
:10389000010F08F1010810B142464645F4D12B460C
:1038A0000B990A9D002B40F041810A9194E60999F9
:1038B00048786C287FF4ECAE0A46887843F440736D
:1038C0000332E8E6099943F4007348780132E2E6EE
:1038D00009994878682800F0038143F08003013299
:1038E000D9E6672800F0D980472800F0DC80452819
:1038F00000F0DB80CDE903530A9B0296073323F0E7
:1039000007031C464246F4E802674B4651465846B8
:10391000CDE900670A94FFF787FB80465CE64628FE
:1039200008BF43F02003CDE903530A9B02960733F7
:1039300023F007031C464246F4E802674B46514613
:103940005846CDE900670A94FFF70EF9804643E632
:1039500042464B465146252008F10108D8473BE630
:103960000A9A990702F1040408F1010640F1C680A1
:1039700010784B4642465146D847012D88BFA8448F
:1039800040F2BD8132464B46514620200136D84791
:103990004645F7D10A941FE66F2800F0818040F277
:1039A0004882782800F090810A2723F01003BC4653
:1039B00041E0002606EB860600EB4600A0F130064B
:1039C00011F8010FA0F13002092AF3D90A46099132
:1039D00001322EE6DDE9092151F8046B90780232BC
:1039E00009920A91013226EAE67622E623F01000D7
:1039F00013F4806240F021003FF4E7AE12AB0B936A
:103A00000B9B069000930823102005930023424649
:103A1000CDE9023001914B46514658460496FEF7D7
:103A2000ADFF0A958046D7E5582862D0622840F05D
:103A30008F800227BC4613F4806000F0DD8023F005
:103A40000D0313F4007240F081810A990F1D13F4E5
:103A5000807140F037825C060A9A40F13B8112780F
:103A6000002A40F04E8123F01003002800F0498125
:103A7000114612AA0B92CDE90553CDE903C6019177
:103A80000B9B4246009300235146029358464B46F7
:103A9000FEF774FF0A9780469EE543F4006329E72A
:103AA0000827BC46C7E743F4006343F0200321E73F
:103AB00013F0020300F08E8102230A951E460D4684
:103AC00042464B465146D84717F8010F08F1010806
:103AD0000028F5D1294633460A9DE3E6D41BC2E609
:103AE0000A46887843F0C0030332D4E50446804692
:103AF00046E6102743F02003BC469CE7012D40F228
:103B0000F880464608F1FF372F4432464B4651466F
:103B100020200136D847BE42F7D10A9B324618789A
:103B200051464B46D847A8440A9455E54646A54217
:103B30007FF6BBAEA844A8EB04080C4632464B46C1
:103B4000514620200136D8474645F7D12146ACE6FC
:103B500013F4806200F0BB804FF4806223F0110CFC
:103B60001CF400770A9B4AD11CF4807003F1040412
:103B700040F034811CF0400F40F0A3801CF0800F17
:103B800000F0D381B3F9001081EAE177A7EBE17788
:103B9000BFB2CB0F002900F056813A4612A90F465A
:103BA000DFF8D8E30B910A930C9501E020280FD0A1
:103BB0001546AEFB0213DB0803EB8301A2EB4101C8
:103BC0003031092D1A4600F1010007F8011BEDD82C
:103BD0000A9B0C9DCDE9055CCDE9010304960B9B86
:103BE000424600930A235146039358464B46FEF73C
:103BF000C5FE0A948046EFE423F00C0321E7073367
:103C000023F00703194608465B6850F8081BDF0FCE
:103C10000A9051EA030062D1002A40F09F811346C6
:103C2000114612AACDE90C7500201546CDE90E68A3
:103C3000DFF848E30B9201E020282DD05A1842F11A
:103C40000002AEFB027828F0030707EB9807D21BAF
:103C50001E469B1A61F100070C464FF0CC3101FB68
:103C600003F10EFB0711A3FB0E731944052307F0A4
:103C70000108A8FB03389B180A2E03F130034FEA12
:103C8000570774F1000405F8013B00F1010047EA11
:103C9000C1734FEA5101CFD2DDE90C75DDE90E6841
:103CA0000B9B424600930A23CDE9055CCDE9010751
:103CB000049603934B4651465846FEF75FFE8046F6
:103CC0008AE419780F4664E71027BC46B3E623F070
:103CD000100C45E71C064CBF12881268C0E60A4665
:103CE000191E01DB13469CE75242134661EB41016A
:103CF00097E713465146187842464B46D847B04698
:103D000048E613F0200F14BF4120612012ACA646F4
:103D10000B940A93A0F10A040C9502E0202912D01A
:103D20002A46B2FBFCF50CFB1520C3B2092803F1AF
:103D300030008ABF1B19C3B2DBB262450EF8013BEB
:103D400001F10101EAD20A9B0C9D94E60A9A07321E
:103D500022F00702516852F8084B8E460A9254EA44
:103D6000010276D123F01003002872D00022114600
:103D700012AA0B92CDE905530B9B424600930023F8
:103D8000CDE903C60191029394E7A54298BF01349F
:103D90007FF674AD4FF48063CDE90A7505EB080238
:103DA0001F460D46141B42464B465146202008F143
:103DB0000108D847A045F6D13B460A9F29463878E6
:103DC0000B9D6C1C00283FF470AD002B3FF475AECA
:103DD000002353E5A542DFD801346EE61968CB0F06
:103DE000002900F0A88081EAE172A2EBE17212A939
:103DF0000846DFF888E10B910A930C9501E0202F2B
:103E00000FD01546AEFB0213DB0803EB8301A2EBD8
:103E100041013031092D1A4607F1010700F8011B55
:103E2000EDD80A9B0C9DCDE9055CCDE901730496A4
:103E3000D5E6692823F0100C40F08C8013F48062E2
:103E40003FF48EAE88E6002A3FF4A8AE12AA0B9289
:103E5000C0E613F0200F14BF41226122002012A9F6
:103E60000A3ACDE90E68CDE90C35CDF844B00646E6
:103E70008846754693460B91CDF840C003E0202E4E
:103E800017D004460D4629463A460023204613F033
:103E90005FFDD2B2092A02F1300388BF02EB0B03A7
:103EA000BC42DBB275F1000508F8013B06F10106E2
:103EB000E5D23146DDE90C35DDE910CBDDF83C809B
:103EC0000E9E57E70A99096851B923F0100338B1DB
:103ED00012A90B91CDE90553CDE903C60192CFE5B7
:103EE00013F0200F14BF4120612012ACA6460B94A2
:103EF0000A93A0F10A040C9502E0202A12D0294668
:103F0000B1FBFCF50CFB1510C3B2092803F130001E
:103F10008ABF1B19C3B2DBB261450EF8013B02F147
:103F20000102EAD20A9B0C9DD4E7196881EAE17785
:103F3000A7EBE1772DE6002A3FF459AF12AA0B92C6
:103F400071E713F480640DD013F0020412D004461C
:103F50004646ECE50A276346BC466CE512AB0020FA
:103F60000B939DE613F002037FF4E0AD002D7FF488
:103F700013AF9AE4002D7FF40DAF96E4CDCCCCCCFA
:103F80000EB410B585B007AC54F8043B01464FF0B1
:103F9000FF32009404480394FFF700FB05B0BDE82E
:103FA000104003B0704700BFD528001084460CB401
:103FB00010B584B006AC54F8043B0A460094614640
:103FC00004480394FFF7EAFA04B0BDE8104002B0D9
:103FD000704700BFD528001030B594468E46054680
:103FE0001C4683B029467246634600940248FFF798
:103FF000D5FA03B030BD00BFD528001070B5944687
:104000001E4605460C4684B04FF0FF32634602A9B7
:1040100000960348CDE90254FFF7C0FA04B070BD22
:10402000592B001010B5094B84B01C684CB10346E5
:1040300000914FF0FF3203A90548A047012004B0CA
:1040400010BD00F08FF9204604B010BDDC36002012
:10405000512B001000BEFDE7074A0346106838B137
:10406000064903448B428CBF4FF0FF30136070470A
:10407000034908461160F3E7C83200200000082019
:104080007C39002008B5FFF7E5FF00BF38B5064CC6
:10409000064DFEF78BF9AC4204D254F8043B984726
:1040A000AC42FAD338BD00BF087A0110187A01106B
:1040B00003680846114618472DE9F0411546427D30
:1040C00007468846002A46D0002D1DDD0B780A2BB6
:1040D00023D0012D4FF0000C18D04646012416F8CD
:1040E000012F21460A2A04F1010422D0A542F6D16B
:1040F00065450BDC08EB050313F8013CA3F10D0348
:10410000B3FA83F35B093B75BDE8F0813B68A5EB2F
:104110000C0108EB0C009847ECE7037D002BD8D18D
:10412000036802210F489847012DE3D04FF0010C9E
:10413000D3E716F8013C0D2BD8D08C4508EB0C00CA
:10414000A1EB0C0101DA3B689847022105483B6866
:104150009847A446CAE7294640463B68BDE8F04177
:10416000184700BFB08C01100B682DE9F041802B7F
:104170000D46064605D05A1C2B442A601E71BDE828
:10418000F0810F4B1C68A4B10E4F01F1040801E04F
:10419000246974B12368002BFAD03B680BB1A342A9
:1041A000F6D1204641462A68FFF786FF2469002C95
:1041B000F0D1002301222B442A601E71BDE8F0815A
:1041C000B8320020C43200202DE9F04782B00D46FD
:1041D00091461C460646FDF795FE4FF0FF3C6FF0FA
:1041E00000472E4A821841F10003944577EB030102
:1041F0003CBF62463B462A4813F0C6FB6B1C804618
:1042000040D00CB3274F284B1C68B4B1B9F1000F54
:104210001CD1DFF89C9001E0246974B12368002B65
:10422000FAD0D9F800300BB19C42F5D120462A468D
:104230003146B8472469002CF0D1B8F1000F26D1DF
:10424000284602B0BDE8F087184FDCE74FF00A0AB5
:10425000DFF85C9002E02469002CEED02368002B8C
:10426000F9D0D9F800300BB1A342F4D12A46314637
:104270002046B847012220460DF107018DF807A01E
:10428000B847E8E7304610F00FFF0546B9E70448A5
:1042900013F062FB284602B0BDE8F08740420F00F1
:1042A000E8270020B9400010B8320020B1400010CB
:1042B000C4320020084A136823B90AE003F110024F
:1042C0001B6933B18342F9D129B9186910601961AA
:1042D000704701B110607047B832002000F0DEBABC
:1042E000F0B583B006468DF80700FDF70BFE4FF0E2
:1042F000FF356FF00044174A821841F100039542E0
:1043000074EB03013CBF23462A46134813F03CFBE1
:10431000124B07461C689CB1114D01E024697CB129
:104320002368002BFAD02B680BB19C42F6D12046B3
:1043300001220DF10701FFF7BFFE2469002CEFD128
:1043400017B9304603B0F0BD034813F005FB304603
:1043500003B0F0BD40420F00E8270020B832002033
:10436000C432002038B5044610F09EFE01230546F5
:104370001A4620462946FFF727FF084B1C682CB138
:1043800063682BB198472469002CF9D1284638BDC1
:104390002469002CF4D1284638BD00BFB832002073
:1043A0002DE9F041A2B004460D46FDF7ABFD4FF0FC
:1043B000FF376FF00046264ADFF8A480821841F1EB
:1043C0000003974276EB03013CBF3A46334621484F
:1043D00013F0DAFA00272B462246064601A91E48AA
:1043E0000197FFF70BFE019B0546D8F80040C3B1CB
:1043F000002C2BD0194F01E0246974B12368002BE5
:10440000FAD03B680BB1A342F6D12046019A02A92B
:10441000FFF752FE2469002CF0D10023D8F80040A9
:1044200001932CB1636843B198472469002CF9D1FA
:104430002EB9284622B0BDE8F0812469F1E705488D
:1044400013F08AFA284622B0BDE8F0810194EFE724
:1044500040420F00E827002069410010C4320020CC
:10446000B83200200FB400B583B004A951F8040B92
:104470000191FFF795FF03B05DF804EB04B07047BE
:10448000704700BF0022014B1A7070477739002037
:104490004B79FF2B0BD1887948B9CB79012B07D108
:1044A000082A05D9034B8A7809201A707047002022
:1044B000704700BF7739002001207047012901D0E3
:1044C0000120704708B5104B91881B78994201D0A4
:1044D000002008BD5378012B08D0022BF8D1002111
:1044E00064220846FDF79EFE012008BD5188CB05D9
:1044F00048BF480AC1F3402258BF4FF0FF3001F0D7
:104500007F01FDF70DFF00BF77390020004870479D
:104510007C8D0110012907D15378012B02D193889A
:10452000072B03D000207047012070471146A623B7
:10453000014A01F039BA00BFD48C011003460122B0
:1045400001481A70704700BFB48C011008B50B68A1
:10455000B3F5966F00D008BD00224FF0FF30114632
:10456000FDF7DEFE024A034B10601960704700BF82
:104570005032002054320020184B70B51A68002ABF
:1045800028D0EFF3108172B6D2E8CF4F0120002C73
:10459000FAD1C2E8440F002CF6D1BFF35F8F00229E
:1045A0000F4C186859602270C0E88F2F81F3108873
:1045B000002400250B4E3078FCF704FE20B90024BF
:1045C00000252046294670BD3078FCF70BFE2046BA
:1045D000294670BD4FF47A740025EBE704370020BC
:1045E0007939002078390020014B1878FCF7FABDA2
:1045F0007839002038B5044600200D4601F004FB50
:10460000A8B3002001F016FB88B3FDF77BFC4FF048
:10461000FF3E6FF0004C174A821841F100039645A7
:104620007CEB03013CBF72466346134813F0ACF9C0
:10463000E8B1002001F0E8FA58B900214FF0FF304E
:1046400000F00AFD6FF002040B4813F085F92046D4
:1046500038BD002001F0EEFA0028EED021462A46AF
:10466000002001F0F1FA04460028EDD1EAE76FF0EE
:104670000204ECE740420F00F837002008B5FDF7D0
:1046800041FC4FF0FF3E6FF0004C0F4A821841F1A1
:10469000000396457CEB03013CBF724663460B4822
:1046A00013F072F970B14FF0FF30002100F0D4FC2C
:1046B000002001F011FB0028F5D1BDE808400348B7
:1046C00013F04AB908BD00BF40420F00F837002080
:1046D0002DE9F84380460F46FDF714FC4FF0FF35F7
:1046E0006FF00044334A821841F10003954274EBA5
:1046F00003013CBF2A4623462F4813F045F908B969
:10470000BDE8F883002001F07FFA002847D0002F91
:1047100040DD0025DFF8A890284E13E02246002057
:1047200001F020FB002104464FF0FF3000F094FC24
:10473000002001F0D1FAFDF7E5FBC9E900012544AD
:10474000AF4227DD002001F02DFB7C1B8442A8BF77
:10475000044608EB0501002CE0D121464FF0FF3064
:1047600000F07AFC204601F0B7FA204601F04CFA3E
:1047700080B1204601F016FB0028E1D1FDF7C2FB15
:10478000D9F80030D9F804209B1942F10002834285
:104790008A41D5D20848BDE8F84313F0DDB80020BF
:1047A0000021074BC3E90001BDE8F843024813F0BC
:1047B000D3B800BF40420F00F837002020A1070007
:1047C000882A002030B5002185B02E4813F0F0F87B
:1047D000F0B92D4B1A68CAB1EFF3108172B6D2E866
:1047E000CF5F0124002DFAD1C2E8454F002DF6D14C
:1047F000BFF35F8F254C1D6822785960D3B2012228
:104800002270C5E88F0F81F31088CBB105B030BDA1
:1048100000214FF0FF3000F01FFC002001F00AFAE9
:104820000446184813F098F8002CEFD0184B1B687A
:10483000002BEBD0174A106805B0BDE83040184790
:10484000FDF7EAF80446FDF75DFB4FF0FF3C6FF023
:10485000004510F57A7241F10003944575EB0301B0
:1048600038BF2B464FF000014FF0010520460A4C9F
:1048700038BF6246CDE901150094FDF7D1F805B0C7
:1048800030BD00BFF8370020043700207939002000
:104890005032002054320020794500104FF0504330
:1048A00030B585B01C68FDF7B7F8FDF7CBF9A0422D
:1048B00002D0002005B030BD00212A4B08461B78ED
:1048C00001F038FD28480368002B47D00120FCF791
:1048D00027FE0346254C2649C0B22370FCF79EFCF8
:1048E00020780121FCF758FC0E20FCF787FC40BB28
:1048F000204B0125C3E90000FDF78EF80446FDF7C3
:1049000001FB4FF0FF3E6FF0004C10F57A7241F161
:10491000000396457CEB03014FF000012046164C46
:104920003CBF72466346CDE901150094FDF778F867
:104930000028BEDB01211148FFF7BCFC012005B0B7
:1049400030BD0120FCF7E4FB01460A48FCF744FEB9
:1049500000220E200A49FCF791FCEBE7FCF720FE51
:10496000B4E700BF58150210F8370020783900204E
:10497000C54700100437002079450010282000208A
:10498000E945001000487047188E01100048704734
:10499000C48D011038B5184B04461A780AB344B9CF
:1049A00040F209424FF44173144D6A8013482B8042
:1049B00038BD052C1DD8124B104D53F82410284635
:1049C0000023013903E0132B20F8022F0ED011F839
:1049D000012F0133DBB2002AF5D15B0043F44073B1
:1049E000E4E71121184600F025F8D8E74FF44A73A0
:1049F000DCE7002038BD00BF8C380020903200205A
:104A0000AC8D011000B545F247308BB0FDF77CFC52
:104A100001220346092101A89847DDE90332044930
:104A200012BA1BBAC1E900230BB05DF804FB00BF4A
:104A3000DC370020012901F1FF3300F0B3805D492C
:104A40000A784FEA121C9F2A8CBF0CF1370C0CF12C
:104A5000300C012B80F800C000F0A78002F00F029C
:104A6000092A8CBF37323032022B427000F09D8011
:104A70004A784FEA121C9F2A8CBF0CF1370C0CF1BC
:104A8000300C032B80F802C000F08F8002F00F0280
:104A9000092A8CBF37323032042BC27000F0858077
:104AA0008A784FEA121C9F2A8CBF0CF1370C0CF14C
:104AB000300C052B80F804C077D002F00F02092AD1
:104AC0008CBF37323032062B42716ED0CA784FEA33
:104AD000121C9F2A8CBF0CF1370C0CF1300C072BE9
:104AE00080F806C061D002F00F02092A8CBF37326D
:104AF0003032082BC27158D00A794FEA121C9F2A13
:104B00008CBF0CF1370C0CF1300C092B80F808C06D
:104B10004BD002F00F02092A8CBF373230320A2BF9
:104B2000427242D04A794FEA121C9F2A8CBF0CF184
:104B3000370C0CF1300C0B2B80F80AC035D002F08A
:104B40000F02092A8CBF373230320C2BC2722CD0A4
:104B50008A794FEA121C9F2A8CBF0CF1370C0CF19A
:104B6000300C0D2B80F80CC01FD002F00F02092A68
:104B70008CBF373230320E2B427316D0CA791109EE
:104B80009F2A8CBF373130310F2B81730DD002F04B
:104B90000F02092A94BF30323732102BC27318BF6C
:104BA000103002D0002303707047184400230370B4
:104BB000704700BFDC37002070B500F02DF90C23E2
:104BC0004026194CFF22A3670E201849FCF756FB1C
:104BD0003246002116480FF015FB012500238021E5
:104BE0001348144A418445700683068782604360F7
:104BF000136042F8043C80F8213080F83B30436277
:104C00000D4B4FF00056C360C362803B836212F0CD
:104C1000CBFE4FF480320949094B25642846E664EF
:104C2000C4F89010DA6470BD0000115095040020A3
:104C3000CC320020840010500001105010D0010030
:104C40000020115001210E20FCF7A6BA00220248D4
:104C5000114600F001B900BFEC320020044B19707E
:104C600021B14FF40032034BC3F89020704700BFCE
:104C700072390020002011500B785B0602D14B786E
:104C8000052B00D070474B88014ADBB21360704798
:104C900000001150CB782DE9F04103F0030EBEF176
:104CA000010FC3F301005BD0002791F802C0344C20
:104CB0000CF07F025600898806EBDC1304EB4313EB
:104CC0004FEADC15D876C1F30A0185F0010083F8BC
:104CD00002C019835870DF70D3008DBB294804339C
:104CE00004EB821C03EB0008CCF808801F5082B351
:104CF000254BD2001344CCF80430244B3F311A68C2
:104D000021F03F01BEF1020F08BF490011441960B4
:104D10001F4B771904EB47179942FA602BD82E44A2
:104D200004EB4613D97E82F0A04282F480125B68C5
:104D300042EA816242F000421A600120BDE8F0813F
:104D4000104804EB821C0344CCF8283040F8327041
:104D50004AB900220F4904EB4513D9605A60ECE7C9
:104D60000020BDE8F081D20002F1A04202F58012DD
:104D7000CCF82420C1E7FDF713FBFA68CFE700BFAA
:104D8000CC3200208000105004001050E836002083
:104D9000FF0F10500001105012F006BE8C4608B5EF
:104DA000114607481A460CF07F034FEADC1C0CEB57
:104DB000430C00EB4C1000F04FF8012008BD00BF81
:104DC000CC32002011F07F0205D100290CBF022057
:104DD0000120064B9866C909054B01EB420003EB25
:104DE00040104FF40062002112F0CABD00201150A3
:104DF000CC32002011F07F0300D17047002205481B
:104E00005B0003EBD11300EB43106FF40061C27041
:104E100012F0B6BDCC3200204FF0805209480A494A
:104E200008B50A4B02600A609968C94311F08051C5
:104E3000FAD14FF4805206480FF0E4F90922054BED
:104E40005A6708BD002002400030024000000240C6
:104E5000000010500000115000234FF0010C10B55D
:104E600080F81AC08282C3820161044612F090FD6C
:104E700020B14FF40032074BC3F89020204612F0C7
:104E80007BFD10B10123237710BD2046BDE8104003
:104E900012F052BD002011502DE9F04100241D4EAA
:104EA000054623463278DFF878801B4F0DE03B68DB
:104EB00013EB441324D0DB6828469847327801343A
:104EC000E4B2511CA142234606DBA242A3EB02033B
:104ED000EDD808EB4313EEE7542200210F480FF002
:104EE00091F94FF0FF330D482022041D4360C4E9BF
:104EF0000133E360FF21BDE8F04114300FF082B9C7
:104F00004FF0E023D3F8F03DDB0700D500BEBDE84D
:104F1000F08100BF71390020842C00205C2E00201D
:104F20002C8E0110704700BF704700BF00207047F3
:104F300000207047704700BF704700BF704700BF38
:104F4000704700BF024B5878003818BF01207047E7
:104F50005C2E0020024B1878C0F38000704700BF21
:104F60005C2E00202DE9F047DFF8E4A09AF800302D
:104F7000FF2B56D10E4600293ED000215422074671
:104F800029480FF03FF90022284C294B20461A707F
:104F9000FCF706FB274B28481C60284CFCF70EFB4F
:104FA000204601F0ABFD264A264B146023B126486B
:104FB000FFF7C4FA254B18600024234D23462A78B6
:104FC000DFF89090DFF884800EE0D8F8003013EB23
:104FD000441311D05B687BB198472A780134E4B25E
:104FE000511CA142234611DBA242EED89B1A09EBC9
:104FF00043135B68002BEFD14FF0E023D3F8F03D73
:10500000DB0700D500BE0020BDE8F08731463846FA
:105010008AF80070FFF7D0FD0028EDD03846FFF782
:1050200011FE0120BDE8F0875C2E0020542E0020E8
:1050300073390020B02E0020542000204020002092
:10504000B42E00203D45001071390020842C002032
:105050005C2000202C8E01102DE9F04FDFF8C89263
:105060008BB099F80030FF2B00F0F180A84CA94DCF
:10507000DFF8B0A2DFF8B4B226687369EFF31082EC
:1050800072B6D3E8CF0F01210028FAD1C3E8401F40
:105090000028F6D1BFF35F8FB261304607A901F057
:1050A00077FB00237269C2E88F3FB36983F31088EE
:1050B000002800F0CC809DF81D30013B072B00F24A
:1050C0007D83DFE803F0A7B1959D8E350A04089B28
:1050D000002BD1D009989847CEE79DF8201001F019
:1050E0007F0605EB460000EBD11090F8343023F03A
:1050F000010380F8343090F8343023F0040380F852
:105100003430002E00F0A680037D9AF800209342F0
:1051100080F09380804A126812EB431300F0908075
:105120009E699DF82120099B9DF81C00B047A3E7CC
:105130009BF80030002B00F083809BF80030013B8F
:10514000DBB28BF800309BF8003003F0FF00002B3F
:1051500092D1704F9DF81C803B7843F001033B7067
:1051600097F8343060F3000387F8343097F8343020
:1051700060F3820387F8343097F8353060F300032A
:1051800087F8353097F8353060F3820387F835308B
:1051900000F06CFC9DF8203003F06002602A6CD0B7
:1051A000402A7CD003F01F03012B00F0C180022BAA
:1051B00000F08180002B60D1202A00F0E981002AD4
:1051C0005BD19DF82130092B57D8DFE813F0B001EF
:1051D000A2015600C101560095016B015600600105
:1051E000F4002B78D9077FF547AFFFF7A9FE43E717
:1051F000EB78DA077FF540AF0898FFF795FE3BE7BD
:105200002B78D8077FF538AF2878C0F3C000FFF7B8
:1052100095FE31E79DF81C00FFF73EFE00F01CFCF8
:105220009DF82030AB7027E79DF81C00FFF734FE97
:1052300000F012FCFFF780FE1EE7501C984211DAC6
:105240004FF0E023D3F8F03DDC0700D500BE0BB0F3
:10525000BDE8F08F099B9DF821209DF81C0000F00F
:1052600019FC09E79B1A2D4A02EB431358E7FFF795
:105270008DFB0246002840F082814FF0E023D3F8F6
:10528000F03DDE0700D500BE9DF81C000021FFF7B1
:1052900099FD80219DF81C00FFF794FDECE6204865
:1052A00000F0E4FB0121404608AAFFF733F900288B
:1052B0007FF4E2AEE8E79DF8241011F0700FDCD126
:1052C00001F07F0607EB4600164B00EBD1101B7870
:1052D000007D7600019698424FEAD116009659D388
:1052E0005E1C8642C0F26681C01A0C4B03EB40166E
:1052F000002A00F06381706900F0B8FB012140468C
:10530000736908AA984700287FF4B6AEBCE700BFCF
:10531000B42E00205C2E0020842C00202C8E011046
:1053200015450010713900205C20002073390020E1
:105330009DF824300F2BA7D8AE4A3B441B79127836
:10534000934232D3511C99429EDBAB4E9B1A06EB23
:105350004316706900F08AFB01214046736908AA70
:10536000984700287FF488AE9DF8203013F060063F
:105370008AD19DF821300A3B012B85D800F076FBBD
:105380009DF821300A2B00F0F281404608A900F078
:10539000F1FA71E6994B1B6803EB4016002A00F006
:1053A0000D81002E3FF470AFA5E7944A166816EB06
:1053B0004316CED168E77B789DF822609E4200F0CC
:1053C0004F817B78002B40F0BE817E70002E00F074
:1053D0004581701EC0B2FFF7D9FA0346002800F0DD
:1053E0005F814278022A40F05B81C17903F10906AE
:1053F000C1F340121201C1F3801142EA4112314659
:10540000387820F0300002433A705A88CDF80C808A
:105410009A180192019B8B4240F2A4814A780B2A90
:1054200000F0AF810123042A40F03A810026019A5E
:105430000096521A92B202926E4A049312781DE0BC
:105440006E4B1B6813EB461800F02A81029AD8F8BD
:10545000103003980591984708280246059906F1EF
:10546000010303D90298904280F0FF80DEB2614BC5
:1054700000961A78531C9E4200F31281009BB242A0
:10548000A3EB0202DCD85C4B03EB4218DEE77B782F
:1054900040468DF81A300DF11A02012308A900F0D8
:1054A00083FAE9E5BDF82200030A013B020AC0B213
:1054B0000E2B3FF6E9AE01A151F823F0D1560010B2
:1054C0006D5500100D5700108952001089520010C0
:1054D000EF5600106D5500108952001089520010CF
:1054E0008952001089520010895200108952001010
:1054F00089520010C356001008A800F0BDFA4046BB
:105500009DF82210FFF7A2FB3B7843F002033B70AB
:10551000B2E5BDF82230012B7FF4B6AE3B784046B1
:1055200023F0080308A93B7000F024FAA4E54046E4
:105530003B789A0802F00202C3F340131343ADF81C
:105540001A300DF11A02022308A900F02DFA93E592
:10555000BDF82230012B7FF497AE3B78404643F0F4
:10556000080308A93B7000F005FA85E5022A3FF41C
:105570007EAEFFF7DDFC024600283FF485AE4046D4
:10558000538808A900F010FA00287FF475AD7BE677
:105590009DF824300F2B3FF677AE164A3B441B791B
:1055A000127893421DD2154A166816EB43167FF403
:1055B000A2AE69E6002A7FF467AE00269DF821209E
:1055C00002F0FD03012B1BD0002A7FF456AE019B95
:1055D000009A3B44134493F834304046C3F34003ED
:1055E000ADE7511C9942FFF64FAE034E9B1A06EBF6
:1055F000431680E6713900202C8E0110842C002087
:10560000BDF82230B3B9012A99F8000000F0868075
:10561000FFF7D8FB019B009A3B44134493F83420D6
:1056200042F0020283F8342093F8342042F0010261
:1056300083F83420002E3FF41FAD706900F016FA95
:105640007369012108AA40469847002000F00EFA2D
:1056500097F83530DF073FF50FAD96E6FFF76CFCA6
:10566000404608A900F086F906E5049B012B00F0EE
:105670009E80002B00F08A80002091F8028005E0D7
:105680008CF804605FFA80FC63457FD908EB000C5E
:1056900057FA8CFC9CF804E00130BEF1FF0FEFD00C
:1056A0004FF0E023D3F8F03DDA0700D500BE4FF00D
:1056B000E023D3F8F03DDB0700D500BE00237B706C
:1056C000E2E5FEF723FF024600287FF458AFDBE552
:1056D000FFF758F9024600283FF4CFAD40461223A9
:1056E00008A900F061F900287FF4C6ACCCE5FFF70B
:1056F0001DFC024600283FF4C7AD4046137808A9B8
:1057000000F052F900287FF4B7ACBDE5BDF82410D5
:10571000FFF740F902460028EFD1B5E50293FFF705
:1057200069FB019A009B3A441A4492F83410029B98
:1057300063F3410182F8341092F8341063F30001EE
:1057400082F8341076E700214046FFF787FA40469A
:10575000FFF722FBBB7840460093FFF79DFB009BC1
:10576000BB7032E6DDF80C80FFF7E4FB78E74046DB
:10577000012308A90DF11A028DF81A6000F014F93E
:105780007AE40A78CB7811444A784CE633461048DC
:105790000492029100F076FE0E4B049A02991B7857
:1057A0001144009A01339342BFF634AE78E7D8F83B
:1057B00010C00948844508BF02235DE74FF0E0238D
:1057C000D3F8F03DDB077FF557AC00BE54E400BFD3
:1057D000702E002071390020A55E00102DE9F84FD1
:1057E0000A9F002A40D00C461E4615464FF0000A7C
:1057F000DFF87C90DFF87C8018E0204698F80210F3
:1058000099F800B000F00EFEE0B121465846FFF7CF
:1058100041FAF0B1A2780AF1010AD10916BF0B9B37
:105820003A701A702278AA4514441DD06278052A6D
:105830000FD1E17801F00301B1420AD1A27812F050
:10584000700FDAD04FF0E023D3F8F03DDA0700D53F
:1058500000BE4FF0E023D3F8F03DDB0702D4002078
:10586000BDE8F88F00BEFAE70120BDE8F88F00BF61
:105870005C2000205C2E002038B58B7813F0700F70
:1058800008D04FF0E023D3F8F03DDB0700D500BE91
:10589000002038BD074A084B0C46084691781D7811
:1058A00000F0C0FD0028ECD021462846BDE8384075
:1058B000FFF7F0B95C2E00205C2000200B46064A62
:1058C00006481168DA09343203F07F0302EB430320
:1058D000184400F061BD00BFB02E00205C2E0020F7
:1058E0000B46064A06481168DA09343203F07F0392
:1058F00002EB4303184400F079BD00BFB02E002036
:105900005C2E002010B5194801F07F0C00EB4C0014
:1059100000EBD11090F834C01CF0010F08D04FF00C
:10592000E023D3F8F03DDA0700D500BE002010BD1B
:1059300000F1300494F804C00D484CF0010C0078DC
:1059400084F804C0FFF72AFA0028F0D14FF0E021D4
:10595000227960F300022271227960F382022271BF
:10596000D1F8F03DDB07E1D500BEDFE75C2E00207B
:105970005C20002030B50B4C8C46A64605460868D6
:1059800049680023AEE803009CF800102846C9438C
:10599000C4E90233BDE830401A4601F08001FFF748
:1059A000B1BF00BF142E00202DE9F041284F4FF069
:1059B0000008BE468C46064608684968BA60AEE8EC
:1059C0000300A7F80E801546BCF80620934228BFB6
:1059D0001346BB819AB11C4633B3DDB197F9003051
:1059E000402C28BF4024002B29DB4146234630466B
:1059F000184AFFF787FF68B10120BDE8F0819CF8E5
:105A000000101346C943304601F08001FFF77AFFCA
:105A10000028F1D14FF0E023D3F8F03DDB0700D5AB
:105A200000BE0020BDE8F0811A46397801F08001FF
:105A300023463046FFF766FF0028DDD1EAE722461D
:105A4000294604480FF0BAFA8021024AF0E700BF65
:105A5000142E0020D42D00200022034BC3E9002285
:105A6000C3E902221A617047142E0020014B18610D
:105A7000704700BF142E002030B40246044C0025AD
:105A8000234600685168C4E9025530BC03C370471F
:105A9000142E002070B53D4CC90922780646B1EBA2
:105AA000D21F1D4682B017D053B14FF0E023D3F878
:105AB000F03DDB0702D4002002B070BD00BEFAE763
:105AC0002146FFF7D9F823691BB12246032130464E
:105AD0009847012002B070BD94F90030002B06DB1E
:105AE000A0680028E7D02A4629490FF067FAE08924
:105AF000A168E388284480B229448342E081A16000
:105B000016D03F2D14D9A28994F90040131A9BB2E4
:105B1000402B28BF4023002C27DB90424FF0000190
:105B200031D01B4A3046FFF7EDFE0028D1D1BCE74B
:105B3000236923B102213046144A984760B1217885
:105B40000023C94330461A4601F08001FFF7DAFE10
:105B50000028AAD00120BDE701463046FFF732F900
:105B600080213046FFF72EF9B3E7904208D01A465D
:105B7000074801930FF022FA8021054A019BD1E7E3
:105B800080210022CEE70A46CCE700BF142E002079
:105B9000D42D00202DE9F0410446FFF7D3F908B9D0
:105BA000BDE8F081FFF7D6F905460028F8D1C823F3
:105BB00004FB03F3124EF718F9780029F0D01033E4
:105BC0001E44304600F0D2FD3F28E9D92846F97836
:105BD000FFF774FE0028E3D0304600F0C7FD3F28F1
:105BE000F97808D9074A284602EBC4124023BDE8D9
:105BF000F041FFF787BE2846BDE8F041FFF770BED1
:105C00000C2D0020882C002010B50446FFF79AF9CF
:105C100008B9002010BDFFF79DF90028F9D1C8226E
:105C2000034B02FB0433187900F0010010BD00BFE4
:105C30000C2D0020C82208B5024B02FB003000F0FA
:105C40007BFD08BD1C2D00202DE9F8434FF6FF73A6
:105C5000C8249A4228BF1A4600FB04F4DFF8748077
:105C600004F110054544064692B2284600F0DAFDDC
:105C70000746FFF767F910B93846BDE8F883FFF724
:105C800069F981460028F7D1A04498F80330002B29
:105C9000F2D0284600F06AFD3F28EDD9484698F832
:105CA0000310FFF70BFE0028E6D0284600F05EFD4B
:105CB0003F2898F8031007D9054A4846402302EBCD
:105CC000C612FFF71FFED7E74846FFF709FED3E7E6
:105CD000882C00200C2D00202DE9F0410446FFF710
:105CE00031F910B90020BDE8F081FFF733F905461E
:105CF0000028F7D1C82604FB06F6DFF8648006F119
:105D000024074744384600F017FD0028EAD0B04485
:105D1000284698F80210FFF7D1FD0028E2D00F4E78
:105D2000384606EBC4163146402200F07BFD98F859
:105D30000210044668B1034632462846FFF7E2FDEA
:105D400050B94FF0E023D3F8F03DDB07CAD500BED1
:105D5000C8E7FFF7C5FDC5E72046C4E7C82C00200B
:105D60000C2D002038B54FF6FF75C823AA4228BF76
:105D70002A460B4C92B203FB00440546204600F035
:105D80000FFE034620461C4600F0D6FC3F2801D8F3
:105D9000204638BD2846FFF79FFF204638BD00BF8C
:105DA000302D0020C82208B5024B02FB003000F065
:105DB000DDFC08BD302D0020F0B5002483B0C822E2
:105DC000002117480EF01EFAFF234FF4E13108229C
:105DD000144804701248009407464371816082732E
:105DE00000F1380101234022103000F075FC01233E
:105DF000402207F17801009307F1B80607F124006B
:105E000000F06AFC07F1C0053046FBF7C9FB2846E5
:105E1000FBF7C6FBC7E90746C7E90C5403B0F0BD62
:105E20000C2D0020082D00200A4A116B136A61B165
:105E30003BB10023C2E90C33D3610023136201207C
:105E400070470120C2E90C337047002BF7D0D161B5
:105E5000F3E700BF0C2D0020002210B50E4C0F48B8
:105E6000237802600271DA0707D59B070BD5BDE8DE
:105E7000104001210A4800F05DBE103000F03EFEE7
:105E800023789B07F3D4064800F038FEBDE81040A5
:105E90000121034800F04EBE082D00200C2D0020EB
:105EA000302D0020F0B54B7983B0022B02D18B79D5
:105EB000022B03D00025284603B0F0BD274FBB7846
:105EC0003BB14FF0E023D3F8F03DDB07F2D500BE45
:105ED000F0E78B7806463B700B78CC186178242964
:105EE00008BF092507D036E023781C4461782B448D
:105EF00024299DB207D1AA42F6D20020FFF74AFE1C
:105F0000284603B0F0BD0B46052916D0042BF4D16A
:105F100063790A2BF1D1124B277801930133009357
:105F2000022330461A46E119FFF758FC0028C8D072
:105F30000E3517FA85F5ADB2DFE721463046FFF79B
:105F40009BFC0028BDD0A3787B7023785A191C4491
:105F5000637895B2DAE70B460925D5E70C2D0020CA
:105F60000E2D0020137803F06003202B08D170B5AC
:105F7000264C938894F800C09C4503D0002070BD47
:105F8000002070475378203B032BF7D8DFE803F05D
:105F900027230D0201292ED003291ED11C4BE3B16A
:105FA00000205188AFF3008017E0012923D0032996
:105FB00013D15588174805F0010686F001012571B7
:105FC00000F0B8FD144B43B131460020C5F3400248
:105FD000AFF3008001E0012911D0012070BD01293B
:105FE0000DD00329F9D10D4B002BF6D000200C4920
:105FF000FEF7ACFAF1E71146FFF7BCFCEDE71146FE
:106000000723074AFFF7D0FCE7E700BF0C2D00206D
:1060100000000000302D0020000000004D45001061
:10602000142D00202DE9F843354E0C46F278074632
:106030008A421D463DD0B3788B4212D04FF0E02308
:10604000D3F8F03DDB0732D40020BDE8F8832D4BB8
:1060500023B12D4800F080FB00284DD00020FFF731
:1060600099FDB378A34201D00120EEE7274B13B18D
:106070000020AFF300800020FFF72EFE0028F3D1B0
:10608000234800F059FB0028EED1002DECD015F08C
:106090003F05E9D13846B178FFF710FC0028E3D07E
:1060A0002B462A463846B178FFF72CFCDCE700BEC9
:1060B000CAE79AB2174906F1100000F071FC164BBE
:1060C000002BC4D07379FF2BC1D0002DBFD0DFF8D7
:1060D000448008EB050902E0C845B8D0737918F888
:1060E000012B9A42F8D1084800F036FB0028F3D182
:1060F0007179AFF30080EFE7AFF30080AEE700BF48
:106100000C2D0020000000001C2D002000000000CD
:10611000302D0020882C002000000000F0B54FF446
:10612000137285B0002112480EF06CF8402600234F
:106130004FF480750E4F0F4C07F5A6721946CDE946
:106140000246009201951A4607F5947000F0C6F9D0
:106150000023384607F128013444009101221946F2
:10616000CDE902460195043000F0B8F905B0F0BD64
:1061700004300020842F002008B5054800F0DAF92B
:10618000034BA3F5927000F0D5F9012008BD00BFC4
:106190002C31002038B50025064C04F59870257088
:1061A00000F0ACFC04F10C0000F0A8FC84F82951CC
:1061B000657138BD043000202DE9F8434B79FF2B81
:1061C00051D1354E96F82931002B4CD196F80580E7
:1061D000B8F1000F47D18B780C7833700B790F46EC
:1061E0000C44ABB38146A51803E0A54230D923780F
:1061F0001C446378052BF8D1AC4229D2214648468D
:10620000FFF73AFB40B3A378DB092FD1234800F016
:1062100075FCA37896F8282186F82931A38848468A
:10622000C3F30A03A3F50073B3FA83F35B0963F3C3
:1062300041021B4986F8282100F0EAF960B1237871
:106240003A7908F101081C445FFA88F39A42D0D8E1
:10625000E11B88B2BDE8F8834FF0E023D3F8F03DAE
:10626000DB0700D500BE0020BDE8F8830D4800F034
:1062700045FCA37832797371A3880B49C3F30A03F1
:10628000A3F50073B3FA83F35B0963F341020020C3
:10629000327100F085F9D2E704300020343100205B
:1062A0002C310020103000200830002070B51B4C2D
:1062B000064694F829C11D468C4511D063798B425E
:1062C00001D0002070BD164B1BB10020A9B2AFF366
:1062D00000803046134900F063F9C8B1012070BD59
:1062E000B4F8343163B9104B23B100200F49AAB27E
:1062F000AFF3008030460E4900F08AF90120EEE746
:10630000D4F82C11AAB204F5987000F049FBEAE722
:106310002A463046034900F00FF9DFE70430002039
:10632000000000000830002000000000842F002042
:106330002C31002010B582B0C9B101280CD80B78DF
:1063400053B1144C012B235402D0012002B010BDD4
:10635000FEF708FE0028F8D14FF0E023D3F8F03D17
:10636000DB0702D4002002B010BD00BEFAE7012412
:10637000084601A9ADF80440FEF7F4FD38B94FF026
:10638000E023D3F8F03DDA07EDD500BEEBE7014B93
:106390001C70E8E7502E0020F8B5037813F00104D4
:1063A0001AD1037805465A07C3F3800701D5204662
:1063B000F8BD0E464FF0FF31304611F0B9FA2B7898
:1063C00013F001040BD12B785B0709D42B7801243F
:1063D00043F004032B7003E000242046F8BD3C4644
:1063E000304611F0B9FA2046F8BD00BF70B50C4632
:1063F00005464FF0FF31204611F09AFA2B78C3F38F
:1064000080065B0708D52B7813F0010311BF002627
:106410002A7863F382022A70204611F09DFA3046F2
:1064200070BD00BFC378828803F003000228C2F366
:106430000A0215D003280AD001281CD1022940F2F3
:10644000FF3308BF4FF4806393420DD37047022996
:1064500014BF40234FF48063934205D3012070475B
:1064600002290AD0402AF9D94FF0E023D3F8F03DB1
:10647000DB0700D500BE00207047B2F5007FEDD0ED
:10648000F2E700BF0A44914226D291F801C0BCF164
:10649000050F05D091F800C061448A42F5D87047D5
:1064A00000B591F802C00CF07F0E00EB4E0E4FEAE3
:1064B000DC1C0EF80C3091F800C061448A4209D906
:1064C00091F801C0BCF1050FEBD091F800C0614418
:1064D0008A42F5D85DF804FB704700BF2DE9F04112
:1064E0008E4682B0009390F800C0089EBDF82470DC
:1064F0006EF3000C04461546012331463A4600F877
:1065000008CBBDF82C8000F0E7F806B13FB90120B8
:106510000A9BA4F80280636002B0BDE8F08104F138
:106520001C063046FBF73CF80DB135460026C4E9A1
:106530000556ECE701207047F8B50746084640F2DB
:10654000FF13154610F8082B0C4612F0020F0CBF73
:106550003F261E4600F0F0F828B925B12E4202D1A0
:106560002378DA0701D50020F8BD38466178FFF7B7
:10657000A5F90028F7D0237813F0010307D04FF0D6
:10658000E023D3F8F03DDB07EDD500BEEBE71A467C
:1065900038466178FFF7B6F90028F0D0F8BD00BFA3
:1065A00070B501F10805064628460C4600F0C4F80F
:1065B00010B12378DA0701D5002070BD304661782C
:1065C000FFF77CF90028F7D028466288616800F060
:1065D00029F92378054603F0010340B173B14FF068
:1065E000E023D3F8F03DDB07E6D500BEE4E7002B5F
:1065F000E2D130466178FFF773F9DDE70346626860
:1066000030466178FFF77EF90028E8D0284670BD53
:106610008A892DE9F0410B780C46064622B9DD0740
:1066200034D50020BDE8F08104F108079907384609
:1066300047BF4FF47E484FF400754FF6C0784025B1
:1066400000F094F88542ECD82378DA07E9D4304694
:106650006178FFF733F90028E3D0384600F086F878
:106660002378854203F001032DD8BBB9658808EA79
:106670000008454528BF454661785DB362682B46F2
:106680003046FFF73FF948B12846CBE74978FFF796
:1066900015F90028C5D02378D80707D54FF0E02397
:1066A000D3F8F03DDB07BCD500BEBAE7638861785C
:1066B0003BB162683046FFF725F90028EED06088CC
:1066C000B0E71A46F6E7002BABD130466178FFF70A
:1066D00007F9A6E72A46D2E72DE9F041B2F5004FC7
:1066E0009DF8188024D80446C06817460E461D46FB
:1066F00018B14FF0FF3111F01BF9206918B14FF0BC
:10670000FF3111F015F90022C5F30E03E06843EAEA
:10671000C83362812660A780E380228108B111F02E
:106720001BF9206908B111F017F90120BDE8F081CB
:106730000020BDE8F08100BF038942899BB292B27C
:106740008088934236BFC2EB40029B1A9B189BB2D3
:10675000984228BF184670470289438990B29BB27D
:10676000C01AB0FA80F04009704700BF038942891F
:106770009BB2808892B2934236BFC2EB40029B1A12
:106780009B189BB2984286BFC01A80B20020704707
:1067900038B5044600690D4618B14FF0FF3111F0CD
:1067A000C7F82189638989B29BB2A288994236BF12
:1067B000C3EB4200C81A401880B250B3824209D2DB
:1067C00091422CBF891A89188BB29A42638103D8EF
:1067D0009B1A9BB29A42FBD9E2882168C2F30E024F
:1067E00002FB031128460EF0E9FB6189012589B2FD
:1067F0004B1C9BB29942A2880ED9002302FA05F1E4
:106800005B1A9BB22069638108B111F0A5F8284694
:1068100038BD054663899BB2B3EB420F4FEA420194
:10682000F0DBEDE72DE9F047064600698846914622
:1068300018B14FF0FF3111F07BF8338974899BB2A6
:10684000A4B2B588A34236BFC4EB45071F1BFF188F
:10685000BFB2002F4AD0BD4240D3B94528BFB94688
:10686000A5421FFA89F703D8641BA4B2A542FBD93D
:10687000B6F806A02B1B31689BB2CAF30E029F42EA
:10688000924602FB041123D913FB02F31FFA83F98A
:106890004A4640467D1B0EF091FB621912FB0AF23C
:1068A000316808EB090092B20EF088FB7289B58856
:1068B00092B2D3199BB29A421AD96A009B1A9BB220
:1068C0003069738108B111F047F83846BDE8F087A8
:1068D000404607FB02F20EF071FBE7E7AB422CBF2C
:1068E0005B1B5B199CB22F467481B6E773899BB220
:1068F000B3EB450F4FEA4502E2DBDFE7F8B50446AC
:10690000C0680E4618B14FF0FF3111F011F825891B
:10691000238961899BB289B2A2888B4236BFC1EBC1
:1069200042015B1A5B189BB29A42ADB208D8E77974
:10693000FF0905D1E06808B111F00EF83846F8BD3E
:10694000954228BF2B4618D39B1A9BB29342FBD289
:10695000E2882068C2F30E0202FB030031460EF00B
:106960002DFB6B1C9BB29D42A28812D900235100C3
:106970005B1A9BB201272381DCE7E2882068C2F31F
:106980000E0205FB020031460EF018FB0135A2880D
:10699000ABB2B3EB420F4FEA4201EBDBE8E700BFDB
:1069A0002DE9F04F174683B0002A75D00646C0681F
:1069B000894618B14FF0FF3110F0BAFFF379B6F8FD
:1069C00008807289DB09B5881FFA88F892B23CD139
:1069D000904536BFC2EB4502A8EB0202424492B298
:1069E000AA425ED2AA1A92B2BA4228BF3A46B6F872
:1069F00006B097B27B1B08EB070ACBF30E0B9BB2DA
:106A00001FFA8AFAA845444603D3641BA4B2AC42D9
:106A1000FBD22D1B3068ADB2BD420BFB040057D337
:106A200049460BFB07F20EF0C9FAB288D0454FEA8F
:106A3000420302D8BAEB420F03DBAAEB03031FFAAF
:106A400083FA3D46A6F808A02CE0B6F806B0AF429F
:106A5000CBF30E0B2FD2904536BFC2EB4501A8EB0E
:106A60000201414489B2680039447B1B81429BB2D8
:106A70000DDB02EB050A1FFA8AFAAAEB07081FFAD8
:106A800088F8424537D9A8EB00001FFA80F807EBD9
:106A9000080A1FFA8AFAB5E71546284603B0BDE88A
:106AA000F08F0025F0680028F7D010F055FF284639
:106AB00003B0BDE8F08F002DF4D07F1B02EB050A78
:106AC0000BFB079990462F4600231FFA8AFA99E795
:106AD00015FB0BF5ADB22A46494601930EF06EFA4E
:106AE000019B3068E21812FB0BF209EB050192B230
:106AF0000EF064FA99E7404584DCC4E710B504461B
:106B0000C06818B14FF0FF3110F012FF206918B1C2
:106B10004FF0FF3110F00CFF0023E0686381238108
:106B200008B110F019FF206908B110F015FF01201D
:106B300010BD00BF38B50446C0680D4618B14FF00F
:106B4000FF3110F0F5FE206918B14FF0FF3110F061
:106B5000EFFEE379E06865F3C713E37108B110F065
:106B6000FBFE206908B110F0F7FE012038BD00BF20
:106B7000F8B504460D46EFF3108772B60C4B9B68D0
:106B800053F82060B14204D00A4B9E420BD2FBF76F
:106B900007FC074B9B6843F82450BFF35F8F87F3D4
:106BA00010883046F8BD044B9E42F2D3EFE700BF99
:106BB00000ED00E0100100101C01001070B5002570
:106BC00001260468002BE5668446616028469DF82E
:106BD00010E0E66616DD5D1E616F1029FCD000B383
:106BE0000021A84204BF8EF0010641EA462141F48B
:106BF00080712161D4F88010616B490605D54FF092
:106C0000FF30636D8CF804E070BDA16F0029F1D0F6
:106C100021690130834202F8011BF3D0DCF8004007
:106C2000DAE79CF804108902DBE700BF2DE9F041A8
:106C300000270124944602680546D7665160D46651
:106C40001C1E38469DF818601EDD297986F0010764
:106C500089027F0204F1FF3E70450CBFB8464FF039
:106C600000081CF8013B0B4343EA08031361536B14
:106C7000D906FCD5D2F8801049B970451CD0013036
:106C800084424FF00001E7D12E71BDE8F0814FF052
:106C90000108536D536B9B05FCD5136EB8F1000FC3
:106CA000EDD069B1CB070BD411F0080F08BF4FF03E
:106CB000FF302E71BDE8F081002EE0D1B046E9E74B
:106CC0004FF0FF30E0E700BFF8B5044605200F465F
:106CD000FBF75CFA00EB570CBCFBF7FC204D0CEB10
:106CE0004C02A5FB02651F49AE088F4200EB400332
:106CF000ACEB95052ED801F1D64101F5A10101F6C5
:106D00002C01A1FB03139B0D013300214F2A98BFD7
:106D100001222468B0FBFCF0E166216804F580578D
:106D200081F0040101F00601396088BF0C49E5617A
:106D300084BFA1FB021292092662C4F8A020224659
:106D4000012152F87C5F6B409BB202F580521360C8
:106D5000E166F8BD0449A1FB0313DB0D0133D4E761
:106D6000CDCCCCCC3F420F00893BE6550E4A30B427
:106D7000904214BF202210220C4D0D4B0D4C2A6066
:106D80001A60A36832EA0303FBD140F265150324BD
:106D900002680371D3661560D3639363C2F88840B9
:106DA00030BCFFF791BF00BF6020002000200240F0
:106DB000003002400000024010B49DF804400194ED
:106DC0005DF8044BFFF732BF10B49DF80440019406
:106DD0005DF8044BFFF7F2BE012307480749084A54
:106DE00003600B609368D907FCD50123054A136043
:106DF0001368DB05FCD570470020024000300240DC
:106E00000000024000000A4010B5044604F12F447F
:106E100004F56004084B240D82B0A40000932246C0
:106E2000E31C0648FAF728F98442CCBF4FF0FF3044
:106E3000001B02B010BD00BFD481011060320020E1
:106E40002DE9F0470F460546FAF7CEF8012297F8EC
:106E500004A097F905C005F12F4EDFF8D4800EF598
:106E6000600E02FA0AF24FEA1E5EBCF1000F58F8FB
:106E70002E6002F1FF32CAF1200435DBA44503DCA9
:106E800002FA0CF3334206D04FF0FF34FAF7BEF8A3
:106E90002046BDE8F087D5F86831F979002B41D15B
:106EA0004B0731D4644602FA0CF2164233D13968EA
:106EB000BAF1000F10D0674601EB4A0A31F8023BE5
:106EC00007F11209B3F5005F38BF6344514507F17C
:106ED000010745F82930F1D1324348F82E20FAF75E
:106EE00095F82046BDE8F087002C02DA13E0013C5B
:106EF00011D302FA04F33342A446F8D1D5F868114D
:106F0000FB7991B95B07CED56FF00A04FAF77EF8EA
:106F10002046BDE8F0876FF00804FAF777F82046BE
:106F2000BDE8F087C907BDD5EEE7D907BBD5EBE7CC
:106F3000782F002010B50446FAF756F8002304F124
:106F40002F42084902F56002120D41F8223003F188
:106F5000120244F822300133202BF8D1BDE8104052
:106F6000FAF754B8782F00202DE9F041D0F86841A5
:106F70009DF81860121B1F2A38D84EF29F044EF25B
:106F800080054FF4003801EB410C002E18BF254658
:106F900000EBCC0404F5435400EBCC0C052BDCF8DF
:106FA000DC704FEA410EDCF8CC60C4F80C800CD9E0
:106FB0005401053B44F0A0540532052BCCF8DC40CD
:106FC00002F01F02CCF8D850F2D8714400EBC10196
:106FD0000020520142EA8363C1F8DC30C1F8D85086
:106FE000C1F8DC70C1F8CC60BDE8F0816FF004003E
:106FF000FAE700BFF0B5012504688D4024EA0504D6
:107000000460B3B3D3E901561F68DC6801EB4103A8
:1070100000EBC303C3F8C8704FEA410CC3F8D0605B
:10702000C3F8CC50C3F8DC400CEB01034FF0013542
:1070300000EBC30C4FF0004600EBC30E01230EF52E
:10704000865E0C1D01F108078D40CEF8106003FA32
:1070500004F4CEF8106002F01F028560BB4000F51A
:10706000005004600EF1100E03600020CCF8D82010
:10707000F0BD4FF480374FF440264FF4F83501EB64
:10708000410400EBC404C4F8C8704FEA410CC4F8D2
:10709000D060C4F8CC50C4F8DC30C5E70146024AE1
:1070A0000248F9F7BDBF00BFF88101106E3900201A
:1070B00010B5054C82B001460F230022009403480E
:1070C000F9F7DAFF02B010BD1C8201106E39002002
:1070D000384B2DE9F047984214BF4FF400234FF48A
:1070E000802307460E46344D344C354A2B602360CE
:1070F000956833EA0505FBD10620FBF747F83946CA
:107100004FF0020A51F804EF4FEAD6594FEA462CE5
:1071100001F5405863464A4654460EEA0A0EC8F83E
:1071200000A008E013EB0C0304F1020442EB090297
:10713000B4F5807F03D0984275EB020AF2D24FF487
:107140008073C4EB042201E0012B30D0B0FBF2FCD1
:1071500066459946A2EB040203F1FF33F4D209FB22
:1071600004F91D023C6102243B4603263A6801F5FE
:1071700000516A4007F5805C02F47F42CCF80020A1
:10718000C1F800E07D68C8F8004053F8242B254082
:1071900082F0070202F0CF0203F50053CCF8002082
:1071A000B0FBF9F00D601E600C60BDE8F087A146F1
:1071B000D8E700BF00000840002002400030024035
:1071C000000002402DE9F04706464FF00209062074
:1071D0000D46FAF7DBFF31464C4651F8047F8646F0
:1071E0004FEAD55C680201F5405A4FF000080346AB
:1071F00062462740CAF8009007E01B1804F1020419
:1072000042EB0C02B4F5807F03D09E4578EB020977
:10721000F3D24FF48073C4EB042201E0012B1AD0A7
:10722000BEFBF2FCAC451846A2EB040203F1FF33AF
:10723000F4D904FB00F01B023461326801F50051FF
:10724000534003F47F4306F580563360BEFBF0F0F5
:107250000F60BDE8F08720460023EDE738B5034610
:1072600006201C691D68FAF791FFC5F3072505FB89
:107270000444B0FBF4F038BD08B50520FAF786FFEA
:10728000014B186008BD00BFF02A002010B504466D
:1072900000F00EF82246FAF77FFE012010BD00BF75
:1072A000024BD3F88800C0F3400070470000104044
:1072B000034B196F0A46586F196F8A42FAD170470B
:1072C0000000104070B51646026C0446856B2AB962
:1072D000066801354EB31046A56370BD8EB940688F
:1072E0000DF06CFE6368216CA2680B4493426360EE
:1072F00028BF236805F1010528BF63600020A5634E
:1073000070BDC0680DF05AFE226CE36851429B1AB2
:107310002268E360934202D2A3680B44E360022E2A
:1073200008D001350020A56370BD806801F020FC05
:10733000A660D1E7012D38BF0125DFE770B5A0B306
:10734000A1FB002305460E467BBB01FB00F010F1BC
:10735000490F2AD8483001F071FE044628B33EB3E5
:1073600000F148032360C4E90F5601F0C1FE002379
:10737000FF20A363216CE36B226801FB03F3591A1E
:10738000626013440A44C4E9023284F8440084F879
:10739000450004F1100002F023F804F1240002F08B
:1073A0001FF801F0B3FE204670BD0024204670BDDA
:1073B0000346D7E72DE9F043044685B01F46019206
:1073C000884601F095FEA26BE36B9A4279D3022FB7
:1073D00077D0002204F12406019B002B00F0D4801A
:1073E000002A00F0CD8001F091FE01F0ABF801F031
:1073F0007FFE94F84430FF2B04BF002384F8443010
:1074000094F84530FF2B04BF002384F8453001F089
:107410007DFE02A801A901F02DFB002840F0BA80F2
:1074200001F066FEA26BE36B9A425CD001F06EFE47
:1074300001F05EFE94F8452055B2002D04DC11E009
:107440006A1ED3B255B26BB1636A5BB1304601F0CC
:107450009DFA0028F4D001F03DFB6A1ED3B255B26C
:10746000002BF1D1FF2384F8453001F04FFE01F0ED
:107470003FFE94F8442055B2002D14DD04F11009AC
:1074800003E06A1ED3B255B26BB123695BB14846C3
:1074900001F07CFA0028F4D001F01CFB6A1ED3B284
:1074A00055B2002BF1D1FF2384F8443001F02EFEB9
:1074B00001F050F801F01CFEA16BE36B0122994230
:1074C0008AD23A4641462046FFF7FCFE636A002B0B
:1074D00040F0A880002840F0A28001F017FE0120B3
:1074E00005B0BDE8F08304F1100901F00FFE484635
:1074F000019901F099F901F0FBFD94F845305DB276
:10750000002D04DC11E06B1EDAB25DB26AB1636A71
:107510005BB1304601F03AFA0028F4D001F0DAFA13
:107520006B1EDAB25DB2002AF1D1FF2384F8453038
:1075300001F0ECFD01F0DCFD94F844305DB2002D6B
:1075400004DC11E06B1EDAB25DB26AB123695BB193
:10755000484601F01BFA0028F4D001F0BBFA6B1E7C
:10756000DAB25DB2002AF1D1FF2384F8443001F091
:10757000CDFD00F0EFFF00289CD101F0ADFD99E7B3
:1075800002A801F06BFA2EE701F0C0FD002005B063
:10759000BDE8F08301F0ACFD94F845305DB2002DFC
:1075A00014DD04F1240603E06B1EDAB25DB26AB1A9
:1075B000636A5BB1304601F0E9F90028F4D001F0CC
:1075C00089FA6B1EDAB25DB2002AF1D1FF2384F88A
:1075D000453001F09BFD01F08BFD94F844305DB225
:1075E000002D14DD04F1100603E06B1EDAB25DB26B
:1075F0006AB123695BB1304601F0C8F90028F4D0C4
:1076000001F068FA6B1EDAB25DB2002AF1D1FF23F5
:1076100084F8443001F07AFD00F09CFFB6E701F0F9
:107620005BFD5AE704F1240001F0B0F900283FF4B3
:1076300054AFF4E738B5482001F000FD044650B3DC
:10764000002501232060C0E90F3501F051FDD4E988
:107650000F31FF2001FB03F32268591A62601344C3
:107660000A44C4E90232A56384F8440084F8450062
:1076700004F1100001F0B4FE04F1240001F0B0FEAA
:1076800001F044FD2B462A4629462046A560256088
:10769000E560FFF78FFE204638BD00BF2DE9F043BF
:1076A000044685B08846019201F022FDA56B002DAD
:1076B00040F01781019B002B00F0C68002A801F06A
:1076C000CDF92F4604F1240601F020FD00F03AFF29
:1076D00001F00EFD94F84430FF2B08BF84F844708D
:1076E00094F84530FF2B08BF84F8457001F00EFD7B
:1076F00001A902A801F0BEF9002854D101F0F8FC5C
:10770000A36B002B40F0A68004F1240901F0FEFCDD
:107710004846019901F088F801F0EAFC94F84530F8
:107720005DB2002D04DC11E06B1EDAB25DB26AB10D
:10773000636A5BB1484601F029F90028F4D001F0F2
:10774000C9F96B1EDAB25DB2002AF1D1FF2384F8C9
:10775000453001F0DBFC01F0CBFC94F844305DB225
:10776000002D14DD04F1100903E06B1EDAB25DB2E6
:107770006AB123695BB1484601F008F90028F4D0EA
:1077800001F0A8F96B1EDAB25DB2002AF1D1FF2335
:1077900084F8443001F0BAFC00F0DCFE00284AD145
:1077A00001F09AFC47E001F0A3FC94F845305DB28B
:1077B000002D04DC11E06B1EDAB25DB26AB1636ABF
:1077C0005BB1304601F0E2F80028F4D001F082F914
:1077D0006B1EDAB25DB2002AF1D1FF2384F8453086
:1077E00001F094FC01F084FC94F844305DB2002D6B
:1077F00014DD04F1100903E06B1EDAB25DB26AB168
:1078000023695BB1484601F0C1F80028F4D001F0CB
:1078100061F96B1EDAB25DB2002AF1D1FF2384F860
:10782000443001F073FC00F095FE01F061FCA36BA5
:1078300053B101F06BFC01F05BFCA56B002D50D146
:10784000019B002B7FF440AF01F060FC002005B0ED
:10785000BDE8F08301F05AFC01F04AFC94F8453091
:107860005DB2002D14DD04F1240903E06B1EDAB2D1
:107870005DB26AB1636A5BB1484601F087F80028DF
:10788000F4D001F027F96B1EDAB25DB2002AF1D113
:10789000FF2384F8453001F039FC01F029FC94F80D
:1078A00044305DB2002D14DD04F1100903E06B1EBD
:1078B000DAB25DB26AB123695BB1484601F066F89D
:1078C0000028F4D001F006F96B1EDAB25DB2002A8E
:1078D000F1D1FF2384F8443001F018FC00F03AFEA7
:1078E000A9E7226C5AB1E168A36811449942E160AA
:1078F00028BF2168404628BFE1600DF05FFB236987
:10790000013DA5632BB901F001FC012005B0BDE8E4
:10791000F08304F1100001F039F80028F3D001F0F1
:10792000DBFBF0E72DE9F043044685B0019101F05F
:10793000DFFBA56B002D40F03B81019B002B00F08D
:10794000818002A801F08AF82F46A84604F1240697
:1079500001F0DCFB00F0F6FD01F0CAFB94F84430C6
:10796000FF2B08BF84F8448094F84530FF2B08BFF4
:1079700084F8458001F0CAFB01A902A801F07AF859
:10798000002862D101F0B4FBA36B002B40F0AC8067
:1079900001F0BCFB2368002B00F0018104F12409F5
:1079A0004846019900F040FF01F0A2FB94F84530F1
:1079B0005DB2002D04DC11E06B1EDAB25DB26AB17B
:1079C000636A5BB1484600F0E1FF0028F4D001F0A3
:1079D00081F86B1EDAB25DB2002AF1D1FF2384F880
:1079E000453001F093FB01F083FB94F844305DB225
:1079F000002D14DD04F1100903E06B1EDAB25DB254
:107A00006AB123695BB1484600F0C0FF0028F4D09A
:107A100001F060F86B1EDAB25DB2002AF1D1FF23EB
:107A200084F8443001F072FB00F094FD002800F06F
:107A3000A58001F05DFBA56B002D40F0B980019B96
:107A4000002B85D101F062FB4AE001F051FB94F874
:107A500045305DB2002D04DC11E06B1EDAB25DB280
:107A60006AB1636A5BB1304600F090FF0028F4D041
:107A700001F030F86B1EDAB25DB2002AF1D1FF23BB
:107A800084F8453001F042FB01F032FB94F84430B9
:107A90005DB2002D14DD04F1100903E06B1EDAB2B3
:107AA0005DB26AB123695BB1484600F06FFF002800
:107AB000F4D001F00FF86B1EDAB25DB2002AF1D1FA
:107AC000FF2384F8443001F021FB00F043FD01F076
:107AD0000FFBA36B002B4ED101F018FB002F50D1F0
:107AE000002005B0BDE8F08301F010FB01F000FBC1
:107AF00094F845305DB2002D14DD04F1240903E053
:107B00006B1EDAB25DB26AB1636A5BB1484600F0DF
:107B10003DFF0028F4D000F0DDFF6B1EDAB25DB24D
:107B2000002AF1D1FF2384F8453001F0EFFA01F08B
:107B3000DFFA94F844305DB2002D14DD04F1100931
:107B400003E06B1EDAB25DB26AB123695BB14846ED
:107B500000F01CFF0028F4D000F0BCFF6B1EDAB26E
:107B60005DB2002AF1D1FF2384F8443001F0CEFA4F
:107B700000F0F0FC5DE701F0C9FA5AE701F0ACFA59
:107B800057E701F0B5FA616A19B1236B1968C1F1C1
:107B90000601A06801F022F801F0B8FAA0E701F0B0
:107BA000A7FAA06800F09CFF074601F0AFFAF5E6DF
:107BB0002368013DA56383B123692BB901F0A6FABF
:107BC000012005B0BDE8F08304F1100000F0DEFEF6
:107BD0000028F3D001F080FAF0E701F03BF8A06054
:107BE000EAE700BF2DE9F043044685B088460192DC
:107BF00001F07EFAA76B002F40F01681019B002B4D
:107C000000F0C58002A800F029FF04F1240601F06D
:107C10007DFA00F097FC01F06BFA94F84430FF2BEA
:107C200008BF84F8447094F84530FF2B08BF84F8EF
:107C3000457001F06BFA01A902A800F01BFF0028B3
:107C400054D101F055FAA36B002B40F0A68004F14B
:107C5000240901F05BFA4846019900F0E5FD01F0C6
:107C600047FA94F845305DB2002D04DC11E06B1E3C
:107C7000DAB25DB26AB1636A5BB1484600F086FE73
:107C80000028F4D000F026FF6B1EDAB25DB2002AA5
:107C9000F1D1FF2384F8453001F038FA01F028FAD9
:107CA00094F844305DB2002D14DD04F1100903E0B6
:107CB0006B1EDAB25DB26AB123695BB1484600F06F
:107CC00065FE0028F4D000F005FF6B1EDAB25DB24D
:107CD000002AF1D1FF2384F8443001F017FA00F0B4
:107CE00039FC00284AD101F0F7F947E001F000FA29
:107CF00094F845305DB2002D04DC11E06B1EDAB261
:107D00005DB26AB1636A5BB1304600F03FFE0028A5
:107D1000F4D000F0DFFE6B1EDAB25DB2002AF1D1C2
:107D2000FF2384F8453001F0F1F901F0E1F994F80E
:107D300044305DB2002D14DD04F1100903E06B1E28
:107D4000DAB25DB26AB123695BB1484600F01EFE4B
:107D50000028F4D000F0BEFE6B1EDAB25DB2002A3D
:107D6000F1D1FF2384F8443001F0D0F900F0F2FBA8
:107D700001F0BEF9A36B53B101F0C8F901F0B8F9F5
:107D8000A36B002B50D1019B002B7FF440AF01F07F
:107D9000BDF9002005B0BDE8F08301F0B7F901F0AE
:107DA000A7F994F845305DB2002D14DD04F12409E3
:107DB00003E06B1EDAB25DB26AB1636A5BB148463A
:107DC00000F0E4FD0028F4D000F084FE6B1EDAB26F
:107DD0005DB2002AF1D1FF2384F8453001F096F915
:107DE00001F086F994F844305DB2002D14DD04F101
:107DF000100903E06B1EDAB25DB26AB123695BB1B0
:107E0000484600F0C3FD0028F4D000F063FE6B1E6E
:107E1000DAB25DB2002AF1D1FF2384F8443001F0D8
:107E200075F900F097FBA9E7226CE56852B1A368E9
:107E3000A9189942E16028BF2168404628BFE16047
:107E40000DF0BCF8636AE5602BB901F05FF9012021
:107E500005B0BDE8F08304F1240000F097FD002890
:107E6000F3D001F039F9F0E700296BD0564B5A688E
:107E7000904200F08B801A6810B4002A3BD0DA6878
:107E8000904200F09E809A68002A55D05A6990422C
:107E900000F095801A69002A55D0DA69904200F006
:107EA00082809A69002A54D05A6A904256D01A6A3F
:107EB000002A57D0DA6A904277D09A6A002A56D0C0
:107EC0005A6B904273D01A6B002A55D0DA6B9042ED
:107ED0006FD09A6B002A54D05A6C90426BD01A6CB7
:107EE000002A59D0DA6C904267D09B6C002B58D096
:107EF0005DF8044B7047DA68904262D05A6990424C
:107F00005DD01A46DC69A0424DD05C6AA04225D003
:107F1000DC6AA04249D05C6BA04248D0DC6BA04236
:107F200047D05C6CA04246D0DC6CA04245D0C2E990
:107F300000105DF8044B70475A6990423FD003F13E
:107F40000802DFE77047DA6990422CD003F1100293
:107F5000DBE75A6A904201D01C4AD9E7042203EBBE
:107F6000C202E4E7DA6A90421FD0194AD3E75A6B9B
:107F700090421CD0174AD1E7DA6B904219D0164ACA
:107F8000CFE75A6C904216D0144ACDE7002203EB9B
:107F9000C202C2E900107047DA6C90420DD0104A5C
:107FA000C5E7104AC3E70322D9E70522D7E706222F
:107FB000D5E70722D3E70822D1E70922CFE702223B
:107FC000CDE70122CBE700BF902A0020A82A00209D
:107FD000B02A0020B82A0020C02A0020C82A002089
:107FE000D02A0020D82A002070B505460E46144637
:107FF00001F07EF895F84430FF2B04BF002385F88C
:10800000443095F84530FF2B04BF002385F84530F8
:1080100001F07CF8AB6B002B43D001F069F895F8C8
:1080200045305CB2002C14DD05F1240603E0631E2C
:10803000DAB25CB26AB16B6A5BB1304600F0A6FCA2
:108040000028F4D000F046FD631EDAB25CB2002ACC
:10805000F1D1FF2385F8453001F058F801F048F8D8
:1080600095F844305CB2002C14DD05F1100603E0F5
:10807000631EDAB25CB26AB12B695BB1304600F0C4
:1080800085FC0028F4D000F025FD631EDAB25CB256
:10809000002AF1D1FF2385F84430BDE8704001F09B
:1080A00035B82246314605F1240000F009FCB4E75A
:1080B0002DE9F041044601F01BF8364A364E1368AC
:1080C000013313603368002B34D0344FE36A3A68CD
:1080D0004AB3334D334934480A6804F1040C013281
:1080E0000A6002689A4238BF036003EB830305EB22
:1080F000830041689B00EA58D1F808E0A160C4F809
:108100000CE00132CEF804C0C1F808C06061EA504A
:1081100000F0FCFF3B6823B13268E36AD26A9A42FE
:1081200010D3BDE8F08132681D4DD26A9A4298BFE3
:108130003460CFE734601368012B07D0E36A184D31
:10814000164FC7E7BDE8F04100F0C6BF144D2F46FB
:1081500005F178083846143701F042F94745F9D15E
:10816000DFF86080114F404601F03AF9384601F0DF
:1081700037F90F4801F034F90E4801F031F90E4893
:1081800001F02EF90D4BC3F800800D4B1F60E36A20
:10819000024F9FE7A03800203437002030390020FC
:1081A00048370020AC380020B0380020F0380020DC
:1081B0001C39002048390020343900203C37002089
:1081C00040370020DC38002080B5124D124F134E8E
:1081D000DFF84C8014E000F08BFFFB68DC68201DAA
:1081E00001F026F93368013B33602B68013B2B60BB
:1081F00000F08CFF206B00F02DFF204600F02AFFDE
:108200002B68002BE7D1D8F80030012BF8D900F00B
:1082100063FFF5E7A438002048390020A03800208B
:10822000483700202DE9F04F4C4B83B01D680135D5
:108230001D60002D67D04A490B689D4277D3494E97
:1082400033681868002800F084800020AA4607469A
:108250008146DFF828E1444C019147E05869D3E9B1
:10826000022CC2F808C0CCF8042042688A42026896
:1082700008BFC0F804C0013A5F610260986A70B13B
:10828000D3E9072CC2F808C0CCF804204268AA42FF
:10829000026808BFC0F804C0013A9F620260DA6A4F
:1082A000DEF8000002EB820C04EB8C088242D8F866
:1082B000040054F82C50D0F808B09860C3F80CB003
:1082C000CBF804108160C3F81480284B88BFCEF827
:1082D000002019680135336844F82C50C96A1B68BE
:1082E0008A4288BF49F00109002B30D03368DB682F
:1082F000DB685A68191D924503F11805AED2019941
:1083000048460A6014E0174B194A1868116819604A
:10831000184910600A6801320A601A68126882B946
:108320004FF0FF330E490B600B689D4287D200204F
:10833000114B1B68002B18BF40F0010003B0BDE8D3
:10834000F08F1B680649DB681B680B6074E74846C2
:1083500001994FF0FF330B60EAE700BF5C39002062
:10836000103900203C3700204837002034370020E7
:10837000403700201439002068390020B038002030
:108380002DE9F8439500804628460F46994600F0AF
:1083900055FE002872D00646702000F04FFE0446BD
:1083A000002868D0043D7022002135440BF02AFFDC
:1083B00025F007052663002F3BD03B7884F8343046
:1083C000002B36D07B7884F8353093B3BB7884F8B3
:1083D000363073B3FB7884F8373053B33B7984F885
:1083E000383033B37B7984F8393013B3BB7984F8F0
:1083F0003A30F3B1FB7984F83B30D3B13B7A84F85F
:108400003C30B3B17B7A84F83D3093B1BB7A84F8C9
:108410003E3073B1FB7A84F83F3053B13B7B84F834
:10842000403033B17B7B84F8413013B1BB7B84F89F
:108430004230089F201D052F28BF0527E76267648B
:1084400000F0DAFFC7F1060704F1180000F0D4FFCE
:108450004B4642462846216BA7612461646200F0C6
:1084600077FE099B206003B11C602046FFF720FEC9
:108470000120BDE8F883304600F0ECFD4FF0FF30FE
:10848000BDE8F8832DE9F8434FF4007000F0D6FD05
:1084900088B30646702000F0D1FD044678B300276B
:1084A000DFF89890394670220BF0ACFE06F5FE75A9
:1084B000C4E90C690626201D00F09EFF25F0070583
:1084C00004F1180000F098FF3B46174A216B28463C
:1084D0002461A661646200F03BFE0346DFF8608021
:1084E000236020460127C8F80040FFF7E1FD00F0B7
:1084F00063FDB8420AD00D4B1B68BDE8F8833046D7
:1085000000F0A8FD094B1B68BDE8F88300F0FAFEF7
:108510004FF0FF3400220649064B074804600F6005
:108520001A6000F051FEE6E7C98100106C8E011060
:10853000303900205C3900201039002049444C4576
:1085400008390020024A136801331360704700BFE6
:10855000A83800202DE9F04FDFF86C8183B000F0DF
:10856000C7FDD8F80030013BC8F80030D8F800E06B
:10857000BEF1000F40F081804C4B1B68002B7CD07B
:10858000DFF848C1DCF80030002B00F08B80484B4E
:10859000DFF83C91474E0193DCF80C30DB689A6AB7
:1085A000D3E9070154688160486003F118008442F0
:1085B00008BF51601168C3F828E0013911605A6999
:1085C000D3E90241A1604C6054681D1DAC4208BF54
:1085D00051601168D9F8000001391160DA6A8242ED
:1085E000354802EB820188BFC9F80020006806EB1D
:1085F00081077C68D0F82CA056F82100D4F808B088
:10860000013052459C60C3F80CB0CBF80450A56013
:108610005F6146F8210037D90122019B1A60DCF81E
:108620000030002BB8D1254B1A681268002A34D0CC
:108630001A68234BD26812681A60224D2C689CB1CC
:108640000126019F05E0FFF7EDFD00B13E60013C12
:1086500009D0D8F80030002BF5D02B68013C03F18D
:1086600001032B60F5D12C60019B1B682BB1124BD1
:1086700001241B6800F030FD00E0002400F046FDFE
:10868000204603B0BDE8F08FDCF80030002B83D12A
:108690000A4B1A681268002ACAD14FF0FF32084B01
:1086A0001A60CAE7024B0193C7E700BFA038002059
:1086B0006839002048370020343700203C3700203C
:1086C0001039002018390020A83800201C3900205B
:1086D000B038002008B900F0FFBC194A2DE9F0417C
:1086E00013680446013313601649174B174D184A97
:1086F0000E681768D3F800802868043000F098FEF0
:108700002B68A41929685C600DD23846043100F04A
:1087100077FE104B1A68944238BF1C60FFF71AFFAF
:1087200048B1BDE8F0814046043100F069FEFFF732
:1087300011FF0028F5D1BDE8F04100F0CDBC00BF2D
:10874000A83800205C390020403700203437002052
:108750003C37002010390020014B1868704700BFDB
:108760005C390020054B1B680BB9FFF75BBD044A61
:108770000020136801331360704700BFA838002041
:1087800018390020234B1B681BB10122224B1A60B1
:108790007047214A30B4214C13602068204A00EB16
:1087A000800352F8233081008BBB431E03EB83050B
:1087B00052F825509900B5B9831E03EB830552F892
:1087C000255099007DB9C31E03EB830552F825504F
:1087D000990045B9031F03EB830552F82550990012
:1087E0000DB9431F9900194402EB8100024641680C
:1087F000083249689142416008BFC168094A08BF10
:108800004160C96811602360136830BC704703463B
:10881000E9E700BFA838002068390020B038002000
:1088200048370020343700202DE9F0410C461E4D1A
:108830002968183100F0E4FD1C4B1D491D4A0E68E3
:108840001768D3F800802868043000F0F1FD631C3D
:1088500015D02B68A41929685C600AD23846043107
:1088600000F0CEFD144B1A68944238BF1C60BDE87E
:10887000F0814046BDE8F041043100F0C1BD0F4B2E
:1088800029685A681C688A602E680134286829683B
:108890001C602D68946804300431F460606091605D
:1088A0006B61BDE8F08100BF343700204037002005
:1088B0005C3900203C37002010390020343900207A
:1088C00094462DE9F0412B4C0D4623684168D4F8BD
:1088D0000080D9612768036826688A68D4F800E0B8
:1088E000013318371836C8F8202057608E60224AA6
:1088F000CEF8280021490360214BBCF1000F1AD0AB
:10890000096812681B682068043000F091FD1D4B57
:1089100019685A6801311960216890688A60216875
:10892000C860216804314160216820680431916089
:108930004361BDE8F0810E681768D3F800802068B5
:10894000043000F075FD2368AD1921685D6005D322
:108950004046BDE8F041043100F052BD38460431D4
:1089600000F04EFD084B1A68954238BF1D60BDE807
:10897000F08100BF343700203C3700205C390020F4
:10898000403700203439002010390020F0B4002690
:10899000C368DB689A6AD3E9070181604860506860
:1089A00003F11804A042274808BF51601168056808
:1089B0000139D86A9E621160002D2FD1D3E902419E
:1089C0005A69A1604C6054681E1DB44208BF5160D2
:1089D0001168013911601C4A116881421B4938BF76
:1089E000106000EB800201EB82077D689200D5F8F1
:1089F00008C08C589D60C3F80CC0CCF80460AE6011
:108A00005F61134B01341B688C50DB6A834215D2C3
:108A1000F0BC01230F4A1846136070470E4A1568D0
:108A20005168013515608D68D9611D626C608C607C
:108A30009A62074B1B68DB6A8342E9D3F0BC0020D3
:108A4000704700BFA8380020B03800204837002009
:108A500034370020683900201C390020034A044BB9
:108A600012681B68C0E90023704700BF143900205A
:108A70005C390020F8B50D46044600F039FB2B6840
:108A8000124A581C11681BD0D4E90060DFF840C0BE
:108A9000DCF80070BE4208D0884206D800230124CA
:108AA0002B6000F033FB2046F8BD0F1ABB42F5D90E
:108AB0005B1ADCF80010126803442B60C4E9001252
:108AC000002400F023FB2046F8BD00BF5C390020E5
:108AD000143900200122014B1A60704768390020C8
:108AE000F8B50446C8B11F4DC36A2A68D26A9342DA
:108AF00014D28269002A04DB2A68D26AC2F1060213
:108B00008261194E626903EB830306EB83039A4289
:108B10000CD02B68DB6AE3620120F8BD2B68406C47
:108B2000DB6A98422CBF00200120F8BD271D384683
:108B300000F07EFC2B680D4ADB6A1168E3628B4211
:108B400088BF136003EB8303980006EB8303596827
:108B500032588D680132A160E5606F608F6063619B
:108B60003250D9E73437002048370020B038002091
:108B700058B1F8B5C16A836C426C013B914204461E
:108B8000836400D01BB10020F8BD00207047061D93
:108B9000304600F04DFC636C0E4AC3F10600A06144
:108BA00001201168E3628B4288BF13600A4A03EB1D
:108BB00083034FEA830C02EB83035D6852F80C10C9
:108BC000AF680144A560E7607E60AE60636142F813
:108BD0000C10F8BDB03800204837002060B1426C5E
:108BE000F8B5914238BF1146C36A04468B4202D0A1
:108BF000826C012A01D0F8BD70478269134D002AAA
:108C000003EB83034269C16205EB8303A4BFC1F197
:108C1000060181619A42EED1061D304600F008FC43
:108C20000B4AE36A11688B4288BF136003EB83032E
:108C3000980005EB830359682A588F680132A160B8
:108C4000E7607E608E6063612A50F8BD483700207F
:108C5000B0380020034B186810B1836C0133836473
:108C6000704700BF343700202DE9F04FB74FDFF8D1
:108C7000E4B2DFF8E482B64D87B03B681C68002C94
:108C800040F01D81FFF75EFCFFF766FDDBF800306A
:108C90008146834248D8D8F80030CBF800001A68E3
:108CA000B2FA82F252092868A4EB0901FFF79CF995
:108CB000FFF750FC002800F024810023CDE90233A7
:108CC000CDE904330022286802A9FEF7E7FC00285A
:108CD000D3D0029B0498002BC0F2E980DDF810A0ED
:108CE000DAF814301BB10AF1040000F0A1FBFFF721
:108CF00033FDDBF800300190984243D3DDE90123D6
:108D0000013BCBF80020082BDCD8DFE803F06161E1
:108D1000C0A5C76161C0A50022F001028AF8242025
:108D20005046DAF8203098473B681A68002A00F06D
:108D3000D880DA68D2F80CA014680AF1040630462C
:108D400000F076FB9AF824205107E5D503E0504661
:108D5000DAF820209047DAF81820CAF810A0111984
:108D6000A418CAF80410F2D33146D8F8000000F075
:108D700047FBD5E721F0010189F824104846D9F8CE
:108D8000203098473B681968002900F0B480D96802
:108D9000D1F80C900C6809F10406304600F048FB4D
:108DA00099F824104807E5D503E04846D9F8201083
:108DB0008847D9F81810C9F8109008196418C9F82C
:108DC0000400F2D33146D8F8000000F019FBD5E7D3
:108DD0009AF824000399DAF81840019A0B1940F028
:108DE00001068AF824602CBF012600269342CAF8A7
:108DF0000430CAF810A000F28780511A8C423FD884
:108E0000410712D420F001008AF824005046DAF815
:108E10002030984756E78C4200F2C680DAF82030BE
:108E2000504698473346DAF81840019AE6182CBFA6
:108E300001200020B242A2EB0301CAF80460CAF884
:108E400010A0E8D29A4201D20028E7D038680AF18F
:108E5000040100F0D5FAD9E70399019A9AF8243071
:108E6000881843F0010390428AF82430CAF8181099
:108E7000CAF80400CAF810A04BD800293FF422AF6A
:108E8000D8F800000AF1040100F0BAFA1AE79AF8DB
:108E9000243023F001038AF8243013E79AF82430B1
:108EA0009A0777D523F001038AF824300AE7039B59
:108EB00005999847029B002BFFF604AF0EE7DB688D
:108EC0001C68FFF73FFBFFF747FCDBF800308146EB
:108ED00083423FF629AF8442CBF800001FD900221D
:108EE000E1E6D8F80020CBF800903A60C8F80030EE
:108EF000FFF730FBE1E6D8F80010C8F80030396021
:108F0000FCE600F0E9F8D8E6914202D9002E3FF4E1
:108F100077AF38680AF1040100F072FAD2E6FFF781
:108F200019FB3B68DB68DE68331D1846019300F0CF
:108F30007FFA96F82420530716D422F0010286F80F
:108F400024203046336A9847B7E600BF3837002000
:108F5000603900200C3900204437002081421DD8A0
:108F60003046316A88475446B169A9EB040014EBD6
:108F7000010A2CBF01230023CA45C6F804A03661AC
:108F8000ECD94C4501D9002BEAD00199386800F0A2
:108F900037FAD6E7504600F05DF893E60199D8F825
:108FA000000000F02DFACCE7D8F800000AF1040127
:108FB00000F026FA2AE700BFF0B5174C83B000F0A6
:108FC00097F825687DB100F0A1F8206848B1032426
:108FD0001248002301908022114912480094FFF7A3
:108FE000CFF903B0F0BD104E104F304600F0F8F945
:108FF000384600F0F5F90E4A0E4B176010212A464C
:109000000A201E60FEF79AF920600028DBD00A498A
:10901000FEF72AFFD7E700BF60390020643900203F
:1090200044820110698C0010B4380020C838002038
:1090300044370020383700203C82011010B5044628
:10904000FFF780FA2046F9F71FFC0446FFF782FA83
:10905000204610BD50B110B50446FFF773FA204604
:10906000F9F736FCBDE81040FFF774BA704700BF4F
:10907000002300B583B0019300F044F9019B002B5D
:10908000FCD003B05DF804FB10B500F03BF90446DA
:10909000FFF768FB28B14FF0E0234FF08052C3F890
:1090A000042D2046BDE8104000F038B910B5042268
:1090B0004FF0E024002322610520A361F9F766F850
:1090C0000721044BA3FB00239B09013B6361216142
:1090D00010BD00BFD34D62104FF0E0234FF080521F
:1090E000C3F8042DBFF34F8FBFF36F8F704700BFDE
:1090F00008B500F007F9044A136801331360BFF3A1
:109100004F8FBFF36F8F08BD6C200020044B1A688F
:10911000013A1A60186800B1704700F0FFB800BF4C
:109120006C200020836913F8023C662B00D0704746
:109130004FF0E023D3F8882D42F47002C3F8882D55
:10914000D3F8342F42F04042C3F8342F00F0BCB8BB
:109150002DE9F04F4FF0113E4FF0807440E909E3E4
:109160004FF0073340F8044C164C40F8343C40E9CB
:1091700003424FF005334FF006324FF0123B40E907
:109180000F324FF0033A4FF002394FF001384FF0F1
:1091900010374FF009364FF008354FF004346FF0B8
:1091A000020340E905AB40E9078940E90B6740F855
:1091B000305C40F8404C40F8443C40F8481DBDE865
:1091C000F08F00BF719000104FF0E0234FF07F420E
:1091D000002110B584B00291C3F81C2DD3F81C3DBA
:1091E0001B0E8DF807309DF807309DF807301A06E2
:1091F0000CD5029B013302939DF807305B00DBB274
:109200008DF807309DF807301B06F2D4029B082B1F
:109210003AD0029AC2F10702120202F4E0624FF061
:10922000E023002419490E200A60D3F8202D1849A4
:1092300042F47F02C3F8202DD3F8202D42F07F4264
:10924000C3F8202DC3F81C4DFDF792FC11490F20E7
:10925000FDF78EFC10490B20FDF78AFCFFF726FF77
:109260004FF050420D490E4B0C6012681A7000F01E
:1092700041F8FFF787FA039400F044F8039B002BB2
:10928000FCD0002004B010BD0022C8E788380020C0
:109290002D93001089900010AD9300106C200020D9
:1092A0006820002008B5F7F727FF044B044A034461
:1092B000136000F087F8034B186008BD2C2E0020C7
:1092C0003037002004390020094A1168086806C8B0
:1092D00081F30B88022181F31488203080F3098800
:1092E000BFF36F8F4FF0000080F31188104700002C
:1092F0003437002062B661B6BFF34F8FBFF36F8F74
:1093000066DF00BFEFF311804FF0100181F3118889
:10931000BFF34F8FBFF36F8F704700BF80F311888B
:10932000BFF34F8FBFF36F8F704700BFEFF309811B
:109330001EF0100F08BF21ED108AEFF30B82734669
:1093400021E9FC0F55FC084457FC096459FC0A84C8
:1093500001E9F003144A136819604FF0100181F31A
:109360001188BFF34F8FBFF36F8FFFF70BFA4FF0EA
:10937000000080F311880C4A116808681838B0E8BA
:10938000F00345EC004447EC016449EC0284B0E88A
:10939000FC0F13F0100F08BFB0EC108A82F30B889B
:1093A00080F3098818470000343700201EF0040FAE
:1093B0000CBFEFF30880EFF3098001490847000074
:1093C0002591001010B51820FFF738FE044620B193
:1093D000002340F8043B00F003F8204610BD00BF16
:1093E0004FF0FF31002200F10803C0E90131C0E96C
:1093F00003330260704700BF00230361704700BF62
:1094000030B40D686B1C10D000F108031C465B687B
:109410001A68AA42FAD902684B60013299608C60DE
:109420006160086130BC0260704704696368F2E7FC
:109430000346026910B45468406899689C42816090
:10944000486008BF5160002110685DF8044B013886
:1094500019611060704700BF00283BD038B5044642
:1094600000681D2800D938BD0421F7F701FDD4EDAF
:10947000047ADFED196AF8EE677AB3EE007A77EED8
:10948000A67A67EE877A0020FCEEE77A2168A58944
:109490004A081F298ABF02F0030202F007020832BD
:1094A00002EB82039B0001F00101C4E9012103F1F9
:1094B000804202F5282108608860C8600D61C1ED16
:1094C000017A08600B6802F52922DB4303F00103EF
:1094D000136038BD704700BF0000003DD0B1426846
:1094E00010B4C4680C4B02EB820280689200A14267
:1094F00028BF2146134450B94FF6FF701A6803F590
:1095000080534A4002405DF8044B1A60704703489C
:109510000904F3E7704700BF0C800A400000FFFF1A
:109520002DE9F04784460C4600252CF00F0864B264
:1095300044EA0808384F394E4FFA88F884B048F0AA
:10954000080A39780DF10F02012330685FFA8AFAB0
:10955000009544EA0C148DF80FA0FDF72DFC4FF494
:1095600016700021F8F770FB00950DF10F02012332
:109570003978306848F00C088DF80F80FDF71CFC36
:109580004FF416700021F8F75FFB00950DF10F0204
:1095900001233978306864B28DF80FA0FDF70CFC18
:1095A0004FF416700021F8F74FFB44F008090095BE
:1095B0000DF10F02012339785FFA89F930688DF8CF
:1095C0000F90FDF7F9FB4FF416700021F8F73CFB04
:1095D00000950DF10F0201233978306844F00C0436
:1095E0008DF80F40FDF7E8FB4FF416700021F8F7F7
:1095F0002BFB3978306801230DF10F0200958DF8AF
:109600000F90FDF7D9FB4FF41670002104B0BDE8B0
:10961000F047F8F719BB00BF74390020E03600208E
:1096200000210120FFF77CBF10B5844684B08E4630
:10963000084B04AC0FCB04E90F00002104EB8C0CA9
:109640005CF8100C80307044C0B204B0BDE810402B
:10965000FFF766BF708E011010B50446007830B178
:109660000121FFF75DFF14F8010F0028F8D110BDAC
:1096700038B50A460546134B134C002103201A70D7
:109680002560FFF74DFF00210320FFF749FF002170
:109690000320FFF745FF00210220FFF741FF0021D3
:1096A0000620FFF73DFF00212820FFF739FF0021AA
:1096B0000C20FFF735FFBDE8384000210120FFF7FF
:1096C0002FBF00BF74390020E0360020034670B57C
:1096D0000846C3E900120C461546F7F729FC4FF07F
:1096E000010343EC44404FF0000646EC404028465E
:1096F000F7F71EFC46EC445070BD00BF00000000B0
:1097000070B503680126054646EC40300A2000216A
:10971000F8F79AFA4FF000022B6842EC40302C4CDC
:109720006B68A16A4FF0504C01F5EA4106FA03F369
:10973000303102E0A26A914203D9DCF804201A42D7
:10974000F8D04FF050446268134238D02048856A00
:10975000816A01F5EA41303102E0826A914202D920
:1097600062681342F9D14FF050425268134226D139
:10977000174B986A401BF8F7E1FF13A3D3E90023C6
:10978000F8F748FF0022134BF8F744FFF8F7B6FF4D
:10979000F0EE007A07EE100AB4EEE77AF1EE10FA76
:1097A0000DDB06EE900A9FED0C7AF4EEC76AFFEE31
:1097B000007AF1EE10FA88BF17EE900A70BD0748E4
:1097C00070BD00BFAFF30080006F8104C58FA13F63
:1097D00000000B400000E03F0000C843000080BFD5
:1097E0000123F0B5002687B00F460DF10F02682166
:1097F000009305468DF80F60FDF7DEFA012802D0D0
:10980000002007B0F0BD04460723284668210096D3
:1098100004AAFDF7D9FA0728F2D120469DF81020B6
:109820009DF81130C2F3021101EB810102F00F0229
:109830009DF8125002EB410262F307061A0902EB8F
:109840008202C5F3011C03F00F039DF8134003EBE4
:1098500042030CEB8C0C05F00F0505EB4C0563F394
:109860000F2665F3174625099DF8141005EB8505AD
:1098700004F00F0404EB450464F31F660C099DF823
:10988000152004EB840401F00F0101EB44019DF865
:1098900016303971C2F3001101EB810102F00F02A1
:1098A00002EB4102190901EB810103F00F0303EB05
:1098B00041033E607A71BB7107B0F0BD0023836144
:1098C000C361036243628362704700BF05EE901A72
:1098D000F6EE003A06EE102A90ED015A75EEC65AE1
:1098E00007EE103A90ED074A25EE235AD0ED066AAE
:1098F00035EE844A25EE075AD0ED054AE5EE046AB6
:10990000F4EEE46AD0ED007AF1EE10FA65EEA77A93
:10991000C0ED066A37DDC0ED064AF0EE646A90EDF0
:10992000033AF0EE003A77EEA67AF0EE476AD0ED11
:10993000082A90ED025A90ED094AD3EE236A35EEDB
:10994000055A36EE444A66EEA26AE5EE046AA3EED4
:10995000237AF1EE666A86EE875A77EE857AF4EE20
:10996000E74AF1EE10FA80ED085AC0ED0A7A16D5F2
:10997000F0EE647AC0ED0A4AC0ED075A80ED096A3C
:1099800017EE900A704790ED045AF4EEC56AF1EEB6
:1099900010FA44BF80ED065AF0EE456ABFE790ED3D
:1099A000047AF4EEC77AF1EE10FA44BFF0EE477A8B
:1099B00080ED0A7AC0ED075A80ED096A17EE900A29
:1099C000704700BF10B50468844694F900302078D1
:1099D000002B03DB0134CCF8004010BD00F0E003A5
:1099E000C02B49D000F0F003E02B40D000F0F8038A
:1099F000F02B46D14FF0030E00F00703627802F01F
:109A0000C00180293DD1A17802F03F0242EA8312D1
:109A100001F0C003802B34D101F03F01BEF1020FF1
:109A200041EA82103DD0E278043402F0C00180297E
:109A300027D102F03F0242EA8010204AA0F18001C3
:109A400091421ED8A0F55842B2F5006F19D3B0F577
:109A5000803FC0D31A4AA0F5803102EA8112C0F3D8
:109A60000900024342F0584040F45C40B3E74FF035
:109A7000020E00F00F03C1E7627802F0C003802BF2
:109A800002D04FF0FF3010BD00F01F0302F03F0284
:109A900042EA8310094BA0F180029A42F1D80234C5
:109AA00099E7064BA0F180029A42EAD8A0F5584304
:109AB000B3F5006FE5D303348DE700BF7FFF1000DF
:109AC0000000FF032DE9F04FAC4B02681E688E4684
:109AD000B24289B000F0AC80D3F810C0624500F00B
:109AE000B380D3F82080424500F0BA80D3F830909C
:109AF0004A4500F0C180D3F840A0524500F0C8802C
:109B0000D3F850B05A4500F0CF801D6EAA4200F045
:109B1000D7801F6FBA4200F0DF80D3F880108A42EE
:109B2000009100F0E580D3F890108A42019100F096
:109B3000ED80D3F8A0108A42029100F0F580D3F8AE
:109B4000B0108A42039100F0FD80D3F8C0108A4221
:109B5000049100F00581D3F8D0108A42059100F0FD
:109B60000F81D3F8E0108A42069100F01781D3F8F4
:109B7000F0109142079141D0002E00F01E81BCF1FF
:109B8000000F00F01981B8F1000F00F03081B9F139
:109B9000000F00F03081BAF1000F00F02A81BBF114
:109BA000000F00F02C81002D00F02781002F00F025
:109BB00028810099002900F026810199002900F0F0
:109BC00014810299002900F020810399002900F0F6
:109BD0001E810499002900F01E810599002900F0DA
:109BE00018810699002900F0188107990F2600298D
:109BF00000F0E380002009B0BDE8F08FD3F8F41046
:109C00008468A142B8D1D3F8F810046BA14208BF10
:109C10000F26B1D103EB0612BEF1010FD1684FEA56
:109C2000061040F0E0800029E4D14FF48071D4E0C8
:109C30005C6881688C427FF44FAF9C68016B8C42FA
:109C40007FF44AAF0026E5E75C6981688C427FF4C7
:109C500048AF9C69016B8C427FF443AF0126D9E782
:109C60005C6A81688C427FF441AF9C6A016B8C42D4
:109C70007FF43CAF0226CDE75C6B81688C427FF4B9
:109C80003AAF9C6B016B8C427FF435AF0326C1E782
:109C90005C6C81688C427FF433AF9C6C016B8C42AE
:109CA0007FF42EAF0426B5E75C6D81688C427FF4AB
:109CB0002CAF9C6D016B8C427FF427AF0526A9E782
:109CC0005C6E81688C427FF424AF9C6E016B8C4289
:109CD0007FF41FAF06269DE75C6F81688C427FF49E
:109CE0001CAF9C6F016B8C427FF417AF072691E786
:109CF000D3F8844081688C427FF415AFD3F8884054
:109D0000016B8C427FF40FAF082683E7D3F89410E1
:109D10008468A1427FF40DAFD3F89810046BA14280
:109D20007FF407AF092675E7D3F8A4108468A14231
:109D30007FF405AFD3F8A810046BA1427FF4FFAE07
:109D40000A2667E7D3F8B4108468A1427FF4FDAE19
:109D5000D3F8B810046BA1427FF4F7AE0B2659E795
:109D6000D3F8C4108468A1427FF4F5AED3F8C810CC
:109D7000046BA1427FF4EFAE0C264BE700280020D5
:109D8000D3F8D4108468A1427FF4EBAED3F8D81096
:109D9000046BA1427FF4E5AE0D263BE7D3F8E41057
:109DA0008468A1427FF4E3AED3F8E810046BA142CB
:109DB0007FF4DDAE0E262DE701260024BEF1010F53
:109DC0000CBF4FF4807101218768056B03EB06100F
:109DD000C0E90175C46030011A500344701CD96099
:109DE00009B0BDE8F08F0131F7E70926E5E7022663
:109DF000E3E70426E1E70326DFE70626DDE705269D
:109E0000DBE70726D9E70826D7E70A26D5E70B269A
:109E1000D3E70D26D1E70C26CFE70E26CDE700BF0E
:109E20002DE9F047037980460D4682B0002B71D1B1
:109E300000F1680AD8F82C30A91E023B99424AD298
:109E4000D8E91442B8F80A30E3FB014291464FF4D6
:109E5000007200215046C8E918490AF0D3F9B8F851
:109E60000A305A02B2F5004F154628BF4FF400459C
:109E7000B2F5007F04D833E06D08B5F5007F2DD929
:109E8000284605F0B1F807460028F5D02A460021FB
:109E90000AF0B8F9B8F80A606D0A8EB1002604E03D
:109EA000B8F80A302E449E420AD2321998F80100BE
:109EB00049F100033946009505F000FA0028EFD07B
:109EC000384605F093F8B8F80A30F01A18BF0120A8
:109ED00002B0BDE8F0870024A146B8E7B8F80A3020
:109EE0001E46002BF1D00026012506E0013406F1C4
:109EF000010649F100099E42E7D24B4698F801005D
:109F000022465146009505F0D9F9B8F80A300028E4
:109F1000ECD0DAE70124D8E9182300F1680A5146A9
:109F20004078009405F0CAF910BBD8F86010D8F852
:109F30004030D8F86460D8F8442088F80400D8F895
:109F40003000CB1A66EB0202834272F10002BFF4CA
:109F500071AF98F80330022B7FF46CAF0A180094AD
:109F6000514698F8010046F1000305F0A7F961E7B2
:109F7000204602B0BDE8F0870022436B10B48B602E
:109F8000846BC36BC1E9044390F821305DF8044B46
:109F900003F00203CA61CB71704700BF2DE9F041A5
:109FA00015461E46D0E91823B34208BFAA4282B024
:109FB00003D1002002B0BDE8F0810179044699B9CF
:109FC00000F168080127607841462A463346009729
:109FD00005F040F918B14FF0FF3538462E46C4E978
:109FE000185602B0BDE8F081012700F1680841462B
:109FF0004078009705F062F9C8B9216E236CD4F857
:10A0000064C0626C2071206BCB1A6CEB020283423D
:10A0100072F10002D6D2E378022BD3D10A1800974E
:10A02000414660784CF1000305F048F9CAE738462C
:10A03000C0E700BF2DE9F0470025C36A8E1E023B32
:10A04000B34298BF2E464FF0010907469046B246EC
:10A05000344605E0EBBB0135A84540D0B6B31C46FD
:10A06000D7E91613220B521843F100033846FFF7C5
:10A0700095FFC8BBC4F3C800F96A04F007033A1897
:10A0800009FA03F392F868C00239DBB20134A14245
:10A090004FEA430203EA0C03DCD9013583B9454595
:10A0A0001DD0A64211D012F0FF03EFD10130B0F560
:10A0B000007F07EB0002D3D2012392F868C0E5E7E6
:10A0C000A642A2464FF00005EDD100263046BDE87D
:10A0D000F087002EFAD00025AA462C46C0E70AF1E8
:10A0E00002063046BDE8F0874FF0FF36EEE700BFCE
:10A0F0002DE9F04706780446022E0D46174630D06B
:10A1000011D8012E46D1016C05EB5508436C4FEA7E
:10A110005822521843F10003FFF740FF00283CD0BB
:10A120000120BDE8F087033E012E33D8036CCA0935
:10A13000D218436C43F10003FFF730FF0028EFD142
:10A140002378AD0005F4FE75042B25441FBFAB6ECC
:10A1500027F0704703F070431F430123AF6623715C
:10A1600015E0036C0A0AD218436C43F10003FFF7B1
:10A1700015FF0028D4D16D0004F1680305F4FF75C4
:10A180005F555A190123C7F3072757702371002021
:10A19000BDE8F0870220BDE8F08708F10109EB0770
:10A1A000C8F3080804F1680AF9B24FEA592218D531
:10A1B0001AF80830204603F00F0343EA01130AF8A7
:10A1C0000830236C2671D218636C43F10003FFF74B
:10A1D000E5FE0028A4D1C9F308025244C7F30713CF
:10A1E00017E00AF80810236C2046D218636C267119
:10A1F00043F10003FFF7D2FE002891D1C9F308090B
:10A200001AF80930C7F3032723F00F030AEB0902FA
:10A210003B43012113702171B9E700BF01290FD918
:10A22000F8B505680C46EB6A8B4201D80120F8BDF1
:10A230002B78013B032BF9D8DFE803F044332104EA
:10A2400001207047D0E9043253EA0206C17948D0B0
:10A250008668002E45D00229A4EB060676D1013B84
:10A2600042F1FF31580A40EAC15000236A89490A85
:10A270000DF06EFB8642D9D86ED0601CF8BDE209A5
:10A28000D5E91013521843F100032846FFF786FE64
:10A2900020BBA30003F4FE732B44986E20F07040A3
:10A2A000F8BD220AD5E91013521843F100032846DD
:10A2B000FFF774FE90B9630003F4FF732B44B3F807
:10A2C0006800F8BD2B6C01EB5106720AD2186B6C5A
:10A2D000284643F10003FFF761FEC8B14FF0FF309D
:10A2E000F8BD0029A2D1C369B3BBD5E91013E209B7
:10A2F000521843F100032846FFF750FE0028EDD125
:10A30000A30003F4FE731D44A86E20F00040F8BDC6
:10A31000771C7A0AD5E91013C6F3080652182E44A2
:10A3200043F10003284696F86860FFF737FE0028DF
:10A33000D4D1C7F308072F4497F8683046EA0320C2
:10A34000E3074CBF0009C0F30B00F8BD0329CAD1D5
:10A350008369B34291D8C6E76FF00040F8BD00BFF3
:10A36000F8B50568066B2B782036042B14BF4FF424
:10A3700000134FF080539E42044605D30022002371
:10A38000C4E90E230420F8BDD0E90E3253EA0201DD
:10A39000F8D0C6F3080707BB0133416B42F1000256
:10A3A0008363C263F9B16B89013B13EA562314D16D
:10A3B000FFF734FF01281DD9431C19D0EB6A9842DE
:10A3C000DCD2023B60630238984215D2D5E91432E0
:10A3D0006989E1FB0032C4E90E3268353D44002052
:10A3E00026632564F8BD2B89B3EB561FF5D8C5E766
:10A3F0000120F8BD0220F8BD3B463A46EBE700BF1E
:10A40000F0B50379044683B063B92378032B2ED0CB
:10A4100000226078114604F085FF003818BF012043
:10A4200003B0F0BD0125D0E9182300F168063146DC
:10A430004078009504F042FF002842D1226E236C40
:10A44000676E216B2071606CD31A67EB00008B4242
:10A4500070F10000D9D2E378022BD6D152180095C2
:10A460003146607847F1000304F028FFCDE76579B5
:10A47000012DCDD104F168034FF40072002118467C
:10A4800009F0C0FE4AF6552203460F480095A06623
:10A4900060691946A4F86622C4F85402D4E90E2370
:10A4A000A0690132094D43F10003C4E91823C4F83F
:10A4B0005002C4F84C52607804F000FF002363712E
:10A4C000A6E7284603B0F0BD525261417272416165
:10A4D0002DE9704300214FF0FF384FF0FF39B3F101
:10A4E000FF3F08BFB2F1FF3F82B00446C0E91889C0
:10A4F000017121D14AF65523B4F866529D422BD002
:10A5000094F86830EB2B07D01833DBB2012B03D95A
:10A51000032002B0BDE87083B4F873305A1E1A42AB
:10A52000F6D1B3F5007FF3D194F87530002BEFD05E
:10A530005A1E1A42ECD13EE001210091407804F10C
:10A54000680116461D4604F085FEC0B10420C4E92A
:10A55000188902B0BDE870830B22284904F1680015
:10A5600009F0A4FD70B194F86830EB2B0CD01833CF
:10A57000DBB2012B08D9022002B0BDE87083C4E928
:10A580001865B7E70120C4E708221D4904F1BA00A5
:10A5900009F08CFD0028BCD0B4F873305A1E1A4262
:10A5A000E9D1B3F5007FE6D194F87530002BE2D005
:10A5B0005A1E1A42DFD1B4F8763023B194F87830BD
:10A5C000013B012B06D94AF6552085420CBF0220DB
:10A5D00003209EE7B4F87930002BF4D0B4F87B3038
:10A5E0007F2B04D8D4F88830B3F5803FEBD3B4F890
:10A5F0007E30002BE7D000208BE700BF4C8201109B
:10A60000588201102DE9F84F002304680B60002CDC
:10A6100000F04281264602E03A2B00F0358116F820
:10A62000013B1F2BF8D8A94B1B78A94850F82340B1
:10A63000002C00F046810C60237802F0FE055BB12F
:10A64000607804F0DDFDC60706D415B1410700F1BE
:10A6500035810020BDE8F88F00236078237004F076
:10A66000DBFDC20700F11B8115B1430700F1268114
:10A67000002200232046FFF72BFF022800F0EC8089
:10A68000042800F05481012800F2FB80D4E918531B
:10A69000012800F00781B4F87320B2F5007F40F084
:10A6A000F080B4F87E00002800F00D8194F8781056
:10A6B00020634A1E012AE17000F2E38094F87520BD
:10A6C0006281002A00F0DD80561E164240F0D980DB
:10A6D000B4F879703E07278140F0D380B4F87BC08E
:10A6E000BCF1000F01D1D4F888C0B4F87660002E18
:10A6F00000F0C78000FB01F106EB171E8E44F44505
:10A70000C0F0BF80ACEB0E0C9445BCFBF2F8C0F07F
:10A71000B880704A904500F2B4804FF6F57A1EEB8F
:10A72000050E43F10009761943F1000CD04508F1FC
:10A73000020200F22B8240F6F57AD04500F27A82CE
:10A74000C4E90E53C4E914E9C4E9106CE262002FB5
:10A7500000F0978002F0010303F2FF1302EB4202C4
:10A760008E1903EB52034CF10001B0EB532FA6649A
:10A77000E164C0F086804FF0FF3380210122C4E9FC
:10A78000053361710021544822700288534B013215
:10A7900092B20280E2801A68E16194421A6908BFAD
:10A7A0001960944204BF00221A611A6A944204BFDD
:10A7B00000221A621A6B944204BF00221A631A6CB8
:10A7C000944204BF00221A641A6D944204BF00220E
:10A7D0001A651A6E944204BF00221A661A6F9442D8
:10A7E00004BF00221A67D3F88020944204BF0022DD
:10A7F000C3F88020D3F89020944204BF0022C3F80D
:10A800009020D3F8A020944204BF0022C3F8A020D7
:10A81000D3F8B020944204BF0022C3F8B020D3F88C
:10A82000C020944204BF0022C3F8C020D3F8D02037
:10A83000944204BF0022C3F8D020D3F8E020944211
:10A8400004BF0022C3F8E020D3F8F020944204BFF4
:10A850000022C3F8F020FCE694F82A32EE2B00F038
:10A86000DD80D4F82E22D4F83E52D4F84E72D4F8BB
:10A870005E62002A34D1002D3BD1002F43D1002E3F
:10A880004BD10D20BDE8F88F2378303BDDB2092D88
:10A8900002D80234A6424CD00B20BDE8F88F03202A
:10A8A000BDE8F88F0B2204F1720101E0402A44D088
:10A8B00011F8010F01320028F8D0E2E70A20BDE8C4
:10A8C000F88F0C20DEE7D4F88C00EFE6703900201A
:10A8D000E02A0020F5FFFF0F6C390020002800203F
:10A8E00000232046FFF7F4FD01287FF6CFAE002DB0
:10A8F000C3D02A4600232046FFF7EAFD01287FF651
:10A90000C5AE002FBBD03A4600232046FFF7E0FD3E
:10A9100001287FF6BBAE002EB3D03246002320467E
:10A92000FFF7D6FD01287FF6B1AE0428A9D101209A
:10A93000A8E7032BB0DC066077E6B4F8D020B2F5C8
:10A94000807F9ED194F8D420092A9AD1D4F8BC20D3
:10A95000D4F8B070226394F8D620D4F8B460012AF9
:10A96000E2708ED194F8D5108A4091B261810029AD
:10A9700087D0D4F8C410DFF84CC3614581D892B2B7
:10A9800001FB02F20231E162D4F8C010D4F8B8C081
:10A99000491943F1000E1CEB050CC4F840C043F10B
:10A9A000000C5218C4F854E04EF1000EEF19C4E93F
:10A9B0000E5343EB0603974273EB0E032165C4F875
:10A9C00044C0FFF45EAF05460646D4F8C830C4E97B
:10A9D0001230C5B96089B0427FF653AFA16CE36A0B
:10A9E0000239023B99422BBF2A46D4E914232B4655
:10A9F000E0FB0123B218204643F10003FFF7CEFA33
:10AA00000136002893D1631993F8682005F12003DB
:10AA1000812A00F0DE80C3F30805DAE70122002373
:10AA20002046FFF7BBFA002881D104F168080C2208
:10AA30004046A04909F03AFB00287FF422AF636F3B
:10AA4000A3F15C02B2F5D27F3FF61BAF6FF0770740
:10AA5000234445464FF0FF3C974903F168063F1BEE
:10AA60004DE02B7803F001028CEA020CC3F3400A9C
:10AA7000C3F38012C3F38009C3F3C00EC3F3001BFA
:10AA8000C3F34010DB098AEA5C0A4CF3000C0CEAC1
:10AA9000010C8CEA0A0C89EA5C094AF3000C0CEA06
:10AAA000010C89EA0C0C8EEA5C0E49F3000C0CEAEE
:10AAB000010C8EEA0C0C4EF3000E8BEA5C0C0EEAD5
:10AAC000010E8CEA0E0E4CF3000C80EA5E000CEADC
:10AAD000010C80EA0C0C40F3000082EA5C020840A2
:10AAE000504042F3000283EA50030A405A400135C5
:10AAF00043F300030B40B54283EA520C0AD07B19A2
:10AB0000032BAED8002318469B469E4699469A468C
:10AB10001A46B8E76FEA0C0CA36F9C457FF4B1AE00
:10AB2000D4F8BC30802B7FF4ACAED4F8B870802F52
:10AB30003FF6A7AED4F8B060D4F8B490002F3FF43D
:10AB4000A0AE0025FF0103E08035BD423FF499AE81
:10AB50006A0A921949F100032046FFF71FFA0028FC
:10AB60007FF4E5AE05F4C07AC24410225046534942
:10AB700009F09CFA0028E7D12046DAF82020DAF81C
:10AB80002430FFF7A5FC0128DED87FE5B4F8921049
:10AB9000C4E9106C3943C4E914E9C4E90E53E26214
:10ABA0007FF46FAE9200E16402F2FF12D4F89410C9
:10ABB000B0EB522FA164FFF464AE4FF0FF3280205F
:10ABC000B4F89810C4E905220129607150D003221D
:10ABD000D8E504F1680635446D69012D7FF651AE64
:10ABE000E36AAB427FF64DAE6389AA1E02FB03F314
:10ABF000226D9B18A365636D43F10003E36502E0DA
:10AC00009D427FF43EAED4E91013EA09521843F195
:10AC100000032046FFF7C2F905F07F030135002845
:10AC20007FF485AE56F823305F1CE9D10422C4E9D5
:10AC30000533A7E5C4E90E53C4E914E9C4E9106C6F
:10AC4000E262002F3FF41DAE53008E1903F2FF1392
:10AC50004CF10002B0EB532FC4E91262FFF411AEC5
:10AC60004FF0FF3380210222C4E90533617189E589
:10AC70006A1C43F100032046FFF790F90028A6D193
:10AC80004AF65522B4F86612607191429FD1A26EC5
:10AC90000B4B9A429BD103F1FF53D4F84C2203F59E
:10ACA000005320339A4292D1D4E99423C4E9053267
:10ACB0008DE700BF208F01102083B8ED108F0110A9
:10ACC00052526141FDFFFF7F2DE9F047D0E90E8729
:10ACD000056804462A6E6B6E2E699F4208BF904538
:10ACE00082B040F08A80236C1A78852A03D0022033
:10ACF00002B0BDE8F0876FF05F01D3F800C05F6875
:10AD00009D68D868C6F800C072787760B560F0605A
:10AD100001329D69D3F810C05F69D86901EB421315
:10AD2000B3F5007FB561C6F810C07761F0614FEAF6
:10AD30004215DCD82046FFF713FB0428D7D00028A3
:10AD4000D6D1D4E90E232068FFF728F9002867D16F
:10AD5000236C1A78C02ACAD1D3F800C05F689868FB
:10AD6000D968C6F820C096F82320F16252492C32E7
:10AD7000A1FB02127762B062D3F810C05F699869D4
:10AD8000D969D208B5EB421FC6F830C07763B0630B
:10AD9000F163ACD306F14007354428E00028A7D181
:10ADA000D4E90E232068FFF7F9F8C8BB236C1A78A2
:10ADB000C12A9CD1D3F800E0D3F804C09968DA68BE
:10ADC000C7F800E0C7F804C0B960FA60D3F810E033
:10ADD000D3F814C09969DA69203747F810EC47F8BE
:10ADE0000CCC47F8081C47F8042CBD4245D020463F
:10ADF000FFF7B6FA0428D1D179E72979A9B905F185
:10AE00006809012368784946009342463B4604F0AE
:10AE100021FA38B14FF0FF324FF0FF33C5E9182364
:10AE2000012065E7C5E918875DE74FF0010A05F1E4
:10AE3000680968784946CDF800A004F03FFA002878
:10AE4000EED1296E2B6C6A6CD5F830C02871686E13
:10AE5000CB1A60EB0202634572F10002D1D2EB78AB
:10AE6000022BCED111EB0C0240F100034946687869
:10AE7000CDF800A004F022FAC3E703461A46707822
:10AE800001304001D903022A41EA530104D10522CD
:10AE9000337913FA81F18BB2B45CD90341EA5303DD
:10AEA000013214FA83F390429BB2EBD87088C01A37
:10AEB00018BF012040001BE7898888882DE9F04FE2
:10AEC000D0E90E5755EA07030446066885B04AD014
:10AED0004FF0FF0B4FF0010AD84606F16809D6E99A
:10AEE0001823BB4208BFAA421CD03179002940F088
:10AEF0008C8070782A463B464946CDF800A004F085
:10AF0000A9F968B14FF0FF324FF0FF33C6E91823BB
:10AF1000012000220023C4E90E2305B0BDE8F08F14
:10AF2000C6E91857216C0A78EAB13378042B3CD073
:10AF3000CB7AE52A03F03F03A37106D02E2A04D072
:10AF400023F02000082840F087804FF0FF08236B93
:10AF5000226820331178042914BF4FF400114FF0F8
:10AF600080518B4201D30420D3E7D4E90E5755EA30
:10AF70000701F8D0C3F3080121B168320A44236302
:10AF80002264ACE70135616B47F10007C4E90E5755
:10AF9000D1B91189B1EB531FE5D96832236355EA62
:10AFA000070322649BD10020B7E7852A236BCFD10A
:10AFB00020462365FFF788FE0028AAD133691B7954
:10AFC00003F03F03A371EEE75089013810EA5320E4
:10AFD000E3D12046CDE90223FFF720F9012840F212
:10AFE000BB80431C94D0029AD16A8842BBD20239FA
:10AFF000606302388842039B44D2D2E914575189D6
:10B00000E1FB0057C4E90E57C7E770784946CDF811
:10B0100000A004F053F900287FF47AAF316E336C4E
:10B02000726CD6F830C03071706ECB1A60EB0202D1
:10B03000634572F10002BFF45CAFF378022B7FF43A
:10B0400058AF11EB0C0240F1000349467078CDF87F
:10B0500000A004F033F94CE70F2B40F004815006B8
:10B06000236B0AD591F80DB002F0BF0823654A7B27
:10B070005A450FD04FF0FF086AE74245F7D04FF02E
:10B08000FF0865E7002000216832C4E90E01236350
:10B09000226488E74A8B002AECD10A7822F0400229
:10B0A000013A02EB420002EB8002FF2AB1F80100F4
:10B0B000E0D8F568570025F81200B1F803C0002861
:10B0C0004CD14FF6FF729445D4D1B1F805E04FF65C
:10B0D000FF729645CED1B1F807C04FF6FF72944586
:10B0E000C8D1B1F809E04FF6FF729645C2D1B1F868
:10B0F0000EC04FF6FF729445BCD1B1F810E04FF688
:10B10000FF729645B6D1B1F812C04FF6FF72944562
:10B11000B0D1B1F814E04FF6FF729645AAD1B1F85C
:10B1200016C04FF6FF729445A4D1B1F818E04FF65F
:10B13000FF7296459ED1B1F81CC04FF6FF72944540
:10B1400098D1B1F81EE04FF6FF72964592D108F102
:10B15000FF385FFA88F8FBE60220DAE6FF2A02F100
:10B16000010087D025F810C0B1F805E04000BCF11F
:10B17000000FACD0FE2A3FF47DAF2844A0F802E0D7
:10B18000B1F807C0BEF1000FA7D0FD2A3FF472AF9F
:10B19000A0F804C0B1F809E0BCF1000FA3D0FC2A6C
:10B1A0003FF468AFA0F806E0B1F80EC0BEF1000FA2
:10B1B0009FD0FB2A3FF45EAFA0F808C0B1F810E0C2
:10B1C000BCF1000F9BD0FA2A3FF454AFA0F80AE07C
:10B1D000B1F812C0BEF1000F97D0F92A3FF44AAF80
:10B1E000A0F80CC0B1F814E0BCF1000F93D0F82A1D
:10B1F0003FF440AFA0F80EE0B1F816C0BEF1000F6A
:10B200008FD0F72A3FF436AFA0F810C0B1F818E09D
:10B21000BCF1000F8BD0F62A3FF42CAFA0F812E05F
:10B22000B1F81CC0BEF1000F87D0F52A3FF422AF61
:10B23000A0F814C0B1F81EE0BCF1000F83D0F42ACE
:10B240003FF418AFA0F816E0097849067FF57FAF04
:10B25000BEF1000F3FF47BAFF32A3FF40BAF0021A8
:10B26000EA19518373E7B8F1000F48D10B78DA017E
:10B2700042EA53024B781A44C2F3460343EAC2132C
:10B280008A7852FA83F3C3F3460242EAC312CB78B8
:10B2900053FA82F2C2F3460343EAC2130A7952FA1E
:10B2A00083F3C3F3460242EAC3124B7953FA82F2A4
:10B2B000C2F3460343EAC2138A7952FA83F3C3F313
:10B2C000460242EAC312CB7953FA82F2C2F3460332
:10B2D00043EAC2130A7A52FA83F3C3F3460242EAFC
:10B2E000C3124B7A897A53FA82F2C2F3460343EAD5
:10B2F000C21351FA83F3DBB29B453FF454AE4FF0D7
:10B30000FF3323654FE600BF2DE9F84FD0F80080EA
:10B3100098F80030042B14BF4FF400124FF0805205
:10B320008A4210D90E46F1060DD18468074606639D
:10B330005CB1B8F80A30B6EB432F4FEA4329C0F0AE
:10B34000CD80012C20D102208AE0022B00F28A80DD
:10B35000B8F80830B3EB561FF5D9D8E9122352EAF2
:10B360000301C7E90D42FB63EDD0710A891808F1AA
:10B370006808C6F3080643F1000346440020C7E905
:10B380000F36B963BDE8F88F4546EB6AA342DAD9B8
:10B390002B78013B032BD6D8DFE803F05438260284
:10B3A000D7E9043253EA0200F97963D0B86800287B
:10B3B00060D00229A4EB000A40F0B680013B42F1C4
:10B3C000FF31580A40EAC15000236A89490A0CF04B
:10B3D000BFFA8245B7D853D00134631C3FD0D8F8A8
:10B3E0002C30A34228D8AEE7E209D5E91013521851
:10B3F00043F100032846FEF7D1FD80BBA30003F410
:10B40000FE732B449C6E24F070440FE0220AD5E9B1
:10B410001013521843F100032846FEF7BFFDF0B9A0
:10B42000630003F4FF732B44B3F86840012C8AD9FE
:10B43000D8F82C309C4286D2A6EB0906B1454FD8ED
:10B440003D68A2E7296C04EB540A6B6C4FEA5A2260
:10B45000521843F100032846FEF7A0FDE8B1012091
:10B46000BDE8F88FD8F84830C471002B3FF470AFB6
:10B470001C465EE700297FF466AFFB69002B3AD0DB
:10B48000D8F82C30002BBFF65EAFA6EB0906B1450D
:10B4900050D86FF000443D6877E70AF1010B296C42
:10B4A0006B6C4FEA5B225218CAF3080AAA4443F1B4
:10B4B000000328469AF868A0FEF770FD0028CED158
:10B4C000CBF3080BAB449BF86830E2074AEA032A47
:10B4D0004CBF4FEA1A14CAF30B04A7E7D8F82C3074
:10B4E000023BA11E994219D2D8E91423B8F80A00E8
:10B4F000E0FB012333E7E209D5E91013521843F1C9
:10B5000000032846FEF74AFD0028A8D1A30003F453
:10B51000FE732B449C6E24F0004487E70022002336
:10B520007C63C7E90E230EE70329A6D1BB699A45C0
:10B53000A3D251E76FF000440049D5E7FDFFFF7F3C
:10B54000002319462DE9F04F02680546146987B0BB
:10B5500094F8019009F1010081464001DA030229C3
:10B5600042EA530204D10521237913FA82F293B2FD
:10B57000665CDA0342EA5303013116FA83F3884228
:10B580009BB2EBD81A0AA370E2702846296DFFF728
:10B59000BBFE064620BBD5E90E7B4FF0010AD5F86D
:10B5A00000800390D8E918235B4508BFBA421DD03C
:10B5B00098F80410002940F0838008F1680698F894
:10B5C000010031463A465B46CDF800A003F042FE4A
:10B5D00050B14FF0FF324FF0FF33C8E91823012676
:10B5E000304607B0BDE8F08FC8E9187B2668606870
:10B5F000A168E2682B6CB9F101091E60586099607E
:10B60000DA6026696069A169E2691E615861996121
:10B61000DA612E6886F804A000F0828032782B6B05
:10B62000042A14BF4FF400124FF08052203393428B
:10B6300008D300220023C5E90E230226304607B0B6
:10B64000BDE8F08FD5E90E7B57EA0B02F5D0C3F3C6
:10B65000080252B90137696B4BF1000BC5E90E7B4B
:10B6600051B93189B1EB531FE3D9B046683616445E
:10B6700020342B632E6495E77089013810EA53203B
:10B68000F3D12846CDE90432FEF7C8FD0128D4D90C
:10B69000431CA4D0F16A8842CBD2DDE904320239DE
:10B6A0006863023888423DD2D6E91471B6F80AC000
:10B6B000ECFB00718B46C5E90E7BD5F80080D5E721
:10B6C00008F1680698F801003146CDF800A003F0B3
:10B6D000F5FD002883D1D8F8401088F80400D8F888
:10B6E0006000D8F86430D8F84420D8F830C0411A47
:10B6F00063EB0202614572F10002BFF460AF98F89B
:10B700000320022A7FF45BAF10EB0C02314698F85D
:10B71000010043F10003CDF800A003F0CFFD4EE798
:10B72000039E5DE70027BB46C5E700BF2DE9F04F4C
:10B7300000218BB00446D0F80080FFF7E5FD0546F8
:10B7400080BB98F80030042B00F037814FF0FF0EDB
:10B75000D4F83CA04FF0FF3B5646F146F24608F1C4
:10B760006803A76B0393C4F850B00690D8E9182378
:10B77000B34208BFBA421BD098F80410002940F029
:10B780008880012398F801003A46009303993346D4
:10B7900003F060FD50B14FF0FF324FF0FF33C8E9C6
:10B7A0001823012528460BB0BDE8F08FC8E91876AC
:10B7B000206C0778F7B1C27AE52F02F03F01A17142
:10B7C00004D0130733D50F2900F092804FF0FF0902
:10B7D000C4F850B02568236B2A782033042A14BF9C
:10B7E0004FF400124FF08052934208D300220023FE
:10B7F000C4E90E23042528460BB0BDE8F08FD4E938
:10B800000E7657EA0602F5D0C3F3080252B90137A3
:10B81000616B46F10006E663A763C1B92989B1EB04
:10B82000531FE3D968351544236325649EE7B9F1B6
:10B83000000F71D094F84F30DA07C7D40B2204F10F
:10B84000440108F033FC0028C0D1069DAAE76889AE
:10B85000013810EA5320E5D12046CDE90432FEF745
:10B86000DDFC012840F2A780431C9AD0E96A884297
:10B87000BCD2DDE90432023960630238884280F0CC
:10B88000EE80D5E914766989E1FB0076C4E90E768D
:10B89000C8E7012198F801000091039903F00EFD1B
:10B8A00000287FF47EAFD8F86010D8F84030D8F880
:10B8B0004420D8F8305088F80400D8F86400CB1A37
:10B8C00060EB0202AB4272F10002BFF45AAF98F88B
:10B8D0000330022B7FF455AF4A194FF0010140F1BC
:10B8E000000398F801000091039903F0E7FC48E792
:10B8F00094F84F2056063FF56DAF7D0656D5226B66
:10B9000090F80DA007F0BF072265427B524500F07A
:10B91000A9804FF0FF095DE703784178DA0142EA38
:10B9200053020A44C2F34603817843EAC21351FA30
:10B9300083F3C3F34602C17842EAC31251FA82F29A
:10B94000C2F34603017943EAC21351FA83F3C3F306
:10B950004602417942EAC31251FA82F2C2F3460327
:10B96000817943EAC21351FA83F3C3F34602C179E2
:10B9700042EAC31251FA82F2C2F34603017A43EA61
:10B98000C21351FA83F3C3F34602417A42EAC31267
:10B9900051FA82F2C2F34603817A43EAC21351FAA2
:10B9A00083F3DBB29A457FF445AF4EE7B945ACD09F
:10B9B0004FF0FF090EE70225F4E6D8F80C602F4699
:10B9C00036F8020BA0B103F0BDFAFB0343EA5703BC
:10B9D000C2B212FA83F3C3F34E07C0F3072047EA5B
:10B9E000C33710FA87F736F8020BBFB20028EAD146
:10B9F0002046FFF763FA80BBD8F810309A8CBA4221
:10BA0000F6D193F823B0BBF1000F6FD081464026EA
:10BA100004E013F0FF0B17D0D8F81030F20608BF7F
:10BA20000236985B03F08EFAD8F80C20824632F882
:10BA3000190003F087FA82450BF1FF3306F1020685
:10BA400009F10109E5D0D3E74FEA4909D8F80C30EC
:10BA500033F80930002BCBD1A4E60546A2E6174601
:10BA6000164613E7428B002A7FF453AF0126D8F81D
:10BA70000C302B4ACDE904A8089707941F4634469A
:10BA8000904606460578099305F03F05013D05EB14
:10BA9000450105EB810502F10D09234618F8011B4C
:10BAA000745A2BB3FF2D37D8204603F04BFA824649
:10BAB00037F8150003F046FA824505F101052BD150
:10BAC000C845EAD13046DDE904A802782646510689
:10BAD000089F079C06D52EB1099B33F81520002A34
:10BAE0007FF417AF7B1E5FFA83F973E6D946ADE7A3
:10BAF0003046424626464FF6FF75DDF810A0089FF7
:10BB0000DDF81480079C04E09145EBD012F8013B6E
:10BB1000C65AAE42F8D0FCE6079CDDE904A8F8E678
:10BB2000008F01102DE9F04F0B7802689DB02F2B8C
:10BB30000D468046019224D05C2B22D00023114672
:10BB4000D269C36182600978042928D13AB3019986
:10BB50000B930A6A0D934B6A0691C0E90823896A20
:10BB60008DF81F30816223F0FF0306A808920A9324
:10BB70001A91FFF7C9FB002800F037821DB0BDE81D
:10BB8000F08F2A46137815462F2B02F10102F9D0C7
:10BB90005C2BF7D00023C8F80830C8F81C3095F8A3
:10BBA0000090B9F11F0F40F2B9814146C846DFF855
:10BBB000E4B2DFF8E4A2B54F0B6800248946DE68E2
:10BBC00018E0B8F11F0F05F1010540F2F181B8F15D
:10BBD0002F0F7BD0B8F15C0F78D04146AC4808F00D
:10BBE0005FFB00285BD1FE2C59D826F8148095F80D
:10BBF0000080013418F0800FE3D008F0E003C02B80
:10BC000048D008F0F003E02B4DD008F0F803F02BFB
:10BC100045D1032108F007086B7803F0C002802AA1
:10BC20003DD1AA7803F03F0302F0C000802843EA28
:10BC3000881334D102F03F02022942EA831300F054
:10BC40007781EA7802F0C001802928D102F03F0212
:10BC500042EA8313A3F180025A4520D8A3F5584243
:10BC6000B2F5006F1BD3B3F5803F05F104052AD36D
:10BC7000A3F580380AEA8818C3F3090348EA0308E1
:10BC800048EA07084FEA184326F814301FFA88F8E4
:10BC90000134A8E76B7803F0C002802A07D00620A1
:10BCA0001DB0BDE8F08F022108F00F08B4E708F0DE
:10BCB0001F0803F03F03774A43EA8813A3F180018A
:10BCC0009142ECD802351FFA83F88CE749462A46A0
:10BCD000137815462F2B02F10102F9D05C2BF7D017
:10BCE0001F2B8CBF002301234FEA830C012C00F093
:10BCF000FA80022C40F0F38073882E2B00F04081F4
:10BD000006EB440232F8023D202B01D02E2B03D14A
:10BD1000013CF7D13480C2E7002226F81420338892
:10BD200006EB4400202B40F0D380B31C9E4633F832
:10BD3000028B9146B8F1200F02F10102F6D009F111
:10BD400002094CF0030C30F8023D2E2B01D0013CCF
:10BD5000F9D14FF020338B644B64C1F84B30BEF8FF
:10BD6000002092B34FF0000E082330460091264683
:10BD700011461C460295F046724665460346202948
:10BD80006ED02E2975D0444500F288800B2C00F02F
:10BD900048814E4572D045F003056FD20099964612
:10BDA00091F84420AC46E52A04BF052281F84420DE
:10BDB000082C029D21D00EF00C030C2B03D00EF0AA
:10BDC0000303032B21D14CF0020C084681F84FC02D
:10BDD0000091FFF7ABFC009991F84F3020B3042895
:10BDE0007FF4CCAE9C0603F0040240F13481A2B390
:10BDF000802381F84F300020C0E64FEA8E0303F025
:10BE00000C020C2A5FFA83FEDDD01CF0020FDCD19D
:10BE10000EF001034CEA031C1EF0040F1CBF4CF093
:10BE2000080C5FFA8CFCD0E75A07E4D48B79DB0668
:10BE300040F10F81019B1878042800F0A8800B6B5B
:10BE40000328C3F30802019B03F1680313445A8BD0
:10BE500004BF9B8A42EA03428A6095F80080ABE601
:10BE600045F0030533F8191009F10109002986D1BD
:10BE700094E74E45F4D10B2C00F0D3809200B146EC
:10BE80000B244FF00808D2B2ECE700BF00DC00D86A
:10BE9000648201107FFF10000000FF034E45EAD0CE
:10BEA0007F2955D87048CDE90432039108F0F8F99C
:10BEB000DDE90313059A002800F08E805F2145F02C
:10BEC00003050098404480F8441008F10108C9E7D0
:10BED0002E2BB6464FF001097FF435AF31E7002C29
:10BEE0007FF40EAF16E733882E2B7FF409AF0023C3
:10BEF0007380202381F8453042F22003A1F84630B8
:10BF0000A1F84C304FF020332E228B6420234CF0CC
:10BF1000200C81F8442081F84E3056E78023002120
:10BF2000404688F84F301DB0BDE8F04FFFF7ECB940
:10BF30004E4AA3F1800191423FF6B1AEA3F55842BB
:10BF4000B2F5006FFFF4ABAE03351FFA83F84AE693
:10BF5000CDE90432084645F0020340F2B5110393DF
:10BF600002F0D4FFDDE9043210F0800F014623D047
:10BF700000F07F013E48415C039D00299ED091E77F
:10BF800033882E2B7FF4BCAE0022B280B2E70B695F
:10BF9000CA7923F0FF0313434B628B680B620B6D6E
:10BFA0008B62019B1869FDF7E7FF95F8008003E6B7
:10BFB00049464FF0040C99E6FF28DDD9601E404544
:10BFC0004DD900984FEA112C4044039D08F1010817
:10BFD00080F844C0C9B274E7A1F1410080B21928C9
:10BFE00015D842F00202C9B26BE706A8FEF76CFE54
:10BFF00000287FF4C3AD019A1269916BC8E904105F
:10C0000092F8213003F0020388F80730C7E5A1F168
:10C01000610080B219289CBF203942F00102C9B2E8
:10C020004FE7AC460099029D91F844304CF0030C68
:10C03000E52B7FF4CAAE052381F8443002F00C03EF
:10C040000C2B3FF4C0AE02F00303032B3FF4BBAE56
:10C05000BBE6052092E5002A08BF05208EE5A04634
:10C0600045F00305FEE600BF708201107FFF10005F
:10C07000808E01102DE9F84F06680746894635463F
:10C0800081BBD6E90583B8F1000F11D1F3B12B784C
:10C09000042B00F01F81EB6A022B17D94FF0010827
:10C0A0000224EB6AA34215D801242046BDE8F88F8C
:10C0B000F26A4245EAD94BB13378042B00F00C8187
:10C0C00008F10104A24240F29580EAE700242046EC
:10C0D000BDE8F88F2B78013B032BE5D8DFE803F0B0
:10C0E00091C36D4AFEF79AF801280446DCD9411C39
:10C0F0003BD0F36A8342EAD8B269002AE6D03278AC
:10C10000042A00F0388109F10105AB428CBF2C46AE
:10C11000022438462146FEF781F80128C4D0421C8B
:10C1200023D0F36A002840F01A81002C00F01E8111
:10C13000A342B9D94FF0FF3221463046FDF7D8FF70
:10C1400088B9B9F1000F00F0FB80B9F1010FABD055
:10C15000F36A9945A8D2224649463046FDF7C8FF02
:10C16000002800F0ED8001289ED14FF0FF342046DA
:10C17000BDE8F88FD7E9043253EA0200F97900F0FC
:10C180008780B868002800F083800229A4EB000AA9
:10C1900040F02081013B42F1FF31580A40EAC15092
:10C1A00000236A89490A0BF0D3FB82453FF67CAF36
:10C1B00019D0631C013316D1D7E7E209D5E9101372
:10C1C000521843F100032846FDF7E8FE0028CCD1C1
:10C1D000A30003F4FE732B449B6E33F0704371D0C5
:10C1E000012B3FF461AF44453FF470AFF36A013473
:10C1F000A3426DD8B8F1010F3FF468AF02243D6847
:10C200004FE7296C04EB540A6B6C4FEA5A22521820
:10C2100043F100032846FDF7C1FE0028A5D10AF12D
:10C22000010B296C6B6C4FEA5B225218CAF3080AA7
:10C23000AA4443F1000328469AF868A0FDF7AEFE31
:10C24000002892D1CBF3080BAB449BF868304AEA44
:10C25000032AE30740F1B8805FEA1A1A32D0BAF134
:10C26000010FC0D120E7220AD5E91013521843F17B
:10C2700000032846FDF792FE00287FF476AF6300A6
:10C2800003F4FF732B44B3F86830002BA8D119E0F6
:10C2900000297FF409AFFB69002BA4D1D5E9101365
:10C2A000E209521843F100032846FDF777FE002803
:10C2B0007FF45BAFA30003F4FE732B449B6E33F05B
:10C2C00000438DD1F36A33E7012D7FF6EDAEC8460A
:10C2D0003D68E6E64FF00108012241462846FDF799
:10C2E000A9FE431E033304463FF6F1AE0121A0F13F
:10C2F000020A4FEA1A32D5E916030AF0070B1218A0
:10C3000043F1000301FA0BFB2846CAF3C80A5FFA9F
:10C310008BFBFDF743FE00287FF427AFAA449AF871
:10C3200068301BEA030F7FF4BFAE01218BEA030BD9
:10C330008AF868B02971B9F1000F1ED10223FB7190
:10C34000F36AB269023B9A42737998BF02F1FF32F5
:10C3500043F00103746198BFB2617371B7E6D6F818
:10C360001480B8F1010F01D998453BD39D422C466A
:10C37000AAD3C8463EE7C846AEE7FB79022B3AD0BF
:10C3800009F10102A242FB6932D00BB90123FB6122
:10C39000A9EB0302511C012B0CBF224602320129DA
:10C3A0007FF682AE3868C36A9942BFF47DAEFDF76E
:10C3B0009FFE00287FF4D7AEFB69013BFB61002B99
:10C3C000E6D10123FB61BBE7CAF30B03002B7FF42B
:10C3D00007AF77E703297FF45EAFBB699A45BFF4E7
:10C3E0005AAFE6E608F10104A3427FF607AF6FE714
:10C3F00063B10133E6E708F10103A342A0D00323B0
:10C40000FB71BB68A8EB0303BB61B9E70223D9E763
:10C410002DE9F04F8B4687B0002104460768FEF7F0
:10C4200073FF054618BB07F168028246D7E9180377
:10C4300003920246D4F83890D4F83C8005954345E1
:10C4400008BF4A4519D03979002940F09E80012360
:10C4500078784A4600930399434602F0FBFE50B1B8
:10C460004FF0FF324FF0FF33C7E91823012528466C
:10C4700007B0BDE8F08FC7E918983A78236C042A12
:10C480001B7836D0E52B36D0ABB34FF0000A2668C8
:10C49000236B32782033042A14BF4FF400124FF07C
:10C4A0008052934208D300220023C4E90E230725BB
:10C4B000284607B0BDE8F08FD4E90E0150EA01022A
:10C4C000F5D0C3F308055DB90130626B41F100019D
:10C4D000C4E90E01C2B9B6F808C0BCEB531FE2D9DB
:10C4E00068362E444A46236381464346266488467E
:10C4F000A5E71B06C9D40AF1010ADA45C7D1059D93
:10C50000284607B0BDE8F08FB6F80AC00CF1FF3C32
:10C510001CEA532CE4D1114620460493FDF77EFE1D
:10C5200001288046049B56D9B0F1FF3F9ED0F16AA6
:10C53000884218D32046616B0493FFF79BFD804629
:10C540000028B4D0012846D0B0F1FF3F8ED001467C
:10C550003046FDF765FC002888D1E179049B41F065
:10C560000401E171F16A0239A8F1020C8C45C4F8AA
:10C57000348032D2D6E91401B6F80AE0EEFB0C01A1
:10C58000D7E91898C4E90E01AAE70121787800914B
:10C59000039902F093FE00287FF468AF396E3B6C7C
:10C5A0007A6C3E6B3871786ECB1A60EB0202B34244
:10C5B00072F10002BFF44BAFFB78022B7FF447AF60
:10C5C0008A194FF0010140F1000378780091039936
:10C5D00002F074FE3BE7022549E700200146CFE761
:10C5E0002DE9F04F90F84FE09BB01EF0A00C40F00A
:10C5F0006D8306680446D6F80CB0BBF80030002BFB
:10C6000000F0BC835B4633F8022F0CF1010C002ACA
:10C61000F9D13378042B00F063830DF1100804F195
:10C6200044051EF0010F95E8070088E8070000F0B8
:10C630006E8140234FF0010A84F84F304FF07E099D
:10C640005B46E346CC4FCDF804E0AE4698E80700E1
:10C65000AEE80300BAF1050F2EF8022B4FEA1242A2
:10C660008EF8002040F27E811A885146002A00F0A0
:10C670009A809C4602F0010000EB41004FEA520E06
:10C68000090448BF78400EF0010E0EEB400E9108F1
:10C69000030448BF8EEA070E01F0010000EB4E00D4
:10C6A0001EF4004F4FEAD20118BF784001F001019B
:10C6B00001EB40014FEA121E000448BF79400EF022
:10C6C000010E0EEB410E0B044FEA521048BF8EEAEA
:10C6D000070E00F0010000EB4E001EF4004F4FEA81
:10C6E000921118BF784001F0010101EB40014FEABF
:10C6F000D21E000448BF79400EF0010E0EEB410E31
:10C700000B044FEA122048BF8EEA070E00F001002A
:10C7100000EB4E001EF4004F4FEA522118BF784044
:10C7200001F0010101EB40014FEA922E000448BFE5
:10C7300079400EF0010E0EEB410E0B044FEAD220B1
:10C7400048BF8EEA070E00F0010000EB4E001EF419
:10C75000004F4FEA123118BF784001F0010101EBA0
:10C7600040014FEA523E000448BF79400EF0010EEE
:10C770000EEB410E900B090448BF8EEA070E00F045
:10C78000010000EB4E001EF4004F4FEAD23118BFFB
:10C7900078403CF8022F01EB4001030448BF794088
:10C7A000002A7FF467AF01F00F0000F13002392A50
:10C7B00088BF00F137020F294FEA111C8DF80F20B6
:10C7C00040F2D4800CF00F0E0EF13002392A88BFEF
:10C7D0000EF13702BCF10F0F4FEA11208DF80E2039
:10C7E00040F2E78000F00F0C0A0B0CF13001392900
:10C7F00088BF0CF137010F288DF80D1040F2E4804E
:10C800000321D2B202F13000C0B2392884BF3732DE
:10C81000D0B28DF80C008DF80B9094F84420202AAB
:10C8200000F0D08094F84520202A00F0D28094F8BF
:10C830004620202A00F05082032900F0B68094F8A8
:10C840004720202A00F0B180042900F0B08094F83D
:10C850004820202A00F0AB80062918BF052205D108
:10C8600094F84920202A14BF062205220DEB01006E
:10C8700090F808C0062A05F802C090F809C005EB38
:10C88000020080F801C002F1020C2CD0062975D0FC
:10C890000DEB0100807A052A05F80C0001F1030078
:10C8A00002F1030C1FD0082870D00DEB0100C07AF4
:10C8B000042A05F80C0002F1040014D003296DD1FC
:10C8C0009DF80F10032A295402F105010BD02020F6
:10C8D000022A685402F1060005D0C0F108022021A6
:10C8E000284407F08FFC2046FEF720FF38B90AF1F4
:10C8F000010ABAF1640F00F0FF82F368A5E604288C
:10C90000DC46DDF804E0834628D184F84FE01EF0D1
:10C91000020F60D101212046FFF77AFD8346E8B976
:10C92000D4E90E233046FDF739FB8346B0B9014602
:10C930002022206C07F066FC03CD0122236C1860D6
:10C940005960A97828889972188194F84F30216C21
:10C9500003F018030B7332714FF0000B58461BB0F5
:10C96000BDE8F08F0AF130028DF80F207E220621FB
:10C970008DF80E2051E700BF211001002021052A6B
:10C9800005F80C1002F10300A7D1ACE72021042A1E
:10C9900005F80C1002F104009FD1A4E72021032A1E
:10C9A000295402F1050098D19DE703225EE7042295
:10C9B0005CE77E228DF80D2094F844200521202A82
:10C9C0007FF430AF002251E77E2204218DF80C2045
:10C9D00023E701224AE7C14B0CF10C07A3FB073800
:10C9E0004FEA9808204608F10101FFF711FD834640
:10C9F0000028B3D10C2F93D0216B2046A1EB481116
:10CA0000FEF782FC83460028A8D194F8442094F8CD
:10CA10004510D30143EA52030B44C3F3460294F892
:10CA2000461042EAC31251FA82F2C2F3460394F866
:10CA3000471043EAC21351FA83F3C3F3460294F852
:10CA4000481042EAC31251FA82F2C2F3460394F844
:10CA5000491043EAC21351FA83F3C3F3460294F830
:10CA60004A1042EAC31251FA82F2C2F3460394F822
:10CA70004B1043EAC21351FA83F3C3F3460294F80E
:10CA80004C1042EAC31251FA82F2C2F3460394F800
:10CA90004D1043EAC21351FA83F3C3F3460294F8EC
:10CAA0004E1042EAC31351FA83F3DBB24FF00F0981
:10CAB0004FF6FD774FF6FF7A019327E0A3F803A026
:10CAC000A3F805A0A3F807A0A3F809A0A3F80EA057
:10CAD000A3F810A0A3F812A0A3F814A0A3F816A01E
:10CAE000A3F818A0A3F81CA0A3F81EA040F04000D3
:10CAF0001870012320463371FDF732FC834600286D
:10CB00007FF42CAFB8F101083FF40AAFD4E90E234B
:10CB10003046FDF743FA0246834600287FF41EAFF5
:10CB2000236CF1685FFA88F05A83019A00F1FF3CA8
:10CB30005A730CEB4C020CEB8202A3F80B9031F809
:10CB400012C00CF1FF3E1FFA8EFE83F801C0BE45F5
:10CB50004FEA1C2C83F802C04FEA420CAED80132D7
:10CB600031F812E052000EF1FF3B1FFA8BFB83F805
:10CB700003E0BB454FEA1E2E83F804E0A0D80A4428
:10CB8000B2F802E00EF1FF3B1FFA8BFB83F805E0E1
:10CB9000BB454FEA1E2E83F806E093D8B2F804E0B6
:10CBA0000EF1FF3B1FFA8BFB83F807E0BB454FEA12
:10CBB0001E2E83F808E087D8B2F806E00EF1FF3B9E
:10CBC0001FFA8BFB83F809E0BB454FEA1E2E83F862
:10CBD0000AE03FF67BAFB2F808E00EF1FF3B1FFA28
:10CBE0008BFB83F80EE0BB454FEA1E2E83F80FE067
:10CBF0003FF66EAFB2F80AE00EF1FF3B1FFA8BFB77
:10CC000083F810E0BB454FEA1E2E83F811E03FF693
:10CC100061AFB2F80CE00EF1FF3B1FFA8BFB83F81B
:10CC200012E0BB454FEA1E2E83F813E03FF654AFE7
:10CC3000B2F80EE00EF1FF3B1FFA8BFB83F814E015
:10CC4000BB454FEA1E2E83F815E03FF647AFB2F81A
:10CC500010E00EF1FF3B1FFA8BFB83F816E0BB459B
:10CC60004FEA1E2E83F817E03FF63AAFB2F812E013
:10CC70000EF1FF3B1FFA8BFB83F818E0BB454FEA30
:10CC80001E2E83F819E03FF62DAFB2F814E00EF136
:10CC9000FF3B1FFA8BFB83F81CE0BB454FEA1E2EBF
:10CCA00083F81DE03FF620AFD28A02F1FF3E9A776B
:10CCB000120ADA771FFA8EF2BA423FF617AF01EB8B
:10CCC0000C02528B002A7FF413AF0FE74FF0060BD4
:10CCD00058461BB0BDE8F08F0222C7E54FECC44EAA
:10CCE000884B0CF10E05A3FB0535ED082046A91C69
:10CCF000FFF78EFB834600287FF430AE236B0135AF
:10CD0000A3EB4515E37925655D0740F1938003F0BA
:10CD1000FB03032BE37133D0E369656BABB1EA1A14
:10CD2000511C012B0CBF4FF0FF320232012943D9B5
:10CD30002068C36A99423FD2FDF7DAF90346D8B9B1
:10CD4000E369013BE361002BE9D1A368002B71D0BB
:10CD5000636A22688DF8173023F0FF030893236A73
:10CD6000A16A0693002304A809930B9304921891D7
:10CD7000FEF7CAFA034610B39B46EFE59C4648E42B
:10CD8000A769A168002F00F0BA80012914D9206892
:10CD90000F44C36A4D1C8B420ED92A46FDF7A8F9F1
:10CDA00003460028E8D1AF4200F0A9802946206858
:10CDB0004D1CC36A8B42F0D84FF0020BCEE504A89D
:10CDC000FDF782FF03460028D6D1D4E904524FF480
:10CDD00000771946B6F80AC004A8ECFB0752170AF8
:10CDE00062F3070367F30F23170CC4E9045267F3D8
:10CDF0001743120E62F31F6332699563D36363694D
:10CE00001A0A63F3070162F30F211A0C62F3174148
:10CE10001B0E226963F31F6133699A62D962E37959
:10CE2000326943F0010382F82130FEF789FB0346A3
:10CE30000028A1D137693F220021781CF46807F04F
:10CE4000E1F94FF0000CC022852387F82020E1464D
:10CE50000122402166464FF0C10A3B70C7F1040829
:10CE600027F801A0CB1913E0A25B0CF101019AB1E4
:10CE70005FFA81FCD5B2100A4FEA4C0604EB4C0E67
:10CE800008EB0301D870C8069D7003F1020306D0B9
:10CE900004EB060E002AE7D110461546F0E7BEF86F
:10CEA000005009F101030DB19946D9E709F10209D2
:10CEB00087F823C087F8019034F8020BB8B102F06C
:10CEC00041F8EA03C3B242EA550213FA82F2C2F30E
:10CED0004E0343EAC233C0F3072234F8020B12FABE
:10CEE00083F39DB20028EAD15FFA85FB280A87F810
:10CEF00024B087F825002FE54FF0070B2EE500231F
:10CF0000E37109E7898888882DE9F04F01290668CF
:10CF100083B01BD9F36A0C468B4217D981469246DF
:10CF2000DAB13278042A15D0BAF1010F0ED0534588
:10CF30000CD94FF0FF3251463046FDF7D9F830B9E1
:10CF4000D9F80050EB6A27469C4208D3022003B070
:10CF5000BDE8F08FC279022AE6D13546F3E72B7897
:10CF6000013B032BF2D8DFE803F083692C02D9E9F7
:10CF7000043253EA020099F8071000F0A780D9F8AC
:10CF80000800002800F0A2800229A4EB000840F06D
:10CF90000781013B42F1FF31580A40EAC1500023AA
:10CFA0006A89490A0AF0D4FC8045CFD800F0FF8096
:10CFB00004F10108B8F1FF3F1AD1012003B0BDE828
:10CFC000F08FE209D5E91013521843F10003284607
:10CFD000FCF7E4FF0028F0D1A30003F4FE732B4418
:10CFE000D3F8688038F070483CD0B8F1010FADD06C
:10CFF0003378042B09D0F36A9C42A7D20022214641
:10D000003046FDF775F80028A1D1F26AB369911E88
:10D010008B4205D20133B361737943F0010373711D
:10D020000134444503D03378042B6DD047469045F6
:10D0300018D2D9F800504446EB6A85E7220AD5E9B0
:10D040001013521843F100032846FCF7A7FF0028ED
:10D05000B3D1630003F4FF732B44B3F86880B8F1D5
:10D06000000FC2D13378042B00F08C8000206EE7D3
:10D07000296C04EB54086B6C4FEA5822521843F1A8
:10D0800000032846FCF78AFF002896D108F1010B1F
:10D09000296C6B6C4FEA5B225218C8F30808A8444D
:10D0A00043F10003284698F86880FCF777FF0028D2
:10D0B00083D1CBF308032B4493F86830E20748EAA6
:10D0C000032877D55FEA18188FD1CBE700297FF4C2
:10D0D0003DAFD9F81C30002B69D1D5E91013E20916
:10D0E000521843F100032846FCF758FF00287FF44C
:10D0F00064AFA30003F4FE732B44D3F8688038F0C8
:10D1000000487FF472AFADE7E51B0124D6E9162392
:10D11000023F4FEA173B1BEB020B07F0070204FA32
:10D1200002F443F10003C7F3C807E4B25A4630469D
:10D130000193FCF733FF00287FF409AFF11991F850
:10D140006820019B14420ED100E714F0FF0408D1BF
:10D150000137B7F5007F06EB070119D2012491F8DA
:10D16000682014420BD06240013D4FEA440481F82C
:10D170006820EAD101234746F26A337157E7012359
:10D180003371E3E6BAF1000F1BD189F807A06DE710
:10D19000274601241BF1010B43F100033471C5E75D
:10D1A000032996D1D9F81830984592D200E76FF04C
:10D1B00000481DE7C8F30B08B8F1000F7FF415AF66
:10D1C00050E799F80730BBB9D9F808400EE021467E
:10D1D0004846FDF723F8012804F101047FF6B6AEB6
:10D1E000431C3FF4EAAE84427FF440AF5445EED195
:10D1F000022389F8073039E7032B7FF437AFD9F8DA
:10D20000083053453FF632AFD9F818201344534540
:10D21000EED22BE770B582B0CDE90010002900F006
:10D22000948010468C4602E03A2B00F084801CF873
:10D23000013B1F2BF8D8484B93F800E07246474C4F
:10D2400054F82210002964D00025454B44F82250A0
:10D250001E688E4208BF1D601D69A94204BF0025DB
:10D260001D611D6AA94204BF00251D621D6BA942F4
:10D2700004BF00251D631D6CA94204BF00251D6469
:10D280001D6DA94204BF00251D651D6EA94204BF86
:10D2900000251D661D6FA94204BF00251D67D3F838
:10D2A0008050A94204BF0025C3F88050D3F89050A5
:10D2B000A94204BF0025C3F89050D3F8A050A9425A
:10D2C00004BF0025C3F8A050D3F8B050A94204BF52
:10D2D0000025C3F8B050D3F8C050A94204BF0025C0
:10D2E000C3F8C050D3F8D050A94204BF0025C3F8FA
:10D2F000D050D3F8E050A94204BF0025C3F8E05055
:10D30000D3F8F050A94204BF0025C3F8F050002321
:10D310000B70019B2BB1002183F801E044F822300F
:10D32000197008B902B070BD0022684601A9FDF766
:10D3300069F902B070BD0A78303A5FFA82FEBEF138
:10D34000090F02D802318C4502D00B2002B070BD0B
:10D35000032A7FF774AFF8E770390020E02A002035
:10D3600000280020000000002DE9F04F9FB005913B
:10D37000002800F0CD8002F03F070446164607A9BA
:10D380003A4605A8FDF73EF9054628B1002323607B
:10D3900028461FB0BDE8F08FDDF81CA04FF48C606C
:10D3A000CDF820A001F020FE8046002800F0BC80CF
:10D3B00000F50073CAF80C000599CAF8103008A8E7
:10D3C000FEF7B0FB8146002840F09B809DF96F304E
:10D3D000002BC0F2AF81DFF87895089BD9F80020C8
:10D3E0000A99DDF850C006F03E0E002A00F09E803B
:10D3F0009A4200F09D802A46D9F81000002800F0DB
:10D40000BB81984200F0F581D9F82000002800F097
:10D41000B581834200F0F981D9F83000002800F08E
:10D42000B181834200F00982D9F84000002800F061
:10D43000A781834200F0F581D9F85000002800F060
:10D44000A381834200F00582D9F86000002800F033
:10D450009D81834200F00982D9F87000002800F015
:10D460009981834200F01982D9F88000002800F0E9
:10D470008F81984200F00582D9F89000002800F0D2
:10D480008B81984200F01582D9F8A000002800F0A6
:10D490008581984200F01982D9F8B000002800F088
:10D4A0007F81984200F01D82D9F8C000002800F06A
:10D4B0007981834200F02182D9F8D000002800F061
:10D4C0007381834200F02582D9F8E000002800F043
:10D4D0006D81834200F02982D9F8F000002800F025
:10D4E0002F81984200F0698106F01C01002A40F06B
:10D4F0002981002900F0AE821225404601F076FD18
:10D5000044E716F01C0F0AD0042830D00546F4E793
:10D51000092528461FB0BDE8F08F4FF006094046A8
:10D5200001F064FD4D4631E7112531E7012263E743
:10D53000D9F804208A427FF45EAFD9F8082062450A
:10D540007FF459AF2B46BEF1000F40F0428109EB4A
:10D550000313DB68B3F5807F00F029829DF8263045
:10D56000DB066BD5404601F041FD04250EE7DFF8F0
:10D57000E093D9F800306BB3D9F8103053B3D9F831
:10D5800020303BB3D9F8303023B3D9F840300BB357
:10D59000D9F85030F3B1D9F86030DBB1D9F8703038
:10D5A000C3B1D9F88030ABB1D9F8903093B1D9F884
:10D5B000A0307BB1D9F8B03063B1D9F8C0304BB1ED
:10D5C000D9F8D03033B1D9F8E0301BB1D9F8F03008
:10D5D000002B91D108A8FFF703F847F008070028AF
:10D5E00040F062829AF80030042B00F0E38101F0F1
:10D5F000FFFC189BC3F80E00189BC3F816009AF89E
:10D600000020189B032A08BF9A8A5E8B08BF46EA4F
:10D6100002462022DA720022189B5A839AF80010E0
:10D62000032908BF9A82002201231899CA618AF847
:10D630000430002E40F0FF8147F04007189E012F74
:10D64000DAE9182394BF00210121C4E9142308A8B2
:10D65000A665FCF737FAE062002800F0C5809AF86A
:10D660000030042B00F0F981032B08BFB38A728BC2
:10D6700008BF42EA0342A260F369236100236361A9
:10D6800000269FEDB17BBAF806304FF40072A380FC
:10D6900004F1600384F830701846314684ED127B43
:10D6A00084ED0E7BC4F800A0E66584F83160049335
:10D6B00006F0A8FDBF0640F17681D4E904B25BEA2A
:10D6C000020100F07081BAF80A70C4E90EB2A168D4
:10D6D0007F025F4576EB020080F03C81204602929B
:10D6E000FCF79CFD01280146029A40F22A81BBEB1F
:10D6F000070362F10002481C9B46EAD12164012520
:10D70000E36A013B0F2B3FF6F8AE09EB0311CA6841
:10D710001B01B2F5807F00F0C48122B1013ACA60DA
:10D72000002A7FF4EAAE0022404649F8032001F0C7
:10D730005DFC2BE616F01C0F3FF4EFAE0625DCE691
:10D7400006F01C019DF8263041B113F0110F0ED1E7
:10D75000730744D436077FF571AF43E7D8063FF52A
:10D7600001AFB2077FF56AAFDB077FF567AF4046D1
:10D7700001F03CFC072509E6012245E601224BE6C3
:10D78000012259E601224FE601225DE6012263E60D
:10D79000012271E6012267E6012275E601227BE69D
:10D7A000012281E6012287E601228DE6D9F8F020E8
:10D7B000002AC5D09342C3D10122D9F8F4308B425C
:10D7C0007FF492AED9F8F83063457FF48DAE0F2325
:10D7D000B9E616F01C0F00F0EA8010258DE64046F1
:10D7E00001F004FC0825D1E5404601F0FFFB0225CD
:10D7F000CCE5D9F8140088427FF406AED9F81800B9
:10D8000060457FF401AE01239DE6D9F824008142F2
:10D810007FF402AED9F8280084457FF4FDAD0223E1
:10D8200091E6D9F8440081427FF406AED9F8480069
:10D8300084457FF401AE042385E6D9F834008142A3
:10D840007FF4F2ADD9F8380084457FF4EDAD0323C1
:10D8500079E6D9F8540081427FF4F6ADD9F8580042
:10D8600084457FF4F1AD05236DE6D9F8640081426B
:10D870007FF4F2ADD9F8680084457FF4EDAD06235E
:10D8800061E6D9F8840088427FF4F6ADD9F88800C3
:10D8900060457FF4F1AD082355E6D9F87400814264
:10D8A0007FF4E2ADD9F8780084457FF4DDAD07233D
:10D8B00049E6D9F8940088427FF4E6ADD9F898009B
:10D8C00060457FF4E1AD09233DE6D9F8A40081422B
:10D8D0007FF4E2ADD9F8A80060457FF4DDAD0A23FE
:10D8E00031E6D9F8B40088427FF4DEADD9F8B8004B
:10D8F00084457FF4D9AD0B2325E6D9F8C4008142D5
:10D900007FF4DAADD9F8C80084457FF4D5AD0C2397
:10D9100019E6D9F8D40081427FF4D6ADD9F8D80001
:10D9200084457FF4D1AD0D230DE6D9F8E4008142A2
:10D930007FF4D2ADD9F8E80084457FF4CDAD0E2355
:10D9400001E620640225DBE6000000000000000084
:10D9500000280020CBF30800216420B3DAF82C0063
:10D96000023902388142EDD2DAE91460BAF80A705D
:10D97000E7FB016056EA0001E4D04FEA5B2343EA8B
:10D98000C2539B194FF0010640EB5221C4E91231FA
:10D990001A469AF801000B460096049901F05AFCC9
:10D9A00000287FF4ACAE404601F020FBF0E44FF0DD
:10D9B0001009B4E5DAF810002146C4F800A0FCF71D
:10D9C000DBFA1E220021023006F01CFC002220217E
:10D9D000DAF81030C3F82620C3F82A20C3F82E2026
:10D9E000C3F83220C3F83620C3F83A20DA87DAF8D1
:10D9F00010301971DAF8106001F0FAFA0122B06003
:10DA0000DAF8103008A883F82120FDF799FD0646C2
:10DA1000A0BBA16800293FF40FAE02462046FFF7E5
:10DA200073FAA368013BCAF81430034600283FF498
:10DA300003AE1D4661E53146DAE918BC08A8CDE918
:10DA400002BCFFF761FA8346E8B1404601F0CEFA26
:10DA50005D469BE44FF0120961E50C9B9DF8272081
:10DA600023F0FF03134363620A9B214623621C9B3E
:10DA7000DAF81000A362FCF77FFA01E6404601F0F5
:10DA8000B5FA354682E4DDE902235046FCF786FA12
:10DA9000013E0346CAF8146000283FF4CDAD1D4690
:10DAA0002BE50022CA603EE6054626E52DE9F04F4B
:10DAB000002685B01E6058B19A46036804463BB103
:10DAC00015461A7822B10F46DA888188914203D030
:10DAD000092005B0BDE8F08F587801F091FBC1072F
:10DAE000F6D494F831000028F3D194F830309A0736
:10DAF00040F1F580D4F8008098F80020042A03D083
:10DB0000A26BEA4228BFD543002D7FD0D4E90E6333
:10DB100002901846C6F30803002B7CD1B8F80A908F
:10DB2000730A09F1FF3943EAC05319EA03094FEABE
:10DB300050210FD1304340F09E80A068002800F0B3
:10DB4000D88001287CD0431C00F0C280A3682064E8
:10DB500003B9A06094F93030002BC0F2A780226C8A
:10DB6000D8F82C30023A023B9A4269D2D8E9141311
:10DB7000B8F80A00E0FB021351EA030260D019EB87
:10DB8000010B43F10003B5F5007F60D309EB55228B
:10DB900082424FEA552688BFA0EB09065A4698F8FC
:10DBA000010039460096039301F088FB002840F0FD
:10DBB0008F80A16CE26C039BB1EB0B0162EB030263
:10DBC000B14272F10002C0F0AC804FEA4629DAF8A7
:10DBD0000030A66BE06B19EB06064B44CAF8003028
:10DBE00040F10000D4E90423B24273EB00013CBFD2
:10DBF00032460346A5EB0905C4E904234F44A66356
:10DC0000E063002D86D1029894F8303043F0400351
:10DC100084F830305DE704F16009C3F50076AE4268
:10DC200028BF2E4609EB03003946324607F0C6F9F5
:10DC300094F83030B14663F07F0384F83030C6E7A3
:10DC40000223184684F8313005B0BDE8F08FD4E9DE
:10DC500012129A4208BF5945D4E90E6004D0D4E9A3
:10DC600004128E4290414CD304F16009C4E912B30E
:10DC7000C6F30803D1E7E66D9EB31846236806F1A4
:10DC8000040B5A894B4609F063FE73682BB9BAE757
:10DC9000C01A5BF8083F002BB5D09842F8D2DBF8E9
:10DCA0000430184400287FF44CAFACE7012398F807
:10DCB0000100009304F16001D4E9122301F0FEFA9F
:10DCC00030B994F8303003F07F0384F8303046E701
:10DCD0000123184684F8313005B0BDE8F08F0720E5
:10DCE000F7E62046216CFEF7C5F900287FF429AF3E
:10DCF00089E701462046FEF7BDF900287FF421AFF1
:10DD000081E7012204F1600998F801004946009278
:10DD10005A46039301F09EFA0028D9D1A66B039BC3
:10DD2000A4E74FF4007207EB412104F1600007F013
:10DD300045F994F8303003F07F0384F8303044E73D
:10DD4000F0B5466883B0002E27DB4369044685683A
:10DD50003BB301F0C002802A21D15A1E036901336E
:10DD60000361034419734261BAB904F10C0301A8B9
:10DD70000193FBF727FE431C0FD0020C1FFA80FC17
:10DD80001FD1BCF17F0F06F1010752D8A3191876F5
:10DD90003B2F41DC0135C4E9017503B0F0BD002320
:10DDA000436100230A0621732361DED501F0E003FD
:10DDB000C02B61D001F0F003E02B60D1022363613E
:10DDC000EBE70021C2F309034033C2F387021F0AC5
:10DDD00010321B0167F00F07CCF3831C02F03F02E7
:10DDE00003F0300367F3070162F07F0243EA0C039C
:10DDF00063F07F0300F03F0062F30F2163F31741EC
:10DE000060F07F00371D60F31F6106F118033B2FA0
:10DE100005F10305E150BDDD21463A466B4651F858
:10DE2000180BFFF743FE009BDF1B18BF4FF0FF37B7
:10DE3000B0E7BCF5006F4FEA9C1316D303F03F0325
:10DE40004FEA1C3C274463F07F033B7602354CF0DD
:10DE5000E00CB21C00F03F00A31960F07F00571CDB
:10DE6000224483F818C0107692E763F03F033A46E5
:10DE700001355FFA83FCEDE7012363618DE701F073
:10DE8000F801F02989D10323636186E770B54568FD
:10DE900082B0002D11DB4369044686680BB1002374
:10DEA000436120230020611901353B2D237320613C
:10DEB0000B7604DC0136C4E9015602B070BD214680
:10DEC0002A4601AB51F8180BFFF7F0FD019B5D1BD3
:10DED00018BF4FF0FF35EDE72DE9F04399B040B1A1
:10DEE000036804462BB11A781AB18188DA88914206
:10DEF00004D00925284619B0BDE8F083587801F010
:10DF00007FF9C207F5D494F8303013F04005F1D012
:10DF10001B06266835D401F06BF833780746042BCE
:10DF200041D0D4E914233046FCF738F820BBA26D69
:10DF3000D37A43F02003D372A3682168C3F3072088
:10DF40009376D0760978032903D11B0C13751B0A2D
:10DF5000537523690021D3610123C2F816705182E1
:10DF600030463371FCF74CFA94F83030054623F014
:10DF7000400384F83030BDE70125284619B0BDE8DC
:10DF8000F0830125D4E91223707804F16001009533
:10DF900001F094F90028EFD194F8303003F07F03BA
:10DFA00084F83030B7E7E379032B3FD0E369D4F846
:10DFB0004080BBB1A8EB0302511C012B0CBF4FF0FA
:10DFC000FF32023201294FD92068C36A99424BD2ED
:10DFD000FCF78EF8054600288CD1E369013BE3612C
:10DFE000002BE7D14FF48C6000F0FEFF8046002844
:10DFF00000F08A8000F50073C6E903032368A16A74
:10E000000293236A02A80493636A16918DF80F3075
:10E0100023F0FF030693002307930993FDF774F998
:10E02000054618B3404600F0E1FF63E7A369A16825
:10E03000002B6BD0012917D9206801EB0308C36AB4
:10E0400001F101098B420FD94A46FCF751F8054608
:10E0500000287FF44FAFC84558D04946206801F1E9
:10E060000109C36A8B42EFD8022543E702A8FCF7F7
:10E070002BFE05460028D5D1AC462946326902A8B8
:10E08000137943F020031371E279336942F00102FE
:10E0900083F821203369A2685A6363691A0A63F31B
:10E0A000070C62F30F2C1A0C62F3174C1B0E22693B
:10E0B00063F31F6C33699A63C3F83CC063691A0A3F
:10E0C00063F3070162F30F211A0C62F317411B0E71
:10E0D000226963F31F613369D9629A623369DF6031
:10E0E00033695D7533691D61FDF72AFA054600281D
:10E0F00098D13046FCF784F994F83030054623F087
:10E10000400384F830308DE71125F3E60023E371F6
:10E110004CE700BF10B50446FFF7DEFE00B110BDAE
:10E120003CB123682BB11A781AB1A188DA889142E0
:10E1300001D0092010BD587801F062F810F00100FC
:10E14000F7D1E36A013B0F2B12D80B494FEA031CAE
:10E1500001EB0313DA68B2F5807F0BD012B1013AFC
:10E16000DA6012B9002341F80C300023236010BD9F
:10E17000022010BDD860F5E7002800200000000054
:10E180000EB42DE9F04FAEB037AD55F8043B002189
:10E190001C460646542219A88DF8371006F032F8AE
:10E1A000234614F8011B18960E9500296CD01E46C4
:10E1B000252940F0AC817478302C00F0D5812D2CCD
:10E1C00000F0DA812023069300230C21042201931E
:10E1D00002362A2C40F0A08130460E9B1C1D0E9466
:10E1E00010F8014B1D6806462E2C00F0AA814FF056
:10E1F000FF376C2C00F0B28100210846019A002CF8
:10E2000042D0A4F14503332B35D8DFE813F0540096
:10E21000340034003400340034003400340034005E
:10E22000340034003400340034003400340034004E
:10E2300034003400A50034003400340034003400CD
:10E240003400340034003400E200DA00B500540039
:10E2500054003400340034003400340034003400FE
:10E260003400CA0034003400340049013400B500E1
:10E2700034003400A500214618A8FFF761FD34469C
:10E2800014F8011B002993D1199A002AC0F2518475
:10E2900018980FAB1EA9FFF709FC002840F049842D
:10E2A000199A0F9B9A4240F044841A982EB0BDE808
:10E2B000F04F03B070470E9B073323F0070393ED35
:10E2C000007B59EC178B03F108020E924B46424635
:10E2D000404649468DED027BF4F766FA002840F08F
:10E2E0002F84002F404649464FF000024FF00003B4
:10E2F000B8BF0627F4F77CFA002840F0A58129F082
:10E3000000430593CDF81080DDE904894FF0FF321A
:10E3100040464946B24BF4F747FA48B940464946A9
:10E320004FF0FF32AE4BF4F777FA002800F0AF81E0
:10E33000662C00F08782DDE9020100220023F4F759
:10E3400045FA002800F01E847B42089300230DF15B
:10E35000400907934B46FBE1002800F05D810E9BCE
:10E360004FF01009073323F0070303F108020E9260
:10E37000D3E90078002238E00E9B002840F032817B
:10E38000642C03F1040040F0C7840E901F684FEA2C
:10E39000E7784346002BC0F2348100224FF00A098F
:10E3A00023E0002800F018810E9B4FF00809073386
:10E3B00023F0070303F108020E92D3E9007800224C
:10E3C00013E00E9B18A81A1D19780E92FFF7B8FCDF
:10E3D00055E7002840F0F3804FF002090E9B4FF004
:10E3E00000081A1D0E9242461F68782C02950CBF39
:10E3F0004FF0270B4FF0070B4FF0000A154610ACFB
:10E4000003E0202B00F03E819A46384641464A46BA
:10E41000002309F09DFABE46C446D2B2092A84BF41
:10E420005A44D2B2CE4502F130027CF1000C0746CC
:10E4300088460AF1010304F8012BE2D22A46029D24
:10E4400032B12D210DEB030282F840100AF10203D4
:10E45000019A984618AC62B9AB420AD29946069F17
:10E46000394618A808F10108FFF76AFC4545F7D1BD
:10E470004B4610AAD71817F8011D2046FFF760FC7D
:10E4800010ABBB42F7D1454508F101077FF6F7AE67
:10E490002046FFF7FBFCBD4207F10107F8D1EEE68D
:10E4A0000E9BD3F8008004330E93B8F1000F00F0F8
:10E4B0004C8398F80010002900F0598408F10100FD
:10E4C000029106F0F1FD002F029900F1010902DB33
:10E4D000B94528BFB946019B002B00F0A1804744F5
:10E4E00005E018A8FFF72CFC18F8011F09B1B84582
:10E4F000F7D14D4509F101077FF6C1AE18AC2046B2
:10E50000FFF7C4FCBD4207F10107F8D1B7E618A830
:10E51000FFF716FC2646B2E6A4F13003092B4FF0B4
:10E5200000053FF661AE05EB850504EB450516F8E1
:10E53000014B303DA4F13003092BF4D92E2C7FF48C
:10E5400056AE34782A2C20D10E9B7478181D6C2C72
:10E550001F6806F102060E907FF44EAE34786C2CE4
:10E5600028D0002001364AE6002306940C21B47816
:10E570000422019303362CE6202306930223B47869
:10E580000E2106220336019323E6A4F13003092B62
:10E590004FF0000706F101063FF62BAE07EB8707A9
:10E5A00004EB470716F8014B303FA4F13003092B69
:10E5B000F4D91EE674780A46082002361FE60E9B40
:10E5C0004FF00209073323F0070303F108020E920C
:10E5D000D3E90078002208E74FF008090E9BFEE619
:10E5E000FFFFEF7F073323F007014B6801F10800BD
:10E5F000642C98460F680E907FF4CFAE002BBFF6C8
:10E60000CCAE02F002037F424FF001024FF00A0944
:10E6100068EB48080193E8E64FF010090E9BDEE630
:10E620004D457FF65CAFDDF818A018AC514620468A
:10E6300009F10109FFF784FB4D45F7D198F8001067
:10E6400000297FF44CAF1AE6DDE902230020002107
:10E65000F3F7CCFF804689464FF0FF32744BCDE98B
:10E660000289F4F7A1F8002857D1404649464FF0F7
:10E67000FF326F4BF4F7D0F800284ED14FF02D0940
:10E680006C4B07E02A464FF01F0A029DD8E64FF078
:10E690002B09684B8DF840900DF141020DF14009B6
:10E6A00019461B7802F8013B11F8013F002BF9D104
:10E6B00000234846137006F0F7FC019B07469DF8BF
:10E6C000401033BB854240F24D838A46DDF8188006
:10E6D00018AC414620460137FFF732FBBD42F8D166
:10E6E000514600293FF4CBAD2046FFF729FB19F82E
:10E6F000011F0029F8D1BD4207F101087FF6BFAD27
:10E7000018AC2046FFF7C2FB454508F10108F8D1D7
:10E71000B5E50029EFD018ACE6E7662C00F0A5823D
:10E72000DDE9020100220023F4F750F8002800F090
:10E7300099827B4208932D239FED397B8DF84030E1
:10E7400000238DED027B07930DF140090DF141038C
:10E750004FF0000B1F46CA46CDE909450B96BBF1A9
:10E76000FF3F00F0F881BBF1000F00F0F8825E4639
:10E7700000244FF00008304DDFF8C490331D2046D0
:10E78000294680F2058128A3D3E90023F3F768FF27
:10E79000053604460D46F1D1DDE9028922462B46B5
:10E7A00040464946F3F75CFFF3F7DAFF0646F3F716
:10E7B000B3FF22462B46F3F72DFF02460B46404699
:10E7C0004946F3F713FF3A46089B0BF1FF3B3036FF
:10E7D0005B45CDE9020102F8016B40F37E83DDE980
:10E7E0000945662CD1460B9E3FF462AF079A134948
:10E7F000002ABBBF524207922B222D227C70079C1D
:10E80000BA70A1FB0431C90801EB8103A4EB4303F7
:10E81000303130337A1DF9703B7149E7AFF3008036
:10E82000000000000000000000000000006AF84046
:10E83000FFFFEF7F7C8201100000F03FCDCCCCCCFD
:10E84000000024404FF02B097B420893002B00F07E
:10E850009782984600204FF0000AC549DFF818B3A8
:10E8600018F1040F80F2B080BDA3D3E90023F3F7C1
:10E87000F7FE18F10508F3D10022BE4BF3F7CAFEEC
:10E8800002460B46DDE90201F3F79CFE82468B4609
:10E890000022B94BCDE902ABF3F7D2FF8046002846
:10E8A00000F013814FF00008ADA3D3E900235046D8
:10E8B0005946F3F7C5FF002874D0A9A3D3E9002374
:10E8C00050465946F3F7CCFE0022AB4B82468B46AE
:10E8D00008F10508F3F7B4FF0028E5D128EAE8734A
:10E8E0001F441C2F079300F3EE80B9F12D0F00F0A9
:10E8F000F7810DF140094B46B8F1000F40F3D28289
:10E90000CDF82C904FF0000A9946CDE909453746DD
:10E91000DFF864B2079EB0460024954DB8F1040FAD
:10E9200040F3E5818EA3D3E9002320462946F3F77F
:10E9300071FEB8F1050804460D46EFD1DDE902018C
:10E9400022462B46F3F78CFEF3F70AFF8046F3F7D7
:10E95000E3FE22462B46F3F75DFE02460B46DDE959
:10E960000201F3F743FE08F13008013ECDE9020150
:10E9700009F8018BCFD1DDE90945089A4B46002AF9
:10E980000796DDF82C903E467FF7E2AE1A468FE6FA
:10E9900042464B46F3F764FE013604460D467FF4CB
:10E9A000EDAEF9E6504659460022734BF3F758FE98
:10E9B0000022714B82468B4608F10108F3F740FFB5
:10E9C00000287FF471AF89E752465B46F3F748FEB3
:10E9D00018F101087FF444AF4EE750465946002233
:10E9E000634BF3F705FF002800F05F825EA3D3E9D5
:10E9F000002350465946F3F7FBFE002800F0C38180
:10EA000057A3D3E9002350465946F3F703FE0022EB
:10EA1000574B82468B46A8F10508F3F7E9FE00281C
:10EA2000E4D1A8EB0708B8F1000F00F3DB8000F099
:10EA3000C58100204FF0000A4D49DFF83CB118F1C4
:10EA4000040F80F2B28146A3D3E90023F3F708FE56
:10EA500018F10508F3D10022464BF3F7DBFDDDE9A1
:10EA60000223F3F7AFFD02460B46CDE90223002255
:10EA7000414BF3F7E5FE002800F0A881DDE902AB89
:10EA80004FF0000836A3D3E9002350465946F3F768
:10EA9000D7FE002800F0C38031A3D3E900235046FD
:10EAA0005946F3F7DDFD0022334B82468B4608F1D1
:10EAB0000508F3F7C5FE0028E4D1B8F1630F02DCC6
:10EAC000182F40F3DE802D4BE4E5504659460022D6
:10EAD000274BF3F78DFE002800F0018222A3D3E933
:10EAE000002350465946F3F783FE88B11CA3D3E9AF
:10EAF000002350465946F3F78DFD00221C4B8246F9
:10EB00008B46A8F10508F3F773FE0028E6D1E5E689
:10EB1000504659460022184BF3F77CFD0022144B57
:10EB200082468B4608F1FF38F3F762FE0028D5D104
:10EB3000D4E64FF0FF302EB0BDE8F04F03B0704781
:10EB40000DF140094A460E4BAAE5019B002B00F04F
:10EB50009180C146CDE42E2307F8013B07E600BFB4
:10EB600000000000006AF840F168E388B5F8E43E70
:10EB70000000F03F0000E03F0000244078820110D8
:10EB8000808201104FF02B09DDE902AB00225046D4
:10EB90005946C14BF3F754FE804600283FF41DAFA1
:10EBA0004FF00008B8A3D3E9002350465946F3F7C5
:10EBB00047FE002845D0B4A3D3E900235046594668
:10EBC000F3F74EFD0022B44B82468B4608F1050850
:10EBD000F3F736FE0028E5D1A8EB0708B8F1000FDF
:10EBE00040F32B8100204FF0000AAC49DFF8A8B2B7
:10EBF000B8F1040F0BDDA4A3D3E90023F3F70AFD5A
:10EC0000B8F105083FF427AFB8F1040FF3DC524622
:10EC10005B46F3F7FFFCB8F10108E9D11BE750466A
:10EC2000594600229C4BF3F71BFD00229A4B82466B
:10EC30008B4608F10108F3F703FE00287FF422AFAA
:10EC40003BE7504659460022934BF3F709FD00225B
:10EC5000914B82468B4608F10108F3F7F1FD00283D
:10EC6000A0D1B9E74FF02D098EE77B424FF02D0977
:10EC70000893EBE5002D3FF402ABC1460DF13708D8
:10EC8000D1E46FF062034345B8BF4346B8F1000FCB
:10EC9000079345DD984600204FF0000A7F49DFF8D2
:10ECA000F8B1B8F1040F2FDD77A3D3E90023F3F710
:10ECB000B1FCB8F10508F4D1C7F1000A02460B46D1
:10ECC000DDE90201F3F7CCFCB9F12D0FCDE902012A
:10ECD000CDF820A000F0BC800DF140094B4637E58F
:10ECE0008DF840900DF141030DF1400904E62046F6
:10ECF000294652465B46F3F78DFCB8F101080446FD
:10ED00000D467FF40BAE19E652465B46F3F782FCE4
:10ED1000B8F10108C5D1CFE74FF00A09FFF75FBB93
:10ED200000F0A080984600204FF0000A5B49DFF811
:10ED300068B118F1040F0ADA53A3D3E90023F3F7FB
:10ED40008FFC18F10508B7D018F1040FF4DB524618
:10ED50005B46F3F785FC18F10108EAD1ACE7002423
:10ED60004E4D19E500297FF4D6ACFFF788BA019B18
:10ED7000002B74D19946002D7FF455ACFFF77FBA74
:10ED80000022474B7EE5504659460022424BF3F79E
:10ED900041FC0022414B82468B4608F1FF38F3F7D5
:10EDA00027FD00287FF422AE3BE652465B46F3F790
:10EDB00057FC18F101087FF442AE4CE6DDE9020190
:10EDC0000022374BF3F7FEFBCDE90201DDE902013A
:10EDD0000022324BF3F70CFD002848D0DDE902ABEE
:10EDE0004FF000082AA3D3E9002350465946F3F711
:10EDF000FFFC88B124A3D3E9002350465946F3F71A
:10EE000009FC0022254B82468B46A8F10508F3F742
:10EE1000EFFC0028E6D150E65046594600221E4B32
:10EE2000F3F7F8FB00221D4B82468B4608F1FF38B2
:10EE3000F3F7DEFC0028D5D13FE67FF4FAADDDE93B
:10EE400002010022164BF3F7BDFBCDE9020115E6E6
:10EE50008DF840900DF141030DF1400978E48946A9
:10EE6000FFF747BB00200D49C7F1000A26E7182F1E
:10EE70003FF729AEC7F1000A002300200749079396
:10EE80001CE700BFAFF3008000000000006AF840FC
:10EE9000F168E388B5F8E43E000024400000F03F4C
:10EEA0000000E03F0022079252E4C7F1000AD0467A
:10EEB000002F7FF4BEADDDE902010022114BF3F714
:10EEC00081FB02460B46CDE9022300220E4BF3F7ED
:10EED000B7FC00287FF4D2ADCEE717463FE41C2FE5
:10EEE0003FF7F1ADB9F12D0F04D00DF140094B46BC
:10EEF00007902DE48DF8409007900DF141030DF13E
:10EF0000400925E40000E03F000024407F2801D8AC
:10EF100080B27047B0F5803F03D240F2B5139942FA
:10EF200001D0002070470023054A02E00133802B06
:10EF3000F7D032F8021B8142F8D1803398B2704783
:10EF4000FC910110B0F5803F1DD230B584B2B4F50C
:10EF5000805F34BF224B234B04330DE08C4210D32F
:10EF600033F8022C5FFA82FC0CEB010E70454FEA7D
:10EF7000122209DB043382B133F8041C1D46002938
:10EF8000ECD1204630BD7047082AFAD8DFE802F0FD
:10EF9000241E1B1815120F0C080005EB4C03DBE7B1
:10EFA000A4F5E354A4B2ECE7503CA4B2E9E708347A
:10EFB000A4B2E6E71A3CA4B2E3E7303CA4B2E0E72F
:10EFC000203CA4B2DDE7103CA4B2DAE7631A03F0F8
:10EFD0000103E41AA4B2D4E7401A33F81040D0E792
:10EFE000089001104C8F0110F3F74EBCF3F770BC82
:10EFF00010B58EB0F8F754F920B36846F8F746F923
:10F0000005A9684605F020FADDE907320A9C1004DC
:10F01000A4F1500C00F4F810DB029BB2069940EA10
:10F020004C601843059A099B490101F4FC6102EB0D
:10F03000D27201330843C2F344025B05104303F06C
:10F04000F07318430EB010BD002800F0C1800029F5
:10F0500000F0C1802DE9F0430546604C00200AE035
:10F0600015F8012B013982EA102234F8120080EAE7
:10F07000030000F0AB8003026A079BB2F0D121F0DD
:10F08000070E01F0070442BAC908AE4492B245D057
:10F0900005EBC101A1F1080C5149A5F1080050F898
:10F0A000083F45685A4002F0FF032E0EC2F30728BE
:10F0B00003F5E06331F8167008F5C068C2F307463F
:10F0C00031F8133031F8189006F5A066120E31F8B9
:10F0D00016807B4002F5806205F0FF0631F8127061
:10F0E00083EA0903C5F3072206F5407683EA08039D
:10F0F00002F5007231F81660C5F3074531F8128049
:10F100007B4005F5807531F81520734083EA0803CC
:10F11000534060459AB2C2D152BA90B2002C55D039
:10F120009EF800202D4B82EA102233F81220012C89
:10F1300082EA002290B249D09EF80120022C82EA95
:10F14000102233F812204FEA002080B280EA020039
:10F150003CD09EF80220032C82EA102233F81220C1
:10F160004FEA002080B280EA02002FD09EF80320F0
:10F17000042C82EA102233F812204FEA002080B2D9
:10F1800080EA020022D09EF80420052C82EA102298
:10F1900033F812204FEA002080B280EA020015D036
:10F1A0009EF80520062C82EA102233F812204FEA3E
:10F1B000002080B280EA020008D09EF80610020209
:10F1C00081EA102133F8110092B25040BDE8F0837B
:10F1D0004FF6FF7070470846704700BFFCA2011051
:10F1E000FC920110FFF730BF13289ABF024B53F86F
:10F1F00020000248704700BFFCA501108482011066
:10F2000010B5F1F72DFE20B1044600F0B3F8207ED2
:10F2100010BD042010BD00BF70B5044600F0DAF840
:10F22000A0B12046F1F71CFE054688B12046F1F753
:10F2300017FE044620B100F09DF8207E830706D417
:10F240002846D5F8B832BDE870401847032070BD95
:10F25000042070BD38B50C461546F1F701FEF0B13B
:10F2600021462A46049BD0F8C442A04720281CD837
:10F27000202812D8DFE800F020111311131111110A
:10F280001511111111111111151111111111111166
:10F2900011111111111111111700012038BD042095
:10F2A00038BD032038BD022038BD4028F9D0802861
:10F2B00014BF0120032038BD002038BD38B50C46EE
:10F2C0001546F1F7CDFDF0B121462A46049BD0F852
:10F2D000C042A04720281CD8202812D8DFE800F020
:10F2E00020111311131111111511111111111111F7
:10F2F00015111111111111111111111111111111FA
:10F300001700012038BD042038BD032038BD02207D
:10F3100038BD4028F9D0802814BF0120032038BD13
:10F32000002038BD38B50C461546F1F799FD60B19F
:10F33000012C0CD0032C05D03CB9D0F8C83298472A
:10F34000002038BD01232B60FAE7042038BDD0F837
:10F35000CC32984700220346B0FA80F06A602B60F6
:10F36000400938BD403008F003BB00BF403008F012
:10F37000F3BA00BF38B5027A0346017E62B14FF09E
:10F3800050440122DD686468AA402240003A18BF58
:10F3900001220069824204D121F002011976012084
:10F3A00038BD002441F0030C044A5D2183F818C0E5
:10F3B0005C76034804F00EF8204638BD90850110B5
:10F3C0004CA6011010B100F2B12070470048704700
:10F3D000C07A01102DE9F843DFF8CC90304808F0EE
:10F3E000C7FA99F80070002F3DD13D46F1F736FD80
:10F3F0000127A842B84633D92846F1F731FD044623
:10F4000048B3036C00F14006002B3ED0304608F0B4
:10F41000AFFA2B460421234A84F8188004F2B12065
:10F42000F4F7C4FD237A5BB1237D33B1617DE068DD
:10F4300079B300220121F1F739FDE068F1F778FD99
:10F440002378012B15D0022B02D1204602F0CAFFEF
:10F45000304608F081FAF1F701FD0135A842CBD81A
:10F46000012389F800300E4808F076FA3846BDE8E6
:10F47000F883204602F076F86368186800F07CF89C
:10F480000740204602F028F8E2E73046F2F788F815
:10F49000BCE70122F1F70AFDE068F1F749FDCFE78B
:10F4A000F0270020A8850110753900202DE9F041D2
:10F4B000846A39B344F01008C66AC0F828804AB399
:10F4C00046F040064FF0A04CD0E908544FF0010E32
:10F4D0000768C662A801604401600EFA05F5A10143
:10F4E0000EFA04FE6144083745EA0E054760836062
:10F4F000C0F810800F604A608B600E61CCF85054E9
:10F50000BDE8F08124F010080449C66AC0F82880DC
:10F51000002AD5D1024A26F04006D3E75412002033
:10F520007020002070B500680C46F7F797FE06467D
:10F53000E000F3F703F9044630460D46F3F7FEF812
:10F5400002460B4620462946F3F78AF8F3F7D6F829
:10F550009FED086A07EE100AF7EE086A27EE067AB2
:10F56000F1EE007AE7EE267AFCEEE77A17EE900AE3
:10F5700070BD00BF00007A44F8B50446744808F036
:10F58000F7F994F83830002B72D1236B04F1300571
:10F59000002B00F0C180284608F0EAF92068002816
:10F5A00076D02369002B68D06A49F7F791FD63692B
:10F5B0002268032B73D8DFE803F0729B02861346A0
:10F5C000022753F8041F02F5805003F540563760B8
:10F5D0001268394082F0470203F5005302F0CF026F
:10F5E0000260196001216068F1F742FC0121A06806
:10F5F000F1F73EFC0121E068F1F73AFC0121E068F7
:10F60000F1F768FC637E002B40F09980227E002A8F
:10F6100000F09080237F002B00F08280206AF7F7B3
:10F620003DFD606AF7F73AFD606A236A4A495A036A
:10F630004303206888424FF0010107BF4FF4501E7A
:10F640004FF4581C4FF4401E4FF4481C84F83810F7
:10F65000424928460A400B4042EA0E0243EA0C03A4
:10F6600042F0110243F00103C4E90A2308F074F9DF
:10F67000374808F071F90120F8BD0520F2F786FD42
:10F680000346374A2068A2FB0323DB0823618BE78C
:10F69000344B184623602369002B85D1EDE71346D0
:10F6A000022753F8041F02F5805003F540563760D7
:10F6B0001268394082F0070203F5005302F0CF02CE
:10F6C000026019608EE71346022653F8041F02F504
:10F6D000805003F5405CCCF800601268314082F045
:10F6E000C70203F5005302F0CF020260196079E708
:10F6F0001346022753F8041F02F5805003F54056C5
:10F7000037601268394082F0870203F5005302F037
:10F71000CF020260196065E72846F1F741FF3AE73A
:10F720000120F7F7C5FC034601202362F7F7C0FC70
:10F7300060627AE701216068F1F7B8FB6AE7A17EB1
:10F74000A068F1F7D5FBE17EE068F1F7D1FB5DE75A
:10F75000F8270020A086010000800840FDFF01FC82
:10F76000ABAAAAAA00000840002238B5037E41686F
:10F7700043F001030376427604464868431C00D1F7
:10F7800038BD1546F1F7F8FB63685B6845EC44301B
:10F7900038BD00BF0A4B0278417813F802C0827866
:10F7A00081EA4C01595C82EA410213F802C0C17837
:10F7B000027981EA4C01595C82EA4102985C704707
:10F7C000FCA401102DE9F041054682B08846F2F70D
:10F7D00099FB4FF47A72002308F0BAF80746204EDE
:10F7E000FF238DF806308DF80730F2F78BFB4FF4CE
:10F7F0007A72002308F0ACF804460AE0F2F782FBC4
:10F8000000234FF47A7208F0A3F87369001B984242
:10F810001ED26B681B681868C3689B07EED501236E
:10F820000DF107020DF1060108F09EF89DF8073072
:10F83000FF2B11D0F2F766FB4FF47A72002308F029
:10F8400087F8C01B4045CBD3002002B0BDE8F08153
:10F850006B681B681868E2E7012002B0BDE8F08120
:10F86000842000202DE9F047054682B08946924663
:10F87000F2F748FB4FF47A72002308F069F84FF072
:10F88000FF080746514E8DF80780F2F73BFB4FF417
:10F890007A72002308F05CF804460AE0F2F732FBC3
:10F8A00000234FF47A7208F053F8F368001B984273
:10F8B0001ED26B681B681868C3689907EED50123D0
:10F8C000FF210DF1070208F06BF89DF80730FE2BC1
:10F8D00012D0F2F717FB00234FF47A7208F038F8D1
:10F8E0003368C01B9842CED3802002B0BDE8F087B9
:10F8F0006B681B681868E2E76B684A461868002165
:10F90000534608F05DF80028EED0FF238DF807304D
:10F91000F2F7F8FA4FF47A72002308F019F82B4E38
:10F9200004460AE0F2F7EEFA00234FF47A7208F088
:10F930000FF8F368001B984240D26B681B68186888
:10F94000C3689A07EED50123FF210DF1070208F0E5
:10F9500027F8FF239DF807708DF807303F02F2F774
:10F96000D1FA4FF47A72002307F0F2FF174E0446E3
:10F970000AE0F2F7C7FA00234FF47A7207F0E8FFC3
:10F98000F368001B98421DD26B681B681868C36837
:10F990009B07EED501230DF10702FF2108F000F8C7
:10F9A000514648469DF80740FFF71CFC3C43201A8F
:10F9B00018BF0120000202B0BDE8F0876B681B6829
:10F9C0001868C0E76B681B681868E3E784200020AC
:10F9D00000232DE9F043894641F0400161F307031C
:10F9E000110E85B061F30F23110C8DF80C2061F31B
:10F9F0001743120A62F31F63044602A80293FFF73B
:10FA0000C9FE430043F001034A4E02AF8DF80D30AA
:10FA10000DF10E0817F8013B8DF80730F2F772FA76
:10FA20004FF47A72002307F093FF05460AE0F2F7DD
:10FA300069FA00234FF47A7207F08AFF3369401B9A
:10FA4000984244D263681B681868C3689907EED56A
:10FA500001220DF1070107F0AFFFB845DAD1B9F186
:10FA60000C0F3FD010274FF0FF08324E8DF8078063
:10FA7000F2F748FA4FF47A72002307F069FF05465F
:10FA80000AE0F2F73FFA00234FF47A7207F060FFC2
:10FA9000F368401B984216D263681B681868C368F5
:10FAA0009B07EED50123FF210DF1070207F078FF38
:10FAB0009DF907309DF80700002B01DA013FD5D1F1
:10FAC00005B0BDE8F08363681B681868EAE76368FF
:10FAD00001221B680DF10701186807F06DFFB8459A
:10FAE00098D1BCE7FF238DF80730F2F70BFA4FF4FB
:10FAF0007A72002307F02CFF0E4E05460AE0F2F75B
:10FB000001FA00234FF47A7207F022FF3369401B99
:10FB100098420BD263681B681868C3689A07EED5D1
:10FB200001220DF1070107F047FF9BE763681B689F
:10FB30001868F5E784200020F0B5036C044683B014
:10FB4000002B00F0B1802046FFF70CFC63681868BA
:10FB5000303007F00DFF63685B685A1C26D04FF009
:10FB6000000242EC4030FF238DF80730F2F7CAF96B
:10FB70004FF47A72002307F0EBFE4D4E05460AE083
:10FB8000F2F7C0F900234FF47A7207F0E1FE33690F
:10FB9000401B98427ED263681B681868C3689F0741
:10FBA000EED501220DF1070107F006FF217E11F0CD
:10FBB00001053CD129462046FFF704FE002854D118
:10FBC000012763685A68511C27D04FF0010343ECAA
:10FBD0004020FF238DF80730F2F794F94FF47A7242
:10FBE000002307F0B5FE324E05460AE0F2F78AF927
:10FBF00000234FF47A7207F0ABFE3369401B984242
:10FC000044D263681B681868C3689B07EED501225D
:10FC10000DF1070107F0D0FE63681868303007F077
:10FC20009BFE2046FFF7A2FB384603B0F0BD00253F
:10FC30002046657603F0F2FB204603F0F7FB2946E9
:10FC40002046FFF7BFFD68B3194E73681BB929E062
:10FC50007368AB4226D9002220461146FFF7B8FE52
:10FC6000FF2805F10105F3D0AAE7114E73681BB90F
:10FC700014E07368AB4211D900220D212046FFF732
:10FC8000A7FEFF2805F10105F3D099E763681B681B
:10FC90001868BCE763681B68186882E7237E43F036
:10FCA0000103237600278CE74030F1F779FC4AE71F
:10FCB000842000202DE9F04385B004460A2603F095
:10FCC000ADFB4FF001084FF000074B4D63685B68D8
:10FCD000581C23D048EC4030FF238DF80430F2F755
:10FCE00011F94FF47A72002307F032FE81460BE0DF
:10FCF000F2F708F900234FF47A7207F029FE2B6916
:10FD0000A0EB0900984263D263681B681868C36857
:10FD10009907EDD5012201A907F04EFE4FF0FF3300
:10FD2000CDE90133ADF80C30F2F7ECF84FF47A720C
:10FD3000002307F00DFE814660680A23002201A916
:10FD4000006807F03DFEF2F7DDF84FF47A72002309
:10FD500007F0FEFD8145EFD063685B685A1C24D034
:10FD600047EC4030FF238DF80330F2F7CBF84FF427
:10FD70007A72002307F0ECFD81460BE0F2F7C2F83F
:10FD800000234FF47A7207F0E3FD2B69A0EB090022
:10FD9000984221D263681B681868C3689B07EDD539
:10FDA00001220DF1030107F007FE686858B14FF01A
:10FDB0000009002220461146FFF70AFEFF280FD057
:10FDC00010F07E0F12D0013E80D105B0BDE8F08367
:10FDD00063681B6818689DE763681B681868DFE73D
:10FDE0006B6809F101099945E3D3ECE70128EAD1F1
:10FDF00005B0BDE8F08300BF84200020FF23F0B5EC
:10FE000087B004460F468DF816208DF81730F2F7AC
:10FE100079F84FF47A72002307F09AFD6D4E05468B
:10FE20000BE0F2F76FF800234FF47A7207F090FDC1
:10FE30007369401B984280F0BB8063681B68186838
:10FE4000C3689B07EDD501230DF117020DF11601D3
:10FE500007F08AFD9DF81730002B00F0A48062683F
:10FE60004FF40073394610680022FFF71FFB4FF470
:10FE700000713846FFF7B6F963684FF40071074622
:10FE80001868FFF74FFB63680146186807F058FDD4
:10FE9000002800F088803B0A8DF81730F2F732F81E
:10FEA0004FF47A72002307F053FD4A4D06460AE0EC
:10FEB000F2F728F84FF47A72002307F049FD2A6917
:10FEC000831B93427AD263681B681868C3689907DA
:10FED000EED501220DF1170107F06EFD8DF81770B8
:10FEE000F2F710F84FF47A72002307F031FD06465E
:10FEF0000AE0F2F707F800234FF47A7207F028FDC2
:10FF00002B69801B984261D263681B681868C368BC
:10FF10009A07EED501220DF1170107F04DFDFF23E1
:10FF20008DF81730F1F7EEFF4FF47A72002307F0E7
:10FF30000FFD06460AE0F1F7E5FF00234FF47A7261
:10FF400007F006FDEB68801B98423BD263681B6894
:10FF50001868C3689B07EED50123FF210DF1170236
:10FF600007F01EFD9DF8176006F01F03052B23D038
:10FF70002046FFF727FAC6F3400703970096C6F31B
:10FF80008007C6F3C0060346019640F2F331124AD9
:10FF90001248029703F01EFA4FF480662046296843
:10FFA000FFF710FC08B94FF48066304607B0F0BD8B
:10FFB00063681B68186846E70026EFE763681B68FC
:10FFC000186886E763681B681868C5E763681B687C
:10FFD00018689FE784200020AC8501105CA6011002
:10FFE00070B53E4D04462968FFF7ECFB60B16B68C5
:10FFF00000265BB1002209212046FFF7E9FCFF281B
:020000041001E9
:1000000024D010F07E0F01D0002070BD04F11A053D
:10001000102229462046FFF725FC0028F4D1A37EB4
:100020009B0918D0012BEFD10246A5EBD2035B7AD6
:1000300002F007010B4103F0010393400132162A3D
:1000400040EA0300F1D10130800270BD6B680136D7
:100050009E42CFD3D8E794F8211094F8220094F868
:10006000203001F00105C0F3801242EA850203F05E
:100070000105C01142EA852242EA4002880000F0F0
:1000800008000243880000F010000243880000F0DE
:1000900020000243880000F040000243880000F086
:1000A00080000243880000F4807094F823500243DB
:1000B000C911980200F4006042EA412394F82440F8
:1000C00018436B0005F001056D0045EAD41503F0F7
:1000D00004032B4302330130984070BD842000207C
:1000E000F0B5044683B0FFF73DF963681868303017
:1000F00007F03EFC63685B685A1C26D04FF0000294
:1001000042EC4030FF238DF80730F1F7FBFE4FF44F
:100110007A72002307F01CFC2D4E05460AE0F1F729
:10012000F1FE00234FF47A7207F012FC3369401B92
:10013000984244D263681B681868C3689F07EED56D
:1001400001220DF1070107F037FC2046FFF748FFB9
:10015000636807465A68511C27D04FF0010343ECEF
:100160004020FF238DF80730F1F7CCFE4FF47A7270
:10017000002307F0EDFB164E05460AE0F1F7C2FE3C
:100180004FF47A72002307F0E3FB3269431B93427A
:1001900019D263681B681868C3689B07EED50122F3
:1001A0000DF1070107F008FC63681868303007F0AC
:1001B000D3FB2046FFF7DAF8384603B0F0BD63689A
:1001C0001B681868BCE763681B681868E7E700BF2E
:1001D000842000202DE9F0470C290F4604461546DF
:1001E0009846964E84B002D0002940F0E8807368AB
:1001F0004FF00009002B00F085812A463946204641
:10020000FFF7E6FBFF28034600F0EC80B8F1000F93
:1002100001D0C8F80000050704D54FF4807004B081
:10022000BDE8F087410700F1E98010F0120F40F0BF
:10023000D08000F06005003D18BF0125262F4FEA51
:10024000850500F3CB80072F40F3B080083F052FD2
:1002500000F2AC80DFE817F00600AA00AA00AA00AE
:10026000DC00E30002236376FF238DF80F30F1F703
:1002700049FE4FF47A72002307F06AFB07460BE051
:10028000F1F740FE00234FF47A7207F061FBF36848
:10029000C01B984280F0268163681B681868C36899
:1002A0009A07EDD50123FF210DF10F0207F078FB2E
:1002B000FF239DF80F908DF80F304FEA0969F1F791
:1002C00021FE4FF47A72002307F042FB07460BE051
:1002D000F1F718FE00234FF47A7207F039FBF36848
:1002E000C01B984280F0028163681B681868C3686D
:1002F0009B07EDD50DF10F020123FF2107F050FB05
:10030000FF229DF80F308DF80F2049EA0349F1F7DD
:10031000F9FD4FF47A72002307F01AFB07460BE051
:10032000F1F7F0FD00234FF47A7207F011FBF36848
:10033000C01B984280F0DE8063681B681868C36841
:100340009907EDD50DF10F020123FF2107F028FBDE
:10035000FF229DF80F308DF80F204FEA032AF1F7A6
:10036000D1FD4FF47A72002307F0F2FA07460BE052
:10037000F1F7C8FD00234FF47A7207F0E9FAF36849
:10038000C01B984280F0BA8063681B681868C36815
:100390009A07EDD50123FF210DF10F0207F000FBB5
:1003A0009DF80F3043EA09034AEA0303B8F1000F4E
:1003B00001D0C8F80030A8B204B0BDE8F0873168B9
:1003C000FFF700FA00287FF412AF802004B0BDE8E8
:1003D000F087262F4FF400757FF735AF3A2F3FF4A3
:1003E00043AFE3E7736809F101099945FFF405AFED
:1003F000B8F1000FE9D0C8F80000E6E7082F08BF01
:1004000004234FF0020008BF637604B0BDE8F08714
:10041000204631680193FFF7D5F9019BC6E74FEA03
:100420000329FF238DF80F30F1F76CFD4FF47A723A
:10043000002307F08DFA07460DE000BF842000205E
:10044000F1F760FD00234FF47A7207F081FAF36848
:10045000C01B984261D263681B681868C3689B0719
:10046000EED50123FF210DF10F0207F099FA9DF857
:100470000F3053EA090399D099074CBF4FF48465B4
:100480004FF480654FEA832202F4806248BF42F055
:10049000200213F0040F18BF2A4613F0080F18BFEC
:1004A0002A4613F0100F08BF15469A0648BF45F0BC
:1004B00020055F0648BF45F400751E0648BF45F09D
:1004C00004059C0548BF45F40075D80448BF45F4B1
:1004D0000075990448BF45F004055A0448BF45F02B
:1004E000040563E763681B681868DBE663681B68DC
:1004F0001868FFE663681B68186823E763681B6871
:10050000186847E7B8F1000F0BD0262FC8F8003065
:100510000DDC072F0FDD002598E663681B6818685F
:100520009FE7262F09DC072FF5DC454643E73A2FE6
:1005300001D1002598E61D463BE73A2FF9D0454604
:1005400039E700BF0021FD2370B5426882B0044640
:1005500011738DF80430F1F7D5FC4FF47A72002353
:1005600007F0F6F9144E05460AE0F1F7CBFC00233C
:100570004FF47A7207F0ECF93369401B984217D2B6
:1005800063681B681868C3689B07EED5012201A940
:1005900007F012FA31682046FFF714F90022656867
:1005A0000D21204601AB6A61FFF714FE02B070BD59
:1005B00063681B681868E9E784200020F0B50446EA
:1005C00083B0FEF7CFFE63681868303007F0D0F9CB
:1005D00063685A68511C5FD04FF0000343EC402021
:1005E000FF238DF80730F1F78DFC4FF47A7200236A
:1005F00007F0AEF9314E05460AE0F1F783FC00231F
:100600004FF47A7207F0A4F93369401B98424CD238
:1006100063681B681868C3689F07EED501220DF157
:10062000070107F0C9F963681F7B002F37D15A68AB
:10063000511C27D04FF0010343EC4020FF238DF8DD
:100640000730F1F75FFC4FF47A72002307F080F96E
:100650001A4E05460AE0F1F755FC4FF47A72002372
:1006600007F076F93269431B934222D263681B6814
:100670001868C3689B07EED501220DF1070107F04A
:100680009BF963681868303007F066F92046FEF77A
:100690006DFE384603B0F0BD1F7B002FF2D0204620
:1006A000FFF750FF63680746C1E763681B68186877
:1006B000B4E763681B681868DEE700BF8420002089
:1006C0002DE9F04F04468BB0CDE903320791FEF7D8
:1006D00049FE63681868303007F04AF963685B6860
:1006E0005A1C00F02D824FF0000242EC4030FF23F4
:1006F0008DF82430F1F706FC4FF47A72002307F0EE
:1007000027F9934E05460BE0F1F7FCFB4FF47A72A4
:10071000002307F01DF93269431B934280F00C82DD
:1007200063681B681868C3689B07EDD5012209A997
:1007300007F042F973680593DDE903231344069338
:10074000237E13F0030340F0CB80039A002A00F0CD
:10075000C780E26B0699914200F2C2806268117B09
:10076000002940F0E680039B3168012B00F01E81D8
:100770002046FFF727F8002863D07368CBB1002527
:1007800012212046049AFFF723F9FF28034600F0C0
:100790003C811D0700F1CA80580700F1D38113F096
:1007A000120F02D04FF400754CE013F0600F40F0D0
:1007B00097804FF0000B4FF0FF095D465F46039BAB
:1007C000DDF81CA00DF124080193F1F79BFB4FF419
:1007D0007A72002307F0BCF8834602978DF82490C4
:1007E000F1F790FB4FF47A72002307F0B1F8074657
:1007F0000BE0F1F787FB00234FF47A7207F0A8F8BB
:10080000F368C01B984280F0068163681B68186813
:10081000C3689907EDD501234246FF2107F0C0F8D0
:100820009DF82430FE2B00F0FA80F1F76BFB0023DB
:100830004FF47A7207F08CF83368A0EB0B00984203
:10084000CCD3802573680027002B4ED000220C21CA
:100850002046FFF7BDF8FF2800F0CD8010F00C0F08
:1008600000F0BD8063685A68511C26D04FF0010328
:1008700043EC4020FF238DF82430F1F743FB4FF485
:100880007A72002307F064F807460BE0F1F73AFBB1
:100890004FF47A72002307F05BF83269C31B93426E
:1008A00080F0468163681B681868C3689B07EDD5B4
:1008B000012209A907F080F863681868303007F052
:1008C0004BF82046FEF752FD28460BB0BDE8F08FEE
:1008D00012F0600F316800F01E812046FEF772FFB3
:1008E000736804250027002BB0D131682046FEF73D
:1008F00069FF059B013B05937FF422AFB2E71346E6
:10090000039ABB46012A00F0098172681D46002A3D
:1009100000F0008100220C212046FFF759F8FF2843
:10092000024600F01C81050740F10E814FF48075EE
:1009300088E713736FF002038DF82430F1F7E2FAC1
:100940004FF47A72002307F003F805460DE000BF6C
:1009500084200020F1F7D6FA4FF47A72002306F0D3
:10096000F7FF3269431B93424BD263681B681868D8
:10097000C3689F07EED50DF124080122414607F018
:100980001BF831682046FEF71DFF002260680D212C
:10099000426143462046FFF71DFC054600287FF4D0
:1009A00051AF039B3168012B7FF4E2AE2046FEF786
:1009B00009FF00283FF445AF7368002B3FF4F9AE00
:1009C000002511212046049AFFF702F8FF2803466C
:1009D0007FF4DFAE736801359D42F2D331E710F04A
:1009E000120F316803D110F0600F3FF47FAF204643
:1009F000FEF7E8FE36E7736801379F42FFF426AF43
:100A000030E763681B681868B5E7736801359D4275
:100A1000FFF4B6AE15E763681B681868FBE6636809
:100A20005246186800214FF40073029FFEF73EFD06
:100A30003DB128464FF40071FEF7D4FBB8427FF475
:100A400075AF63684FF400711868FEF76BFD63685B
:100A50000146186806F074FF00283FF4F2AE8DF8E6
:100A60002490F1F74FFA4FF47A72002306F070FFEA
:100A700005460AE0F1F746FA00234FF47A7206F0D1
:100A800067FFF368401B984240D263681B68186890
:100A9000C3689A07EED501234246FF2106F080FF86
:100AA0009DF824708DF824903F02F1F72BFA4FF453
:100AB0007A72002306F04CFF05460AE0F1F722FAAD
:100AC00000234FF47A7206F043FFF368401B98420C
:100AD00018D263681B681868C3689B07EED50123AA
:100AE0004246FF2106F05CFF019A9DF82430013A4E
:100AF00047EA030755460AF5007301923FF4FFAE3B
:100B00009A4662E663681B681868E8E763681B68D2
:100B10001868C0E731682046FEF754FE50464FF48F
:100B20000071FEF75FFB83457FF400AF002599E677
:100B300063681B681868BBE663681B681868F5E59E
:100B40000A4EF7E502257DE65007FBD412F0120F9E
:100B50003FF4BEAE20463168FEF734FE22E67368ED
:100B600001359D42FFF4D6AE6BE600BF8420002025
:100B70002DE9F04F83B0002800F0A9801D46037EC8
:100B8000064613F0030440F0A280002D00F09F8081
:100B90009046C26B05EB08039A4240F298800F46DC
:100BA000FEF7E0FB73681868303006F0E1FE73680A
:100BB0005A68511C27D044EC4020FF238DF80430A4
:100BC000F1F7A0F94FF47A72002306F0C1FEDFF8C6
:100BD0001C9304460CE0F1F795F900234FF47A7268
:100BE00006F0B6FED9F81030001B984280F02C8138
:100BF00073681B681868C3689B07ECD5012201A9BC
:100C000006F0DAFE7368012D00F02681DFF8DCA221
:100C1000DAF804901A7B52B11A69424500F0D88084
:100C20003046FFF78FFC0446002840F0AD80304688
:100C3000DAF80010FEF7C6FD002800F0A280DAF80E
:100C400004300024002B52D0424619213046FEF7D2
:100C5000BFFEFF2800F08F8003073DD54FF480745E
:100C600073685A68511C27D04FF0010343EC4020B1
:100C7000FF238DF80430F1F745F94FF47A72002321
:100C800006F066FE994F05460BE0F1F73BF90023AD
:100C90004FF47A7206F05CFE3B69401B984280F08C
:100CA000D78073681B681868C3689B07EDD501225D
:100CB00001A906F081FE73681868303006F04CFE1A
:100CC0003046FEF753FB204603B0BDE8F08F042406
:100CD000204603B0BDE8F08F440776D410F0120F21
:100CE00073685BD110F0600F02D00424B9E7736819
:100CF0005D6105E0013D07F5007708F1010834D09A
:100D0000FC2239463046FFF779F804460028F1D036
:100D1000736830465C69FFF715FC3046DAF800105E
:100D2000FEF750FDC8B1DAF804304FF0000BC3B342
:100D3000002237213046FEF74BFEDAF8001030462D
:100D4000FEF740FD002216213046FEF741FEFF2847
:100D500000F0A28010F07E0F23D0B9F10109736872
:100D60007FF458AF4FF480647BE701227368C3F8C7
:100D700010801A7375E7DAF8043001349C42FFF4EE
:100D800063AF802473686CE7B0F5806F73687FF49D
:100D900068AFB9F101097FF43DAF62E74FF4007429
:100DA0005FE7042230460DEB0201FEF75BFD019B7D
:100DB0001BBA0028D1D1B9F10109A4EB030573686E
:100DC000D0D0002D7FF426AFCCE70224736848E72B
:100DD0005A692A445A6105E0013D07F5007708F198
:100DE0000108C2D0FC2239463046FFF707F8044616
:100DF0000028F1D0736830465C69FFF7A3FB3046EA
:100E0000DAF80010FEF7DEFC0028A6D0DAF804308D
:100E10004FF0000B002BC4D0002237213046FEF7E4
:100E2000D7FDDAF800103046FEF7CCFC0022162180
:100E30003046FEF7CDFDFF288CD1DAF804300BF1F7
:100E4000010B9B45E8D388E773681B681868D5E6F3
:100E500073681B6818682AE71B7B2BB13046FFF7C5
:100E600071FB04460028B1D1DFF880A03046DAF8E3
:100E70000010FEF7A7FCE0B1DAF80430DBB1002483
:100E8000424618213046FEF7A3FDFF280CD001078B
:100E90001ED54FF4807499E7DAF804300BF1010B9A
:100EA0009B45FFF445AF58E7DAF8043001349C4223
:100EB000E6D380248AE7FE2239463046FEF79EFFBD
:100EC00000220D21304601ABFFF784F904467DE78F
:100ED00042073FF57AAF10F0120F04D110F0600F07
:100EE000E9D0042472E74FF400746FE784200020F7
:100EF0002DE9F043044683B0FEF734FA2046FEF7AE
:100F000039FA237E13F0020240F01C81D90740F128
:100F100019816368627618681546303006F028FD3E
:100F200063685B685A1C24D045EC4030FF238DF881
:100F30000430F0F7E7FF4FF47A72002306F008FD63
:100F4000AC4E05460BE0F0F7DDFF00234FF47A725C
:100F500006F0FEFC3369401B984280F09D81636877
:100F60001B681868C3689F07EDD5012201A906F028
:100F700023FD2046FEF79EFE012840F0EA80002572
:100F80004FF4D5720821204601AB0195FFF722F9F5
:100F9000002800F01181022840F0E1800325954EE1
:100FA00020463168FEF70EFC68B173686BB100270C
:100FB00001223B212046FEF70BFDFF2800F07F8138
:100FC00010F07E0F01D0013DEAD100223A212046E7
:100FD00001ABFFF7FFF8002840F0C180019BD90268
:100FE00040F1F580677EA7F10207B7FA87F77F091E
:100FF000BF07F0F787FF4FF47A72002306F0A8FCD2
:101000008046D6F8009049462046FEF7DBFB0028D4
:1010100000F0E3807368002B00F0FD8100250022C2
:1010200037212046FEF7D4FC31682046FEF7CAFB84
:101030003A4629212046FEF7CBFCFF2800F0D2805B
:101040000207019000F0010300F1C480450700F1A0
:101050003C8110F0120F00F02B814FF4007563B14A
:10106000F0F750FF4FF47A72002306F071FCD6F8C7
:101070000090A0EB08004845C5D3002D40F0FF814B
:10108000019D002D40F0C981637E022B00F0068295
:101090000123637620463168FEF794FB00285ED07A
:1010A0007368B3B1002237212046FEF791FC316806
:1010B0002046FEF787FB00222A212046FEF788FC07
:1010C000FF2800F0FB8110F01E0F48D110F0600FD8
:1010D00045D1637E032B00F099804FF4CC61464AE2
:1010E000464802F077F963685A68511C26D04FF0E1
:1010F000010343EC4020FF238DF80430F0F702FF9A
:101100004FF47A72002306F023FC05460BE0F0F75B
:10111000F9FE00234FF47A7206F01AFC3369401B83
:10112000984280F0C18063681B681868C3689F0795
:10113000EDD5012201A906F03FFC63681868303044
:1011400006F00AFC2046FEF711F9207E03B0BDE848
:10115000F08340F282512A4A2A4802F03BF940F2D9
:101160005A61294A254802F035F963685A68511CCA
:10117000E4D04FF0010343EC4020FF238DF804300E
:10118000F0F7C0FE4FF47A72002306F0E1FB194E2F
:1011900005460AE0F0F7B6FE00234FF47A7206F037
:1011A000D7FB3369401B98427ED263681B6818687E
:1011B000C3689F07BDD4EDE7637E022B7FF4EEAEDC
:1011C000019BC3F30B03B3F5D57F3FF4E7AE0423D4
:1011D0006376C4E74FF4807541E7019B802503F0F7
:1011E00001033CE7736801359D42FFF418AF802589
:1011F000019035E7842000206886011078A6011050
:10120000F885011068A601104C860110204602F0F6
:10121000FFF82046FEF7E4FEE063002800F0D280ED
:1012200020463168FEF7CEFA70B173680025002BB6
:101230004DD000220A212046FEF7CAFBFF2800F00D
:10124000278110F07E0F42D063685A68511C3FF42A
:1012500075AF4FF0010343EC4020FF238DF80430BD
:10126000F0F750FE4FF47A72002306F071FB05464A
:101270000AE0F0F747FE00234FF47A7206F068FBAD
:101280003369401B98420FD263681B681868C368B3
:101290009F073FF54EAFECE7636801221B6801A989
:1012A000186806F089FB64E663681B68186840E705
:1012B00000F06005003D18BF0125AD00CFE6736862
:1012C00001379F42FFF474AE7DE60225C7E6102287
:1012D000204604F12A01FEF7C5FA0546002840F031
:1012E000A58020463168FEF76DFA002841D073686A
:1012F00053B14FF4007210212046FEF769FBFF281E
:1013000033D010F07E0F34D1237E626823F00103C6
:1013100023765368581C26D04FF0010242EC40302F
:10132000FF238DF80430F0F7EDFD4FF47A720023BF
:1013300006F00EFB05460BE0F0F7E4FD00234FF44A
:101340007A7206F005FB3369401B984280F0BC803E
:1013500063681B681868C3689B07EDD5012201A963
:1013600006F02AFB62681068E9E6736801359D4261
:10137000BFD363685A68511C3FF4E0AE4FF00103DD
:1013800043EC4020FF238DF80430F0F7BBFD4FF411
:101390007A72002306F0DCFA05460BE0F0F7B2FDA6
:1013A00000234FF47A7206F0D3FA3369401B984257
:1013B000BFF47AAF63681B681868C3689A073FF583
:1013C000B8AEEBE763685A68511C3FF4B7AE4FF014
:1013D000010343EC4020FF238DF80430F0F792FD29
:1013E0004FF47A72002306F0B3FA05460BE0F0F7EB
:1013F00089FD00234FF47A7206F0AAFA3369401B84
:101400009842BFF451AF63681B681868C3689F07B0
:101410003FF58FAEEBE7019332E6042340F2B25181
:101420002B4A63762B4801F0D5FF52E663685A6871
:10143000511C3FF483AE4FF0010343EC4020FF23E7
:101440008DF80430F0F75EFD4FF47A72002306F059
:101450007FFA05460BE0F0F755FD00234FF47A7252
:1014600006F076FA3369401B9842BFF41DAF6368FB
:101470001B681868C3689F073FF55BAEEBE7042362
:1014800040F2B251124A6376124801F0A3FF66E6B9
:10149000736801359D42FFF4CCAED5E62A463A2169
:1014A000204601ABFEF796FE00287FF4F3AD019BCA
:1014B00058007FF5EFAD03236376EBE573680135E4
:1014C0009D42FFF4EFAD4AE663681B68186845E784
:1014D0003086011068A60110F0B50446436883B059
:1014E0001868303006F044FA2046FEF7E3FB6368E4
:1014F00007465A68511C27D04FF0010343EC4020A7
:10150000FF238DF80730F0F7FDFC4FF47A720023CB
:1015100006F01EFA124E05460AE0F0F7F3FC4FF40F
:101520007A72002306F014FA3269431B934212D2F6
:1015300063681B681868C3689B07EED501220DF12C
:10154000070106F039FA63681868303006F004FACB
:10155000384603B0F0BD63681B681868EEE700BF4B
:1015600084200020F8B50446144A154D1549C0E9F9
:10157000B052DFF860C04268134F144E144BC0E9FC
:10158000B376C0F8BCC2C0F8C8125068C4F8B8320C
:10159000431C0DD0EFF7CCFC62684FF0010350689C
:1015A00043EC400043EC440043EC4000137A03B9A1
:1015B000F8BD517ABDE8F840EFF79ABCC1060110BA
:1015C000710B0110BD050110E100011039FB001085
:1015D000F10E011069F70010F8B505460024FDF77B
:1015E000C1FE2B7E6A6843F001032B766C76176888
:1015F00044EC407044EC4470224621463846EFF7F4
:1016000055FC38461F21EFF733FC6B685F6844ECEC
:10161000407044EC4470224621463846EFF746FCC1
:1016200038461F21EFF724FC6B689F6844EC40703C
:1016300044EC4470224621463846EFF737FC3846E2
:101640001F21EFF715FC6B68DF6844EC407044EC39
:101650004470224621463846EFF728FC38461F21C1
:10166000EFF706FC6B681F6944EC407044EC447073
:10167000224621463846EFF719FC38461F21EFF77E
:10168000F7FB6B685F6944EC407044EC44702246A1
:1016900021463846EFF70AFC38461F21EFF7E8FBF2
:1016A0002846BDE8F840FDF761BE00BF30B5037EB7
:1016B000044613F0010383B011D1426801930D2158
:1016C000926B01AB01F030F800280CBF0120002024
:1016D00003D0237E43F00103237603B030BD052001
:1016E000F0F754FD07EE900A9FED127AF8EE677A54
:1016F000C7EE877A204617EE901A01F029FC0028E1
:10170000EBD0002300251A461946204601F00CF8BC
:1017100001AB4FF4D57208212046019501F004F881
:10172000019BB3F5D57F08BFA8420CBF0120002064
:1017300003B030BD0050C34930B50C4690F840505E
:1017400083B0082D98BF084BC16398BF53F825306C
:101750004FF0490188BF054B054A019500940548A3
:1017600001F038FE03B030BD8CA601109886011040
:10177000A886011020A70110837E9B0918D0012B99
:1017800001D00020704700210A461A30A0EBD20396
:101790005B7A02F0070C43FA0CF303F00103934069
:1017A0000132162A41EA0301F0D101318802704763
:1017B00000B590F8211090F822C090F8203001F088
:1017C000010ECCF3801242EA8E0203F0010E4FEAC2
:1017D000EC1C42EA8E2242EA4C024FEA810C0CF0E9
:1017E000080C42EA0C024FEA810C0CF0100C42EAA1
:1017F0000C024FEA810C0CF0200C42EA0C024FEA7A
:10180000810C0CF0400C42EA0C024FEA810C0CF007
:10181000800C42EA0C024FEA810C0CF4807C90F8B8
:1018200024E042EA0C02C91190F823C0980200F4A7
:10183000006042EA412318430CF001034FEA4C02D6
:101840005B0043EADE1302F004021343023301306B
:1018500098405DF804FB00BF2DE9F041044686B0D6
:101860000520F0F793FC07EE900A9FEDA67AF8EEBC
:10187000677AC7EE877A204617EE901A01F068FB68
:1018800038B3052500260120F0F74AFA0023204648
:101890001A461946059600F047FF4FF4D572082105
:1018A000204605AB00F040FF18B9059BB3F5D57F86
:1018B00013D0013DE7D1059DB5F5D57F00D160B1CD
:1018C0007721914BCDE90105904A1846009101F02E
:1018D00081FD002006B0BDE8F081F0F713FB4FF466
:1018E0007A72002306F034F8894F0646D4F8048053
:1018F0001EE0D4F8048029212046864A08F13403EA
:1019000001F0C4F8054688F8400000282ED1F0F711
:10191000F9FA00234FF47A7206F01AF83B6B801B39
:10192000984230D8D4F80480D8F83430002B30DB1B
:1019300000223721204605AB00F0F6FE88F8400073
:101940000028D6D07F2263687F2493F84000DA63B2
:10195000082896BF704B714B53F8203001904921F5
:101960006F4A00946F4801F035FDB2E7802263684A
:10197000802493F84000DA63082896BF664B674BD3
:1019800053F82030EAE78821674A5F4801F022FDDA
:101990009FE72A460221204604F12A0300F06AFF4D
:1019A000024688F84000002840F0848065680321E2
:1019B000204605F1380300F0B7FE85F84000002806
:1019C00040F08580666804F11A052B4609212046FF
:1019D000B26B00F04FFF86F84000002840F0848092
:1019E000A37E9B0900F0A280012B00F0FC806568BB
:1019F000E06307212046AA6B05AB00F095FE85F851
:101A00004000002840F0D58065683721AA6B204649
:101A100005AB00F089FE024685F84000002840F042
:101A2000D5802A21204605AB656800F07DFE85F84B
:101A30004000002840F0E980656837212046AA6B05
:101A400005AB00F071FE85F84000002840F0EA8008
:101A500002220621204605AB656800F065FE85F888
:101A60004000002840F0EB804FF400721021204627
:101A700005AB656800F058FE85F84000002840F08E
:101A8000EC8063685D6A002D00F0DE800520F0F7D1
:101A90007DFBAD0007EE100A07EE905AB8EE477ACC
:101AA000F8EE677AC7EE277A204617EE901A01F013
:101AB0004FFA0FE791226368912493F84000DA63AC
:101AC000082896BF144B154B53F8203046E79A224E
:101AD00063689A2493F84000DA63082896BF0E4B97
:101AE0000E4B53F8203039E7A2226368A22493F802
:101AF0004000DA63082896BF074B084B53F82030A4
:101B00002CE700BF0050C3492CA70110C886011064
:101B100084200020000004D08CA6011098860110BB
:101B2000A886011020A701101487011094F8212025
:101B300094F8220094F8201002F00105C0F38013FD
:101B400043EA850301F00105C01143EA852343EA16
:101B500040038802910001F008010B43910001F05D
:101B600010010B43910001F020010B43910001F0A3
:101B7000400195000B4305F080052B43950005F4CB
:101B8000807594F82310D2112B4343EA422300F4CA
:101B9000006018434A0001F0010394F824105B0030
:101BA00002F0040243EAD113134301300233984098
:101BB0001DE7AC226368AC2493F84000DA63082880
:101BC00096BF2C4B2C4B53F82030C7E6BB226368E2
:101BD000BB2493F84000DA63082896BF254B264BB8
:101BE00053F82030BAE60346A5EBD302527A03F04D
:101BF00007010A4102F001029A400133162B40EA24
:101C00000200F1D101308002F1E6BC226368BC24FD
:101C100093F84000DA63082896BF164B164B53F82A
:101C200020309BE6C4226368C42493F84000DA6342
:101C3000082896BF0F4B104B53F820308EE6C52175
:101C40006068FFF779FD44E60520F0F79FFA0C2263
:101C5000B0FBF2F563685D6218E76068CA21FFF7C0
:101C60006BFDCC21054B064A1846009101F0B2FBF2
:101C70002FE600BF8CA60110988601102CA701103A
:101C8000388701102DE9F0410446FDF76BFB204633
:101C9000FDF770FB237E13F0020566D1DB0764D5E8
:101CA000636865764FF001061F6846EC407046ECAD
:101CB000447001212A463846EFF7F8F838460721E4
:101CC000EFF7D6F863685F6846EC407046EC447006
:101CD00001212A463846EFF7E9F838460721EFF7A1
:101CE000C7F863689F6846EC407045EC447001217A
:101CF0002A463846EFF7DAF838460721EFF7B8F802
:101D00006368DF6846EC407045EC447001212A4668
:101D10003846EFF7CBF838460721EFF7A9F86368A4
:101D20001F6946EC407045EC447001212A46384654
:101D3000EFF7BCF838460721EFF79AF863685F6958
:101D400046EC407045EC447001212A463846EFF7D6
:101D5000ADF838460721EFF78BF82046FFF77CFDFA
:101D600018B1237E23F0010323762046FDF7FEFA07
:101D7000207EBDE8F08100BF00222DE9F0414668D9
:101D800084B00C4603AB0C2186F8BC22054600F05B
:101D9000CBFC86F8400070BB1CB9012004B0BDE844
:101DA000F081F0F7AFF84FF47A72002305F0D0FD20
:101DB00001274FF05048064603E0D8F8043023428C
:101DC0000DD1F0F79FF84FF47A72002305F0C0FDB3
:101DD0006C68801BA468C72807FA04F4EDD94FF09B
:101DE00050435B682342D8D14FF489710F4A1048A1
:101DF00001F0F0FA15E040F2031240F203146B68B0
:101E0000492193F84000DA63082898BF094B0190F4
:101E100094BF53F82030084B084A0948009401F059
:101E2000D9FA002004B0BDE8F08100BF5C87011042
:101E300004A701108CA6011098860110A886011035
:101E400020A7011038B50546FDF78CFA6B6893F8AA
:101E5000BC4224B92846FDF789FA204638BD012145
:101E60002846FFF789FF80F00103DBB22846DC013A
:101E7000FDF77CFA204638BDF0B54768044697F870
:101E8000BC320E46154685B0002B39D1AB073ED18A
:101E900032461821204602AB00F046FC87F840008D
:101EA00000283FD1294601222046656800F0D2FF74
:101EB00085F84000656800284CD1204603A901F050
:101EC00005F885F84000656895F840000128F4D0D1
:101ED00088B1082896BF274B274D53F820504FF460
:101EE000A1713346CDE90050244A254801F072FA29
:101EF000636893F84000B0FA80F0400905B0F0BD87
:101F00000121FFF739FF10B3AB076768C0D029463E
:101F100007F144004FF4007203F050F8676807F1CE
:101F20004405B5E740F23512636840F2351493F882
:101F30004000DA63082896BF0E4B0F4B53F8203051
:101F4000019049210F4A1048009401F043FA002003
:101F500005B0F0BD4FF49B7395F84000EB63082883
:101F600098BF044B4FF49B7494BF53F82030024B3E
:101F7000E6E700BF8CA6011098860110808701104B
:101F8000F0A60110A886011020A701102DE9F0434A
:101F90001F46930706460C4687B014D0002F61D029
:101FA00015460F4401E0BC425CD02A46214630462B
:101FB000FFF762FF013405F500750028F3D100201A
:101FC00007B0BDE8F0834568904695F8BC32002B19
:101FD00037D10DF114094B4622461921304600F045
:101FE000A3FB85F8400000284AD141463A463046D6
:101FF000756800F02FFF85F84000002856D17568FD
:102000004946304600F062FF85F84000756895F853
:1020100040100129F4D0F9B1082996BF324B33485A
:1020200053F821000291CDE9007023464FF4B571B9
:102030002F4A304801F0CEF901213046FFF79CFECF
:10204000BDE7D5F8C0328B4210D00121FFF794FED6
:102050000028B4D07568BCE701233C44C5F8C042F1
:1020600085F8BC32012007B0BDE8F08311463A463E
:1020700000F0F0FE85F8400038BB0DF11409BEE712
:1020800040F25D1240F25D14736893F84000DA6329
:10209000082896BF144B154B53F820300190492166
:1020A000154A0094154801F095F988E74FF4AF728E
:1020B00073684FF4AF7493F84000DA63082896BF52
:1020C000094B0A4B53F82030E8E740F25512736889
:1020D00040F2551493F84000DA63082896BF024B8B
:1020E000024B53F82030D9E78CA6011098860110D6
:1020F000AC870110D8A60110A886011020A70110F6
:10210000F8B51C4605460F461646FDF72BF9012C7F
:102110000FD023463A4631462846FFF737FF04469C
:102120002846FDF723F984F00100800200F47C408A
:10213000F8BD3A4631462846FFF79EFE0446EFE7D3
:102140002DE9F0414568044695F8BC320F46164625
:1021500084B0002B49D1B3070CBFB04605F1440849
:102160004FF4007301224146204600F0DDFC85F863
:10217000400000283FD13A461121204603AB656854
:1021800000F0D2FA85F84000656800284CD1802123
:10219000204600F08BFD85F84000656895F840000A
:1021A0000128F4D078B1082896BF274B274A53F866
:1021B0002020019000923B4640F29711244A254886
:1021C00001F008F96568B04507D005F144014FF406
:1021D0000072304602F0F2FE656895F84000B0FAF1
:1021E00080F0400904B0BDE8F0810121FFF7C4FD93
:1021F000B0B16568AFE740F28B12636840F28B14B0
:1022000093F84000DA63082896BF0F4B0F4B53F842
:10221000203001904921104A1048009401F0DAF86A
:10222000002004B0BDE8F0814FF4C67395F840007B
:10223000EB63082898BF044B4FF4C67494BF53F85F
:102240002030024BE5E700BF8CA6011098860110F4
:10225000E0870110C4A60110A886011020A7011074
:102260002DE9F0411F464368064693F8BC320C4600
:10227000904686B0002B59D118F0030F454613D075
:10228000002F4FD0274401E0BC424BD02A462146C4
:102290003046FFF755FF013405F500750028F3D1EE
:1022A000002006B0BDE8F081F36BE2199A42E7D254
:1022B00041464FF400733A463046756800F034FCEE
:1022C00085F84000002837D122461221304605AB60
:1022D000756800F029FA85F840007568002846D135
:1022E0008021304600F0E2FC85F84000756895F8E2
:1022F0004020012AF4D0002A34D0082A96BF234B6C
:10230000234853F822000292CDE9007023464FF48F
:10231000E271204A204801F05DF801213046FFF7C4
:102320002BFDBDE7012006B0BDE8F0810121FFF7DC
:1023300023FD0028A0D1B3E74FF4DC724FF4DC7426
:10234000736893F84000DA63082896BF0F4B104B70
:1023500053F8203001904921104A0094104801F0B0
:1023600039F89DE701213046FFF706FD99E740F275
:10237000B91395F84000EB63082898BF034B40F26F
:10238000B91494BF53F82030014BE3E78CA6011039
:10239000988601100C880110B0A60110A8860110C3
:1023A00020A70110F8B51C4605460F461646FCF757
:1023B000D9FF012C0ED023463A4631462846FFF776
:1023C0004FFF04462846FCF7D1FF84F00100C0B25D
:1023D000C001F8BD3A4631462846FFF7B1FE044633
:1023E000F0E700BF2DE9F0434FF001094268DFF844
:1023F00054809368DFF850E003F11E0101F01F01E3
:102400001160DFF848C003EB09010A4F0A4E0B4D7B
:102410000B4CD160991C033311615361C0E9AE8E3E
:10242000C0E9B0C7C0E9B26580F81890C0F8D042E2
:10243000BDE8F083A5230110451E01107917011096
:10244000AD160110851C0110D915011001210110D4
:102450002DE9F84F044643684FF08008D3F86C220A
:10246000D3F85012986903F51C73F4F7C3FD4FF0CD
:10247000FF3C6368454A9969D3F8444201F12F4013
:1024800000F56000050DD3F8500202EA443200EB7B
:10249000C505D3F8486242EA454222F4F0324FEAD9
:1024A000841BD3E9A2570BF1A04B05EB472A42EA64
:1024B0004632D3E9A8E942F08075CBF800A000F1DC
:1024C000040A45F0190501EB8A0ACBF804A0CBF801
:1024D0000880CBF81050B501C3F8B0C2C3E9AA9E7A
:1024E000D3F81CC005F1A04503F52A732B60032324
:1024F00022F0807242F01902BCF10A0FC5F804A064
:10250000AB602A6137D0BCF10B0F2AD04FF4836641
:1025100046F2200300EB400201EBC20201EB800512
:102520002E61C2F8D83001231F2603FA04F4834039
:1025300046F240002E61C2F8D8004EF20F00C2F8F9
:10254000D8004EF28F00C2F8D8004FF0A0426FF0D2
:102550000F002861C2F850440A6813430B60BDE8BD
:10256000F88F01234FF0A045094AB340C5F81C3449
:10257000C2F81434CAE701234FF0A045044AB3401F
:10258000C5F80C34C2F80434C0E700BFFDFF01FCFD
:10259000002000500123F0B54FF0A04604464568E6
:1025A00083B0D5F8442293409201C6F86434324493
:1025B000D3685901FCD40121D5F848329A019940D9
:1025C00002F1A042C6F86414D3685B01FCD4EB6945
:1025D0000A2B19D00B2B13D0D5F85012A869AA6872
:1025E0000125002706688D4026EA050606600423BB
:1025F0000097F4F7B9FC636883F8807203B0F0BD0C
:10260000034BC3F81414E7E7014BC3F80414E3E7E2
:1026100000300050090441EA1241120470B442F43F
:10262000807241F03D540BB1013B1A434FF000461C
:10263000134BC4F307455D5DC4F3072C85EA0C0515
:102640005D5DC9B26940595CD0F84C5281EA1261B3
:1026500013F801C08169C2F3074080EA0C001B5CDB
:1026600042EA032205EB450301EBC30303F586535E
:1026700001EB85011E611E610C610A6170BC70472F
:10268000A0A701108B0000EB8101884248D20246CE
:102690000020014610B503F1FF3C2CF00F0C02F1B5
:1026A00020039C44103252E9044394FA84FE8EEADB
:1026B0001E4E8EEA010E8EEA114E80EA1E301BBAC3
:1026C00080EA0E4083EA134352F8081C434083EA31
:1026D00010438EEA0E5E8EEA133E09BA8EEA034E6E
:1026E00081EA114152F8040C81EA0E0181EA1E418F
:1026F00083EA035383EA113300BA83EA014380EA91
:102700001040584080EA134381EA0151103281EAB7
:102710001331944583EA035081EA0341C3D110BDCC
:1027200000200146704700BF2DE9F043B3F10008D7
:10273000044614BF30230023406883B08946FFF766
:1027400069FFEFF7DFFB4FF47A72002305F000F921
:10275000B8F1000F05460CBF012602263F4F0AE0E4
:10276000EFF7D0FB00234FF47A7205F0F1F8FB6924
:10277000401B984235D863689869D3F84C12C268F8
:10278000CB000433DA4002F00F029642E8D8B8F1E9
:10279000000F4AD000EB81010A6A314B150E5C5DD7
:1027A000C2F3074060401C5CC2F307206040185C25
:1027B000D4B2096A6040185CC1F3072460401E5C13
:1027C00001F0FE00864234D1A94502D0B9F1290FAB
:1027D00039D144EA0224C8F80040002003B0BDE823
:1027E000F083B9F1080F07D01E4BBA2118461E4AD4
:1027F000CDF8009000F0EEFD64684FF00045D4F88D
:102800004C22A16902EB420201EBC20319460220ED
:1028100003F586531D611D61D4F8543203F01F0384
:10282000C1F8D83003B0BDE8F083083150F821304A
:10283000D3E701904B46D7210C4A0A48009600F096
:10284000C9FD0320CAE7DF23CDE900951946084AF0
:10285000044800F0BFFD0420C0E700BF8420002032
:10286000A0A701106CA70110048A0110488A01106A
:10287000948A01102DE9F04F4FF0004A0446406859
:1028800087B0D0F84C62876906EB460E07EBCE0E98
:102890000EF5865ED0F844C2CEF810A0CEF810A097
:1028A00006F1040E083607F12F4807EB86070526C8
:1028B000734D08F560084FEA18580EEBC80E05EA8C
:1028C0004C3545EA4E454FEA8C1C0CF1A04C0DF1FD
:1028D000040B45F04905CCF800709946CCF804B0DB
:1028E0008823CCF80860CCF80C50FFF793FEEFF784
:1028F00009FB4FF47A72002305F02AF84FF0A04745
:102900000546604E0BE0EFF7FDFA00234FF47A72B4
:1029100005F01EF8336A401B984200F28880636815
:10292000D3F84422930103F1A04319694901EAD481
:10293000012101FA02F2C7F86424DA6812F0806219
:10294000FBD114460199504B4FEA114C5FFA8CF0C1
:10295000185CC1F307277840185CCEB270401D5C4C
:102960006CF30704029867F30F2466F31744060E0E
:10297000754066F31F641646C9F800405C5D154655
:10298000C0F307477C401C5D67F30702C0F30727CD
:102990007C401C5DC0B2444067F30F221F5D60F3B2
:1029A0001742DDE903404FEA146C8CEA07076CF329
:1029B0001F62C9F80420DA5DC4F307477A409A5CC5
:1029C00067F30706C4F307277A409A5CE4B26240D3
:1029D0009A5C67F30F2664F31746040E62409A5C14
:1029E00064F31F66C0F3074462409A5C64F3070512
:1029F000C0F3072462409A5CC0B242409A5C64F320
:102A00000F259DF8143060F3174563F31F6503F03D
:102A1000FE039A42C9F80860C9F80C502CD1080E80
:102A20003F3818BF0120800007B0BDE8F08F0123B8
:102A30006468D4F844128A018B4002F1A042C7F8BE
:102A40006434D3685801FCD4D4F84C224FF00045CC
:102A5000A16902EB420201EBC2031946022003F511
:102A600086531D611D61D4F8543203F01F03C1F871
:102A7000D83007B0BDE8F08F032007B0BDE8F08F75
:102A8000FDFF01FC84200020A0A70110F8B51F461F
:102A9000044630234068FFF7BDFDEFF733FA4FF4EB
:102AA0007A72002304F054FF1E4E05460AE0EFF749
:102AB00029FA00234FF47A7204F04AFF736A401B2C
:102AC000984216D863689869D3F84C32C268D90026
:102AD0000431CA4012F00E0FE9D0002400EB83034A
:102AE0001A6A1B6A2046C3F3072343EA02233B60AA
:102AF000F8BD60684FF00045D0F84C22816902EBC8
:102B0000420201EBC2031946022403F586531D61FC
:102B10001D61D0F85432204603F01F03C1F8D830AD
:102B2000F8BD00BF842000204FF0010C2DE9F04FCC
:102B3000456883B007460E4690461C4685F880C21D
:102B4000EFF7E0F900234FF47A7204F001FF00235D
:102B5000C5F884027D68C5E9A338C5E9A533C5F881
:102B60008862B8F1000F17D041F2C4204FF0020C78
:102B70002B4600EBC8023146284424FA0CF62A44BE
:102B8000C3F8CC0208308242C3E9B116C3F8D0C200
:102B9000214403F11003F3D1002605EB0812C2E92A
:102BA000B166A869D5F8501200F12F42D5F844E279
:102BB000DFF8ECB002F5600201F1040C120D0CEB31
:102BC000C20C0BEA4E3B4BEA4C4BD5F848C24FEADD
:102BD0008E1E2BF4F03BD5F8582205F5317A05F519
:102BE00017734BEA4C350EF1A04BDE46DFF8B4907C
:102BF000DFF8B48009EA4C3949EA080845F08075E5
:102C000001F1080900EB890945F04905CBF800906E
:102C1000CEF80460CEF80860CEF8105002254FEAD6
:102C20008C1C0CF1A04C0BF1180BCCF800A0CCF8CC
:102C300004B0CCF80850CCF81080F4F7DBF97868D1
:102C400004238268D0F8501280690096F4F78CF95A
:102C5000012346F2400E4FF0A04C79689C40D1F819
:102C600050228869D1F8485202EB420100EBC101C1
:102C700003FA05F50F349340043240F82240C1F8BE
:102C8000D8E0D1F8D02042F00042C1F8D020CCF8F2
:102C90005054026813430360304603B0BDE8F08F20
:102CA000FDFF01FCFDFF7FFC59137E002DE9F04381
:102CB00044688046D4E9A397B9450E4685B03ED313
:102CC000002384F88032D4F894524D4538BF07F180
:102CD000FF3731D3D4F89832002B14BF06200020E0
:102CE00005B0BDE8F08305FB06F0D4F888326A1C15
:102CF000C4F8942203EB80003146FFF7C3FC04EBD9
:102D0000C50303F58053D3E9B12312BA93FA83FCC8
:102D1000914208BF604506D0D4F898320133012BA8
:102D2000C4F8983265D0D8F80440013FD4F89452E2
:102D3000D4F88C329D42CDD27B1CD4D1CAE7D4F8D2
:102D40009452A94588BF042725D905FB06F0D4F87D
:102D500088326A1CC4F8942203EB80003146FFF7E6
:102D600091FC04EBC50303F58053D3E9B12312BAF8
:102D700093FA83FC914208BF604506D0D4F898329C
:102D80000133012BC4F8983245D0D4F894524D4504
:102D900001D2013FD9D1D4F8483204F531729B01F8
:102DA00003F1A0431B68A3EB02094FEAD90909F11B
:102DB000FF3994F880324FEA5909C4F88C92002BFD
:102DC0003FD0EFF79FF84FF47A72002304F0C0FD74
:102DD000D8F804201C4BD2F884229B6A801A9842AF
:102DE00038BF0120FFF47CAF4046FFF7D3FB05203E
:102DF00076E7CDE902C2009001912B4640F2B11175
:102E0000124A134800F0E6FA002E8CD0002310334B
:102E10009E42FCD887E7CDE902C2009001912B4683
:102E200040F2B111094A0A4800F0D4FAD8F8044037
:102E3000D4F88C92002EA8D0002310339E42FCD8E8
:102E4000A3E7D4F890723EE784200020CC8A0110DA
:102E500050A70110F8B50223456804460E461746F0
:102E600085F88032EFF74EF84FF47A72002304F0C1
:102E70006FFD00230122C5F8840265683046C5F85D
:102E80009422C5F88C32C5F898328021C5F890722A
:102E9000C5F88862FFF7F6FBC5E9A8012046FFF7F1
:102EA000D7FA6468D4E9A423934201D30020F8BD83
:102EB000D4F888025A1CC4F8942200EB43208021E5
:102EC000FFF7E0FBC4E9A8010020F8BD38B51B4BB3
:102ED00004465B680D46C3F308030BBB62681DB173
:102EE000D2F88C325B022B6092F880328BB1EFF714
:102EF00009F84FF47A72002304F02AFD6268104B3F
:102F0000D2F88422DB6A801A984238BF01200AD2A4
:102F100038BD2046FFF73EFB636893F8B40238BD26
:102F200004F03AFDDAE74FF43271064A064800F041
:102F300051FA2046FFF72EFB052038BD00ED00E0DA
:102F4000842000201C8B01103CA701100000000011
:102F50002DE9F04F2DED028B4568044695F8303091
:102F600008EE101A91B05BBBA869002800F0CB8175
:102F7000EB69002B00F09B810121F3F745FF6668A8
:102F80000121C5F84C02B069F3F73EFF03466568BE
:102F90000120C6F85032F4F78BF803460120C5F83B
:102FA00044326568F4F784F86368C5F8480293F81A
:102FB0002010D86900F0C4F90123656885F8303025
:102FC00001234FF0A041D5F84402820183400A4416
:102FD000C1F86434D3685801FCD40123D5F8480201
:102FE0008201834002F1A042C1F86434D3685B01DE
:102FF000FCD40123A869D5E99315026803FA01F10D
:1030000022EA010202600268AB4022EA0303036085
:10301000F3F790FF6368C2499869F3F711FFDFED9A
:10302000C17A78EE277A0246BCEEE77A65684FF4FB
:103030004036D5E90031C8039B0200F4782003F440
:10304000F843034301F01F000343480100F4787084
:10305000034343F0105343F48013079302F111002C
:10306000D301090643EA003301F0F85123F0FE438F
:103070000B4317EE101A89B20696C5F854220029A0
:1030800000F0138107EE101AB8EE477ADFEDA66A5A
:1030900077EEC77A67EEA67AFCEEE77ACDED027A94
:1030A0009DF80800000201279FED9B8B40EA01413B
:1030B00043F00203CDE90413A869029104ABD5F8EB
:1030C0004C12F3F797FF63684FF000091A68D3F8C2
:1030D0004C1298693B460097F3F746FF63684FF43C
:1030E00040289869D3F84C32026807FA03F3134377
:1030F0008E490360F3F7A4FE8DED0C8BD4F804C069
:10310000CDE90E890CAD08AECCF85802031DC00104
:1031100040EA033E95E80F0086E80F000CF5177AA9
:10312000CDF824E096E80F00DCF808B08AE80F003C
:1031300085E80F00DCF864327D496FF31D4343F4EA
:103140004032DCF86832CCF864226BF3D333CCF82D
:103150006832029BCCF85C32DCF81800F3F770FEA2
:103160008DED0C8BD4F804C0CDE90E89DCF8089005
:1031700000F10808CCF86C0207FA09F205304FEAB2
:103180000838039248EAC01895E80F0086E80F0057
:103190000CF51C7ACDF8248096E80F008AE80F0021
:1031A00085E80F00DCF87C32DFF890E169F3D33377
:1031B00069F3491303EA0E0E09F01F0B4EEA0B0EDA
:1031C0004EF08253CCF87C32029BCCF87032DCF8A3
:1031D0001820584BDCF80C109A4214BF062507251E
:1031E000DCE9003007FA00F607FA03F33343039EE5
:1031F00007FA01F133430B43DCF8101007FA01F131
:103200000B43DCF8141007FA01F10B43DCF87812D9
:103210006FF31D4141F40031CCF87812916B0B43F0
:1032200093632946EDF724FE636829461868EDF795
:103230001FFE636829469868EDF71AFE6368294601
:10324000D868EDF715FE636829461869EDF710FE9A
:10325000636829465869EDF70BFE6368394658687C
:10326000EDF738FE636839461868EDF733FE63689A
:1032700039469868EDF72EFE63683946D868EDF751
:1032800029FE636839461869EDF724FE63683946FC
:103290005869EDF71FFE636893F8282052B90120A2
:1032A00011B0BDEC028BBDE8F08F0846FBE60A23A7
:1032B000EB6161E693F82A105868EDF719FE636830
:1032C00093F829101868EDF713FE636893F82B1034
:1032D0009868EDF70DFE636893F82C10D868EDF749
:1032E00007FE636893F82D101869EDF701FE636817
:1032F000586993F82E10EDF7FBFD012011B0BDECDD
:10330000028BBDE8F08F0C4B1846AB61EB69002BCC
:103310007FF432AECBE700BF0000010000F00100F7
:10332000D0A801100000003B00008043BCA80110A1
:10333000A0A801100000305000002050E0FF0FE076
:1033400038B51F4D04462A6890422BD0AB6898428E
:1033500008BF012327D00A2C20D00B2C13D0194BE7
:103360001B68A9B119462046EDF758FF01212046F8
:10337000EDF712FF2B689C421BD0AB689C4208BF44
:10338000012317D038BD104B0E4A13600029E9D134
:10339000802219462046EDF771FFE7E70B4B094AFB
:1033A0001360DEE7002305EBC3031B79002BD2D0AB
:1033B00038BD0023012205EBC3031A7138BD00BFDD
:1033C00074200020D436002019140020CD130020D2
:1033D000704700BF0CB430B5C3B046AC54F8045BC2
:1033E00000214FF4807202A800F00CFF23462A4609
:1033F0004FF4807102A80194F0F7EEFD044602A894
:10340000FFF7E6FF204643B0BDE8304002B070470A
:1034100043681B6819691868F3F7D4BE436802490A
:103420001B681868F3F7CEBE801A060043685B6815
:103430005A1C32D04FF05041012270B5496802FA4F
:1034400003F60E40003E84B0044618BF012642EC4D
:1034500040304FF0FF33CDE90133ADF80C30EEF7DB
:1034600051FD4FF47A72002304F072FA0546606849
:103470000A23002201A9006804F0A2FAEEF742FD37
:103480004FF47A72002304F063FA8542EFD0636848
:103490005B6846EC403004B070BD7047BFF34F8F9F
:1034A0000549064BCA6802F4E0621343CB60BFF3E0
:1034B0004F8F00BFFDE700BF00ED00E00400FA05FC
:1034C000002110B4064C421E733012F8013F83EA0B
:1034D00041039042E15CF8D108465DF8044B704727
:1034E000FCA401100546144C08B5782200212046A2
:1034F00000F088FE1149124B2160D3E90023C4E992
:1035000002232B68204623616B686361AB68A3616B
:10351000EB68E3612B6923626B696362AB69A36249
:10352000EB69E362FFF7CCFF84F87400BFF34F8FC1
:1035300000BEFFF7B3FF00BF10010020BEBAFECAF5
:10354000802A002004205FEA0E01084202D0EFF337
:10355000098001E0EFF308804169FFF7C3BF00BFB6
:103560000A22002100F08CBD024B0146186800F0D1
:103570000BB800BFD8240020024B0146186801F0A8
:103580001DBE00BFD824002001F10B03162B2DE92E
:10359000F04F074683B023D8102900F2AF8000F027
:1035A000AFFA102518230220BA4E33445C68A3F109
:1035B0000802944200F056816368384623F0030302
:1035C000D4E902122344CA6091605A68083442F078
:1035D00001025A6000F09AFA204603B0BDE8F08F6D
:1035E000002B23F00705C0F28980A94200F28680F3
:1035F00000F086FAB5F5FC7FC0F07B826B0A00F024
:103600008480042B00F26281AB0903F1390003F1DD
:10361000380EC3009F4E3344A3F1080C5C68A445E8
:1036200007D10DE0002AE16880F216818C450C4636
:1036300006D0636823F003035A1B0F2AF2DD70469D
:10364000DFF868823469444500F0F280636823F053
:10365000030CACEB05030F2B00F37481002BC6E9C0
:10366000048880F26381BCF5007FD6F804E080F026
:10367000FF804FEADC0301224FEA5C1C013302FAAF
:103680000CF256F833104EEA020E06EBC302083A6B
:10369000C6F804E0C4E9021246F83340CC60831057
:1036A0004FF0010C0CFA03FCF44534D81CEA0E0F61
:1036B00007D120F003004FEA4C0C04301CEA0E0F37
:1036C000F9D006EBC00A8146D646DEF80C300BE096
:1036D0005A681C46DB6822F00302511B0F2900F3D5
:1036E0000181002980F215819E45F1D109F101097E
:1036F0000EF1080E19F0030FE7D158E10C233B60DF
:103700000024204603B0BDE8F08F4FF40073402042
:103710004FF03F0E7EE7B468636823F00309A945C4
:10372000A9EB050302D30F2B00F385805A4B082029
:103730001B6803F1100804EB0903009301F0F4FA8D
:10374000564AA84483461368013305D008F1FF3870
:103750004342804403EA08084146384601F0C4FA6F
:10376000B0F1FF3F82464D4A00F0078104EB0903A8
:10377000834200F200814A4B0BF1FF3C1868404441
:10378000186000F064811168013100F06C8104EB75
:103790000902AAEB020202441A601AF00702CDE9FC
:1037A000002300F02781C2F10802384692445A44AF
:1037B000D04408EA0C01521A02EA0C0B594601F0F7
:1037C00093FA421C019B00F06A81A0EB0A0000EB17
:1037D0000B08186848F00102B442C6F808A0584423
:1037E000CAF80420186017D0B9F10F0F40F23E81DB
:1037F0006168A9F10C024FF0050C22F0070201F0FC
:10380000010111430F2A616004EB0201C1E901CCFF
:1038100000F24D81DAF80420224B544619688142A7
:1038200038BF1860204B1968814238BF1860A6E085
:10383000D6F804E033E7621945F0010543F00103CF
:10384000083444F8045C3846B260536000F05EF916
:10385000204603B0BDE8F08FA26823443846D1600B
:103860008A60B2E6DC68A3427FF4A6AE0230E7E6E7
:10387000BCF5206F4FEA5C2276D3142A00F2CD808B
:1038800002F15C035B32DB00F118F358083999420E
:1038900011D1A5E0C8200020302B0020BC20002042
:1038A000002B0020282B00202C2B0020D0200020D3
:1038B0009B68994204D05A6822F003026245F7D807
:1038C000D968C4E902318C60DC60E8E6142B63D966
:1038D000542B00F2AB802B0B03F16F0003F16E0E43
:1038E000C30097E6D4F808C03846671945F00105CB
:1038F0006560CCF80C30C3F808C041F00103C6E99C
:103900000477C7E902887B60A150083400F0FEF814
:10391000F7E622443846516841F00101516054F8FD
:10392000082FD3609A6000F0F1F8EAE6A444384624
:103930000834DCF8043043F00103CCF8043000F024
:10394000E5F8DEE6621943F0010145F0010538466D
:103950006560C6E90422C2E90288516044F80C306F
:10396000083400F0D3F8CCE64FEA9C1202F1390398
:103970003832DB0088E7B44262D0B468626822F073
:103980000308A845A8EB050302D30F2B3FF753AF5D
:10399000384600F0BBF8B3E603F15C0003F15B0EC0
:1039A000C30037E65AF80839534540F0A08010F0BC
:1039B000030F00F1FF30F5D1736823EA0C03736045
:1039C0004FEA4C0C0CF1FF329A4204D3A3E64FEAC3
:1039D0004C0C09F104091CEA030FF8D0484670E6C4
:1039E00092104FF0010C0CFA02F24EEA020EC6F8E9
:1039F00004E066E70AEB0802384602EA0C02ABEB89
:103A0000020B0BEA0C0B594601F06EF9431C019BAB
:103A10007FF4DBAEDDF800B0DBE6542A2AD84FEAAB
:103A20001C3202F16F036E32DB002DE7B3F5AA7F83
:103A30002AD8EB0B03F1780003F1770EC300E9E518
:103A40002E4B0BF1FF3C1868404418609BE61AEAC5
:103A50000C0F7FF498AEC844D6F808A048F00102D5
:103A6000CAF80420D8E6C2F800A096E60123CAF8F6
:103A700004308DE7B2F5AA7F24D84FEADC3202F198
:103A800078037732DB00FFE640F25452934224D8A9
:103A9000AB0C03F17D0003F17C0EC300BAE5009A84
:103AA0004FF0000B083A9044A8EB0A0891E638461C
:103AB00004F10801009301F081FB009BD6F808A0F7
:103AC0001868A7E640F254539A420CD84FEA9C4239
:103AD00002F17D037C32DB00D6E64FF47E737F205B
:103AE0004FF07E0E96E54FF47E737E22CCE673682F
:103AF00066E7E80805F1080356E500BF002B002043
:103B0000014801F00BB900BFF82A0020014801F07C
:103B100009B900BFF82A0020024B0A46014618687E
:103B200000F002B8D82400202DE9F04F164683B0EB
:103B3000002900F09E800C4606F10B058046FFF739
:103B4000DFFF54F8040C162DA4F1080920F0030738
:103B500062D8102200231546B542C0F0A280002B87
:103B600040F09F80974261DADFF82CB309EB070140
:103B7000DBF80830D1F804C08B4200F09A802CF0BA
:103B800001030B445B68DB0768D42CF0030C07EBE4
:103B90000C03934245DAC30712D454F8083CA9EB4E
:103BA000030ADAF8043023F0030084440CEB070B1B
:103BB0005A4540F3018107EB000B5A4540F3D7808B
:103BC00031464046FFF7E0FC0646002800F02C8115
:103BD00054F8043CA0F1080223F001034B44934243
:103BE00000F0B4803A1F242A00F2E280132A00F287
:103BF000B380034622461168196051685960926883
:103C00009A602146404601F0D9FA4046FFF77EFF10
:103C1000304603B0BDE8F08F25F007052A46EB0FCC
:103C20009AE71F46D1E90223D3609A60781BD9F83E
:103C3000043009EB07020F2803F001031FD83B43B0
:103C4000C9F80430536843F00103536026464046E8
:103C5000FFF75CFF304603B0BDE8F08FC307AFD479
:103C600054F8083CA9EB030ADAF8043023F0030007
:103C7000A1E7114603B0BDE8F04FFFF785BC2B4329
:103C800009EB050140F00100C9F80430083141F8A2
:103C9000040C4046536843F00103536001F08EFA70
:103CA000D4E70C23C8F800300026304603B0BDE846
:103CB000F08F2CF0030C05F110010CEB07038B4285
:103CC00080F29280C0073FF57BAF54F8083CA9EB27
:103CD000030ADAF8043023F0030084440CEB0703F2
:103CE00099423FF768AF3A1F5646DAF80C1056F87B
:103CF000080F242AC160886000F2B080132A40F2C5
:103D0000AB8021681B2ACAF808106168CAF80C1039
:103D100000F2AB8008340AF110022168116061687A
:103D20005160A16891605B1B0AEB0502404643F0BD
:103D30000103CBF808205360DAF8043003F00103E4
:103D40002B43CAF80430FFF7E1FE83E750F8043C48
:103D500023F003031F4469E723681B2A0360636899
:103D6000436036D804F1080200F1080343E73A1F24
:103D70005646DAF80C30242A56F8081FCB609960B2
:103D800022D8132A1ED923681B2ACAF80830636870
:103D9000CAF80C303CD808340AF1100322681A60C3
:103DA00062685A60A2689A6034465F46D1463DE731
:103DB000214600F0A9F924E7D1E902133A1FCB60AC
:103DC0009960D5E73346E9E72146304600F09CF993
:103DD000EAE7A368242A8360E368C36028D004F17B
:103DE000100200F1100306E75B1B09EB05024046D9
:103DF000264643F00103CBF80820536054F8043CF6
:103E000003F001032B4344F8043CFFF77FFE21E756
:103E1000A368242ACAF81030E368CAF8143010D016
:103E200010340AF11803B9E74046FFF76FFE3BE78D
:103E3000236904F1180203616369436100F1180307
:103E4000D9E623691834CAF8183054F8043CCAF883
:103E50001C300AF12003A1E732465EE721463046D6
:103E6000019300F051F9019B5DE7A168242ACAF88B
:103E70001010E168CAF8141003D010340AF11802C7
:103E80004BE722691834CAF8182054F8042CCAF8F1
:103E90001C200AF1200240E7C82000202DE9F04F45
:103EA00081468E466D4875461EF801BB10F80B40E2
:103EB00014F00804F7D1BBF12D0F23F010075DD0EB
:103EC000BBF12B0F10D0AFB9BBF1300F00F08D80DC
:103ED000002B00F0858010236FF078460F2798465E
:103EE00000246FF0004A0DE09EF800B005F1020ECC
:103EF000002F60D06FF000479846B7FBF3F6BA4644
:103F000003FB1677002528460EE0ABF1370C9C45E5
:103F10001DDA013504D0B04202D822D1BC4520DDE3
:103F20004FF0FF351EF801BBABF1300CBCF1090FAF
:103F3000EDD9ABF1410CBCF1190FE6D9ABF1610C35
:103F4000BCF1190F03D8ABF1570C9C45E1DB6B1C9E
:103F50000BD004B1404212B1002D57D11160BDE821
:103F6000F08F08FB00C00125DCE72223C9F80030F0
:103F7000002A4DD00EF1FF315046EFE79EF800B019
:103F800005F1020E67B9BBF1300F44D0002B50D1C0
:103F90000A23334E0827012498464FF0004AB1E720
:103FA0004FF0004A98460124BAFBF3F603FB06F7EC
:103FB000AAEB0707A6E7BBF1300F89D1A87800F07C
:103FC000DF0058281ED1102395F803B005F1040E28
:103FD00098466FF00047B7FBF8F608FB16777FE7C7
:103FE0000A231F4E072798467AE79EF8000000F044
:103FF000DF00582806D110239EF801B005F1030E0A
:104000009846E6E723BB08239846E2E78246B1E7F5
:104010005046BDE8F08FA87800F0DF00582810D097
:10402000CBB1102398464FF0004A0124BAFBF8F6B2
:1040300068E710234FF0006601244FF0004A9846CD
:1040400060E7102395F803B005F1040E9846EAE7FF
:1040500010239846BDE708239846E4E7FDA8011021
:10406000CCCCCC0C242B03D8012B01D0FFF716BFEE
:1040700010B500F04BFE16230360002010BD00BFFA
:10408000242A134610B509D8012A07D0064C0A463F
:1040900001462068BDE81040FFF700BF00F036FE83
:1040A00016230360002010BDD8240020032A30B45A
:1040B00012D941EA000484460B46A40721D11946CF
:1040C000604653F8044B5CF8045BA54219D1043AEE
:1040D000032AF4D860461946541E7AB1431E0139AA
:1040E000021901E09A4209D013F8010F11F801CF2B
:1040F0006045F7D0A0EB0C0030BC7047002030BC0E
:104100007047541EEAE700BF88420DD98B188342DE
:104110000AD900EB020C5AB3624613F801CD99425A
:1041200002F801CDF9D170470F2A0DD802F1FF3CFA
:10413000F2B10CF1010C431E8C4411F8012B6145C6
:1041400003F8012FF9D1704740EA01039B07F0B54E
:104150000C460ED002F1FF3C03460CF1010C013B72
:104160008C4411F8012B614503F8012FF9D1F0BD02
:104170007047A2F1100501F1200E01F1100300F1CA
:10418000100C25F00F05AE4453F8106C10330CF1F1
:10419000100C4CF8206C53F81C6C4CF81C6C53F849
:1041A000186C73454CF8186C53F8146C4CF8146C7C
:1041B000EAD101EB050C12F00C0F05440CF11001D3
:1041C00005F1100302F00F050E4618D0043DA0EBD8
:1041D000040E25F00304A4440CF1140C0F6801EB49
:1041E0000E0504312F606145F8D1043402F003025A
:1041F000A119234402F1FF3C002AAED1F0BD2A46AA
:10420000F8E700BF830730B546D08418844604E041
:1042100003F8011B9D0704D09C46A4456346F7D1D3
:1042200030BD013A0244A2EB0C02032A29D9CCB2D8
:104230000F2A04EB042404EB04442FD9A2F1100C40
:1042400003F110052CF00F0CAC44C3E90044C3E9A2
:10425000024410336345F8D112F00C0F02F00F0E38
:1042600018D02EF0030CAEF104051A469C4442F817
:10427000044B6245FBD125F0030404330EF0030226
:104280002344002ACCD0C9B21A4403F8011B93423C
:10429000FBD130BD7246F4E70346C6E79646E0E739
:1042A00011F0FF01034600F0030239D08ABB10B5BC
:1042B00001EB012E02680EEB0E4EA2F101338EEAE5
:1042C000020423EA0203A4F1013222EA04021343A6
:1042D00013F0803F0FD150F8044F84EA0E0CA4F184
:1042E0000133ACF1013223EA040322EA0C02134346
:1042F00013F0803FEFD0037823B936E010F8013F88
:10430000002B32D09942F9D110BD8A4228D09A07A9
:1043100029D01A7818460133002AF6D11046704782
:10432000CAB90268A2F1013323EA020313F0803F05
:1043300008D150F8042FA2F1013323EA020313F04D
:10434000803FF6D003785BB110F8013F002BFBD122
:104350007047990705D0184613F8012B002AF8D1A9
:1043600070471846DDE71846A1E7184610BD00BFA4
:1043700040EA01039B0730B501D1032A17D88446D0
:1043800001F1FF3E07E01EF8011F541E03F8011B58
:1043900029B122469C466346002AF4D130BD002C48
:1043A000FCD0944403F8011B6345FBD130BD0C469F
:1043B0008446256821460434A5F1013323EA050328
:1043C00013F0803FDCD1043A4CF8045B032AF0D8A8
:1043D0002146D5E7024A01231268503200F002B8A4
:1043E000D824002018B370B586468C461EF8015BB1
:1043F00001E0A54214D01CF8014B002CF9D1DDB12D
:1044000076460C4616F8015B00E063B114F8013BF8
:104410009D42FAD14DB100238EF80030166070BD78
:104420006BB17046E0E7B646EAE72E46F6E710685D
:104430000028D8D1002070470020156070BDC2F858
:1044400000E0037070BD00BF2DE9F0410C46074647
:1044500002F0E4FD06462146384602F0E3FD4369DA
:104460000446990703F26C780AD1804A804B02FB1C
:10447000083302F18042013AB2EBB30FC0F0AB80D7
:104480007C4A82FB08324FEAE873C3EBE2134FF435
:10449000C87202FB1383002B0CBF30250025764B1E
:1044A0001D4400F0C9F900F0D3F9744B1B68A3B1A7
:1044B0007368434540F091803068D7E90013D6E92E
:1044C0000872002840F09380B94273EB0202C0F2F8
:1044D0009C8001232362376D01E02362B76A684A3A
:1044E000FE174FF4616C674982FB073220683A443B
:1044F000C6EBE223C6EBE2260CFB137381FB03122F
:10450000D9171A44C1EB62116268521AC1EB01114A
:10451000A3EB8103C01AA3683B28A3EB0603C4E9FD
:104520000002A36050DD01323C38C4E900023B2A9E
:1045300043DD01333C3AC4E90123172B1FDD183B4F
:104540002069D4E90621A3600132E3680131072A1A
:1045500003F10103E161A8BF0022E360A26155F805
:104560002020934206DD9B1A0B2800F10102E36034
:1045700044D0226100F066F92046BDE8F081002BAE
:10458000F8DA1833D4E90621A360013AE36801F1AF
:10459000FF3148BF0622013BE161A261E360002BCD
:1045A000E8D12369013B3CD49A002361AB58E36016
:1045B00000F048F92046BDE8F081002ABDDA013B51
:1045C0003C32C4E90123B8E70028B0DA013A3C30B4
:1045D000C4E90002ABE7302561E7404600F056F839
:1045E00000287FF469AF4FF0FF33236276E7B942CA
:1045F00073EB020209DA002323626FE7636900228A
:1046000001332261E2616361B4E7B26C9142F26C02
:104610009341B4BF012300232362002B7FF45BAFDF
:104620005CE763690B215A1E216103F26B736261BF
:1046300092070ED10D490E4A01FB032201F1804180
:104640000139B1EBB20F04D240F26D132C22E361B9
:10465000ACE7074A054901FB03230B4AB2EB331FC2
:104660002CBF0123002303F5B673EFE7295C8FC24B
:1046700050B81E051F85EB5100AA0110282E0020FE
:10468000C5B3A291898888880AD7A3002DE9F0478D
:10469000044602F0C3FC40F2B1739C4240F3AA808E
:1046A0006FF4F66C86465C4AA4F26D73A444A4F2DF
:1046B000B271446040F26D104FEAAC0C6FF4C869FF
:1046C0000EF1500500FB01CC82FB0301DB175348C0
:1046D000A3EB61139C4404EB0903A2FB0323724682
:1046E0000CEBD31C117A53694A2922D044293DD1BD
:1046F0006344916928321768CE17C3FB0016C919A5
:1047000046EBE776AA4242E90216EBD1DEF820003A
:10471000DEF84810DEF824308842DEF84C204FF0F6
:1047200001009341B4BF03460023CEF80030BDE83A
:10473000F087A7070CEB03060CD1394F394901FB71
:104740000471394FB7EBB10F04D23B2BC8BF013610
:10475000731ECEE7324F334901FB0471334FB7EB81
:10476000311FF5D33B2BC8BF0136F1E7A10744D079
:10477000294E86FB0416E117C1EBE6114FF4C8760B
:1047800006FB114100290CBF4FF030084FF0000824
:1047900027498844D16801293CDD4FEA810A6646F1
:1047A000A8F10401AAF10809C14451F8047F494560
:1047B0003E44FAD1AAF104018844311D1D4F87FB04
:1047C0000179CF178944C7EBA907C7EBC707C91BF6
:1047D000D8F80070591A136903F1FF3348BF073145
:1047E000C3EBC3030B44BB4202DB073BBB42FCDA17
:1047F00033447EE70020BDE8F0870A4E084906FBF7
:10480000041106F18046013EB6EBB10FB0D24FF075
:104810003008BDE76646D0E71F85EB5180510100A7
:1048200050B81E05295C8FC2285C8F020AD7A300EE
:1048300000AA011093244992014800F06DBA00BF0C
:10484000FC2A0020014800F06BBA00BFFC2A0020BF
:10485000014B186800F002B8D82400202DE9F04F71
:1048600005468FB0BF4E02F0D9FBBF49044628462B
:1048700000F0D8FD31688046002800F0428121B167
:1048800000F060FA002841D031680846EEF720F8C1
:10489000404600F009FC014628460131FEF774FE4F
:1048A000306010B1414600F02BFBB04A0023B04D00
:1048B000B04EB14F3360A36223653B60C5E900226F
:1048C0004A22C4E90333C4E90533C4E90D33C4E91A
:1048D0000F332272002384F830200022C4E9082319
:1048E000C4E9122398F800303A2B12D03C2B16D092
:1048F0000DF1300BA14AA24940465B4600F03CFE58
:10490000002803DD0C9AD11E07291ED90FB0BDE87F
:10491000F08F98F8013008F101083C2BE8D108F13C
:1049200001090DF1300B954A96495B46484600F067
:1049300023FE0028EADD0C9AD11E0729E6D819F8D3
:1049400002103E29E2D108F1020818F8021008EB23
:1049500002092D2900F0FB802B294FF0010808BF28
:1049600009F101090AAB00228749484602930DF17B
:104970002603ADF8262000935B46ADF8282009AA4F
:10498000CDF80CB0CDF804B000F0F6FD0028BDDD88
:10499000BDF826204FF4616CBDF82400C2EB021173
:1049A000BDF8282002EB81020C990CFB002208FBC9
:1049B00002F319F8012089443C2A059300F0EA80AB
:1049C0005B46724A6E49484600F0D6FD002840F327
:1049D000FC800C9AD11E072998D819F8021009EB0F
:1049E00002082D2900F0B8802B294FF0010908BFDB
:1049F00008F101080AAB002263494046ADF82420C3
:104A0000ADF82620ADF828200C9209AACDF80CB0FC
:104A1000CDE901B30DF1260300935B4600F0ACFD38
:104A2000002840F3E680BDF826204FF46160C2EB19
:104A30000211BDF8282002EB8102BDF8241000FB12
:104A4000012209FB02F306930C9A0023CDF81CB057
:104A5000A24690449B4698F80090B9F12C0F03D1E0
:104A600098F8019008F10108B9F14D0F00F0C680E7
:104A7000B9F14A0F4FF00A020DA90CBF08F1010865
:104A80004FF04409404600F06BFD0D9BADF82E0041
:104A9000434500F0A18080B28AF80890CAF814005B
:104AA00098464FF000094FF00203ADF82690ADF89C
:104AB0002430ADF82890CDF8309098F800302F2BA6
:104AC00000F0C8804FF4E153CAF818300BF101032D
:104AD0000AF1280A4FF0010B022BBCD1059B60683C
:104AE000A362069B2365254B2B60284B6B60FFF769
:104AF000CDFDA26A236D32609B1A18BF01233B6073
:104B000004E71C4B0846224AC3F800801A4BC4F83D
:104B10002880C3F80080164BC4F85080C3E90022F7
:104B20004A230022237284F830300023C4E903882A
:104B3000C4E90588C4E90D88C4E90F88C4E90823DD
:104B4000C4E91223EDF7C4FEC6F80080DEE609F1E1
:104B500001094FF0FF3805E708F101084FF0FF3970
:104B600048E700BF2C3700203C8B0110C07A0110B1
:104B7000D02400204C2E0020282E0020782C00204D
:104B8000588B0110448B0110688B01106C2C002095
:104B9000408B011009F1010A5B464E4A4E495046CE
:104BA00000F0EAFC00280CDD0C9AD11E07293FF624
:104BB000ADAE1AF802103E297FF4A8AE09F1020941
:104BC0000BE799F801203E2AEED1444BC5E90033AA
:104BD000059BA362336099E6BBF1000F5AD04D22CA
:104BE0000B2184F830200122C4E90D120022E26377
:104BF00056E7059BA3F56163069325E70DF12E03A8
:104C0000079A3749404602930BAB039201920093F7
:104C100013460DF12A0200F0AFFC03287FF476AEB4
:104C2000BDF82A305A1E0B2A3FF670AEBDF82C2074
:104C3000511E04293FF66AAEBDF82E1006293FF634
:104C400065AE8AF80890CAF81410CAE903320C9BC2
:104C5000984426E7079B0AAA224940460393CDE9D8
:104C600001320DF12602009209AA00F085FC4845A8
:104C700019DDBDF826304FF46161C3EB0312BDF8B6
:104C8000283003EB8203BDF8242001FB02330C9A89
:104C9000904419E74D220320C4F814B02272022276
:104CA000C4E90302FCE64A2100220023C4F828904C
:104CB000217284F83010C4F85090C4E90399C4E913
:104CC0000599C4E90823C4E90D99C4E90F99C4E919
:104CD00012231BE66C2C0020448B0110782C002042
:104CE0007C8B0110908B011038B50022064D0446D4
:104CF00008462A60EFF7B0F9431C00D038BD2B6896
:104D0000002BFBD0236038BDC0320020014B186857
:104D1000704700BFD8240020704700BF704700BF15
:104D2000704700BF704700BF082802D14FF4805081
:104D3000704708B5FFF7EAFF162203464FF0FF3031
:104D40001A6008BD80EA010C1CF0030F37D110F087
:104D5000030C20F0030021F0030150F8042B08BFDE
:104D600051F8043B0ED08CF0030C6FF07F434FEAF8
:104D7000CC0C23FA0CFC51F8043B42EA0C0243EA47
:104D80000C0300BFA2F1013C9A4201BF2CEA020CC5
:104D90001CF0803F50F8042B51F8043BF2D04FEA4E
:104DA00002604FEA1222012828BFB0EB036F08BF50
:104DB0001B0AF4D003F0FF03000EC01A704710F076
:104DC000030F0AD010F8012B11F8013B012A28BF6C
:104DD0009A42F4D0A2EB030070474DF8045D50F8FE
:104DE000042B01F0030521F0030151F8043B022DCF
:104DF00026D04DD822F07F45B5EB132FA2F1013C10
:104E00002CEA020C0DD11CF0803C08BF51F8043B89
:104E10000AD185EA0205B5EB036F0CD150F8042BDB
:104E2000E8E74FEA13235BE03CF07F4C54D10B786A
:104E30004FEA126554E04FEA126503F0FF034FE0BA
:104E40004FEA0245A2F1013C4FEA15452CEA020C5B
:104E5000B5EB134F18D11CF0803C08BF51F8043B50
:104E600007D185EA0205B5EB034F09D150F8042BB1
:104E7000E6E75FEA0C4C2FD10B884FEA12452FE092
:104E80004FEA03434FEA12454FEA134328E000BFBD
:104E900002F0FF05B5EB136FA2F1013C2CEA020C06
:104EA0000DD11CF0803C08BF51F8043B0AD185EAC3
:104EB0000205B5EB032F0AD150F8042BE8E74FEABF
:104EC00013630DE012F0FF0F06D051F8043B4FEAD8
:104ED000122523F07F4303E04FF0000020BC704711
:104EE00005F0FF0203F0FF00012828BF904204BF35
:104EF0002D0A1B0AF4D0A2EB000020BC704700BFB3
:104F000080EA0102844612F0030F4FD111F0030F23
:104F100032D14DF8044D11F0040F51F8043B0BD081
:104F2000A3F101329A4312F0803F04BF4CF8043BD6
:104F300051F8043B16D100BF51F8044BA3F10132E4
:104F40009A4312F0803FA4F101320BD14CF8043B9C
:104F5000A24312F0803F04BF51F8043B4CF8044BCD
:104F6000EAD023460CF8013B13F0FF0F4FEA33233E
:104F7000F8D15DF8044B704711F0010F06D011F81D
:104F8000012B0CF8012B002A08BF704711F0020F0B
:104F9000BFD031F8022B12F0FF0F16BF2CF8022BF6
:104FA0008CF8002012F47F4FB3D1704711F8012B19
:104FB0000CF8012B002AF9D1704700BF844641EA62
:104FC000000313F0030349D1403A23D30B68036075
:104FD0004B6843608B688360CB68C3600B69036177
:104FE0004B6943618B698361CB69C3610B6A03625F
:104FF0004B6A43628B6A8362CB6AC3620B6B036347
:105000004B6B43638B6B8363CB6BC363403040312B
:10501000403ADBD230320BD30B6803604B684360FD
:105020008B688360CB68C36010301031103AF3D2C4
:105030000C3205D351F8043B40F8043B043AF9D252
:10504000043208D0D2071CBF11F8013B00F8013B25
:1050500001D30B8803806046704700BF082A13D332
:105060008B07B1D010F00303AED0C3F10403D21A02
:10507000DB071CBF11F8013B00F8013BA4D331F85A
:10508000023B20F8023B9FE7043AD9D3013A11F8DA
:10509000013B00F8013BF9D20B7803704B78437069
:1050A0008B7883706046704720F0030110F0030096
:1050B000C0F1000051F8043B00F1040C4FEACC0CA5
:1050C0006FF000021CBF22FA0CF213434FF0010CE8
:1050D0004CEA0C2C4CEA0C4CA3EB0C0222EA030227
:1050E00012EACC1204BF51F8043B0430F4D0C2F1F0
:1050F000000102EA0102B2FA82F2C2F11F0200EBE1
:10510000D20070472DE9F8430646DFF8AC8008204E
:105110008946FFF709FE05463046FEF7F1FCD8F850
:1051200008305F6827F00307A7F11104A4EB090416
:105130002C44B4FBF5F4013C05FB04F4A54208DC67
:1051400000213046FFF7D0FDD8F808303B449842A4
:1051500005D03046FEF7DAFC0020BDE8F883614256
:105160003046FFF7C1FD01300FD03F1B104AD8F881
:105170000830304647F001075F6013681B1B13605F
:10518000FEF7C4FC0120BDE8F88300213046FFF79C
:10519000ABFDD8F80820831A0F2BDADD43F00103AA
:1051A00003495360034B1B68C01A0860D1E700BF76
:1051B000002B0020BC200020C820002000295AD04D
:1051C000F8B50C460746FEF79BFC734D54F804CC2B
:1051D000A4F10802A8682CF001030CF0010ED1180C
:1051E0004E68884226F003067CD088194E604068DD
:1051F00000F00100BEF1000F2ED154F8084C05F16B
:10520000080C121B23449468644560D0D2F80CE06B
:10521000C4F80CE0CEF8084000287DD043F001002F
:1052200050600B60B3F5007F2ED25809D9080123D6
:10523000834068680131034355F831006B6005EB2A
:10524000C103083BC2E9020345F83120C260384679
:10525000BDE8F840FEF75ABC70B9334405F1080CBC
:10526000886843F0010460456ED0C968C1608860F9
:105270005460D350D6E770474CF00101B3F5007F7E
:1052800044F8041CD350D0D3B3F5206F4FEA532118
:1052900044D2990901F1390001F13804C1006818BC
:1052A00069580838884203D155E08968884204D09B
:1052B0004C6824F003049C42F7D8C868C2E9021085
:1052C00082603846CA60BDE8F840FEF71FBC80BB6C
:1052D0001E44D1E90213CB60996046F0010353608C
:1052E0009651B4E71E44BEF1000F07D154F8083CB4
:1052F000D21A1E44D2E90213CB60996046F0010332
:105300005360264BAA601B68B342A0D8244B384692
:105310001968FFF7F7FE9AE73344A1E714290DD97E
:1053200054291FD8190B01F16F0001F16E04C1005F
:10533000B5E743F0010050600B6088E701F15C00C5
:1053400001F15B04C100AAE7C5E90422C2E902CC6D
:105350005460D3507BE7A4100123A3406C6823431F
:105360006B60ABE7B1F5AA7F06D8D90B01F17800E5
:1053700001F17704C10092E740F25450814206D80F
:10538000990C01F17D0001F17C04C10087E74FF425
:105390007E717E2483E700BFC8200020C02000204B
:1053A000302B00202DE9F047DFF8749080460E4640
:1053B000174601F01BFFD9F800504DB13378344641
:1053C00063B13D2B0AD014F8013F3BB13D2BFAD11C
:1053D000404601F011FF0020BDE8F0873D2BF7D0DB
:1053E0002868A41B0028F3D02246314601F0DCFDDA
:1053F00028B92868035D00EB040A3D2B04D055F85A
:10540000040F0028F0D1E3E7D9F800304046ED1A48
:10541000AD103D6001F0F0FE0AF10100BDE8F0873B
:10542000E427002000B583B001AAFFF7BBFF03B05B
:105430005DF804FB2DE9F04707460E464548354622
:1054400016F801EB10F80EC01CF0080CF7D1BEF1F5
:105450002D0F63D0BEF12B0F3AD0644633F010000D
:105460003ED04FF0FF389A46B8FBF3F803FB08F93B
:105470006FEA0909002528460EE0AEF1370C6345B6
:105480001DDD013504D0404502D834D1CC4532DD94
:105490004FF0FF3516F801EBAEF1300CBCF1090FFF
:1054A000EDD9AEF1410CBCF1190FE6D9AEF1610CAA
:1054B000BCF1190F03D8AEF1570C6345E1DC6B1C4E
:1054C00025D004B140420AB135BB1160BDE8F08778
:1054D00033F0100096F800E0644605F10206C0D1F2
:1054E000BEF1300F1FD05BB90A234FF00509DFF87A
:1054F00068809A46BEE70AFB00C00125CAE70BB3E5
:1055000010234FF00F096FF070489A46B2E722233C
:1055100028463B60002AD9D0711ED6E796F800E0F5
:105520000124AE1C9AE7307800F0DF005828E6D15D
:10553000102396F801E04FF00F0902366FF0704823
:105540009A4697E708234FF007096FF060489A469C
:1055500090E700BFFDA8011099999919FFF76ABF5C
:1055600010B4044C13460A46014620685DF8044B0B
:10557000FFF760BFD82400200EB470B59DB00025A1
:105580004FF4017221AC1B95ADF8142054F8046B54
:1055900002900690FFF788FD0B4903464FF6FF7017
:1055A00032460A910949ADF8160003930793234642
:1055B000086802A90E951395019400F099F81DB0A2
:1055C000BDE8704003B07047316F0110D82400204F
:1055D00038B54B1C1AD0938914465268CDB223F0CB
:1055E0002003A381236BA3B1636B934209DD23687E
:1055F0005A1E226003F8015C636801336360284629
:1056000038BD214601F096FC0028F0D04FF0FF3560
:10561000F5E7236921682BB18B4203D211F8013CD5
:10562000AB420ED0234604F14000C4E90E12032120
:10563000012220632846616303F8425FC4E9003217
:1056400038BD01390132C4E90012D8E72DE9F04F25
:10565000834685B002FB03F00E9C0193A0B38846FD
:105660000646D4E90015A84223D94FF0000904F1F9
:10567000400ACDE9020240462A46FFF79FFC216816
:10568000236B58464F19A8441946C4F80490276064
:105690003746761BDBB1534501D0FFF78FFDE06B3A
:1056A000C4F83090606090B1A16BB04205462160B3
:1056B000E1D332464046FFF781FC0198D4E900323D
:1056C000921B3344C4E9003205B0BDE8F08FDDE938
:1056D0000202A389284443F02003C01BA3810023B6
:1056E000B0FBF2F02269C4E9002305B0BDE8F08FF9
:1056F0002DE9F04FE5B091468A4602AF4A6E7B62D3
:10570000B1F90C30F8639C0400F1058143F40053B7
:1057100022F400528B814A660822002107F14800DA
:10572000FEF770FD4FF0000E0AF14003F346C7F894
:105730002CE0C7F810E0C7E90CEEC7E9053E994B2D
:10574000D3F8E45001F04CFD07F14802034607F19D
:10575000440100924A46F86BA8470028C0F2AE8088
:105760007B6C81440146002B00F0B580012800F0DD
:10577000C280252B40D00028E1D0A9EB0108DAF83F
:105780000430404408F1FF361A46451E002A16DD53
:10579000DAF800301878711C72780133904240F0CA
:1057A0009A80DAF80420A942CAF8003002F1FF32E8
:1057B000CAF8042000F0AA80002A0E46E8DCDAF8D5
:1057C0003030F86B1946002B00F035857A6993422A
:1057D00001D0FFF7F3FCDAF83C300022CAF80430BD
:1057E000CAF83020002B00F02685DAF83830CAF8E5
:1057F0000030CFE701200146002699F800C032466C
:10580000ACF1250309F10104552B64D8DFE813F04E
:10581000E70463006300630063009A0363006300AE
:10582000630063006300EC00EC00EC00EC00EC00B3
:10583000EC00EC00EC00EC00EC00630063006300A3
:105840006300630063006300630063007101E803A9
:10585000630063006300630063006300630087000C
:1058600063006300D9046300630063007004630095
:10587000630063006300F900630063005802630083
:105880006300630063006300630063008704C80370
:10589000630063006300A203AF038700630043015A
:1058A00050015E013C0262036300630070038F00DD
:1058B000820363006300F90063008F004FF6FD73FD
:1058C0000822002107F148007B64FEF79BFC7B6CFB
:1058D00009F101097BB9FB6A3BB1FB6A18683B6BB4
:1058E000013369D008B1ECF7F3FF386B07F5C677E1
:1058F000BD46BDE8F08F2C4AD25C11071DD4252B84
:105900003FF478AF09F1FF38012038E702365E44F2
:10591000A6EB080B13E7900400F1A384FCE635071F
:10592000D9D199F801C046F00206A14668E73307CD
:10593000D1D199F801C0A14662E7DAF804200AF152
:1059400040060025FC6B11E0DAF800301A780133CC
:1059500015498A5C12077FF5F2AEDAF804200BF1E4
:10596000010BCAF80030013ACAF80420002AEBDC27
:10597000DAF8303020461946002B01F0C180B342DE
:1059800001D0FFF71BFCDAF83C30CAF83050CAF8F7
:105990000430002B01F0B480DAF83830CAF8003057
:1059A000D4E700BF78260020FDA801103B6B1BB197
:1059B000BAF80C305B0690D5FB6ADE8818687EB1B9
:1059C0000024051F8146A04655F8043F013418689D
:1059D000ECF77EFF2B68B442C3F80080F4D1484650
:1059E0004FF0FF333B637DE716F08F0F7FF473AF0B
:1059F00002EB82020CEB420299F801C0A146303A58
:105A0000FEE6DAF8043046F400763C62002B40F300
:105A10006982DAF800C0DFF8A4829CF8000018F868
:105A2000005060462D0741F1BF81A3490325B961AC
:105A3000102179630AF14009BD63002419464D46DF
:105A4000914609E0CAF80000017818F801100A0729
:105A500040F10C84DAF8041001390BF1010B01302C
:105A60000029CAF80410EDDCDAF83030F86B19467A
:105A7000002B00F0E083AB4201D0FFF79FFBDAF888
:105A80003C10CAF83040CAF80410002900F0D38353
:105A9000DAF83800D6E735077FF41DAF99F801C072
:105AA000BCF16C0F00F0DC8746F00106A146A7E6CA
:105AB00016F08F037FF40FAFFD6A002D01F04B80CD
:105AC00099F801C046F08006A14699E63C62F406CA
:105AD00000F1B3807A6A300752F8043B7A6200F131
:105AE000DB87710741F14381D7F82090A3F800B01C
:105AF00025E6DAF8043046F041063C62002B40F31C
:105B0000DE85012A38BF0122154616F01003BB625C
:105B100040F0C0867B6A340653F8042B7A607B62BF
:105B200041F10380002A3FF4D6AE8020ECF7ACFEB2
:105B30008146002801F014817B681860FB6ADE88CA
:105B4000B3F80480464580F03E8718687B68FA6A9F
:105B500040F82630731C0120C7F81C90D380202306
:105B6000C7E90203002607F160083B69BB6301F047
:105B700037FBB04200F06A83BB6B07F15804DAE9E7
:105B80000021032B12F8010B01F1FF3108F8060088
:105B900006F10106CAF80410CAF8002002D12368F1
:105BA000042B04D0082200212046FEF72BFB009492
:105BB000334649464246F86B01F06CFD411C0346F2
:105BC00000F04483002840F00D83BA6AB344013DDD
:105BD000DAB9C9F80020F869FE68A9EB0004B6EB51
:105BE000A40F10D8BA6872B1F100BB63ECF75EFE87
:105BF000F861002801F0B480720000EB0409BB6B6F
:105C0000FA607A68106009F10409DAF804200026C5
:105C1000002A19DD002DA9D13B61FB69A9EB030125
:105C2000FB68B3EBA10F03D9BB68002B40F03887AA
:105C3000BB6A13B93B6B01333B63D7F820907EE519
:105C4000DAF80420002A91DCDAF83010002901F09B
:105C500011800AF14002914204D0F86BBB63FFF758
:105C6000ADFABB6B0022CAF83020DAF83C20CAF843
:105C70000420002A00F0FE87DAF83820CAF8002055
:105C8000002D7FF473AFC7E7DAF804303C62002BD5
:105C900040F39F82DAF800C0DFF820809CF8000013
:105CA00018F8005060462C0741F183800249032513
:105CB000B96108217963BDE65D550110FDA80110A9
:105CC000214607F18800BA6301F0E2F8DAF80430FF
:105CD00046F04006BA6B002B386240F35B87002A1F
:105CE00006F0100308BF4FF0FF3216F00108FB6109
:105CF00000F04A83002B40F0C3857B6A300653F8DE
:105D0000041B39607B6240F11D87BA6300293FF4B0
:105D1000E2AD8020ECF7B8FDBA6B8146002801F0B7
:105D20001F803B681860FB6ADD889E88B54280F062
:105D3000098618683B680121C7F80C9040F82530A7
:105D40000135FB6ADD802023C7E90113C7F838B0AD
:105D50004FF000083C69934601F042FA404500F0DC
:105D60007582032C07F15006DAE9003202F1FF32A6
:105D700013F8011BCAF8042007F16002CAF80030CA
:105D800002F8081008F1010802D13368042B04D08E
:105D9000082200213046FEF735FA0096434607F107
:105DA00060024946F86B01F075FC431C044600F0A4
:105DB0004D82002840F026820546C9F8000007F110
:105DC0005803082200211846BB62FEF71BFA8049DF
:105DD0002A46BB6AD1F8E05007F14001F86BA847AA
:105DE00001280CBF97F84050002507F188035B5D40
:105DF000002B00F0B786BB6B032C4344BB6300F061
:105E00000A82FB690BF1FF3BBBB909F10409F86891
:105E1000BE68A9EB0005B6EBA50F0ED87B6863B191
:105E2000F100ECF743FDF860002800F0998772005C
:105E300000EB0509BA603A681060DAF804304FF0F8
:105E40000008002B27DDBBF1000F85D1D7F838B053
:105E50003C61FB69002B7FF4F0AEC9F80030FB68B1
:105E6000BA68A9EB03018B1001339A427FF6E2AEC8
:105E70007B68002B3FF4DEAE3C6804312068ECF711
:105E800015FD00283FF4D6AE2060D3E6DAF80430E2
:105E9000002B3FF761AFDAF83010002900F00487DB
:105EA0000AF14003994202D0F86BFFF787F900230B
:105EB000CAF83030DAF83C30CAF80430002B00F071
:105EC000F386DAF83830CAF80030BBF1000F7FF4FF
:105ED00043AFBBE7DAF8043046F408763C62002BA7
:105EE0003FF797AD3B4B0325BB6110237B6383E0FA
:105EF000DAF804303C62002B40F35686DAF80000F2
:105F0000DFF8D880057818F80550290740F19B8004
:105F100002258FE5DAF804303C62002B40F33D8621
:105F2000DAF800C0DFF8B4809CF8000018F80050E0
:105F300060462D0740F1428726490325B9610A21B1
:105F4000796377E532437FF4C6AC99F801C0102637
:105F5000A14655E433077FF4BEAC99F801C0BCF10B
:105F6000680F00F0758546F00406A14648E4DAF8AB
:105F700004303C62002B40F31E86DAF800C0DFF8E4
:105F80005C809CF8000018F80050604615F0080589
:105F900000F0198710490325B9610021796349E5AB
:105FA000DAF804303C62002B21DDDAF800C0DFF8BB
:105FB0002C809CF8000018F800506046290740F13A
:105FC000EB8605490325B9610A21796332E500BFF3
:105FD000782600205D55011065400110FDA80110D4
:105FE000DAF8043046F001063C62002BDDDCA14B00
:105FF0000325BB610A237B63DAF83010002900F027
:106000001A810AF14003994204D0F86BBA63FFF792
:10601000D5F8BA6B0023CAF83030DAF83C30CAF849
:106020000430002B00F00781DAF838007406CAF853
:10603000000040F11A87012D3FF451AE002D76D0BB
:10604000022D40F05082002A06F0100308BF4FF0E6
:10605000FF3216F00109BB6300F01281BB6B002B0D
:1060600040F006847B6A310653F8044B7B6240F1B2
:106070005685BA62002C3FF42EAC8020ECF704FC6D
:10608000BA6A8146002800F06B86FB6A2060DD88D2
:106090009E88B54280F06A841868FB6A494640F8D9
:1060A00025404FF0200C0135DD80DAF80030DFF8B4
:1060B000CC811B7818F8035015F0080500F009830F
:1060C000BB6B002B7FF4B9ADA9EB0101C9F800301F
:1060D0008B1001339C457FF6ADAD002C3FF4AAAD8B
:1060E00004312068ECF7E2FB00287FF4CDAEA1E597
:1060F000DAF8043046F001053C62002B40F3578586
:10610000DAF80000DFF8748190F800C018F80CC0CD
:106110001CF0080F00F06B862E4602258AE4DAF8A0
:10612000043046F040063C62002B40F3C882012A4E
:1061300038BF0122F30715463FF5E7ACF30600F13F
:10614000B1837B6A340653F8048B7B6240F1AA82E8
:10615000B8F1000F3FF4BFAB1046ECF795FB0646D5
:1061600000287AD0FB6AC8F80000B3F806909A8835
:10617000914580F07D841868FB6A314640F829809B
:1061800009F101090122A3F806902B46CDF800A0E1
:10619000F86BFFF75BFA064600283FF407AC854230
:1061A00007D90146D8F80000ECF780FB08B1C8F821
:1061B00000003B6BB344D7F8209001333B63FFF7FB
:1061C000BEBADAF8043046F001063C62002B3FF715
:1061D00061AD294B0325BB6108237B630CE7A14616
:1061E000FFF7C9BA821C3FF42BAD0328B34403D197
:1061F0002268042A00F05181BA6A013D002A3FF466
:10620000EAAC02E5851C3FF441AED9F80050681CA9
:106210007FF4D5ADE9E53368042B7FF4F2ADFB697B
:10622000002B3FF4F2ADDAF804304FF00008002BF9
:106230003FF792AD2FE6BAF80C300022DAF81010D2
:1062400043F02003CAE90012AAF80C303B6B23B1DB
:10625000BAF80C305A067FF53EABFB6A002B7FF490
:10626000ABAB4FF0FF333B63FFF73FBBBD6B4A4621
:10627000E1E600BF654001105D550110FDA8011069
:1062800006F01003002B40F0BB84796A16F08005FD
:1062900051F8043B1C46BB63796200F0C283BA62CA
:1062A000002B3FF418AB2020ECF7EEFA054600284F
:1062B000D3D0FB6ABA6ADE88B3F8049020604E45FA
:1062C00080F082821868BB6B4FF0200940F82630BE
:1062D0000136FB6ADE800123DAF800C0DFF838857A
:1062E0009CF8000018F80000010700F1BF82144676
:1062F00042462E46984661465B469346DAF80420AD
:10630000013ACAF804204A1CCAF800200A7805F8A5
:10631000012BAA1B4A45BA6211D3B8F1000F0ED067
:106320004FEA49093046FB614946ECF7BFFA064699
:10633000002892D0BB6BBA6A18608518FB69013CD3
:106340000BD0DAF80420002A40F33C84DAF800107D
:106350000A781BF802201207D0D59B46A91B43469A
:106360008B440131002289452A7006D92BB1BC6BC0
:106370002068ECF79BFA00B120603B6BD7F82090C7
:1063800001333B63FFF7DBB9FB69002B40F032823E
:10639000796A16F0800651F8043B796200F0CE83EA
:1063A000BA62BB63002B3FF496AA2020ECF76CFA8C
:1063B000054600283FF451AFF96ABB6BCE88B1F8AF
:1063C0000480BA6A4645186080F0E5820868F96A78
:1063D0004FF0200940F826300136CE8007F18801C1
:1063E000DAF800000C460178615C00293FF473AADA
:1063F000B3F100080AF14001C7F81CB02E4618BFDF
:106400004FF001089346B962BB631BE0B8F1000F7F
:1064100027D04FEA490930464946ECF747FA064685
:1064200000283FF41AAFBB6B05441860BBF1010BA9
:106430003FD0DAF80410002915DDDAF80000017801
:10644000615CB1B32946DAF80450013DCAF8045042
:10645000451CCAF80050007801F8010B8D1B4D4512
:10646000D4D20D46E2E7DAF83010002900F041847A
:10647000BB6A994202D0F86BFEF7A0FE0023DAF85F
:106480003C10CAF83030CAF80410002900F03184FA
:10649000DAF83800CAF80000D1E7BA6A002A3FF4F7
:1064A0009AABDAF804200026002A3FF75FABFFF72B
:1064B000CBBBAE1BD7F81CB0BB6B3FF40CAA711C56
:1064C000002289452A707FF674AEB8F1000F3FF4C0
:1064D00070AE1868BB63ECF7E9F900283FF469AEC9
:1064E000BB6B186065E6D7F82090DAF800C0531E41
:1064F000262B40F2C580A2F1270327223B6200230E
:106500000AF1400407F1600846F45865BB63BB62BA
:106510002346464614464A4699469CF80000A0F198
:106520002B014D292FD8DFE801F0802E802E2E85FB
:106530006C6C6C6C6C6C6C27272E2E2E2E2E2E2ED7
:106540005656565656562E2E2E2E2E2E2E2E2E2E7B
:106550002E2E2E2E2E2E2E742E2E2E2E2E2E2E2E15
:106560005656565656562E2E2E2E2E2E2E2E2E2E5B
:106570002E2E2E2E2E2E2E747B6BA64931F9131043
:10658000082979632ADC9146E80505D5464500F2DD
:10659000988046453FF49FA915F0100214D17B6BFB
:1065A0004146BC69F86B3270A0477B6AA90603F1CB
:1065B000040469D42A0740F11B827B6A1B681870A7
:1065C0003B6B7C6201333B63A6EB0806BB6B1E444E
:1065D000B344FFF7B4B87B6B0A2BD4DD25F43865E0
:1065E00006F8010BDAF8041001390029CAF8041082
:1065F0002DDD0CF10101013CCAF80010C3D08C461E
:106600008BE77B6B25F43865824931F913307B6366
:10661000E6E705F4C061B1F5007FB4D125F400755B
:10662000102345F4A0657B63DAE72B06ABD525F094
:106630008005D5E72B05D3D57B6B1BB9082345F423
:1066400000757B63690522D525F4B065C8E7DAF8E3
:106650003010002900F03E83494504D0F86BFA6100
:10666000FEF7ACFDFA69BB6ADAF83C10CAF83030C4
:10667000CAF80410002900F02D83DAF83810BAE7C0
:1066800000233B623BE77B6A1B68186098E73B6A24
:1066900025F4607513B1013B01343B62BB6B0133E0
:1066A000BB639FE7CDF800A0134641460122F86B7B
:1066B000FEF7CCFF064600287FF47BADC6E500253B
:1066C0009AE416F8011C5246F86B013EFEF780FF73
:1066D0005FE73E69C7F810809046FC60F961C7F833
:1066E00028C000F07DFDA8423FF4B0AD032E07F1B5
:1066F0005804DAE9003202F1FF3213F8011BCAF83C
:10670000042007F16002CAF80030515505F1010577
:1067100002D12368042B04D0082200212046FDF773
:1067200071FD009407F160022B464946F86B00F0BA
:10673000B1FF421C06463FF489AD002840F0768147
:10674000C9F8000000F0D0FF002840F0B781AB444A
:1067500008F1FF38BD6B002D40F0D08109F104092C
:10676000F869BB6AA9EB0004B3EBA40F00F2C68181
:10677000FA68002A00F0C281D900ECF797F80146C8
:10678000F861002800F0EC82BB6A00EB04095800B5
:10679000FB68B8621960DAF80430002B40F3C68257
:1067A000DAF800301B783A69D35CC3F3C00383F096
:1067B0000103D80702D5B8F1000F92D1FC68F9693E
:1067C000D7F828C03E617BE44FF6F673BA6299456C
:1067D0003FF6F2A809F10809FC6A4FEA890120682E
:1067E000ECF764F800283FF4E7A8BA6AA4F804902C
:1067F000206068E5DAF8001007F188000B78C35CC8
:10680000002B3FF468A80AF140064546144681462D
:106810000AE000BF60AA0110FDA801100B7819F86A
:106820000330002B00F08980DAF8043008F1010809
:106830000131013B4445CAE900137ED0002BEDDC59
:10684000DAF8301000296BD0B14202D0F86BFEF7B5
:10685000B5FCDAF83C30CAF83050CAF80430002BE6
:106860005ED0DAF83810CAF80010D7E7012179E5D0
:106870004FF0000C07F1440361469946644614E466
:10688000002307F144017B6089463B60C7E902337E
:10689000FFF75CBA00239946FB617B60C7E90233CE
:1068A000FFF760B9DAE900239D4240F3F6811A440C
:1068B000DAF830101E46A5EB0308CAF800200029BC
:1068C00000F053820AF14003994202D0F86BFEF7C0
:1068D00075FC0023CAF83030DAF83C30CAF80430CE
:1068E000002B00F04282DAF838209845CAF80020E0
:1068F00040F3D4819D19BAF80C3043F02003AAF874
:106900000C30DAF81030CAF800300023CAF804302E
:10691000002D3FF49BACAB44D7F82090FEF70FBF9F
:10692000BAF80C3043F02003AAF80C30DAF8103033
:10693000CAF800300023CAF80430C344D7F82090C6
:10694000FEF7FDBE4FF6F673BA639E4200F2088270
:106950000836FC6AB1002068EBF7A8FF002800F0B9
:10696000FF81BA6BA6802060FFF7E4B94FF6F6739B
:10697000BA629E4200F2F4810836FB6AB1001868E0
:10698000EBF794FF002800F0EB81FB6ABA6A9E8067
:106990001860FFF782BB4FF6F671BB62BA63884599
:1069A0003FF60AA808F10808FC6A4FEA8801206847
:1069B000EBF77CFF00283EF4FFAFBB6ABA6BA4F88C
:1069C0000480206003E54FF6F673984500F2C88115
:1069D00008F10808FC6A4FEA88012068EBF766FFB7
:1069E000002800F0BD81A4F804802060FFF7AEB855
:1069F0006B075FD415F001027FF445AEA9077FF560
:106A000042AEC74BB969F86B99427B6B414600F0C7
:106A1000F78100F077FD0B467A6A1168C1E900033F
:106A2000CEE52B46BD6B9946BB6355E4831C3FF412
:106A3000B2AED9F8000000F057FE00283ED1032E78
:106A4000AB447FF485AE2368042B7FF481AE81E6EE
:106A500099F802C046F0080609F10209FEF7D0BE17
:106A600099F802C046F0020609F10209FEF7C8BE15
:106A70004FF6F6739A423EF69FAF02F10804FB6AA6
:106A8000A1001868EBF712FF00283EF495AFFB6AEF
:106A90009C801860FFF770BB83F800B0FFF7CDB89B
:106AA0007C682068EBF702FF00283FF4C1A8206053
:106AB000FFF7BEB87B6A1B68188081E507F16003A9
:106AC000FC68F969D7F828C03E615E19C7F82890BC
:106AD0008946FC613446D7F83C806646013D524603
:106AE00014F8011D4046FEF773FD002DF6D149460E
:106AF000FC69D7F82890B446FFF7E2BA00254AE6C9
:106B0000BAF80C3043F02003AAF80C30DAF8103051
:106B1000CAF800300023CAF80430FEF710BEA146C0
:106B2000BC6BA4462146FFF7C0BABB6AD7F80490F5
:106B3000FB617B60C7E90233FFF714B81D46B1461D
:106B400033464BE4FB69D7F80090FB603B60C7E934
:106B50000133FFF7FBB882B0CDE9023302ABFB6231
:106B6000FEF7AEBFD7F838B03C61B8F1000F3FF484
:106B700070A907F160034546FE6B03EB0804013D75
:106B8000524614F8011D3046FEF722FD002DF6D1C5
:106B9000FFF75FB90125FFF72FBA614B0325BB61F2
:106BA0000A237B63FFF728BA0225FFF725BA2E4692
:106BB0000225FFF721BA5B4B0325BB6100237B63F2
:106BC000FFF71ABADAF83010002900F023810AF131
:106BD0004002914204D0F86BBB62FEF7EFFABB6A49
:106BE0000022CAF83020DAF83C20CAF80420002A33
:106BF00000F01081DAF83810CAF80010FFF7A8BBCF
:106C0000DAF80000DFF82081037818F8033019075C
:106C10003FF513A80AF140064D46144605E00378F7
:106C200018F803301B0700F1B080DAF8043009F1DE
:106C300001090130013B4C45CAE9000300F0A28084
:106C4000002BECDCDAF83010002900F0C080B142F3
:106C500002D0F86BFEF7B2FADAF83C30CAF83050DE
:106C6000CAF80430002B00F0B280DAF83800CAF815
:106C70000000D4E73B61BAF80C3043F02003AAF8D7
:106C80000C30DAF81030CAF800300023CAF80430AB
:106C9000002E3EF4C2AFFFF7D9BAA846A3EB080313
:106CA0004244CAE9002336E6BAF80C30D7F838B0C7
:106CB00043F020033C61AAF80C30DAF81030CAF82F
:106CC00000300023CAF80430B8F1000F3FF4C1A827
:106CD000FFF7BCBABAF80C30914643F02003AAF88B
:106CE0000C30DAF81030CAF800300023CAF804304B
:106CF0004AE4BAF80C20B542D7F81CB042F02002A2
:106D0000BB6BAAF80C20DAF81020CAF800204FF06C
:106D10000002CAF804203FF499AAAE1BFFF7CFBBCC
:106D20005D55011065400110FDA80110DAF8301022
:106D3000002900F083800AF14003994202D0F86BE9
:106D4000FEF73CFA0023CAF83030DAF83C30CAF8D3
:106D50000430002B72D0DAF83830CAF8003021E560
:106D60004FF0FF333B63FEF7B6BD3546C3E5F20790
:106D70000ED4B5070CD54FEAEB72C3F800B05A60D9
:106D8000FEF75BBFA344FEF758BFCB44FEF755BFE9
:106D9000C3F800B0FEF751BF3A4BBB610A237B63D7
:106DA000D7F82090FFF7A3BB374BBB6110237B6361
:106DB000F6E7354BBB6108237B63F1E7324BBB61E0
:106DC0000A237B63ECE72F4B7D63BB61E8E7BAF8EE
:106DD0000C30CB4443F02003AAF80C30DAF8103022
:106DE000CAF800300023CAF80430FEF726BF5AB9AB
:106DF00006F010034FF0FF322E46BB63FFF72EB9AB
:106E000000F046FC0B4607E606F010032E46BB6377
:106E1000FFF724B9BAF80C209B46A91B434642F061
:106E200020028B440131AAF80C20DAF81020CAF8AD
:106E300000200022CAF80420FFF794BABAF80C30F8
:106E4000FC6843F02003F969D7F828C0AAF80C3091
:106E5000DAF810303E61CAF800300023CAF8043076
:106E6000002D7FF4F3A9FFF72BB990F800C0DFF8ED
:106E70001C8018F80CC01CF0080F7EF4DBADFFF787
:106E8000DAB800BF654001105D550110FDA8011082
:106E900070B50C7884465E2C24D00023481C9E4696
:106EA00000220CF5807163F3070263F30F2263F392
:106EB000174263F31F62634643F8042B8B42FBD1F6
:106EC00074B18EF00101451C0CF8041015F8013C5A
:106ED0002D2B0ED05D2B0AD01BB11C462846F2E7A5
:106EE000013870BD0123881C4C789E46D8E728469F
:106EF00070BD90F801E0BEF15D0F15D0744513DC54
:106F0000661C02300CEB060202F8011BA2EB0C031C
:106F1000013B9E45F8DCAEEB04030235013B7445B2
:106F2000A8BF00239C19D1E72D242846CBE700BF3A
:106F3000002070472DE9F0410C46096B04F1400335
:106F4000994214D0666B77003A46FCF7EDFD054692
:106F500030B300EB0608014632464046FEF72EF8F5
:106F6000C4F80080C4E90C570020BDE8F0814FF45C
:106F70008061FCF709FB98B194F842204FF48061DE
:106F8000206300F2FD33616380F8FF2394F8412011
:106F900080F8FE2394F8402080F8FD232360E3E787
:106FA0004FF0FF30E1E700BF82B30B4630B540EA57
:106FB00001048646A40717D1032A07D814E0043A2F
:106FC00022D01CF0803F1FD1032A23D9DEF80040D5
:106FD000194653F8045B7046A4F1013C0EF1040E0F
:106FE000AC422CEA040CEAD00378013A0C78A342B4
:106FF0000ED1024406E03BB110F8013F11F8014FF9
:10700000A34205D19042F6D1002030BD1046704712
:10701000181B30BD70461946E6E700BF00487047B0
:1070200020260020F8B55B4A0C460023D0E9000179
:1070300000F096FC002AC0F2A580574D0544574940
:107040004FF46163A1FB0201C90A03FB1122544BF7
:10705000A160A3FB0213E91C5B096360C3EB03138C
:10706000A2EB83024F4B226083FB0132CB170A4411
:10707000C3EBA203C3EBC303CB1A78D4002DA361E7
:1070800077DB494BE91783FB0523C1EBE331474825
:10709000474A00FB0150474E8308A2FB0352A6FB60
:1070A0000353454D00EBD222A2EBD3120309A5FBFB
:1070B0000353424DA2EB1312A5FB02359308521B5A
:1070C000A6FB036305EB52023D4DDB09120AA5FB4B
:1070D0000265C3EB55133B4D034440F26D1000FBBA
:1070E000123303EB83000230A5FB006540F2F95632
:1070F000ED09B04205EBC5008CBF6FF00906022612
:1071000000EB00103544304E0230A6FB00604FF417
:10711000C87606FB01215E1C012D98BF0131B3F535
:10712000997FA6EB90000BD3A3F59973A1F26C7134
:10713000E3610023E06020462362C4E90451F8BD06
:1071400096070BD0214E06FB02F2214EB6EB321F02
:107150002CBF012200223B331344E7E71B4E1D4F97
:1071600002FB06F6B7EBB60FECD20122F3E70733CA
:10717000A36119490C4B294483FB0123C917C1EBB7
:10718000E33184E702F5A832144D02F5C0720544DC
:1071900055E700BF805101006CFA0A00C5B3A29107
:1071A0008988888893244992BD066B394FC5FDFFB5
:1071B0007F206B39D97CC65941D6720061F31967BB
:1071C0001F85EB51D7802BD6CDCCCCCC295C8FC280
:1071D0000AD7A300285C8F0250C5FDFF6BFA0A0096
:1071E000014B93F828017047782600200148FDF7ED
:1071F00095BD00BFF42A00200148FDF793BD00BFF4
:10720000F42A002082B049B15AB16BB113780B60F7
:107210001278101E18BF012002B0704701A9002A81
:10722000F3D1104602B070476FF00100F4E700BFE1
:10723000034649B1FF2A02D801200A7070478A220A
:107240004FF0FF301A607047084670472DE9F04F45
:107250001F4685B08B460D46A84B039000922A46E8
:1072600015F8014B1E5D16F00806F8D12D2C27F0FD
:10727000100900F090802B2C1AD0B9F1000F1DD10D
:10728000302C00F0E980002F00F0DB804FF0100878
:10729000B2466FF0784C4FF0FF364FF00F0947467B
:1072A00000224FF0FF336FF0004ECDE9012321E0C3
:1072B0002C78951CB9F1000F00F0A1804FEAE77A15
:1072C0003A464FF0FF306FF000415346B84600F0A9
:1072D0003FFB534691464FF0FF303A466FF0004176
:1072E00000F036FB4FF0FF3301968C4606466FF0F8
:1072F000004E029300221046114613E0A4F137031A
:10730000BB421FDA013209D086427CEB010205D371
:10731000614508BFB04227D14B4525DD4FF0FF3214
:1073200015F8014BA4F13003092BE9D9A4F141036D
:10733000192BE3D9A4F16103192B03D8A4F1570346
:10734000BB42DFDB531C1BD0019B13B1404261EBFE
:107350004101009B2BB1002A40F09080009BC3F8B4
:1073600000B005B0BDE8F08F00FB0AF208FB012277
:10737000A0FB08010A44181842EBE3710122CFE791
:107380002223039A1360009B002B7AD005F1FF3B68
:1073900002987146E2E72C78951CB9F1000F14D1E0
:1073A000302C73D0002F40F08B804FF00A0801235F
:1073B000BA460296DFF848C14FF0CC364FF00809C4
:1073C00047464FF0004E019394E74FEAE77A3A467A
:1073D00000204FF000415346B84600F0B9FA53463A
:1073E000914600203A464FF0004100F0B1FA0123E7
:1073F00002968C4606464FF0004E01937AE7302CF9
:107400007FF441AF937803F0DF03582B30D14FF076
:107410001008CA46D478151D4746424653464FF0D9
:10742000FF306FF0004100F093FA534691464FF061
:10743000FF3042466FF0004100F08AFA06468C4663
:107440002EE74FF00A08BA464FF0CC36DFF8B0C04E
:107450004FF00709474623E72B7803F0DF03582B4B
:1074600006D14FF010086C78CA46D51C4746D4E7C1
:10747000D7BB4FF00808BA464746CEE78E46029083
:1074800084E70298714605B0BDE8F08F937803F069
:10749000DF03582B21D067B34FF01008CA46474688
:1074A0005346424600204FF0004100F051FA0023BD
:1074B0008C46012106464FF0004ECDE9011319E735
:1074C0004FF0100801234E464FF0006CCA46474665
:1074D0004FF0004ECDE901390CE74FF01008D47899
:1074E000151DCA464746DBE74FF01008CA46474617
:1074F00093E74FF00808BA464746D1E7FDA80110C8
:10750000CCCCCC0CFFF7A2BE2DE9F04F85B08B465A
:107510001E460D4601925C4A0390294615F8014B20
:10752000135D13F00803F8D12D2C00F08C802B2C68
:1075300052D0029336F0100A55D04FEAE67A32461E
:107540004FF0FF304FF0FF315346B14600F000FAE4
:1075500032460746884653464FF0FF304FF0FF3122
:1075600000F0F6F9944600221046114613E0A4F10B
:1075700037039E421FDD013209D0874278EB0102BA
:1075800005D3414508BFB8423BD1634539DD4FF0D3
:10759000FF3215F8014BA4F13003092BE9D9A4F10E
:1075A0004103192BE3D9A4F16103192B03D8A4F1EA
:1075B00057039E42DFDC531C3AD0029B13B140427A
:1075C00061EB4101019B23B1002A39D1019BC3F832
:1075D00000B005B0BDE8F08F36F0100A2C780293A9
:1075E00001F10205A9D1302C32D0BEB94FF00A0901
:1075F000B2464FF0050C4FF09937DFF890804E46B9
:10760000B1E700FB0AF209FB0122A0FB09010A44D1
:10761000181842EBE3710122BBE756B34FF0100993
:107620004FF00F0C4FF0FF376FF070484E469AE75F
:107630002223039910460B601146019B002BC8D0F2
:1076400005F1FF3BC2E701232C788D1C029371E703
:107650002B7803F0DF03582BDFD14FF010096C7843
:107660004FF00F0C02354FF0FF376FF070484E4669
:1076700079E74FF00809B2464FF0070C4FF0FF379B
:107680006FF060484E466EE7FDA801109999991970
:10769000FFF73ABF70B582B00446069D55B1104859
:1076A000D0F8E4606AB120460095B047431C10D082
:1076B00002B070BD00F1F4050948D0F8E460002A7A
:1076C000F1D1012311462046064A0095B047431CDC
:1076D000EED100228A232A60236002B070BD00BF71
:1076E00078260020C07A0110002100F001B800BF08
:1076F00010B500F0B7F8044600F0E6F8A0F11A0360
:10770000DBB2022B01D8012010BDA4F1090004282E
:107710008CBF0020012010BD0229C0F307235FFAAF
:1077200080FC25D0032903D083F080038CF0800CEB
:1077300003F15002D2B21F2A0BD903F13002D2B2A8
:10774000242A3BD84FF2A64290422CD94FF0FF306A
:1077500070474CF6D3729042F8D8B03BACF1A10C14
:10776000384AC3EBC3130CEB430332F813007047E2
:10777000BCF19E0F11D90CF1230C80225FFA8CFC16
:107780009F2B94BF703B503302EB4302D3B203F103
:107790005002D2B21F2AD0D8DBE7ACF17E0C7F2298
:1077A0005FFA8CFCECE7D03BACF1A10C264AC3EBB2
:1077B000C3130CEB430332F813007047A13B072BB4
:1077C000C4D8DFE803F0382E241D17120D04BCF1D5
:1077D000C00FBBD81D4AACF1A10332F813007047AB
:1077E000BCF1F10FB2D81A4A1CE0BCF1D80FADD8E9
:1077F000184A17E0BCF1F60FA8D80CF540507047B6
:10780000BCF1F30FA2D842F6A07060447047124B4F
:10781000634413F8A13C002B98D04FF6606060449D
:1078200070470E4AACF1A10332F81300002808BFDC
:107830004FF0FF3070470A4AACF1A10332F8130051
:10784000704700BF00C5011084AA01102CDC011094
:107850006CDC011010DD011080DD0110DCDD011099
:1078600098DE011038B50546B9B101F59574124995
:107870002046FDF767FA28B928460121BDE83840BF
:10788000FFF74ABF0D492046FDF75CFA38B9284694
:107890000221BDE83840FFF73FBF094CE7E709493F
:1078A0002046FDF74FFA28B928460321BDE83840A5
:1078B000FFF732BF284638BDEC8B0110F08B01106A
:1078C000A2270020F88B0110154B984226D840F6CD
:1078D000F90C70B54FF0000E124D03E004F1010EEB
:1078E000F44519DB1EEB0C0248BF013222F0010304
:1078F000541003EB620305EB43015B004A784E88AA
:10790000898842EA062211448842E7D8904204F16D
:10791000FF3CE5D3E85C70BDFF2070BDFF207047E1
:10792000EF010E0054DF0110F8B500BF00000000A9
:107930005FF800F02D0300205FF800F0050C002038
:107940005FF800F0711000205FF800F02D170020A4
:107950005FF800F07D1800205FF800F0650300205C
:107960005FF800F0DD1700205FF800F0C90E00207E
:107970005FF800F0890100205FF800F08D0B002017
:107980005FF800F0C10B00205FF800F0C502002096
:107990005FF800F0650B00205FF800F0591200203E
:1079A0005FF800F0E90F00205FF800F0A10300206D
:1079B0005FF800F0090200205FF800F0590F002086
:1079C0005FF800F07911002059240010CD23001039
:1079D00001240010A52400103924001051230010A8
:1079E000812400103D23001055150010852400103F
:1079F000191900109D2300106D2400101D24001083
:107A0000311100105911001019020010054A001020
:087A100079720010A59200102C
:107A18004572726F72206C6579656E646F20656C53
:107A2800205254430000000044656E74726F206455
:107A38006520696E69745F6C63640000543A256C54
:107A480075636D2020202020202020202020202049
:107A58002020202020202020200000004D3A252E24
:107A68003266636D207C206D3A252E326600000058
:107A78004843535230343A20252E326620636D2015
:107A8800202020005420000020202020000000009A
:107A98004D2000006D200000534400004F4B200093
:107AA8003E3E3E20427566666572206C696D70695F
:107AB8006F3A20272573270A000000002C000000D9
:107AC8003E3E3E2050726F636573616E646F207432
:107AD8006F6B656E3A20272573270A003E3E3E20CD
:107AE800456E636F6E747261646F2053503A20253F
:107AF800640A00003E3E3E20456E636F6E747261FC
:107B0800646F20534D3A2025640A00003E3E3E2013
:107B1800456E636F6E747261646F20536D3A2025F1
:107B2800640A00003E3E3E20546F6B656E2064651B
:107B380073636F6E6F6369646F3A2025730A000080
:107B48003E3E3E20417369676E616369C3B36E2030
:107B5800636F6D706C65746164613A003E3E3E20EF
:107B680020205350202D3E20736574706F696E7409
:107B78003A20256C750A00003E3E3E202020534DD9
:107B8800202D3E20736574706F696E745F6D617827
:107B98003A20252E32660A003E3E3E202020536DB4
:107BA800202D3E20736574706F696E745F6D696E09
:107BB8003A20252E32660A003E3E3E2046616C740D
:107BC800616E20706172C3A16D6574726F733A2023
:107BD80053503D25642C20534D3D25642C20536D76
:107BE8003D25640A000000003D3D3D2054415245BA
:107BF80041205541525420494E494349414441206E
:107C08003D3D3D00554152543120636F6E666967B2
:107C1800757261646F202D204750494F2054583A9F
:107C280025642C2052583A25640A00004573706573
:107C380072616E646F206461746F7320706F72205C
:107C4800554152542E2E2E003E3E3E3E4461746FE6
:107C580020726563696269646F3A2025730A0000BF
:107C68005B554152545D2054696D656F7574202DC4
:107C780020427566666572206C696D706961646F13
:107C88003A202700270000003E3E3E2050524F4336
:107C98004553414D49454E544F20455849544F533B
:107CA8004F202D204573747275637475726120615D
:107CB800637475616C697A6164613A003E3E3E2086
:107CC8002020736574706F696E743A20256C750A8C
:107CD800000000003E3E3E202020736574706F69EE
:107CE8006E745F6D61783A20252E32660A000000B6
:107CF8003E3E3E202020736574706F696E745F6D20
:107D0800696E3A20252E32660A0000003E3E3E206B
:107D1800284C6F73206461746F7320657374C3A1FA
:107D28006E206C6973746F73207061726120656E68
:107D3800766961722061206C617320636F6C617376
:107D4800290000003E3E3E456E766961646F206101
:107D5800204C4344000000003E3E3E20E29C93201D
:107D6800456E766961646F206120636F6E74726F0F
:107D78006C20504944202D20536574706F696E74CF
:107D88003A20256C750A00003E3E3E20E29C932076
:107D9800456E766961646F2061204C4544732064A8
:107DA8006520616C65727461000000003E3E3E20F3
:107DB800E29C9320456E766961646F2061206D6551
:107DC8006D6F72696120534420706172612067751C
:107DD80061726461720000003E3E3E204552524F7F
:107DE8005220454E2050524F434553414D49454E30
:107DF800544F3A2043C3B36469676F2025640A006F
:107E08003E3E3E20464F524D41544F20455350452B
:107E18005241444F3A2053503A76616C6F722C535A
:107E28004D3A76616C6F722C536D3A76616C6F7255
:107E3800000000003E3E3E20454A454D504C4F3A1A
:107E48002053503A32302C534D3A32312C536D3A3C
:107E580031390000665F6D6F756E74206572726FE0
:107E6800723A20257320282564290A006461746108
:107E78006C6F6765722E747874000000665F6F70AF
:107E8800656E28257329206572726F723A202573F2
:107E980020282564290A0000457363726974757285
:107EA800612066616C6C6964612064652062756636
:107EB8006665723100000000665F636C6F73652051
:107EC8006572726F723A20257320282564290A008A
:107ED8005441524541207461736B5F6775617264E8
:107EE80069616E615F73642073757370656E646930
:107EF8006461000044656E74726F2064652074616B
:107F0800736B5F677561726469616E615F7364004A
:107F1800486F72613A20253032643A253032643A2B
:107F2800253032642C46656368613A202530326416
:107F38002F253032642F3230253032642C5365744B
:107F4800706F696E743A20256C752C536574706F68
:107F5800696E744D61783A20252E32662C5365740B
:107F6800706F696E744D696E3A20252E32660A006C
:107F7800486F72613A20253032643A253032643ACB
:107F8800253032642C46656368613A2025303264B6
:107F98002F253032642F3230253032642C536574EB
:107FA800706F696E744D61783A20252E32662C53B5
:107FB800757065726164613A20252E32660A000088
:107FC800534574706F696E7420677561726461647B
:107FD8006F000000534574706F696E742065787483
:107FE80065726D6F7320677561726461646F0000FC
:107FF8004D65646963696F6E446544697374616E45
:1080080063696100677561726469616E61534400F8
:10801800677561726469616E614C434400000000D9
:10802800726567736974726F5F6665636861000083
:10803800636F6E74726F6C5F70696400554152545F
:108048005F52656365697665720000000A2A2A2A0C
:108058002050414E4943202A2A2A0A004E6F207395
:1080680070696E6C6F636B732061726520617661F5
:10807800696C61626C6500004E6F207573657220D3
:10808800495251732061726520617661696C616241
:108098006C650000486172647761726520616C618B
:1080A800726D20256420616C726561647920636C4F
:1080B80061696D65640000004861726420617373D2
:1080C800657274004F7574206F66206D656D6F72F0
:1080D8007900000052656C6561736500626F6F74AA
:1080E800325F77323571303830000000302E310081
:1080F800322E312E310000007069636F32000000AB
:108108006669726D77617265000000004E6F7620B7
:108118002036203230323500666E692B00000000B0
:10812800666E69006E616E00666E692D0000000063
:1081380055534220737464696E202F207374646FE2
:1081480075740000526173706265727279205069AB
:10815800000000005069636F00000000426F617208
:1081680064204344430000005265736574000000B6
:10817800556E68616E646C65642049525120307890
:1081880025780A00657020253032582077617320E1
:10819800616C726561647920617661696C61626C99
:1081A8006500000043616E277420636F6E74696E0A
:1081B80075652078666572206F6E20696E616374DC
:1081C8006976652065702025303258004E6F205042
:1081D800494F207374617465206D616368696E65C9
:1081E800732061726520617661696C61626C6500FB
:1081F800444D41206368616E6E656C20256420697A
:108208007320616C726561647920636C61696D6566
:10821800640000004E6F20444D41206368616E6E1B
:10822800656C732061726520617661696C61626C4E
:1082380065000000546D725100000000546D7220FA
:1082480053766300EB769045584641542020200031
:108258004641543332202020000000002A3A3C3E98
:108268007C223F7F000000002B2C3B3D5B5D000023
:108278004F560000494E46004E614E00556E6B6EDB
:108288006F776E005375636365656465640000000D
:10829800412068617264206572726F72206F636337
:1082A800757272656420696E20746865206C6F77DA
:1082B800206C6576656C206469736B20492F4F20AC
:1082C8006C61796572000000417373657274696F3F
:1082D8006E206661696C6564000000005468652062
:1082E800706879736963616C20647269766520636C
:1082F800616E6E6F7420776F726B0000436F756CE0
:1083080064206E6F742066696E64207468652066E8
:10831800696C6500436F756C64206E6F74206669C4
:108328006E64207468652070617468005468652004
:1083380070617468206E616D6520666F726D61741E
:1083480020697320696E76616C69640041636365B6
:1083580073732064656E6965642064756520746F45
:108368002070726F6869626974656420616363650F
:108378007373206F72206469726563746F727920F9
:1083880066756C6C0000000041636365737320645C
:10839800656E6965642064756520746F2070726FFE
:1083A8006869626974656420616363657373202812
:1083B80065786973747329005468652066696C650B
:1083C8002F6469726563746F7279206F626A65637E
:1083D8007420697320696E76616C6964000000001E
:1083E80054686520706879736963616C2064726988
:1083F80076652069732077726974652070726F746E
:108408006563746564000000546865206C6F676973
:1084180063616C206472697665206E756D62657241
:1084280020697320696E76616C6964005468652000
:10843800766F6C756D6520686173206E6F20776F3D
:10844800726B206172656120286D6F756E742900EA
:108458005468657265206973206E6F2076616C6957
:10846800642046415420766F6C756D6500000000ED
:1084780054686520665F6D6B667328292061626F9A
:10848800727465642064756520746F20616E79204C
:1084980070726F626C656D00436F756C64206E6FEF
:1084A80074206765742061206772616E7420746F30
:1084B800206163636573732074686520766F6C75DB
:1084C8006D652077697468696E20646566696E6594
:1084D8006420706572696F6400000000546865204C
:1084E8006F7065726174696F6E2069732072656A56
:1084F8006563746564206163636F7264696E672085
:10850800746F207468652066696C65207368617291
:10851800696E6720706F6C69637900004C464E2065
:10852800776F726B696E6720627566666572206325
:108538006F756C64206E6F7420626520616C6C6F5F
:1085480063617465640000004E756D626572206F2A
:1085580066206F70656E2066696C6573203E2046E4
:10856800465F46535F4C4F434B00000047697665B2
:108578006E20706172616D6574657220697320691F
:108588006E76616C696400004E6F2053442063610D
:108598007264206465746563746564210D0A000063
:1085A80025643A0025733A20426C6F636B2057723A
:1085B800697465206E6F74206163636570746564A7
:1085C8002E20526573706F6E736520746F6B656EC5
:1085D8003A20307825782C20737461747573206282
:1085E8006974733A202564256425640A0000000034
:1085F8004E6F206469736B2C206F7220636F756CEB
:1086080064206E6F74207075742053442063617207
:108618006420696E20746F205350492069646C652A
:108628002073746174650A0054696D656F757420F0
:1086380077616974696E6720666F7220636172641E
:108648000A0000004661696C656420746F20696ED9
:10865800697469616C697A6520636172640A0000F3
:108668005344205374616E64617264204361706185
:1086780063697479204D656D6F7279204361726406
:1086880020756E737570706F727465640A000000EF
:10869800556E6B6E6F776E206572726F7200000098
:1086A8002573206174206C696E652025643B206504
:1086B80072726F7220636F64652025640A0000007F
:1086C80025732C2564205344494F206E6F74207203
:1086D8006573706F6E64696E6720746F20434D44D4
:1086E800382053454E445F49465F434F4E442C2043
:1086F8007374617475732030782578207265706C96
:1087080079203078256C780A000000005344494FDE
:10871800206361726420696E697469616C697A6149
:1087280074696F6E2074696D656F75740A00000056
:1087380025732C2564205344494F206661696C6574
:108748006420746F2073657420424C4F434B4C4532
:108758004E0A000073645F7364696F5F73746F70AF
:108768005472616E736D697373696F6E2829207412
:10877800696D656F75740A0073645F7364696F5F10
:108788007772697465536563746F7228256C7529EF
:10879800206661696C65643A202573202825642960
:1087A8000A00000073645F7364696F5F77726974AD
:1087B80065536563746F7273282C256C752C2C2592
:1087C8007A7529206661696C65643A2025732028CA
:1087D8002564290A0000000073645F7364696F5F91
:1087E80072656164536563746F72282C256C752CEF
:1087F80029206661696C65643A2025732028256400
:10880800290A000073645F7364696F5F726561644D
:10881800536563746F727328256C642C2E2E2E2C6E
:1088280025642920206661696C65643A20257320D7
:10883800282564290A0000005344494F3A204F4B29
:10884800000000005344494F3A20627573790000D4
:108858005344494F3A2054696D6564206F757420FC
:1088680077616974696E6720666F722072657370CC
:108878006F6E73652066726F6D20636172640000AD
:108888005344494F3A20526573706F6E73652043A5
:1088980052432069732077726F6E67005344494FC3
:1088A8003A20526573706F6E736520636F6D6D61EA
:1088B8006E6420636F646520646F6573206E6F74E7
:1088C800206D617463682077686174207761732014
:1088D80073656E74000000005344494F3A20546990
:1088E8006D6564206F75742077616974696E67209F
:1088F800666F72206461746120626C6F636B000044
:108908005344494F3A2043524320666F72206461B2
:108918007461207061636B65742069732077726F6E
:108928006E6700005344494F3A20436172642072D5
:1089380065706F72747320626164204352432066CD
:108948006F72207772697465000000005344494FC4
:108958003A2043617264207265706F727473207775
:1089680072697465206661696C7572650000000043
:108978005344494F2063617264207265706F72744A
:108988007320777269746520435243206572726F51
:10899800722C2073746174757320256C780A00003A
:1089A8005344494F2063617264207265706F72741A
:1089B80073207772697465206661696C7572652CBD
:1089C8002073746174757320256C780A00000000A8
:1089D8005344494F2063617264207265706F7274EA
:1089E8007320756E6B6E6F776E2077726974652071
:1089F80073746174757320256C780A0025733A20A6
:108A080054696D656F75742077616974696E672044
:108A1800666F7220726573706F6E736520696E2061
:108A28007270323034305F7364696F5F636F6D6D7D
:108A3800616E645F5231283078256878290A000011
:108A48007270323034305F7364696F5F636F6D6D5D
:108A5800616E645F5231282564293A2043524320CD
:108A68006572726F722C2063616C63756C617465DA
:108A7800642030782568782C207061636B657420D9
:108A88006861732030782568780A000025642072B0
:108A980070323034305F7364696F5F636F6D6D611E
:108AA8006E645F5231282564293A207265636569CE
:108AB800766564207265706C7920666F7220256413
:108AC8000A0000005344494F20636865636B73755F
:108AD8006D206572726F7220696E207265636570B1
:108AE80074696F6E3A20626C6F636B202564206333
:108AF800616C63756C61746564203078256C6C7882
:108B0800206578706563746564203078256C6C78AE
:108B18000A0000007270323034305F7364696F5F2E
:108B280074785F706F6C6C28292074696D656F7537
:108B3800740A0000545A0000474D54002531315B37
:108B48002D2B302D39412D5A612D7A5D256E00006F
:108B58002531315B412D5A612D7A5D256E0000006B
:108B6800256875256E3A256875256E3A2568752538
:108B78006E0000004D256875256E2E256875256EDA
:108B88002E256875256E00002F256875256E3A25F7
:108B98006875256E3A256875256E00002E00000060
:108BA8004C435F434F4C4C41544500004C435F439A
:108BB80054595045000000004C435F4D4F4E4554FA
:108BC800415259004C435F4E554D455249430000B0
:108BD8004C435F54494D45004C435F4D4553534109
:108BE800474553004A495300534A4953000000007F
:108BF8004555434A5000000006005250D3F07542D4
:108C0800DC80011006005250E182887FE480011068
:108C1800060052503ABCA911F480011006005250C7
:108C2800ABB36053F880011006005250BBFF3CB64E
:108C38000081011006005250861C030208810110B1
:108C4800060052505422A29D148101100500525072
:108C5800DE65F468E83B0210000000000000F03F09
:108C680000000000000024400000000000005940FF
:108C78000000000000408F40000000000088C34052
:108C880000000000006AF8400000000080842E41C7
:108C980000000000D01263410000000084D7974113
:108CA8000000000065CDCD410D0A00000000000065
:108CB8008144001000000000854400109144001019
:108CC800BD440010B9440010000000000A00000074
:108CD80000000306A6000800020002009C00140021
:108CE800030057494E5553420000000000000000A1
:108CF80000008000040001002800440065007600A0
:108D080069006300650049006E0074006500720028
:108D18006600610063006500470055004900440093
:108D280000004E007B00620063003700330039000A
:108D38003800630031002D00370033006300640001
:108D48002D0034006300620037002D003900380020
:108D5800620038002D00390031003300610038000E
:108D680066006300610037006200660036007D001F
:108D780000000000050F2100011C100500DF60DD68
:108D8800D88945C74C9CD2659D9E648A9F00000384
:108D980006A60001000000000600525053B4F4A1DA
:108DA80038810110000000004C8101105C81011025
:108DB8008C38002064810110708101100902540070
:108DC800030100807D080B00020202000009040074
:108DD800000102020004052400200105240100010D
:108DE8000424020605240600010705810308001073
:108DF80009040100020A0000000705020240000001
:108E0800070582024000000904020000FF00010576
:108E180012011002EF0201408A2E0900000101022E
:108E28000301000000000000B95D0010295E001079
:108E3800595E0010A55E0010655F001025600010E7
:108E480000000000000000001D61001079610010A2
:108E580095610010B961001015450010AD62001051
:108E680000000000050000000000000040000000B5
:108E78001400000054000000809A45418E418F8004
:108E88004545454949498E8F9092924F994F55557E
:108E980059999A9B9C9D9E9F41494F55A5A5A6A768
:108EA800A8A9AAABACADAEAFB0B1B2B3B4B5B6B7C2
:108EB800B8B9BABBBCBDBEBFC0C1C2C3C4C5C6C7B2
:108EC800C8C9CACBCCCDCECFD0D1D2D3D4D5D6D7A2
:108ED800D8D9DADBDCDDDEDFE0E1E2E3E4E5E6E792
:108EE800E8E9EAEBECEDEEEFF0F1F2F3F4F5F6F782
:108EF800F8F9FAFBFCFDFEFF01030507090E101245
:108F08001416181C1E000000A2A0D0EBE5B93344CB
:108F180087C068B6B72699C745464920504152547C
:108F2800000001004546492050415254000001000C
:108F38005C00000000000200EEFEFF0001000000DF
:108F4800FFFFFFFF7D1D0100632C001E9601A01E80
:108F58005A01001F0806101F0606201F0806301FAA
:108F68000806401F0606511F0700591F521F5B1FA6
:108F7800541F5D1F561F5F1F601F0806701F0E00DD
:108F8800BA1FBB1FC81FC91FCA1FCB1FDA1FDB1F91
:108F9800F81FF91FEA1FEB1FFA1FFB1F801F0806A7
:108FA800901F0806A01F0806B01F0400B81FB91FAD
:108FB800B21FBC1FCC1F0100C31FD01F0206E01F39
:108FC8000206E51F0100EC1FF31F0100FC1F4E21E4
:108FD8000100322170211002842101008321D02454
:108FE8001A05302C2F04602C0201672C0601752C01
:108FF8000201802C6401002D260841FF1A0300009D
:1090080061001A03E0001703F8000703FF000100DE
:1090180078010001300132010601390110014A01CD
:109028002E017901060180014D0043028101820170
:1090380082018401840186018701870189018A01EF
:109048008B018B018D018E018F019001910191019E
:1090580093019401F60196019701980198013D0248
:109068009B019C019D0120029F01A001A001A2017A
:10907800A201A401A401A601A701A701A901AA01AF
:10908800AB01AC01AC01AE01AF01AF01B101B2015E
:10909800B301B301B501B501B701B801B801BA010F
:1090A800BB01BC01BC01BE01F701C001C101C20185
:1090B800C301C401C501C401C701C801C701CA0170
:1090C800CB01CA01CD011001DD0101008E01DE01D5
:1090D8001201F3010300F101F401F401F801280180
:1090E800220212013A020900652C3B023B023D02B2
:1090F800662C3F0240024102410246020A01530225
:10910800400081018601550289018A0158028F01B8
:109118005A0290015C025D025E025F0293016102E5
:109128006202940164026502660267029701960171
:109138006A02622C6C026D026E029C01700271025E
:109148009D01730274029F01760277027802790208
:109158007A027B027C02642C7E027F02A6018102D5
:109168008202A9018402850286028702AE014402B6
:10917800B101B20145028D028E028F029002910266
:10918800B7017B030300FD03FE03FF03AC030400E8
:109198008603880389038A03B1031103C20302000B
:1091A800A303A303C4030803CC0303008C038E03A7
:1091B8008F03D8031801F2030A00F903F303F40339
:1091C800F503F603F703F703F903FA03FA03300488
:1091D800200350041007600422018A043601C104E8
:1091E8000E01CF040100C004D00444016105260427
:1091F80000000000C700FC00E900E200E400E00015
:10920800E500E700EA00EB00E800EF00EE00EC0004
:10921800C400C500C900E600C600F400F600F2006C
:10922800FB00F900FF00D600DC00A200A300A500A7
:10923800A7209201E100ED00F300FA00F100D1004F
:10924800AA00BA00BF001023AC00BD00BC00A100FA
:10925800AB00BB0091259225932502252425612585
:109268006225562555256325512557255D255C25FD
:109278005B251025142534252C251C2500253C2587
:109288005E255F255A2554256925662560255025C4
:109298006C25672568256425652559255825522597
:1092A80053256B256A2518250C25882584258C25AA
:1092B80090258025B103DF009303C003A303C303F4
:1092C800B500C403A6039803A903B4031E22C6036A
:1092D800B50329226122B1006522642220232123BB
:1092E800F7004822B0001922B7001A227F20B200E6
:1092F800A025A0000000102120423063408450A522
:1093080060C670E781089129A14AB16BC18CD1ADC3
:10931800E1CEF1EF123102103273225252B542946B
:1093280072F762D693398318B37BA35AD3BDC39C13
:10933800F3FFE3DE246234430420140164E674C7B7
:1093480044A45485A56AB54B85289509E5EEF5CF63
:10935800C5ACD58D365326721611063076D766F60B
:10936800569546B4B75BA77A97198738F7DFE7FEB3
:10937800D79DC7BC48C458E5688678A708401861D7
:1093880028023823C9CCD9EDE98EF9AF8948996903
:10939800A90AB92B5AF54AD47AB76A961A710A50AB
:1093A8003A332A12DBFDCBDCFBBFEB9E9B798B5853
:1093B800BB3BAB1A6CA67C874CE45CC52C223C03F7
:1093C8000C601C41EDAEFD8FCDECDDCDAD2ABD0BA3
:1093D8008D689D497E976EB65ED54EF43E132E324B
:1093E8001E510E70FF9FEFBEDFDDCFFCBF1BAF3AF3
:1093F8009F598F78918881A9B1CAA1EBD10CC12D51
:10940800F14EE16F108000A130C220E350044025E6
:109418007046606783B99398A3FBB3DAC33DD31C46
:10942800E37FF35E02B1129022F332D24235521436
:1094380062777256B5EAA5CB95A88589F56EE54F92
:10944800D52CC50D34E224C314A004817466644786
:1094580054244405A7DBB7FA879997B8E75FF77EE6
:10946800C71DD73C26D336F2069116B066577676D6
:1094780046155634D94CC96DF90EE92F99C889E9B2
:10948800B98AA9AB584448657806682718C008E126
:10949800388228A3CB7DDB5CEB3FFB1E8BF99BD886
:1094A800ABBBBB9A4A755A546A377A160AF11AD076
:1094B8002AB33A92FD2EED0FDD6CCD4DBDAAAD8BD2
:1094C8009DE88DC97C266C075C644C453CA22C83C6
:1094D8001CE00CC1EF1FFF3ECF5DDF7CAF9BBFBA26
:1094E8008FD99FF86E177E364E555E742E933EB216
:1094F8000ED11EF00000333166625553CCC4FFF51F
:10950800AAA6999789A9BA98EFCBDCFA456D765C3B
:10951800230F103E0373304265115620CFB7FC86E7
:10952800A9D59AE48ADAB9EBECB8DF89461E752F1B
:10953800207C134D06E635D7608453B5CA22F9134B
:10954800AC409F718F4FBC7EE92DDA1C438B70BAFB
:1095580025E916D8059536A463F750C6C951FA60AF
:10956800AF339C028C3CBF0DEA5ED96F40F873C9DB
:10957800269A15AB0DCC3EFD6BAE589FC108F2394B
:10958800A76A945B8465B754E207D13648A17B90FB
:109598002EC31DF20EBF3D8E68DD5BECC27BF14A27
:1095A800A41997288716B427E174D2454BD278E3DB
:1095B8002DB01E810B2A381B6D485E79C7EEF4DF8B
:1095C800A18C92BD8283B1B2E4E1D7D04E477D76BB
:1095D80028251B1408593B686E3B5D0AC49DF7ACEF
:1095E800A2FF91CE81F0B2C1E792D4A34D347E059B
:1095F8002B5618671B9828A97DFA4ECBD75CE46DCB
:10960800B13E820F9231A100F453C7625EF56DC47A
:1096180038970BA618EB2BDA7E894DB8D42FE71EA6
:10962800B24D817C9142A273F720C4115D866EB75A
:109638003BE408D51D7E2E4F7B1C482DD1BAE28B0A
:10964800B7D884E994D7A7E6F2B5C18458136B223A
:109658003E710D401E0D2D3C786F4B5ED2C9E1F86E
:10966800B4AB879A97A4A495F1C6C2F75B6068511A
:109678003D020E331654256570364307DA90E9A18A
:10968800BCF28FC39FFDACCCF99FCAAE53396008BA
:10969800355B066A1527261673454074D9E3EAD266
:1096A800BF818CB09C8EAFBFFAECC9DD504A637B9A
:1096B8003628051910B2238376D045E1DC76EF47CA
:1096C800BA148925991BAA2AFF79CC4855DF66EE7A
:1096D80033BD008C13C120F075A34692DF05EC342E
:1096E800B9678A569A68A959FC0ACF3B56AC659D5A
:1096F80030CE03FF000037306E605950DCC0EBF00D
:10970800B2A08590A9A19E91C7C1F0F1756142519F
:109718001B012C31436374532D031A339FA3A89361
:10972800F1C3C6F3EAC2DDF284A2B3923602013273
:1097380058626F5286C6B1F6E8A6DF965A066D36AD
:10974800346603562F67185741077637F3A7C4972F
:109758009DC7AAF7C5A5F295ABC59CF519652E5509
:10976800770540356C045B3402643554B0C487F423
:10977800DEA4E9941DAD2A9D73CD44FDC16DF65D4F
:10978800AF0D983DB40C833CDA6CED5C68CC5FFCA3
:1097980006AC319C5ECE69FE30AE079E820EB53EA9
:1097A800EC6EDB5EF76FC05F990FAE3F2BAF1C9F6F
:1097B80045CF72FF9B6BAC5BF50BC23B47AB709B15
:1097C80029CB1EFB32CA05FA5CAA6B9AEE0AD93A73
:1097D800806AB75AD808EF38B668815804C833F891
:1097E8006AA85D9871A946991FC928F9AD699A595F
:1097F800C309F4393B5A0C6A553A620AE79AD0AA67
:1098080089FABECA92FBA5CBFC9BCBAB4E3B790B2E
:10981800205B176B78394F0916592169A4F993C948
:10982800CA99FDA9D198E6A8BFF888C80D583A6822
:1098380063385408BD9C8AACD3FCE4CC615C566C9C
:109848000F3C380C143D230D7A5D4D6DC8FDFFCDDE
:10985800A69D91ADFEFFC9CF909FA7AF223F150FE0
:109868004C5F7B6F575E606E393E0E0E8B9EBCAEB2
:10987800E5FED2CE26F711C748977FA7FA37CD075E
:109888009457A3678F56B866E136D606539664A6F2
:109898003DF60AC6659452A40BF43CC4B9548E64D0
:1098A800D734E004CC35FB05A255956510F527C5DE
:1098B8007E9549A5A0319701CE51F9617CF14BC144
:1098C800129125A109903EA067F050C0D550E260E2
:1098D800BB308C00E352D4628D32BA023F9208A2A8
:1098E80051F266C24AF37DC3249313A39633A103AE
:1098F800F853CF63000076B4ED689BDCCAF1BC4531
:109908002799512D85C3F37768AB1E1F4F323986CF
:10991800A25AD4EE1BA76D13F6CF807BD156A7E2CF
:109928003C3E4A8A9E64E8D0730C05B854952221BF
:10993800B9FDCF49374E41FADA26AC92FDBF8B0B01
:1099480010D76663B28DC4395FE52951787C0EC89B
:109958009514E3A02CE95A5DC181B735E61890AC9F
:109968000B707DC4A92ADF9E444232F663DB156F73
:109978008EB3F8076E9C182883F4F540A46DD2D9ED
:1099880049053FB1EB5F9DEB0637708321AE571A4F
:10999800CCC6BA72753B038F9853EEE7BFCAC97E2F
:1099A80052A22416F0F8864C1D906B243A094CBD3F
:1099B800D761A1D559D22F66B4BAC20E9323E597C1
:1099C8007E4B08FFDC11AAA5317947CD16E060541B
:1099D800FB888D3C427534C1AF1DD9A98884FE30FF
:1099E80065EC1358C7B6B1022ADE5C6A0D477BF3F3
:1099F800E02F969BDD38AB8C305046E417C9617D6B
:109A0800FAA18C1558FB2E4FB593C327920AE4BED2
:109A18007F6209D6C69FB02B2BF75D430C6E7ADAAE
:109A2800E10697B2435C35E8AE34D88089ADFF19BA
:109A380064C51271EA769CC2071E71AA2087563344
:109A4800CDEFBB5B6FB5190182DDF469A544D3F096
:109A5800482C3E98F1D187651CB96A0D3B204D947E
:109A6800D648A0FC741202A6997AEFCEBEE3C85776
:109A7800538B253FB3A4C5105ECC287879550FE1E8
:109A8800943DE289366740D3DB0FADBBFC968A2252
:109A980011FE674AA803DEB7456B33DF62F214464E
:109AA8008F9AF92E2DC05B74C0A8B61CE73191853A
:109AB8000A597CED84EAF25E69821F364E1B38AF84
:109AC800A373D5C70129779DEC419AF5CBD8BD6C16
:109AD80026B050049F4DE9F97225049155BC23081E
:109AE800B8D4CE601A8E6C3AF7E68152D07FA6CBF6
:109AF8003D174BA30000AA514483EED28906235791
:109B0800CD8567D4022DA87C46AEECFF8B2B217A3D
:109B1800CFA865F9045AAE0B40D9EA888D5C270DA9
:109B2800C9DF638E0677AC2642F4E8A58F7125203D
:109B3800CBF261A308B4A2E54C37E66681B22BE309
:109B4800C5316F600A99A0C84E1AE44B839F29CE8D
:109B5800C71C6D4D0CEEA6BF486DE23C85E82FB9D9
:109B6800C16B6B3A0EC3A4924A40E01187C52D948D
:109B7800C34669171168BB3955EBFFBA986E323F77
:109B8800DCED76BC1345B91457C6FD979A433012DD
:109B9800DEC074911532BF6351B1FBE09C34366569
:109BA800D8B772E6171FBD4E539CF9CD9E1934489D
:109BB800DA9A70CB19DCB38D5D5FF70E90DA3A8BC9
:109BC800D4597E081BF1B1A05F72F52392F738A62D
:109BD800D6747C251D86B7D75905F35494803ED199
:109BE800D0037A521FABB5FA5B28F17996AD3CFCED
:109BF800D22E787F22D088816653CC02ABD60187DB
:109C0800EF55450420FD8AAC647ECE2FA9FB03AA3C
:109C1800ED784729268A8CDB6209C858AF8C05DDA8
:109C2800EB0F415E24A78EF66024CA75ADA107F03C
:109C3800E92243732A6480356EE7C4B6A362093308
:109C4800E7E14DB0284982186CCAC69BA14F0B1E8C
:109C5800E5CC4F9D2E3E846F6ABDC0ECA7380D69D8
:109C6800E3BB49EA2C1386426890C2C1A5150F448C
:109C7800E1964BC733B899E9773BDD6ABABE10EF76
:109C8800FE3D546C31959BC47516DF47B89312C2DC
:109C9800FC10564137E29DB37361D930BEE414B568
:109CA800FA67503635CF9F9E714CDB1DBCC916989C
:109CB800F84A521B3B0C915D7F8FD5DEB20A185BC8
:109CC800F6895CD8392193707DA2D7F3B0271A762C
:109CD800F4A45EF53F5695077BD5D184B6501C0198
:109CE800F2D358823D7B972A79F8D3A9B47D1E2CEC
:109CF800F0FE5AAF000045A08B40CEE006A143011C
:109D08008DE1C8410D4248E28602C3A20BE34E43EF
:109D180080A3C5031A845F2491C4D4641C25598583
:109D28009765D2C517C652669C86D926116754C74F
:109D38009A27DF87350870A8BE48FBE833A976095B
:109D4800B8E9FD49384A7DEAB30AF6AA3EEB7B4BEF
:109D5800B5ABF00B2F8C6A2CA4CCE16C292D6C8D43
:109D6800A26DE7CD22CE676EA98EEC2E246F61CF4F
:109D7800AF2FEA8F6A102FB0E150A4F06CB129110F
:109D8800E7F1A251675222F2EC12A9B261F324530F
:109D9800EAB3AF1370943534FBD4BE74763533957B
:109DA800FD75B8D57DD63876F696B3367B773ED72F
:109DB800F037B5975F181AB8D45891F859B91C19E3
:109DC800D2F99759525A17FAD91A9CBA54FB115B0F
:109DD800DFBB9A1B459C003CCEDC8B7C433D069D3B
:109DE800C87D8DDD48DE0D7EC39E863E4E7F0BDF2F
:109DF800C53F809FD42091805F601AC0D28197218F
:109E080059C11C61D9629CC252221782DFC39A636E
:109E180054831123CEA48B0445E40044C8058DA5C2
:109E2800434506E5C3E6864648A60D06C54780E7CE
:109E38004E070BA7E128A4886A682FC8E789A229DA
:109E48006CC92969EC6AA9CA672A228AEACBAF6B6E
:109E5800618B242BFBACBE0C70EC354CFD0DB8AD02
:109E6800764D33EDF6EEB34E7DAE380EF04FB5EFCE
:109E78007B0F3EAFBE30FB90357070D0B891FD318E
:109E880033D17671B372F6D238327D92B5D3F0738E
:109E98003E937B33A4B4E1142FF46A54A215E7B5BA
:109EA80029556CF5A9F6EC5622B66716AF57EAF7AE
:109EB800241761B78B38CE98007845D88D99C83962
:109EC80006D94379867AC3DA0D3A489A80DBC57B8E
:109ED8000B9B4E3B91BCD41C1AFC5F5C971DD2BDFA
:109EE8001C5D59FD9CFED95E17BE521E9A5FDFFFAE
:109EF800111F54BF0000B86160E3D882C1C679A7BA
:109F0800A125194493AD2BCCF34E4B2F526BEA0A83
:109F180032888AE9377B8F1A5798EFF9F6BD4EDCFD
:109F2800965E2E3FA4D61CB7C4357C546510DD71EF
:109F380005F3BD926EF6D6970E15B674AF3017516D
:109F4800CFD377B2FD5B453A9DB825D93C9D84FCBB
:109F58005C7EE41F598DE1EC396E810F984B202A05
:109F6800F8A840C9CA207241AAC312A20BE6B38757
:109F78006B05D364DDEC658DBD0F056E1C2AA44B03
:109F88007CC9C4A84E41F6202EA296C38F8737E617
:109F9800EF645705EA9752F68A7432152B519330BD
:109FA8004BB2F3D3793AC15B19D9A1B8B8FC009D7B
:109FB800D81F607EB31A0B7BD3F96B9872DCCABDCD
:109FC800123FAA5E20B798D64054F835E17159106F
:109FD800819239F384613C00E4825CE345A7FDC6C5
:109FE80025449D2517CCAFAD772FCF4ED60A6E6B83
:109FF800B6E90E88ABF91398CB1A737B6A3FD25E29
:10A008000ADCB2BD3854803558B7E0D6F99241F32E
:10A01800997121109C8224E3FC6144005D44E5258C
:10A028003DA785C60F2FB74E6FCCD7ADCEE9768842
:10A03800AE0A166BC50F7D6EA5EC1D8D04C9BCA8B4
:10A04800642ADC4B56A2EEC336418E2097642F0556
:10A05800F7874FE6F2744A1592972AF633B28BD3F4
:10A068005351EB3061D9D9B8013AB95BA01F187EBA
:10A07800C0FC789D7615CE7416F6AE97B7D30FB29E
:10A08800D7306F51E5B85DD9855B3D3A247E9C1F7A
:10A09800449DFCFC416EF90F218D99EC80A838C9CC
:10A0A800E04B582AD2C36AA2B2200A411305AB6416
:10A0B80073E6CB8718E3A0827800C061D925614494
:10A0C800B9C601A78B4E332FEBAD53CC4A88F2E9C2
:10A0D8002A6B920A2F9897F94F7BF71AEE5E563F34
:10A0E8008EBD36DCBC350454DCD664B77DF3C5922E
:10A0F8001D10A571000047D38FA6C8750F6D48BE07
:10A1080080CBC7181EDA5909917CD6AF11B75664AF
:10A118009E11D9C23DB47A67B212F5C132D9750A17
:10A12800BD7FFAAC236E64BDACC8EB1B2C036BD0AF
:10A13800A3A5E4767B683CBBF4CEB31D740533D687
:10A14800FBA3BC7065B22261EA14ADC76ADF2D0CAF
:10A15800E579A2AA46DC010FC97A8EA949B10E6237
:10A16800C61781C458061FD5D7A09073576B10B86F
:10A17800D8CD9F1EF6D0B10379763EA5F9BDBE6E47
:10A18800761B31C8E80AAFD967AC207FE767A0B46F
:10A1980068C12F12CB648CB744C20311C40983DA97
:10A1A8004BAF0C7CD5BE926D5A181DCBDAD39D00EF
:10A1B800557512A68DB8CA6B021E45CD82D5C50647
:10A1C8000D734AA09362D4B11CC45B179C0FDBDCEF
:10A1D80013A9547AB00CF7DF3FAA7879BF61F8B2B7
:10A1E80030C77714AED6E905217066A3A1BBE6682F
:10A1F8002E1D69CEFD81BA52722735F4F2ECB53FB7
:10A208007D4A3A99E35BA4886CFD2B2EEC36ABE5CE
:10A2180063902443C03587E64F930840CF58888B16
:10A2280040FE072DDEEF993C5149169AD18296518E
:10A238005E2419F786E9C13A094F4E9C8984CE57A6
:10A24800062241F19833DFE017955046975ED08D8E
:10A2580018F85F2BBB5DFC8E34FB7328B430F3E336
:10A268003B967C45A587E2542A216DF2AAEAED398E
:10A27800254C629F0B514C8284F7C324043C43EF66
:10A288008B9ACC49158B52589A2DDDFE1AE65D350E
:10A298009540D29336E57136B943FE9039887E5B96
:10A2A800B62EF1FD283F6FECA799E04A275260814E
:10A2B800A8F4EF27703937EAFF9FB84C7F543887E6
:10A2C800F0F2B7216EE32930E145A696618E265D4E
:10A2D800EE28A9FB4D8D0A5EC22B85F842E00533B6
:10A2E800CD468A9553571484DCF19B225C3A1BE9CE
:10A2F800D39C944F00002110422063308440A55025
:10A30800C660E770088129914AA16BB18CC1ADD1B3
:10A31800CEE1EFF13112100273325222B55294425B
:10A32800F772D662399318837BB35AA3BDD39CC303
:10A33800FFF3DEE36224433420040114E664C774A7
:10A34800A44485546AA54BB528850995EEE5CFF553
:10A35800ACC58DD55336722611163006D776F666FB
:10A368009556B4465BB77AA719973887DFF7FEE7A3
:10A378009DD7BCC7C448E5588668A77840086118C7
:10A3880002282338CCC9EDD98EE9AFF948896999F3
:10A398000AA92BB9F55AD44AB77A966A711A500A9B
:10A3A800333A122AFDDBDCCBBFFB9EEB799B588B43
:10A3B8003BBB1AABA66C877CE44CC55C222C033CE7
:10A3C800600C411CAEED8FFDECCDCDDD2AAD0BBD93
:10A3D800688D499D977EB66ED55EF44E133E322E3B
:10A3E800511E700E9FFFBEEFDDDFFCCF1BBF3AAFE3
:10A3F800599F788F8891A981CAB1EBA10CD12DC141
:10A408004EF16FE18010A100C230E32004502540D6
:10A4180046706760B9839893FBA3DAB33DC31CD336
:10A428007FE35EF3B1029012F322D2323542145226
:10A4380077625672EAB5CBA5A89589856EF54FE582
:10A448002CD50DC5E234C324A01481046674476476
:10A4580024540544DBA7FAB79987B8975FE77EF7D6
:10A468001DC73CD7D326F2369106B01657667676C6
:10A47800154634564CD96DC90EF92FE9C899E989A2
:10A488008AB9ABA94458654806782768C018E10816
:10A498008238A3287DCB5CDB3FEB1EFBF98BD89B76
:10A4A800BBAB9ABB754A545A376A167AF10AD01A66
:10A4B800B32A923A2EFD0FED6CDD4DCDAABD8BADC2
:10A4C800E89DC98D267C076C645C454CA23C832CB6
:10A4D800E01CC10C1FEF3EFF5DCF7CDF9BAFBABF16
:10A4E800D98FF89F176E367E554E745E932EB23E06
:10A4F800D10EF01E0009121B242D363F48415A5335
:10A508006C657E7719100B023D342F265158434A4B
:10A51800757C676E323B2029161F040D7A736861BB
:10A528005E574C452B2239300F061D14636A71782B
:10A53800474E555C646D767F4049525B2C253E370B
:10A5480008011A137D746F6659504B42353C272E0B
:10A558001118030A565F444D727B60691E170C057B
:10A568003A3328214F465D546B627970070E151CEB
:10A57800232A31384148535A656C777E09001B12EB
:10A588002D243F3658514A437C756E671019020BCB
:10A59800343D262F737A6168575E454C3B3229203B
:10A5A8001F160D046A6378714E475C55222B3039AB
:10A5B800060F141D252C373E0108131A6D647F768B
:10A5C80049405B523C352E2718110A03747D666F8B
:10A5D8005059424B171E050C333A21285F564D44FB
:10A5E8007B7269600E071C152A233831464F545D6B
:10A5F800626B70798C82011098820110D0820110F0
:10A60800E4820110048301101C83011034830110BB
:10A618005483011090830110C0830110E883011056
:10A6280010840110348401105884011078840110BA
:10A63800A0840110E48401102485011050850110C4
:10A648007485011073645F636172645F6465746527
:10A658006374000073656E645F626C6F636B000007
:10A6680073645F696E69745F6D656469756D000018
:10A6780073645F636172645F7370695F696E697444
:10A6880000000000408801104C8801105888011013
:10A6980088880110A4880110E08801100889011039
:10A6A8002C8901105489011073645F7364696F5FAA
:10A6B80072656164536563746F72730073645F736A
:10A6C80064696F5F72656164536563746F720000DB
:10A6D80073645F7364696F5F7772697465536563E8
:10A6E800746F72730000000073645F7364696F5F56
:10A6F8007772697465536563746F720073645F730E
:10A7080064696F5F73746F705472616E736D69738F
:10A7180073696F6E000000006C6F67534445727276
:10A728006F72000073645F7364696F5F6265676965
:10A738006E0000007270323034305F7364696F5F8E
:10A7480074785F706F6C6C007364696F5F766572A4
:10A758006966795F72785F636865636B73756D733B
:10A76800000000007270323034305F7364696F5FCC
:10A77800636F6D6D616E645F52310000636865637D
:10A788006B5F7364696F5F77726974655F72657315
:10A79800706F6E736500000000122436485A6C7E94
:10A7A8009082B4A6D8CAFCEE322016047A685E4CB1
:10A7B800A2B08694EAF8CEDC647640522C3E081AA1
:10A7C800F4E6D0C2BCAE988A564472601E0C3A2891
:10A7D800C6D4E2F08E9CAAB8C8DAECFE8092A4B681
:10A7E800584A7C6E10023426FAE8DECCB2A0968471
:10A7F8006A784E5C22300614ACBE889AE4F6C0D261
:10A808003C2E180A746650429E8CBAA8D6C4F2E050
:10A818000E1C2A38465462708290A6B4CAD8EEFC40
:10A82800120036245A487E6CB0A29486F8EADCCE30
:10A8380020320416687A4C5EE6F4C2D0AEBC8A9820
:10A84800766452403E2C1A08D4C6F0E29C8EB8AA10
:10A85800445660720C1E283A4A586E7C0210263400
:10A86800DAC8FEEC9280B6A4786A5C4E30221406F0
:10A87800E8FACCDEA0B284962E3C0A1866744250E0
:10A88800BEAC9A88F6E4D2C01C0E382A54467062D0
:10A898008C9EA8BAC4D6E0F2A8A8011009FF00004F
:10A8A8003E20BE240461420180E101418501A021CE
:10A8B80020810000C4A8011005FF000022A020206C
:10A8C800BE23044243000000D8A8011012FF000074
:10A8D800E3B14DA161116061287101E181F101616C
:10A8E800471180E1287142A1311142A1CD110141E6
:10A8F8004F112081002020202020202020202828DF
:10A908002828282020202020202020202020202027
:10A918002020202020881010101010101010101067
:10A928001010101010040404040404040404041097
:10A938001010101010104141414141410101010125
:10A9480001010101010101010101010101010101EF
:10A9580010101010101042424242424202020202FB
:10A9680002020202020202020202020202020202BF
:10A97800101010102000000000000000000000006F
:10A9880000000000000000000000000000000000BF
:10A9980000000000000000000000000000000000AF
:10A9A800000000000000000000000000000000009F
:10A9B800000000000000000000000000000000008F
:10A9C800000000000000000000000000000000007F
:10A9D800000000000000000000000000000000006F
:10A9E800000000000000000000000000000000005F
:10A9F80000000000000000001F0000001C00000014
:10AA08001F0000001E0000001F0000001E000000C4
:10AA18001F0000001F0000001E0000001F000000B3
:10AA28001E0000001F0000001F0000001D000000A5
:10AA38001F0000001E0000001F0000001E00000094
:10AA48001F0000001F0000001E0000001F00000083
:10AA58001E0000001F0000000A00010002000300A1
:10AA68000400050006000700080009000A000B00A2
:10AA78000C000D000E000F00100000000C5F104EBF
:10AA8800154E2A4E314E364E3C4E3F4E424E564E95
:10AA9800584E824E854E6B8C8A4E12820D5F8E4EBA
:10AAA8009E4E9F4EA04EA24EB04EB34EB64ECE4EC8
:10AAB800CD4EC44EC64EC24ED74EDE4EED4EDF4E84
:10AAC800F74E094F5A4F304F5B4F5D4F574F474F27
:10AAD800764F884F8F4F984F7B4F694F704F914FEC
:10AAE8006F4F864F964F1851D44FDF4FCE4FD84FE8
:10AAF800DB4FD14FDA4FD04FE44FE54F1A50285073
:10AB080014502A50255005501C4FF64F21502950FB
:10AB18002C50FE4FEF4F11500650435047500367DB
:10AB28005550505048505A5056506C50785080509C
:10AB38009A508550B450B250C950CA50B350C25000
:10AB4800D650DE50E550ED50E350EE50F950F55038
:10AB58000951015102511651155114511A512151DF
:10AB68003A5137513C513B513F51405152514C5150
:10AB780054516251F87A69516A516E51805182512B
:10AB8800D8568C5189518F51915193519551965165
:10AB9800A451A651A251A951AA51AB51B351B151D7
:10ABA800B251B051B551BD51C551C951DB51E051F8
:10ABB8005586E951ED51F051F551FE5104520B52B1
:10ABC80014520E5227522A522E52335239524F5291
:10ABD80044524B524C525E5254526A527452695209
:10ABE80073527F527D528D529452925271528852B2
:10ABF8009152A88FA78FAC52AD52BC52B552C152D8
:10AC0800CD52D752DE52E352E652ED98E052F3525B
:10AC1800F552F852F9520653085338750D5310532C
:10AC28000F5315531A5323532F5331533353385358
:10AC3800405346534553174E49534D53D6515E53CF
:10AC480069536E5318597B53775382539653A053C5
:10AC5800A653A553AE53B053B653C353127CD996DB
:10AC6800DF53FC66EE71EE53E853ED53FA5301548B
:10AC78003D5440542C542D543C542E54365429548D
:10AC88001D544E548F5475548E545F5471547754D8
:10AC9800705492547B5480547654845490548654FF
:10ACA800C754A254B854A554AC54C454C854A85456
:10ACB800AB54C254A454BE54BC54D854E554E654BE
:10ACC8000F551455FD54EE54ED54FA54E2543955C9
:10ACD800405563554C552E555C5545555655575559
:10ACE800385533555D5599558055AF548A559F55FC
:10ACF8007B557E5598559E55AE557C558355A9551F
:10AD08008755A855DA55C555DF55C455DC55E45562
:10AD1800D4551456F7551656FE55FD551B56F9557C
:10AD28004E565056DF7134563656325638566B5694
:10AD380064562F566C566A56865680568A56A056C2
:10AD480094568F56A556AE56B656B456C256BC56ED
:10AD5800C156C356C056C856CE56D156D356D756E6
:10AD6800EE56F9560057FF560457095708570B5720
:10AD78000D57135718571657C7551C572657375787
:10AD880038574E573B5740574F576957C057885702
:10AD980061577F5789579357A057B357A457AA5756
:10ADA800B057C357C657D457D257D3570A58D65750
:10ADB800E3570B5819581D587258215862584B5868
:10ADC8007058C06B52583D5879588558B9589F5893
:10ADD800AB58BA58DE58BB58B858AE58C558D358AF
:10ADE800D158D758D958D858E558DC58E458DF58BE
:10ADF800EF58FA58F958FB58FC58FD5802590A59A7
:10AE080010591B59A66825592C592D5932593859AA
:10AE18003E59D27A555950594E595A59585962592A
:10AE2800605967596C596959785981599D595E4FCC
:10AE3800AB4FA359B259C659E859DC598D59D9595C
:10AE4800DA59255A1F5A115A1C5A095A1A5A405A7D
:10AE58006C5A495A355A365A625A6A5A9A5ABC5AD8
:10AE6800BE5ACB5AC25ABD5AE35AD75AE65AE95A79
:10AE7800D65AFA5AFB5A0C5B0B5B165B325BD05AFC
:10AE88002A5B365B3E5B435B455B405B515B555BD6
:10AE98005A5B5B5B655B695B705B735B755B785B7F
:10AEA80088657A5B805B835BA65BB85BC35BC75BCB
:10AEB800C95BD45BD05BE45BE65BE25BDE5BE55BD6
:10AEC800EB5BF05BF65BF35B055C075C085C0D5CB9
:10AED800135C205C225C285C385C395C415C465C15
:10AEE8004E5C535C505C4F5C715B6C5C6E5C624E9C
:10AEF800765C795C8C5C915C945C9B59AB5CBB5CCC
:10AF0800B65CBC5CB75CC55CBE5CC75CD95CE95C24
:10AF1800FD5CFA5CED5C8C5DEA5C0B5D155D175DB4
:10AF28005C5D1F5D1B5D115D145D225D1A5D195D21
:10AF3800185D4C5D525D4E5D4B5D6C5D735D765D7D
:10AF4800875D845D825DA25D9D5DAC5DAE5DBD5D2E
:10AF5800905DB75DBC5DC95DCD5DD35DD25DD65DED
:10AF6800DB5DEB5DF25DF55D0B5E1A5E195E115EF1
:10AF78001B5E365E375E445E435E405E4E5E575EE5
:10AF8800545E5F5E625E645E475E755E765E7A5EA4
:10AF9800BC9E7F5EA05EC15EC25EC85ED05ECF5EB4
:10AFA800D65EE35EDD5EDA5EDB5EE25EE15EE85EB3
:10AFB800E95EEC5EF15EF35EF05EF45EF85EFE5E06
:10AFC800035F095F5D5F5C5F0B5F115F165F295F61
:10AFD8002D5F385F415F485F4C5F4E5F2F5F515F69
:10AFE800565F575F595F615F6D5F735F775F835F20
:10AFF800825F7F5F8A5F885F915F875F9E5F995FEF
:10B00800985FA05FA85FAD5FBC5FD65FFB5FE45F42
:10B01800F85FF15FDD5FB360FF5F2160606019601A
:10B02800106029600E6031601B6015602B6026601F
:10B038000F603A605A6041606A6077605F604A609A
:10B0480046604D6063604360646042606C606B6042
:10B05800596081608D60E76083609A6084609B605E
:10B06800966097609260A7608B60E160B860E0606E
:10B07800D360B460F05FBD60C660B560D8604D61F4
:10B0880015610661F660F7600061F460FA600361BB
:10B098002161FB60F1600D610E6147613E612861CD
:10B0A80027614A613F613C612C6134613D614261C5
:10B0B800446173617761586159615A616B61746168
:10B0C8006F61656171615F615D615361756199610E
:10B0D80096618761AC6194619A618A619161AB61A3
:10B0E800AE61CC61CA61C961F761C861C361C661FB
:10B0F800BA61CB61797FCD61E661E361F661FA619E
:10B10800F461FF61FD61FC61FE6100620862096231
:10B118000D620C6214621B621E6221622A622E6238
:10B1280030623262336241624E625E6263625B62C7
:10B13800606268627C62826289627E629262936205
:10B148009662D46283629462D762D162BB62CF6234
:10B15800FF62C662D464C862DC62CC62CA62C26240
:10B16800C7629B62C9620C63EE62F1622763026385
:10B178000863EF62F56250633E634D631C644F637E
:10B1880096638E638063AB637663A3638F6389631F
:10B198009F63B5636B636963BE63E963C063C6633A
:10B1A800E363C963D263F663C463166434640664F4
:10B1B8001364266436641D65176428640F64676425
:10B1C8006F6476644E642A6595649364A564A96483
:10B1D8008864BC64DA64D264C564C764BB64D86438
:10B1E800C264F164E7640982E064E164AC62E36428
:10B1F800EF642C65F664F464F264FA640065FD6437
:10B2080018651C650565246523652B6534653565FA
:10B218003765366538654B754865566555654D65BE
:10B2280058655E655D6572657865826583658A8B3C
:10B238009B659F65AB65B765C365C665C165C46534
:10B24800CC65D265DB65D965E065E165F165726756
:10B258000A660366FB6573673566366634661C6680
:10B268004F664466496641665E665D666466676603
:10B2780068665F6662667066836688668E668966DB
:10B28800846698669D66C166B966C966BE66BC6610
:10B29800C466B866D666DA66E0663F66E666E9665C
:10B2A800F066F566F7660F6716671E6726672767F5
:10B2B80038972E673F67366741673867376746674D
:10B2C8005E67606759676367646789677067A967BE
:10B2D8007C676A678C678B67A667A1678567B767AE
:10B2E800EF67B467EC67B367E967B867E467DE6779
:10B2F800DD67E267EE67B967CE67C667E7679C6A8E
:10B308001E684668296840684D6832684E68B368A8
:10B318002B685968636877687F689F688F68AD682D
:10B3280094689D689B688368AE6AB9687468B568F4
:10B33800A068BA680F698D687E680169CA6808697B
:10B34800D86822692669E1680C69CD68D468E7681D
:10B35800D568366912690469D768E3682569F968A8
:10B36800E068EF6828692A691A6923692169C6684B
:10B37800796977695C6978696B6954697E696E690E
:10B38800396974693D695969306961695E695D69DE
:10B3980081696A69B269AE69D069BF69C169D369EF
:10B3A800BE69CE69E85BCA69DD69BB69C369A7691B
:10B3B8002E6A9169A0699C699569B469DE69E86932
:10B3C800026A1B6AFF690A6BF969F269E769056A2B
:10B3D800B1691E6AED69146AEB690A6A126AC16A80
:10B3E800236A136A446A0C6A726A366A786A476A18
:10B3F800626A596A666A486A386A226A906A8D6A15
:10B40800A06A846AA26AA36A976A1786BB6AC36A33
:10B41800C26AB86AB36AAC6ADE6AD16ADF6AAA6AC3
:10B42800DA6AEA6AFB6A056B1686FA6A126B166BA9
:10B43800319B1F6B386B376BDC76396BEE98476B3B
:10B44800436B496B506B596B546B5B6B5F6B616BF8
:10B45800786B796B7F6B806B846B836B8D6B986B70
:10B46800956B9E6BA46BAA6BAB6BAF6BB26BB16B3E
:10B47800B36BB76BBC6BC66BCB6BD36BDF6BEC6B17
:10B48800EB6BF36BEF6BBE9E086C136C146C1B6C50
:10B49800246C236C5E6C556C626C6A6C826C8D6C6F
:10B4A8009A6C816C9B6C7E6C686C736C926C906C03
:10B4B800C46CF16CD36CBD6CD76CC56CDD6CAE6CB8
:10B4C800B16CBE6CBA6CDB6CEF6CD96CEA6C1F6D3E
:10B4D8004D88366D2B6D3D6D386D196D356D336D3D
:10B4E800126D0C6D636D936D646D5A6D796D596D48
:10B4F8008E6D956DE46F856DF96D156E0A6EB56D7F
:10B50800C76DE66DB86DC66DEC6DDE6DCC6DE86D22
:10B51800D26DC56DFA6DD96DE46DD56DEA6DEE6DC0
:10B528002D6E6E6E2E6E196E726E5F6E3E6E236E8F
:10B538006B6E2B6E766E4D6E1F6E436E3A6E4E6E50
:10B54800246EFF6E1D6E386E826EAA6E986EC96E7E
:10B55800B76ED36EBD6EAF6EC46EB26ED46ED56E5E
:10B568008F6EA56EC26E9F6E416F116F4C70EC6E40
:10B57800F86EFE6E3F6FF26E316FEF6E326FCC6E0B
:10B588003E6F136FF76E866F7A6F786F816F806F7B
:10B598006F6F5B6FF36F6D6F826F7C6F586F8E6F1D
:10B5A800916FC26F666FB36FA36FA16FA46FB96F0E
:10B5B800C66FAA6FDF6FD56FEC6FD46FD86FF16F5E
:10B5C800EE6FDB6F09700B70FA6F117001700F70FE
:10B5D800FE6F1B701A70746F1D7018701F703070BA
:10B5E8003E7032705170637099709270AF70F170E4
:10B5F800AC70B870B370AE70DF70CB70DD70D9709E
:10B608000971FD701C7119716571557188716671C8
:10B6180062714C7156716C718F71FB718471957187
:10B62800A871AC71D771B971BE71D271C971D47179
:10B63800CE71E071EC71E771F571FC71F971FF7110
:10B648000D7210721B7228722D722C723072327247
:10B658003B723C723F72407246724B7258727472FF
:10B668007E7282728172877292729672A272A772C9
:10B67800B972B272C372C672C472CE72D272E272F8
:10B68800E072E172F972F7720F5017730A731C7344
:10B6980016731D7334732F73297325733E734E739A
:10B6A8004F73D89E57736A73687370737873757322
:10B6B8007B737A73C873B373CE73BB73C073E5734C
:10B6C800EE73DE73A27405746F742574F8733274A4
:10B6D8003A7455743F745F74597441745C74697436
:10B6E800707463746A7476747E748B749E74A774B1
:10B6F800CA74CF74D474F173E074E374E774E974B2
:10B70800EE74F274F074F174F874F77404750375D8
:10B7180005750C750E750D75157513751E752675E1
:10B728002C753C7544754D754A7549755B7546753C
:10B738005A756975647567756B756D757875767505
:10B748008675877574758A758975827594759A7505
:10B758009D75A575A375C275B375C375B575BD75AA
:10B76800B875BC75B175CD75CA75D275D975E375DF
:10B77800DE75FE75FF75FC750176F075FA75F27564
:10B78800F3750B760D7609761F7627762076217667
:10B7980022762476347630763B7647764876467637
:10B7A8005C76587661766276687669766A766776C8
:10B7B8006C7670767276767678767C768076837616
:10B7C80088768B768E769676937699769A76B07614
:10B7D800B476B876B976BA76C276CD76D676D2769B
:10B7E800DE76E176E576E776EA762F86FB760877E9
:10B7F80007770477297724771E77257726771B77AD
:10B808003777387747775A7768776B775B776577D5
:10B818007F777E7779778E778B779177A0779E770A
:10B82800B077B677B977BF77BC77BD77BB77C7777F
:10B83800CD77D777DA77DC77E377EE77FC770C7814
:10B848001278267920782A7945788E7874788678DF
:10B858007C789A788C78A378B578AA78AF78D178FC
:10B86800C678CB78D478BE78BC78C578CA78EC78B6
:10B87800E778DA78FD78F478077912791179197907
:10B888002C792B794079607957795F795A7955798C
:10B8980053797A797F798A799D79A7794B9FAA79A3
:10B8A800AE79B379B979BA79C979D579E779EC7983
:10B8B800E179E379087A0D7A187A197A207A1F7A69
:10B8C8008079317A3B7A3E7A377A437A577A497A5D
:10B8D800617A627A697A9D9F707A797A7D7A887AB4
:10B8E800977A957A987A967AA97AC87AB07AB67A4F
:10B8F800C57AC47ABF7A8390C77ACA7ACD7ACF7A62
:10B90800D57AD37AD97ADA7ADD7AE17AE27AE67A7E
:10B91800ED7AF07A027B0F7B0A7B067B337B187B00
:10B92800197B1E7B357B287B367B507B7A7B047B9F
:10B938004D7B0B7B4C7B457B757B657B747B677B89
:10B94800707B717B6C7B6E7B9D7B987B9F7B8D7BFB
:10B958009C7B9A7B8B7B927B8F7B5D7B997BCB7B64
:10B96800C17BCC7BCF7BB47BC67BDD7BE97B117C49
:10B97800147CE67BE57B607C007C077C137CF37B96
:10B98800F77B177C0D7CF67B237C277C2A7C1F7C2D
:10B99800377C2B7C3D7C4C7C437C547C4F7C407CAE
:10B9A800507C587C5F7C647C567C657C6C7C757CA8
:10B9B800837C907CA47CAD7CA27CAB7CA17CA87CA5
:10B9C800B37CB27CB17CAE7CB97CBD7CC07CC57CD0
:10B9D800C27CD87CD27CDC7CE27C3B9BEF7CF27C1A
:10B9E800F47CF67CFA7C067D027D1C7D157D0A7D43
:10B9F800457D4B7D2E7D327D3F7D357D467D737D3A
:10BA0800567D4E7D727D687D6E7D4F7D637D937D15
:10BA1800897D5B7D8F7D7D7D9B7DBA7DAE7DA37DA0
:10BA2800B57DC77DBD7DAB7D3D7EA27DAF7DDC7DD7
:10BA3800B87D9F7DB07DD87DDD7DE47DDE7DFB7D9D
:10BA4800F27DE17D057E0A7E237E217E127E317E97
:10BA58001F7E097E0B7E227E467E667E3B7E357E7D
:10BA6800397E437E377E327E3A7E677E5D7E567EA5
:10BA78005E7E597E5A7E797E6A7E697E7C7E7B7E7A
:10BA8800837ED57D7D7EAE8F7F7E887E897E8C7E0F
:10BA9800927E907E937E947E967E8E7E9B7E9C7E0A
:10BAA800387F3A7F457F4C7F4D7F4E7F507F517F57
:10BAB800557F547F587F5F7F607F687F697F677F8E
:10BAC800787F827F867F837F887F877F8C7F947F44
:10BAD8009E7F9D7F9A7FA37FAF7FB27FB97FAE7F26
:10BAE800B67FB87F718BC57FC67FCA7FD57FD47F6D
:10BAF800E17FE67FE97FF37FF97FDC9806800480A9
:10BB08000B801280188019801C80218028803F803B
:10BB18003B804A804680528058805A805F8062808D
:10BB28006880738072807080768079807D807F8065
:10BB38008480868085809B8093809A80AD80905198
:10BB4800AC80DB80E580D980DD80C480DA80D68057
:10BB58000981EF80F1801B81298123812F814B810D
:10BB68008B9646813E8153815181FC8071816E8123
:10BB7800658166817481838188818A8180818281DF
:10BB8800A0819581A481A3815F819381A981B081DE
:10BB9800B581BE81B881BD81C081C281BA81C981A8
:10BBA800CD81D181D981D881C881DA81DF81E081D5
:10BBB800E781FA81FB81FE81018202820582078288
:10BBC8000A820D821082168229822B823882338261
:10BBD8004082598258825D825A825F826482628280
:10BBE80068826A826B822E827182778278827E82F4
:10BBF8008D829282AB829F82BB82AC82E182E38299
:10BC0800DF82D282F482F382FA8293830383FB82F7
:10BC1800F982DE820683DC820983D9823583348304
:10BC280016833283318340833983508345832F833E
:10BC38002B831783188385839A83AA839F83A28380
:10BC4800968323838E8387838A837C83B5837383D8
:10BC58007583A0838983A883F4831384EB83CE83BD
:10BC6800FD830384D8830B84C183F7830784E0832F
:10BC7800F2830D8422842084BD8338840685FB8367
:10BC88006D842A843C845A85848477846B84AD844B
:10BC98006E848284698446842C846F847984358494
:10BCA800CA846284B984BF849F84D984CD84BB84C8
:10BCB800DA84D084C184C684D684A1842185FF8493
:10BCC800F484178518852C851F8515851485FC84B3
:10BCD8004085638558854885418502864B8555850D
:10BCE8008085A485888591858A85A8856D859485B4
:10BCF8009B85EA8587859C8577857E859085C9851E
:10BD0800BA85CF85B985D085D585DD85E585DC857E
:10BD1800F9850A8613860B86FE85FA8506862286AD
:10BD28001A8630863F864D86554E54865F866786CE
:10BD380071869386A386A986AA868B868C86B68604
:10BD4800AF86C486C686B086C9862388AB86D48665
:10BD5800DE86E986EC86DF86DB86EF861287068735
:10BD6800088700870387FB86118709870D87F9866F
:10BD78000A8734873F8737873B87258729871A872C
:10BD880060875F8778874C874E877487578768876F
:10BD98006E875987538763876A870588A2879F8735
:10BDA8008287AF87CB87BD87C087D087D696AB877A
:10BDB800C487B387C787C687BB87EF87F287E087C3
:10BDC8000F880D88FE87F687F7870E88D287118837
:10BDD80016881588228821883188368839882788E6
:10BDE8003B8844884288528859885E8862886B8874
:10BDF80081887E889E8875887D88B58872888288C3
:10BE080097889288AE889988A2888D88A488B088F7
:10BE1800BF88B188C388C488D488D888D988DD8881
:10BE2800F9880289FC88F488E888F28804890C89F2
:10BE38000A89138943891E8925892A892B89418979
:10BE480044893B89368938894C891D8960895E898E
:10BE5800668964896D896A896F89748977897E8919
:10BE6800838988898A8993899889A189A989A689D2
:10BE7800AC89AF89B289BA89BD89BF89C089DA8995
:10BE8800DC89DD89E789F489F889038A168A108AAA
:10BE98000C8A1B8A1D8A258A368A418A5B8A528ABD
:10BEA800468A488A7C8A6D8A6C8A628A858A828AEE
:10BEB800848AA88AA18A918AA58AA68A9A8AA38A44
:10BEC800C48ACD8AC28ADA8AEB8AF38AE78AE48A44
:10BED800F18A148BE08AE28AF78ADE8ADB8A0C8B85
:10BEE800078B1A8BE18A168B108B178B208B338B61
:10BEF800AB97268B2B8B3E8B288B418B4C8B4F8B98
:10BF08004E8B498B568B5B8B5A8B6B8B5F8B6C8BF9
:10BF18006F8B748B7D8B808B8C8B8E8B928B938BA2
:10BF2800968B998B9A8B3A8C418C3F8C488C4C8C95
:10BF38004E8C508C558C628C6C8C788C7A8C828C64
:10BF4800898C858C8A8C8D8C8E8C948C7C8C988C2E
:10BF58001D62AD8CAA8CBD8CB28CB38CAE8CB68CA9
:10BF6800C88CC18CE48CE38CDA8CFD8CFA8CFB8C4D
:10BF7800048D058D0A8D078D0F8D0D8D108D4E9FAB
:10BF8800138DCD8C148D168D678D6D8D718D738D80
:10BF9800818D998DC28DBE8DBA8DCF8DDA8DD68D5E
:10BFA800CC8DDB8DCB8DEA8DEB8DDF8DE38DFC8D1C
:10BFB800088E098EFF8D1D8E1E8E108E1F8E428E4E
:10BFC800358E308E348E4A8E478E498E4C8E508EEA
:10BFD800488E598E648E608E2A8E638E558E768E2C
:10BFE800728E7C8E818E878E858E848E8B8E8A8EC5
:10BFF800938E918E948E998EAA8EA18EAC8EB08ED1
:10C00800C68EB18EBE8EC58EC88ECB8EDB8EE38E6D
:10C01800FC8EFB8EEB8EFE8E0A8F058F158F128F8E
:10C02800198F138F1C8F1F8F1B8F0C8F268F338FA9
:10C038003B8F398F458F428F3E8F4C8F498F468F6C
:10C048004E8F578F5C8F628F638F648F9C8F9F8F0B
:10C05800A38FAD8FAF8FB78FDA8FE58FE28FEA8F1F
:10C06800EF8F8790F48F0590F98FFA8F11901590C4
:10C0780021900D901E9016900B9027903690359039
:10C088003990F88F4F905090519052900E9049905F
:10C098003E90569058905E9068906F907690A896D3
:10C0A800729082907D90819080908A9089908F90F4
:10C0B800A890AF90B190B590E290E4904862DB9080
:10C0C800029112911991329130914A915691589159
:10C0D800639165916991739172918B918991829124
:10C0E800A291AB91AF91AA91B591B491BA91C09137
:10C0F800C191C991CB91D091D691DF91E191DB911A
:10C10800FC91F591F6911E92FF9114922C92159242
:10C1180011925E92579245924992649248929592F2
:10C128003F924B9250929C92969293929B925A92E3
:10C13800CF92B992B792E9920F93FA9244932E93C1
:10C14800199322931A9323933A9335933B935C93D1
:10C1580060937C936E935693B093AC93AD93949302
:10C16800B993D693D793E893E593D893C393DD9384
:10C17800D093C893E4931A94149413940394079453
:10C18800109436942B94359421943A944194529473
:10C1980044945B94609462945E946A942992709437
:10C1A800759477947D945A947C947E9481947F942A
:10C1B800829587958A959495969598959995A09541
:10C1C800A895A795AD95BC95BB95B995BE95CA950B
:10C1D800F66FC395CD95CC95D595D495D695DC9528
:10C1E800E195E595E295219628962E962F9642960A
:10C1F8004C964F964B9677965C965E965D965F96B4
:10C20800669672966C968D96989695969796AA9637
:10C21800A796B196B296B096B496B696B896B996D1
:10C22800CE96CB96C996CD964D89DC960D97D59628
:10C23800F99604970697089713970E9711970F97F3
:10C248001697199724972A97309739973D973E97CD
:10C25800449746974897429749975C9760976497A1
:10C2680066976897D2526B977197799785977C975D
:10C2780081977A9786978B978F9790979C97A8978F
:10C28800A697A397B397B497C397C697C897CB9722
:10C29800DC97ED974F9FF297DF7AF697F5970F980F
:10C2A8000C9838982498219837983D9846984F9834
:10C2B8004B986B986F987098719874987398AA981F
:10C2C800AF98B198B698C498C398C698E998EB986F
:10C2D8000399099912991499189921991D991E99E8
:10C2E800249920992C992E993D993E9942994999DA
:10C2F800459950994B99519952994C9955999799B3
:10C308009899A599AD99AE99BC99DF99DB99DD9972
:10C31800D899D199ED99EE99F199F299FB99F899F3
:10C32800019A0F9A059AE299199A2B9A379A459A7F
:10C33800429A409A439A3E9A559A4D9A5B9A579ACE
:10C348005F9A629A659A649A699A6B9A6A9AAD9AA0
:10C35800B09ABC9AC09ACF9AD19AD39AD49ADE9AB4
:10C36800DF9AE29AE39AE69AEF9AEB9AEE9AF49AAF
:10C37800F19AF79AFB9A069B189B1A9B1F9B229B84
:10C38800239B259B279B289B299B2A9B2E9B2F9B86
:10C39800329B449B439B4F9B4D9B4E9B519B589B71
:10C3A800749B939B839B919B969B979B9F9BA09B26
:10C3B800A89BB49BC09BCA9BB99BC69BCF9BD19B98
:10C3C800D29BE39BE29BE49BD49BE19B3A9CF29B30
:10C3D800F19BF09B159C149C099C139C0C9C069C3F
:10C3E800089C129C0A9C049C2E9C1B9C259C249CAB
:10C3F800219C309C479C329C469C3E9C5A9C609C4D
:10C40800679C769C789CE79CEC9CF09C099D089D19
:10C41800EB9C039D069D2A9D269DAF9D239D1F9DF8
:10C42800449D159D129D419D3F9D3E9D469D489D65
:10C438005D9D5E9D649D519D509D599D729D899DF8
:10C44800879DAB9D6F9D7A9D9A9DA49DA99DB29D48
:10C45800C49DC19DBB9DB89DBA9DC69DCF9DC29DE3
:10C46800D99DD39DF89DE69DED9DEF9DFD9D1A9E5E
:10C478001B9E1E9E759E799E7D9E819E889E8B9E8C
:10C488008C9E929E959E919E9D9EA59EA99EB89ECD
:10C49800AA9EAD9E6197CC9ECE9ECF9ED09ED49EE6
:10C4A800DC9EDE9EDD9EE09EE59EE89EEF9EF49E6D
:10C4B800F69EF79EF99EFB9EFC9EFD9E079F089F99
:10C4C800B776159F219F2C9F3E9F4A9F529F549F4E
:10C4D800639F5F9F609F619F669F679F6C9F6A9F36
:10C4E800779F729F769F959F9C9FA09F2F58C769A3
:10C4F80059906474DC5199719C4E1655035A3F96B5
:10C50800C0541B612863F659229075841C83507AA5
:10C51800AA60E163256EED656684A682F59B936843
:10C528002757A16571629B5BD0597B86F498627D21
:10C53800BE7D8E9B16629F7CB788895BB55E09635A
:10C5480097664868C7958D974F67E54E0A4F4D4FD8
:10C558009D4F4950F2563759D459015A095CDF604A
:10C568000F61706113660569BA704F757075FB7954
:10C57800AD7DEF7DC3800E846388028B55907A90E1
:10C588003B53954EA54EDF57B280C190EF78004ED1
:10C59800F158A26E3890327A28838B822F9C4151B1
:10C5A8007053BD54E154E056FB59155FF298EB6D9A
:10C5B800E4802D8562967096A096FB970B54F353F2
:10C5C800875BCF70BD7FC28FE8966F535C9DBA7A48
:10C5D800114E9378FC81266E185604551D6B1A85EA
:10C5E8003B9CE559A953666DDC748F954256914E74
:10C5F8004B90F2964F830C99E153B655305B715FBF
:10C608002066F3660468386CF36C296D5B74C87631
:10C618004E7A3498F1825B88608AED92B26DAB7580
:10C62800CA76C599A660018B8A8DB2958E69AD537D
:10C638008651125730584459B45BF65E2860A96396
:10C64800F463BF6C146F8E7014715971D5713F7398
:10C65800017E7682D182978560905B921B9D695896
:10C66800BC655A6C2575F9512E596559805FDC5F98
:10C67800BC62FA652A6A276BB46B8B73C17F5689D3
:10C688002C9D0E9DC49EA15C966C7B8304514B5CD3
:10C69800B661C68176686172594EFA4F78536960FF
:10C6A800296E4F7AF3970B4E1653EE4E554F3D4F6A
:10C6B800A14F734FA052EF5309560F59C15AB65B99
:10C6C800E15BD17987669C67B6674C6BB36C6B701E
:10C6D800C2738D79BE793C7A877BB182DB82048311
:10C6E8007783EF83D3836687B28A2956A88CE68F2F
:10C6F8004E901E978A86C44FE85C116259723B754A
:10C70800E581BD82FE86C08CC5961399D599CB4E1E
:10C718001A4FE389DE564A58CA58FB5EEB5F2A6017
:10C7280094606260D0611262D0623965419B66662E
:10C73800B068776D70704C758676757DA582F987BF
:10C748008B958E969D8CF151BE521659B354B35B9E
:10C75800165D68618269AF6D8D78CB845788728A5F
:10C76800A793B89A6C6DA899D986A357FF67CE8608
:10C778000E92835287560454D35EE162B9643C68D2
:10C788003868BB6B7273BA786B7A9A89D2896B8D69
:10C79800038FED90A39594966997665BB35C7D696A
:10C7A8004D984E989B63207B2B6A7F6AB6680D9CD8
:10C7B8005F6F72529D557060EC623B6D076ED16E73
:10C7C8005B841089448F144E399CF6531B693A6A6E
:10C7D80084972A685C51C37AB284DC918C935B5647
:10C7E800289D226805833184A57C0852C582E67499
:10C7F8007E4E834FA051D25B0A52D852E752FB5D5E
:10C808009A552A58E6598C5B985BDB5B725E795EB9
:10C81800A3601F616361BE61DB636265D1675368B2
:10C82800FA683E6B536B576C226F976F456FB07405
:10C838001875E3760B77FF7AA17B217CE97D367F3B
:10C84800F07F9D8066829E83B389CC8AAB8C84906E
:10C85800519493959195A2956596D39728991882A6
:10C86800384E2B54B85CCC5DA9734C763C77A95CE8
:10C87800EB7F0B8DC196119854985898014F0E4F25
:10C8880071539C556856FA574759095BC45B905CCD
:10C898000C5E7E5ECC5FEE633A67D765E2651F6724
:10C8A800CB68C4685F6A305EC56B176C7D6C7F753A
:10C8B8004879635B007A007DBD5F8F89188AB48CE4
:10C8C800778DCC8E1D8FE2980E9A3C9B804E7D50C2
:10C8D800005193599C5B2F628062EC643A6BA072A2
:10C8E80091754779A97FFB87BC8A708BAC63CA8333
:10C8F800A09709540354AB555468586A708A27782E
:10C908007567CD9E7453A25B1A8150860690184EA7
:10C91800454EC74E114FCA533854AE5B135F25605E
:10C9280051653D67426C726CE36C78700374767A7B
:10C93800AE7A087B1A7DFE7C667DE7655B72BB5329
:10C94800455CE85DD262E0621963206E5A86318ADE
:10C95800DD8DF892016FA6795A9BA84EAB4EAC4E6E
:10C968009B4FA04FD1504751F67A7151F65154530D
:10C9780021537F53EB53AC558358E15C375F4A5FD3
:10C988002F6050606D601F6359654B6AC16CC2723D
:10C99800ED72EF77F880058108824E85F790E19374
:10C9A800FF9757995A9AF04EDD512D5C81666D6953
:10C9B800405CF266756989735068817CC550E452A1
:10C9C8004757FE5D2693A465236B3D6B34748179CC
:10C9D800BD794B7BCA7DB982CC837F885F89398BCF
:10C9E800D18FD1911F5480925D4E3650E5533A5302
:10C9F800D7729673E977E682AF8EC699C899D299AD
:10CA080077511A615E86B0557A7A7650D35B479033
:10CA18008596324EDB6AE791515C485C98639F7A51
:10CA2800936C7497618FAA7A8A718896827C17684A
:10CA3800707E51686C93F2521B54AB85138AA47FA5
:10CA4800CD8EE190665388884179C24FBE5011520D
:10CA5800445153552D57EA738B575159625F845F80
:10CA6800756076616761A961B2633A646C656F66E7
:10CA78004268136E66753D7AFB7C4C7D997D4B7ED2
:10CA88006B7F0E834A83CD86088A638A668BFD8E08
:10CA98001A988F9DB882CE8FE89B87521F62836455
:10CAA800C06F999641689150206B7A6C546F747A74
:10CAB800507D4088238A0867F64E395026506550C5
:10CAC8007C5138526352A7550F570558CC5AFA5E15
:10CAD800B261F861F36272631C69296A7D72AC7293
:10CAE8002E7314786F78797D0C77A9808B89198BD0
:10CAF800E28CD28E639075937A965598139A789EA5
:10CB080043519F53B3537B5E265F1B6E906E8473B5
:10CB1800FE73437D3782008AFA8A50964E4E0B5038
:10CB2800E4537C54FA56D159645BF15DAB5E275FE0
:10CB380038624565AF67566ED072CA7CB488A180EA
:10CB4800E180F0834E86878AE88D3792C79667988A
:10CB5800139F944E924E0D4F485349543E542F5AAA
:10CB68008C5FA15F9F60A7688E6A5A7481789E8ADD
:10CB7800A48A778B90915E4EC99BA44E7C4FAF4F91
:10CB88001950165049516C519F52B952FE529A533E
:10CB9800E35311540E5489555157A2577D59545B8C
:10CBA8005D5B8F5BE55DE75DF75D785E835E9A5E52
:10CBB800B75E185F52604C619762D862A7633B65A5
:10CBC80002664366F4666D6721689768CB695F6C97
:10CBD8002A6D696D2F6E9D6E327587766C783F7AF7
:10CBE800E07C057D187D5E7DB17D15800380AF807A
:10CBF800B18054818F812A8252834C8861881B8B33
:10CC0800A28CFC8CCA90759171923F78FC92A49585
:10CC18004D9605989999D89A3B9D5B52AB52F7531C
:10CC28000854D558F762E06F6A8C5F8FB99E4B51F4
:10CC38003B524A54FD56407A7791609DD29E447388
:10CC4800096F70811175FD5FDA60A89ADB72BC8F7D
:10CC5800646B0398CA4EF0566457BE585A5A6860B7
:10CC6800C7610F6606663968B168F76DD5753A7D94
:10CC78006E82429B9B4E504FC95306556F5DE65DD1
:10CC8800EE5DFB67996C73740278508A9693DF881F
:10CC98005057A75E2B63B550AC508D510067C954EF
:10CCA8005E58BB59B05B695F4D62A1633D68736BA9
:10CCB800086E7D70C7918072157826786D798E65BB
:10CCC800307DDC83C188098F9B9664522857506752
:10CCD8006A7FA18CB45142572A963A588A69B4801F
:10CCE800B2540E5DFC579578FA9D5C4F4A528B54AE
:10CCF8003E6428661467F567847A567B227D2F93F5
:10CD08005C68AD9B397B19538A513752DF5BF662F9
:10CD1800AE64E6642D67BA6BA985D1969076D69BEA
:10CD28004C630693AB9BBF765266094E9850C2532C
:10CD3800715CE860926463655F68E671CA73237525
:10CD4800977B827E9586838BDB8C78911099AC6576
:10CD5800AB668B6BD54ED44E3A4F7F4F3A52F85351
:10CD6800F253E355DB56EB58CB59C959FF59505B81
:10CD78004D5C025E2B5ED75F1D6007632F655C5BB1
:10CD8800AF65BD65E8659D67626B7B6B0F6C45732E
:10CD98004979C179F87C197D2B7DA2800281F381C4
:10CDA80096895E8A698A668A8C8AEE8AC78CDC8C48
:10CDB800CC96FC986F6B8B4E3C4F8D4F5051575B08
:10CDC800FA5B486101634266216BCB6EBB6C3E72B5
:10CDD800BD74D475C1783A790C803380EA81948423
:10CDE8009E8F506C7F9E0F5F588B2B9DFA7AF88E22
:10CDF8008D5BEB96034EF153F7573159C95AA45B33
:10CE080089607F6E066FBE75EA8C9F5B0085E07B4C
:10CE18007250F4679D82615C4A851E7E0E8299512C
:10CE2800045C6863668D9C656E713E79177D05802C
:10CE38001D8BCA8E6E90C786AA901F50FA523A5C14
:10CE480053677C7035724C91C8912B93E582C25B15
:10CE5800315FF9603B4ED653885B4B6231678A6B12
:10CE6800E972E0732E7A6B81A38D529196991251D3
:10CE7800D7536A54FF5B8863396AAC7D0097DA56EA
:10CE8800CE536854975B315CDE5DEE4F0161FE6204
:10CE9800326DC079CB79427D4D7ED27FED811F8284
:10CEA800908446887289908B748E2F8F31904B9125
:10CEB8006C91C6969C91C04E4F4F45514153935F1C
:10CEC8000E62D467416C0B6E6373267ECD9183929C
:10CED800D4531959BF5BD16D5D792E7E9B7C7E58EA
:10CEE8009F71FA515388F08FCA4FFB5C2566AC7767
:10CEF800E37A1C82FF99C651AA5FEC656F69896B5A
:10CF0800F36D966E646FFE76147DE15D7590879182
:10CF18000698E6511D5240629166D9661A6EB65E51
:10CF2800D27D727FF866AF85F785F88AA952D95302
:10CF380073598F5E905F5560E4926496B7501F51A5
:10CF4800DD5220534753EC53E85446553155175694
:10CF58006859BE593C5AB55B065C0F5C115C1A5C9B
:10CF6800845E8A5EE05E705F7F628462DB628C63EF
:10CF7800776307660C662D6676667E67A2681F6A09
:10CF8800356ABC6C886D096E586E3C712671677184
:10CF9800C77501775D7801796579F079E07A117B59
:10CFA800A77C397D9680D6838B8449855D88F388F4
:10CFB8001F8A3C8A548A738A618CDE8CA49166929B
:10CFC8007E9318949C9698970A4E084E1E4E574E7C
:10CFD80097517052CE573458CC58225B385EC56092
:10CFE800FE6461675667446DB6727375637AB88478
:10CFF800728BB89120933156F457FE98ED620D6903
:10D00800966BED71547E77807282E689DF9855873A
:10D01800B18F3B5C384FE14FB54F0755205ADD5B68
:10D02800E95BC35F4E612F63B0654B66EE689B6931
:10D03800786DF16D3375B9751F775E79E679337D53
:10D04800E381AF82AA85AA893A8AAB8E9B8F3290F8
:10D05800DD910797BA4EC14E03527558EC580B5CD8
:10D068001A753D5C4E810A8AC58F63966D97257B3C
:10D07800CF8A08986291F356A8531790395482576B
:10D08800255EA863346C8A7061778B7CE07F70883A
:10D0980042905491109318938F965E74C49A075DCA
:10D0A800695D7065A267A88DDB966E63496719692B
:10D0B800C5831798C096FE88846F7A64F85B164E0D
:10D0C8002C705D752F66C4513652E252D359815F78
:10D0D800276010623F6574651F667466F26816689B
:10D0E800636B056E72721F75DB76BE7C5680F058D6
:10D0F800FD887F89A08A938ACB8A1D909291529746
:10D10800599789650E7A0681BB962D5EDC601A6296
:10D11800A56514669067F3774D7A4D7C3E7E0A814B
:10D12800AC8C648DE18D5F8EA9780752D962A563B6
:10D13800426498622D8A837AC07BAC8AEA96767DAF
:10D148000C824987D94E485143536053A35B025C14
:10D15800165CDD5D26624762B06413683468C96C8A
:10D16800456D176DD3675C6F4E717D71CB657F7AA6
:10D17800AD7BDA7D4A7EA87F7A811B823982A685BB
:10D188006E8ACE8CF58D78907790AD92919283953A
:10D19800AE9B4D528455386F367168518579557EEE
:10D1A800B381CE7C4C565158A85CAA63FE66FD66D6
:10D1B8005A69D9728F758E750E795679DF79977C91
:10D1C800207D447D0786348A3B966190209FE750F6
:10D1D8007552CC53E2530950AA55EE584F593D7237
:10D1E8008B5B645C1D53E360F3605C6383633F6344
:10D1F800BB63CD64E965F966E35DCD69FD69156FCB
:10D20800E571894EE975F876937ADF7CCF7D9C7D50
:10D218006180498358836C84BC84FB85C588708D84
:10D2280001906D9097931C97129ACF5097588E61E2
:10D23800D3813585088D2090C34F7450475273535E
:10D248006F6049635F672C6EB38D1F90D74F5E5C2C
:10D25800CA8CCF659A7D525396887651C363585BC2
:10D268006B5B0A5C0D6451675C90D64E1A592A595B
:10D27800706C518A3E551558A559F0605362C167C4
:10D28800358255694096C499289A534F0658FE5BD3
:10D298001080B15C2F5E855F20604B613462FF6651
:10D2A800F06CDE6ECE807F81D4828B88B88C009043
:10D2B8002E908A96DB9EDB9BE34EF05327592C7BFE
:10D2C8008D914C98F99DDD6E277053534455855BBD
:10D2D80058629E62D362A26CEF6F2274178A3894E8
:10D2E800C16FFE8A3883E751F886EA53E953464FFF
:10D2F8005490B08F6A593181FD5DEA7ABF8FDA6840
:10D30800378CF872489C3D6AB08A394E5853065695
:10D318006657C562A263E6654E6BE16D5B6EAD70E4
:10D32800ED77EF7AAA7BBB7D3D80C680CB86958A58
:10D338005B93E356C7583E5FAD659666806AB56BEA
:10D348003775C78A2450E57730571B5F65607A6662
:10D35800606CF4751A7A6E7FF48118874590B399DA
:10D36800C97B5C75F97A517BC4841090E979927A0B
:10D378003683E15A40772D4EF24E995BE05FBD62ED
:10D388003C66F167E86C6B8677883B8A4E91F3922E
:10D39800D099176A26702A73E7825784AF8C014E9A
:10D3A8004651CB518B55F55B165E335E815E145F3B
:10D3B800355F6B5FB45FF2611163A2661D676E6FC4
:10D3C80052723A753A777480398178817687BF8A44
:10D3D800DC8A858DF38D9A9277950298E59CC552E3
:10D3E8005763F4761567886CCD73C38CAE937396C8
:10D3F800256D9C580E69CC69FD8F9A93DB751A9040
:10D408005A580268B463FB69434F2C6FD867BB8FC7
:10D418002685B47D54933F69706F6A57F7582C5B23
:10D428002C7D2A720A54E391B49DAD4E4E4F5C5048
:10D43800755043529E8C485424589A5B1D5E955EE5
:10D44800AD5EF75E1F5F8C60B5623A63D063AF680C
:10D45800406C87788E790B7AE07D4782028AE68A6B
:10D46800448E1390B8902D91D8910E9FE56C586416
:10D47800E2647565F46E84761B7B6990D193BA6E0D
:10D48800F254B95FA4644D8FED8F449278516B5874
:10D498002959555C975EFB6D8F7E1C75BC8CE28E9E
:10D4A8005B98B9701D4FBF6BB16F3075FB964E51CD
:10D4B800105435585758AC59605C925F97655C6753
:10D4C800216E7B76DF83ED8C1490FD904D9325784B
:10D4D8003A78AA52A65E1F577459126012505A51D0
:10D4E800AC51CD5100521055545858585759955B66
:10D4F800F65C8B5DBC6095622D6471674368BC689F
:10D50800DF68D776D86D6F6E9B6D6F70C871535F8B
:10D51800D8757779497B547B527BD67C717D3052A4
:10D5280063846985E4850E8A048B468C0F8E03908C
:10D538000F90199476962D98309AD895CD50D5524B
:10D548000C5402580E5CA7619E641E6DB377E57A91
:10D55800F480048453908592E05C079D3F53975F65
:10D56800B35F9C6D79726377BF79E47BD26BEC72A1
:10D57800AD8A0368616AF851817A34694A5CF69C1D
:10D58800EB82C55B49911E7078566F5CC760666513
:10D598008C6C5A8C419013985154C7660D92485917
:10D5A800A39085514D4EEA5199850E8B58707A6338
:10D5B8004B936269B499047E777557536069DF8E1F
:10D5C800E3965D6C8C4E3C5C105FE98F0253D18C06
:10D5D80089807986FF5EE565734E655182593F5CA7
:10D5E800EE97FB4E8A59CD5F8D8AE16FB0796279EB
:10D5F800E75B71842B73B171745EF55F7B639A642A
:10D60800C371987C434EFC5E4B4EDC57A256A96012
:10D61800C36F0D7DFD803381BF81B28F9789A4864A
:10D62800F45D8A62AD6487897767E26C3E6D367413
:10D638003478465A757FAD82AC99F34FC35EDD628C
:10D64800926357656F67C3764C72CC80BA80298F16
:10D658004D910D50F957925A856873696471FD723E
:10D66800B78CF258E08C6A9619907F87E479E7774F
:10D6780029842F4F65525A53CD62CF67CA6C7D7685
:10D68800947B957C36828485EB8FDD66206F0672ED
:10D698001B7EAB83C199A69EFD51B17B7278B87B86
:10D6A8008780487BE86A615E8C80517560756B5134
:10D6B80062928C6E7A769791EA9A104F707F9C628C
:10D6C8004F7BA595E99C7A565958E486BC96344F09
:10D6D80024524A53CD53DB53065E2C6491657F6711
:10D6E8003E6C4E6C4872AF72ED735475417E2C825D
:10D6F800E985A98CC47BC69169711298EF983D633E
:10D7080069666A75E476D0784385EE862A53515364
:10D7180026548359875E7C5FB26049627962AB6246
:10D728009065D46BCC6CB275AE769178D879CB7D98
:10D73800777FA580AB88B98ABB8C7F905E97DB9892
:10D748000B6A387C99503E5CAE5F8767D86B35743E
:10D7580009778E7F3B9FCA67177A39538B75ED9A85
:10D76800665F9D81F18398803C5FC55F6275467BEB
:10D778003C906768EB599B5A107D7E762C8BF54F51
:10D788006A5F196A376C026FE27468796888558A2B
:10D79800798CDF5ECF63C575D279D7822893F292F0
:10D7A8009C84ED862D9CC1546C5F8C655C6D1570F6
:10D7B800A78CD38C3B984F65F6740D4ED84EE05726
:10D7C8002B59665ACC5BA851035E9C5E1660766244
:10D7D8007765A7656E666E6D3672267B50819A8175
:10D7E80099825C8BA08CE68C748D1C964496AE4F07
:10D7F800AB64666B1E8261846A85E890015C53693C
:10D80800A8987A8457850F4F6F52A95F455E0D67B8
:10D818008F79798107898689F56D175F5562B86CAC
:10D82800CF4E6972929B06523B547456B358A4610A
:10D838006E621A716E59897CDE7C1B7DF096876555
:10D848005E80194E754F75514058635E735E0A5F6E
:10D85800C467264E3D8589955B96737C0198FB507D
:10D86800C1585676A7782552A5771185867B4F50E3
:10D8780009594772C77BE87DBA8FD48F4D90BF4F47
:10D88800C952295A015FAD97DD4F1782EA920357B3
:10D898005563696B2B75DC88148F427ADF52935875
:10D8A80055610A62AE66CD6B3F7CE9832350F84F21
:10D8B80005534654315849599D5BF05CEF5C295D2E
:10D8C800965EB16267633E65B9650B67D56CE16CBE
:10D8D800F97032782B7EDE80B3820C84EC84028768
:10D8E80012892A8A4A8CA690D292FD98F39C6C9D44
:10D8F8004F4EA14E8D5056524A57A8593D5ED85F9B
:10D90800D95F3F62B4661B67D067D2689251217DA8
:10D91800AA80A881008B8C8CBF8C7E923296205472
:10D928002C981753D5505C53A858B2643467677263
:10D938006677467AE691C352A16C866B00584C5EB6
:10D9480054592C67FB7FE151C6766964E878549B8B
:10D95800BB9ECB57B95927669A67CE6BE954D969EC
:10D96800555E9C819567AA9BFE67529C5D68A64E92
:10D97800E34FC853B9622B67AB6CC48FAD4F6D7E54
:10D98800BF9E074E6261806E2B6F138573542A67A2
:10D99800459BF35D957BAC5CC65B1C874A6ED18466
:10D9A800147A088199598D7C116C2077D9522259A3
:10D9B80021715F72DB772797619D0B697F5A185A2F
:10D9C800A5510D547D540E66DF76F78F9892F49C1E
:10D9D800EA595D72C56E4D51C968BF7DEC7D62978D
:10D9E800BA9E7864216A028384595F5BDB6B1B7380
:10D9F800F276B27D1780998432512867D99EEE76E7
:10DA08006267FF520599245C3B627E7CB08C4F555F
:10DA1800B6600B7D809501535F4EB6511C593A7222
:10DA28003680CE91255FE2778453795F047DAC859B
:10DA3800338A8D8E5697F367AE85539409610861D2
:10DA4800B96C5276ED8A388F2F55514F2A51C752EB
:10DA5800CB53A55B7D5EA0608261D6630967DA67F8
:10DA6800676E8C6D3673377331755079D588988A9F
:10DA78004A909190F590C4968D871559884E594FC4
:10DA88000E4E898A3F8F1098AD507C5E9659B95BCF
:10DA9800B85EDA63FA63C164DC664A69D8690B6DFB
:10DAA800B66E94712875AF7A8A7F00804984C984DC
:10DAB8008189218B0A8E65907D960A997E61916293
:10DAC800326B836C746DCC7FFC7FC06D857FBA87A9
:10DAD800F8886567B1833C98F7961B6D617D3D8436
:10DAE8006A91714E7553505D046BEB6FCD852D8631
:10DAF800A78929520F54655C4E67A8680674837419
:10DB0800E275CF88E188CC91E29678968B5F87732F
:10DB1800CB7A4E84A06365758952416D9C6E0974F9
:10DB280059756B78927C8696DC7A8D9FB64F6E61BC
:10DB3800C5655C86864EAE4EDA50214ECC51EE5B02
:10DB480099658168BC6D1F734276AD771C7AE77C56
:10DB58006F82D28A7C90CF91759618989B52D17D0E
:10DB68002B5098539767CB6DD0713374E8812A8F07
:10DB7800A396579C9F9E60744158996D2F7D5E981F
:10DB8800E44E364F8B4FB751B152BA5D1C60B27339
:10DB98003C79D3823492B796F6960A97979E629FFD
:10DBA800A666746B1752A352C870C288C95E4B60D0
:10DBB8009061236F49713E7CF47D6F80EE842390E1
:10DBC8002C9342546F9BD36A8970C28CEF8D329725
:10DBD800B452415ACA5E045F17677C6994696A6DDA
:10DBE8000F6F6272FC72ED7B01807E804B87CE9056
:10DBF8006D51939E84798B803293D68A2D508C54A4
:10DC0800718A6A6BC48C0781D160A067F29D994EB6
:10DC1800984E109C6B8AC185688500697E6E9778DE
:10DC280055810000002502250C25102518251425EE
:10DC38001C252C25242534253C25012503250F25C5
:10DC480013251B251725232533252B253B254B2558
:10DC580020252F25282537253F251D253025252535
:10DC68003825422510041104120413041404150461
:10DC7800010416041704180419041A041B041C04CC
:10DC88001D041E041F042004210422042304240468
:10DC9800250426042704280429042A042B042C0418
:10DCA8002D042E042F0400000000000000000000D6
:10DCB800000000000000000000000000000000005C
:10DCC8000000000030043104320433043404350405
:10DCD800510436043704380439043A043B043C043C
:10DCE8003D043E043F044004410442044304440408
:10DCF800450446044704480449044A044B044C04B8
:10DD08004D044E044F0400009103920393039403BF
:10DD1800950396039703980399039A039B039C031F
:10DD28009D039E039F03A003A103A303A403A503CC
:10DD3800A603A703A803A903000000000000000031
:10DD48000000000000000000B103B203B303B403F5
:10DD5800B503B603B703B803B903BA03BB03BC03DF
:10DD6800BD03BE03BF03C003C103C303C403C5038C
:10DD7800C603C703C803C903000000000000000071
:10DD88000000000000000001010101010101010182
:10DD98000100000000000000010101010101010172
:10DDA800010101010101010101010101010101015B
:10DDB8000101000000000000000101010101010152
:10DDC800010101010101010101010101010101013B
:10DDD80001010100C625A125A025B325B225BD2531
:10DDE800BC253B20123092219021912193211330A0
:10DDF800000000000000000000000000000000001B
:10DE080000000000000008220B22862287228222BE
:10DE180083222A22292200000000000000000000BE
:10DE280000000000000027222822AC00D221D421C3
:10DE38000022032229220000000000000000000048
:10DE4800000000000000000000002022A52212238C
:10DE580002220722612252226A226B221A223D22C2
:10DE68001D2235222B222C22000000000000000079
:10DE78000000000000002B2130206F266D266A2646
:10DE880020202120B6002C22000000000000EF25F1
:10DE98000030013002300CFF0EFFFB301AFF1BFF71
:10DEA8001FFF01FF9B309C30B40040FFA8003EFFDD
:10DEB8003E203FFFFD30FE309D309E300330DD4E6A
:10DEC800053006300730FC30142010200FFF3CFFCF
:10DED8001C3016205CFF26202520182019201C2025
:10DEE8001D2008FF09FF143015303BFF3DFF5BFF85
:10DEF8005DFF083009300A300B300C300D300E3021
:10DF08000F30103011300BFF1222B100D700F7008C
:10DF18001DFF60221CFF1EFF662267221E2234227C
:10DF280042264026B000322033200321A50004FFFA
:10DF3800A200A30005FF03FF06FF0AFF20FFA700BA
:10DF480006260526CB25CF25CE25C72500000000AF
:10DF58001F001C20000000001421000002001624ED
:10DF68000000000014250000020015280000000031
:10DF7800112900000000142A00000000182B0000DE
:10DF88000000142C00000000102D00000000142ECA
:10DF9800000001000C3000000900143A00000100E4
:10DFA800183C00000200143F00000100034100007B
:10DFB8001900155B00000000145C00000000115DF2
:10DFC80000000000175E000000000F5F0000000066
:10DFD800176000000000036100001900157B0000B5
:10DFE8000000187C00000000117D00000000187E71
:10DFF80000000000007F000020001CA000000000BE
:10E0080014A10000000016A20000030019A60000D9
:10E01800000014A70000000017A80000000019A9BC
:10E028000000000006AA0000000013AB000000007A
:10E0380018AC0000000001AD0000000019AE00009F
:10E04800000017AF0000000019B00000000018B170
:10E05800000000000EB20000010017B4000000002C
:10E0680003B50000000014B60000010017B8000056
:10E0780000000EB90000000006BA0000000012BB44
:10E08800000000000EBC0000020014BF00000000E9
:10E0980003C00000160018D70000000003D80000D5
:10E0A800060004DF0000000003E00000160018F777
:10E0B8000000000003F800003F00043801000000E1
:10E0C800033901000F00044901000000034A010060
:10E0D8004200048D01000000038E01000C00049B27
:10E0E80001000000039C01000D0004AA01000100CA
:10E0F80003AC01000D0004BA0100000006BB0100DA
:10E10800000003BC0100010004BE0100000003BFC1
:10E118000100000006C00100030003C40100000064
:10E1280007C50100000003C60100010007C801007F
:10E13800000003C90100010007CB0100000003CC67
:10E148000100230004F00100000003F101000000B9
:10E1580007F20100000003F301002D000421020072
:10E168000000032202001100043402000500033AF3
:10E1780002001A00045502000000035602000100C4
:10E18800045802000000035902000000045A02006B
:10E198000000035B02000100045D0200020003604E
:10E1A8000200010004620200000003630200000094
:10E1B8000464020000000365020001000467020015
:10E1C8000000036802000400046D02000100036FF0
:10E1D8000200000004700200000003710200010048
:10E1E80004730200010003750200000004760200B7
:10E1F8000600037D02000000047E02000100038087
:10E2080002000000048102000000038202000100F5
:10E21800048402000200038702000500048D020046
:10E228000400039202000000049302000000069418
:10E2380002000000049502000700039D020001008F
:10E24800049F0200100005B00200110017C202006E
:10E25800030005C602000B0017D202000D0005E0FE
:10E268000200040017E50200060005EC02000000A9
:10E2780017ED0200000005EE0200000017EF020093
:10E2880010000B0003006F00037003000300057407
:10E298000300000017750300000003760300010067
:10E2A800057A03000000037B03000200147E0300CC
:10E2B8000000037F030000001784030001000386A9
:10E2C8000300000014870300000003880300020015
:10E2D800038C03000000038E030001000490030078
:10E2E800000003910300100003A303000C0004B016
:10E2F8000300000003B10300200008D2030002005D
:10E3080003D50300200018F60300000003F70300FC
:10E31800040004FC0300000003FD030084001982CC
:10E32800040000000B83040004000A8804000100B4
:10E33800038A0400A50003310500250005590500DE
:10E348000000145A05000500046005000000036180
:10E358000500250004870500010014890500000058
:10E36800108A05000000198D05000100168F0500B0
:10E3780000000B9105002C0010BE050000000BBF2B
:10E388000500000014C0050000000BC105000100D5
:10E3980014C3050000000BC40500010014C60500E5
:10E3A80000000BC70500000006D005001A0006EFA4
:10E3B8000500030014F30500010001000600050034
:10E3C800180606000200140906000100160B0600D4
:10E3D8000000140C06000100190E060001000B10C5
:10E3E80006000A00141B06000000011C06000000BD
:10E3F800141D06000200062006001F000540060046
:10E4080000000641060009000B4B060014000C60D2
:10E4180006000900146A06000300066E06000100E3
:10E428000B700600000006710600620014D4060096
:10E43800000006D5060000000BD60600060001DD28
:10E448000600000019DE060000000BDF06000500CC
:10E4580005E5060001000BE70600010019E90600C2
:10E4680000000BEA0600030006EE060001000CF0AF
:10E478000600090006FA0600020019FD0600010060
:10E4880006FF06000000140007000D00010F07003A
:10E4980000000610070000000B110700000006121C
:10E4A80007001D000B3007001A00064D0700580032
:10E4B8000BA607000A0006B1070000000CC0070001
:10E4C800090006CA070020000BEB0700080005F446
:10E4D8000700010019F60700000014F70700020002
:10E4E80005FA070000000BFD0700000016FE0700F4
:10E4F80001000600080015000B1608000300051AA5
:10E50800080000000B1B0800080005240800000094
:10E518000B25080002000528080000000B29080048
:10E528000400143008000E000640080018000B59BB
:10E5380008000200145E08000000066008000A00D7
:10E5480006700800170017880800000006890800F0
:10E5580005000190080001000B980800070006A0BC
:10E568000800280005C9080000000BCA08001700A9
:10E5780001E2080000000BE308001F00090309007E
:10E5880000000604090035000B3A09000000093BA9
:10E59800090000000B3C09000000063D09000000CE
:10E5A800093E090002000B4109000700094909005A
:10E5B80003000B4D09000000094E09000100065038
:10E5C800090000000B51090006000658090009005F
:10E5D8000B62090001001464090001000C660900BF
:10E5E8000900147009000000057109000000067296
:10E5F80009000E000B8109000000098209000100D2
:10E60800068509000700068F090001000693090026
:10E61800150006AA0900060006B20900000006B6A1
:10E62800090003000BBC0900000006BD090000003A
:10E6380009BE090002000BC10900030009C709004F
:10E64800010009CB090001000BCD0900000006CE2E
:10E658000900000009D70900000006DC09000100D4
:10E6680006DF090002000BE2090001000CE60900C0
:10E67800090006F00900010016F2090001000EF475
:10E688000900050019FA0900000016FB090000003E
:10E6980006FC0900000014FD090000000BFE09003B
:10E6A80000000B010A00010009030A00000006052A
:10E6B8000A000500060F0A00010006130A001500EB
:10E6C800062A0A00060006320A00010006350A007A
:10E6D800010006380A0001000B3C0A000000093E50
:10E6E8000A0002000B410A0001000B470A00010062
:10E6F8000B4B0A0002000B510A00000006590A00E1
:10E708000300065E0A0000000C660A0009000B7090
:10E718000A00010006720A0002000B750A000000D8
:10E7280014760A0000000B810A00010009830A0020
:10E73800000006850A000800068F0A0002000693FA
:10E748000A00150006AA0A00060006B20A0001001F
:10E7580006B50A0004000BBC0A00000006BD0A004A
:10E76800000009BE0A0002000BC10A0004000BC722
:10E778000A00010009C90A00000009CB0A000100CB
:10E788000BCD0A00000006D00A00000006E00A00CF
:10E7980001000BE20A0001000CE60A00090014F06F
:10E7A8000A00000016F10A00000006F90A0000003D
:10E7B8000BFA0A0005000B010B00000009020B0010
:10E7C800010006050B000700060F0B0001000613E9
:10E7D8000B001500062A0B00060006320B0001008C
:10E7E80006350B0004000B3C0B000000063D0B0037
:10E7F8000000093E0B0000000B3F0B000000094021
:10E808000B0000000B410B00030009470B0001003F
:10E81800094B0B0001000B4D0B0000000B550B00C2
:10E82800010009570B000000065C0B000100065FA1
:10E838000B0002000B620B0001000C660B000900C4
:10E8480019700B00000006710B0000000E720B001F
:10E8580005000B820B00000006830B0000000685F4
:10E868000B000500068E0B00020006920B00030049
:10E8780006990B000100069C0B000000069E0B0089
:10E88800010006A30B00010006A80B00020006AE5B
:10E898000B000B0009BE0B0001000BC00B000000B1
:10E8A80009C10B00010009C60B00020009CA0B00D0
:10E8B80002000BCD0B00000006D00B00000009D7AA
:10E8C8000B0000000CE60B0009000EF00B00020024
:10E8D80019F30B00050016F90B00000019FA0B00DC
:10E8E80000000B000C00000009010C0002000B04E2
:10E8F8000C00000006050C000700060E0C000200C4
:10E9080006120C001600062A0C000F000B3C0C0027
:10E918000000063D0C0000000B3E0C0002000941FF
:10E928000C0003000B460C0002000B4A0C0003000D
:10E938000B550C00010006580C000200065D0C0087
:10E94800000006600C0001000B620C0001000C6660
:10E958000C00090014770C0000000E780C0006006B
:10E96800197F0C00000006800C0000000B810C00D1
:10E97800000009820C00010014840C0000000685C8
:10E988000C000700068E0C00020006920C00160010
:10E9980006AA0C00090006B50C0004000BBC0C000C
:10E9A800000006BD0C00000009BE0C0000000BBFF3
:10E9B8000C00000009C00C0004000BC60C0000008D
:10E9C80009C70C00010009CA0C0001000BCC0C009F
:10E9D800010009D50C00010006DD0C00010006E06D
:10E9E8000C0001000BE20C0001000CE60C00090011
:10E9F80006F10C00010009F30C0000000B000D00EB
:10EA0800010009020D00010006040D000800060EB1
:10EA18000D00020006120D0028000B3B0D0001003E
:10EA2800063D0D000000093E0D0002000B410D00DF
:10EA3800030009460D000200094A0D0002000B4DB3
:10EA48000D000000064E0D000000194F0D000000DB
:10EA580006540D00020009570D0000000E580D0065
:10EA68000600065F0D0002000B620D0001000C6637
:10EA78000D0009000E700D00080019790D00000046
:10EA8800067A0D0005000B810D00000009820D00BB
:10EA9800010006850D001100069A0D00170006B347
:10EAA8000D00080006BD0D00000006C00D000600A0
:10EAB8000BCA0D00000009CF0D0002000BD20D009B
:10EAC80002000BD60D00000009D80D0007000CE667
:10EAD8000D00090009F20D00010014F40D000000FA
:10EAE80006010E002F000B310E00000006320E004A
:10EAF80001000B340E000600163F0E000000064011
:10EB08000E00050005460E0000000B470E0007002A
:10EB1800144F0E0000000C500E000900145A0E008D
:10EB2800010006810E00010006840E000000068622
:10EB38000E000400068C0E00170006A50E0000004B
:10EB480006A70E0009000BB10E00000006B20E0069
:10EB580001000BB40E00080006BD0E00000006C040
:10EB68000E00040005C60E0000000BC80E000600CB
:10EB78000CD00E00090006DC0E00030006000F0092
:10EB8800000019010F00020014040F000E001913F1
:10EB98000F00000014140F00000019150F000200E8
:10EBA8000B180F000100191A0F0005000C200F00A8
:10EBB80009000E2A0F00090019340F0000000B3558
:10EBC8000F00000019360F0000000B370F0000007F
:10EBD80019380F0000000B390F000000153A0F001C
:10EBE8000000113B0F000000153C0F000000113D14
:10EBF8000F000000093E0F00010006400F0007004B
:10EC080006490F0023000B710F000D00097F0F004C
:10EC180000000B800F00040014850F0000000B8615
:10EC28000F00010006880F0004000B8D0F000A007A
:10EC38000B990F00230019BE0F0007000BC60F0029
:10EC4800000019C70F00050019CE0F00010014D0ED
:10EC58000F00040019D50F00030014D90F0001009C
:10EC6800060010002A00092B100001000B2D1000CF
:10EC780003000931100000000B32100005000938AC
:10EC8800100000000B3910000100093B10000100C2
:10EC98000B3D10000100063F100000000C40100062
:10ECA8000900144A10000500065010000500095616
:10ECB800100001000B5810000100065A1000030054
:10ECC8000B5E1000020006611000000009621000CF
:10ECD8000200066510000100096710000600066EB4
:10ECE800100002000B7110000300067510000C00E4
:10ECF8000B82100000000983100001000B85100032
:10ED080001000987100005000B8D10000000068E19
:10ED180010000000098F100000000C90100009007E
:10ED2800099A100002000B9D10000000199E1000A7
:10ED3800010003A01000250003C71000000003CD48
:10ED48001000000003D010002A0014FB100000007F
:10ED580005FC1000000003FD100002000600110071
:10ED68004801064A12000300065012000600065821
:10ED780012000000065A1200030006601200280064
:10ED8800068A1200030006901200200006B2120044
:10ED9800030006B81200060006C01200000006C2F2
:10EDA8001200030006C812000E0006D81200380030
:10EDB8000612130003000618130042000B5D13002F
:10EDC80002001460130008000E6913001300068087
:10EDD80013000F0019901300090003A01300550039
:10EDE80003F81300050010001400000006011400C9
:10EDF8006B02196D16000000146E16000000066FF5
:10EE0800160010001C80160000000681160019006C
:10EE1800159B16000000119C1600000006A01600A5
:10EE28004A0014EB160002000DEE1600020006F16F
:10EE3800160007000600170011000B121700020049
:10EE4800091517000000061F170012000B321700E3
:10EE580001000934170000001435170001000640AE
:10EE6800170011000B5217000100066017000C0074
:10EE7800066E170002000B721700010006801700CB
:10EE880033000BB41700010009B6170000000BB7D8
:10EE98001700060009BE170007000BC61700000080
:10EEA80009C7170001000BC917000A0014D417007E
:10EEB800020005D71700000014D81700020016DB5F
:10EEC8001700000006DC170000000BDD170000002B
:10EED8000CE0170009000EF01700090014001800D4
:10EEE80005001006180000001407180003000B0B9B
:10EEF80018000200010E180000000B0F1800000097
:10EF08000C101800090006201800220005431800FC
:10EF180000000644180034000680180004000B8521
:10EF2800180001000687180021000BA9180000002E
:10EF380006AA1800000006B01800450006001900CF
:10EF48001E000B20190002000923190003000B27DB
:10EF580019000100092919000200093019000100EF
:10EF68000B32190000000933190005000B3919008C
:10EF780002001940190000001444190001000C4651
:10EF880019000900065019001D0006701900040038
:10EF9800068019002B0006B0190019000CD01900C2
:10EFA80009000EDA1900000019DE19002100060018
:10EFB8001A0016000B171A00010009191A0001009F
:10EFC8000B1B1A000000141E1A00010006201A006C
:10EFD800340009551A0000000B561A0000000957A2
:10EFE8001A0000000B581A0006000B601A000000F7
:10EFF80009611A0000000B621A00000009631A0078
:10F0080001000B651A000700096D1A0005000B7353
:10F018001A0009000B7F1A0000000C801A00090072
:10F028000C901A00090014A01A00060005A71A007F
:10F03800000014A81A0005000BB01A000D000ABE43
:10F048001A0000000BBF1A000F000B001B00030082
:10F0580009041B00000006051B002E000B341B00D2
:10F06800000009351B0000000B361B000400093B9B
:10F078001B0000000B3C1B000000093D1B000400A6
:10F088000B421B00000009431B00010006451B0042
:10F0980007000C501B000900145A1B0006001961D8
:10F0A8001B0009000B6B1B00080019741B000800EB
:10F0B800147D1B0001000B801B00010009821B004E
:10F0C800000006831B001D0009A11B0000000BA205
:10F0D8001B00030009A61B0001000BA81B00010070
:10F0E80009AA1B0000000BAB1B00020006AE1B00A8
:10F0F80001000CB01B00090006BA1B002B000BE630
:10F108001B00000009E71B0000000BE81B000100C2
:10F1180009EA1B0002000BED1B00000009EE1B00B2
:10F1280000000BEF1B00020009F21B00010014FC99
:10F138001B00030006001C00230009241C00070014
:10F148000B2C1C00070009341C0001000B361C00A6
:10F158000100143B1C0004000C401C000900064D73
:10F168001C0002000C501C000900065A1C001D005F
:10F1780005781C000500147E1C00010003801C009B
:10F18800080003901C002A0003BD1C00020014C0E4
:10F198001C0007000BD01C00020014D31C00000048
:10F1A8000BD41C000C0009E11C0000000BE21C0041
:10F1B800060006E91C0003000BED1C00000006EE2B
:10F1C8001C0005000BF41C00000006F51C000100E3
:10F1D80009F71C0000000BF81C00010006FA1C00CF
:10F1E800000004001D002B00052C1D003E00046BD0
:10F1F8001D000C0005781D00000003791D000000AB
:10F20800047A1D000200037D1D000000047E1D001D
:10F218000F00038E1D000000048F1D000B00059BCE
:10F228001D0024000BC01D003F0003001E009500B8
:10F2380004961E000400039B1E000000049C1E0090
:10F248000100039E1E000000049F1E00000003A092
:10F258001E00750003181F00050003201F0025006D
:10F2680003481F00050004501F00000003511F0041
:10F27800000004521F00000003531F000000045444
:10F288001F00000003551F00000004561F00000067
:10F2980003571F00000003591F000000035B1F00F5
:10F2A8000000035D1F000000035F1F001E000380B5
:10F2B8001F00070007881F00070003901F000700B2
:10F2C80007981F00070003A01F00070007A81F00DA
:10F2D800070003B01F00010004B21F00000003B3C1
:10F2E8001F00000004B41F00000004B61F00010046
:10F2F80003B81F00030007BC1F00000017BD1F0054
:10F30800000003BE1F00000017BF1F00020004C258
:10F318001F00000003C31F00000004C41F000000FA
:10F3280004C61F00010003C81F00030007CC1F000C
:10F33800000017CD1F00020003D01F00010004D2F7
:10F348001F00010004D61F00010003D81F0003009E
:10F3580017DD1F00020003E01F00010004E21F0088
:10F36800020003E51F00000004E61F00010003E897
:10F378001F00040017ED1F00020004F21F00000028
:10F3880003F31F00000004F41F00000004F61F0030
:10F39800010003F81F00030007FC1F00000017FD11
:10F3A8001F0001001C0020000A00010B20000400BF
:10F3B800101020000500141620000100131820006A
:10F3C8000000121920000000151A20000000131B6D
:10F3D80020000100121D20000000151E2000000062
:10F3E800131F200000001420200007001A28200006
:10F3F80000001B2920000000012A200004001C2F07
:10F4080020000000143020000800133920000000FC
:10F41800123A20000000143B200003000F3F200098
:10F428000100144120000200184420000000154586
:10F4380020000000114620000000144720000A00A8
:10F448001852200000001453200000000F54200020
:10F4580000001455200009001C5F20000000016016
:10F46800200004000166200009000E702000000042
:10F478000571200000000E7420000500187A200095
:10F488000200157D20000000117E20000000057F8D
:10F49800200000000E8020000900188A20000200C9
:10F4A800158D20000000118E20000000059020001E
:10F4B8000C0016A0200020000BD020000C000ADD54
:10F4C800200003000BE1200000000AE220000200F7
:10F4D8000BE520000B0019002100010008022100A3
:10F4E8000000190321000300080721000000190883
:10F4F80021000100040A21000000080B210002007D
:10F50800040E21000100081021000200041321004C
:10F518000000191421000000081521000000191628
:10F52800210001001818210000000819210004001A
:10F53800191E2100050008242100000019252100BA
:10F5480000000326210000001927210000000828D8
:10F5580021000000192921000000032A21000100D0
:10F56800082C21000100192E21000000042F210081
:10F578000000083021000100033221000000083398
:10F58800210000000434210000000635210003009A
:10F59800043921000000193A21000100043C21002F
:10F5A8000100083E21000100184021000400084520
:10F5B80021000000044621000300194A2100000030
:10F5C800184B21000000194C21000100034E2100B6
:10F5D8000000194F210000000E5021000F000D609F
:10F5E800210022000383210001000D852100030072
:10F5F8000E8921000000198A2100010018902100BD
:10F608000400199521000400189A21000100199C92
:10F618002100030018A02100000019A12100010009
:10F6280018A32100000019A42100010018A6210038
:10F63800000019A72100060018AE2100000019AF2C
:10F6480021001E0018CE2100010019D02100010060
:10F6580018D22100000019D32100000018D421007D
:10F66800000019D521001E0018F421000B01190013
:10F6780023000700150823000000110923000000DB
:10F68800150A23000000110B23000000190C2300A9
:10F698001300182023000100192223000600152951
:10F6A80023000000112A23000000192B230050001A
:10F6B800187C23000000197D23001D00189B2300DF
:10F6C800180019B42300270018DC2300050019E2EC
:10F6D80023004400194024000A000E6024003B0067
:10F6E800199C24004D000EEA24001500190025007D
:10F6F800B60018B72500000019B82500080018C181
:10F708002500000019C22500350018F8250007005B
:10F71800190026006E00186F2600000019702600D8
:10F72800F700156827000000116927000000156A16
:10F7380027000000116B27000000156C270000004F
:10F74800116D27000000156E27000000116F2700BB
:10F7580000001570270000001171270000001572C5
:10F76800270000001173270000001574270000000F
:10F778001175270000000E7627001D001994270038
:10F788002B0018C02700040015C52700000011C66B
:10F798002700000018C727001E0015E627000000F4
:10F7A80011E72700000015E82700000011E92700ED
:10F7B800000015EA2700000011EB2700000015ECF7
:10F7C8002700000011ED2700000015EE27000000BB
:10F7D80011EF2700000018F027000F00190028007B
:10F7E800FF001800290082001583290000001184F9
:10F7F8002900000015852900000011862900000055
:10F8080015872900000011882900000015892900A2
:10F818000000118A29000000158B29000000118CB6
:10F8280029000000158D29000000118E2900000014
:10F83800158F29000000119029000000159129005A
:10F84800000011922900000015932900000011946E
:10F8580029000000159529000000119629000000D4
:10F86800159729000000119829000000189929000F
:10F878003E0015D82900000011D92900000015DA2A
:10F888002900000011DB2900000018DC29001F00F6
:10F8980015FC2900000011FD2900000018FE2900B0
:10F8A800010119002B002F0018302B0014001945F6
:10F8B8002B00010018472B000500194D2B002600CE
:10F8C80019762B001F0019972B00680003002C00E5
:10F8D800700004712C00000003722C0001000474F5
:10F8E8002C00000003752C00010004772C00040094
:10F8F800057C2C000100037E2C00650004E42C002C
:10F90800000019E52C00050003EB2C0003000BEFA9
:10F918002C00020003F22C00010014F92C00030053
:10F928000EFD2C00000014FE2C00010003002D0029
:10F93800250003272D000000032D2D0000000630B0
:10F948002D003700056F2D00000014702D000000F9
:10F958000B7F2D00000006802D00160006A02D004C
:10F96800060006A82D00060006B02D00060006B801
:10F978002D00060006C02D00060006C82D00060052
:10F9880006D02D00060006D82D0006000BE02D003D
:10F998001F0014002E00010013022E0000001203A5
:10F9A8002E00000013042E00000012052E00000097
:10F9B80014062E00020013092E000000120A2E0061
:10F9C8000000140B2E000000130C2E000000120D76
:10F9D8002E000000140E2E00080010172E00000044
:10F9E80014182E000100101A2E000000141B2E00FF
:10F9F8000000131C2E000000121D2E000000141E13
:10FA08002E00010013202E00000012212E000000FD
:10FA180015222E00000011232E00000015242E00B0
:10FA2800000011252E00000015262E0000001127C9
:10FA38002E00000015282E00000011292E000000BD
:10FA4800142A2E000400052F2E00000014302E006A
:10FA58000900103A2E000100143C2E00030010404B
:10FA68002E00000014412E00000015422E00000058
:10FA780014432E000C0019502E00010014522E00C1
:10FA8800020015552E00000011562E0000001557D3
:10FA98002E00000011582E00000015592E000000FD
:10FAA800115A2E000000155B2E000000115C2E007C
:10FAB8000000105D2E00000019802E001900199B0F
:10FAC8002E00580019002F00D50019F02F000B0048
:10FAD8001C0030000000140130000200190430003E
:10FAE80000000505300000000606300000000D0784
:10FAF8003000000015083000000011093000000037
:10FB0800150A30000000110B30000000150C300001
:10FB18000000110D30000000150E30000000110F1C
:10FB280030000000151030000000111130000000F6
:10FB380019123000010015143000000011153000B2
:10FB480000001516300000001117300000001518CD
:10FB580030000000111930000000151A30000000B4
:10FB6800111B30000000101C30000000151D300073
:10FB78000000111E300001001920300000000D2186
:10FB8800300008000B2A30000300092E3000010065
:10FB98001030300000000531300004001936300004
:10FBA80001000D3830000200053B30000000063C23
:10FBB80030000000143D30000000193E3000010004
:10FBC8000641300055000B9930000100179B3000AA
:10FBD8000100059D30000100069F3000000010A0C4
:10FBE8003000000006A13000590014FB300000006E
:10FBF80005FC3000020006FF300000000605310059
:10FC08002A00063131005D001990310001000E9282
:10FC18003100030019963100090006A031001F00C9
:10FC280019C03100230006F031000F00190032001E
:10FC38001E000E2032000900192A32001D000E484D
:10FC4800320007001950320000000E5132000E0039
:10FC5800196032001F000E8032000900198A320034
:10FC680026000EB132000E0019C032003F01060016
:10FC78003400BF1919C04D003F0006004E00145251
:10FC88000515A00000000616A00076041990A4002F
:10FC9800360006D0A400270005F8A400050014FECD
:10FCA800A40001000600A5000B01050CA600000039
:10FCB800140DA60002000610A6000F000C20A600D6
:10FCC8000900062AA60001000340A6002D00066EC2
:10FCD800A60000000B6FA60000000A70A600020034
:10FCE8001473A60000000B74A6000900147EA60079
:10FCF8000000057FA60000000380A6001B00059CED
:10FD0800A60001000B9EA600010006A0A600450063
:10FD18000DE6A60009000BF0A600010014F2A600EB
:10FD280005001700A70016000517A70008001720F0
:10FD3800A70001000322A7000D000430A70001005E
:10FD48000332A7003D000570A70000000471A7005A
:10FD580007000379A7000E000588A700000017898F
:10FD6800A7000100038BA7000200048EA700000073
:10FD7800068FA70000000390A70004000495A700C1
:10FD880000000396A700180004AFA700000003B006
:10FD9800A7001A0003D0A700010004D3A7000000A1
:10FDA80004D5A700000003D6A700030005F2A700AA
:10FDB800020003F5A700010006F7A700000005F8F8
:10FDC800A700010004FAA700000006FBA700060030
:10FDD8000B02A80000000603A80002000B06A800FA
:10FDE80000000607A80003000B0BA8000000060C83
:10FDF800A80016000923A80001000B25A80001008F
:10FE08000927A80000001928A80003000B2CA80047
:10FE180000000E30A80005001936A80001001638A9
:10FE2800A80000001939A80000000640A800330007
:10FE38001474A80003000980A80001000682A80025
:10FE4800310009B4A8000F000BC4A800010014CEAB
:10FE5800A80001000CD0A80009000BE0A8001100C0
:10FE680006F2A800050014F8A800020006FBA80086
:10FE7800000014FCA800000006FDA80001000BFF0C
:10FE8800A80000000C00A9000900060AA9001B0030
:10FE98000B26A9000700142EA90001000630A900AE
:10FEA80016000B47A9000A000952A9000100145FB7
:10FEB800A90000000660A9001C000B80A900020030
:10FEC8000983A90000000684A9002E000BB3A9002D
:10FED800000009B4A90001000BB6A900030009BA83
:10FEE800A90001000BBCA900010009BEA90002007D
:10FEF80014C1A9000C0005CFA90000000CD0A9006E
:10FF0800090014DEA900010006E0A90004000BE5C1
:10FF1800A900000005E6A900000006E7A9000800FE
:10FF28000CF0A900090006FAA90004000600AA00BE
:10FF380028000B29AA000500092FAA0001000B318F
:10FF4800AA0001000933AA0001000B35AA0001002C
:10FF58000640AA0002000B43AA0000000644AA00BB
:10FF680007000B4CAA000000094DAA0000000C5025
:10FF7800AA000900145CAA0003000660AA000F008A
:10FF88000570AA0000000671AA0005001977AA00EA
:10FF98000200067AAA000000097BAA0000000B7C78
:10FFA800AA000000097DAA000000067EAA00310010
:10FFB8000BB0AA00000006B1AA0000000BB2AA000C
:10FFC800020006B5AA0001000BB7AA00010006B995
:10FFD800AA0004000BBEAA00010006C0AA00000087
:10FFE8000BC1AA00000006C2AA00000006DBAA0096
:08FFF800010005DDAA00000074
:020000041002E8
:1000000014DEAA00010006E0AA000A0009EBAA001B
:1000100000000BECAA00010009EEAA00010014F098
:10002000AA00010006F2AA00000005F3AA000100E0
:1000300009F5AA0000000BF6AA0000000601AB00BB
:1000400005000609AB0005000611AB0005000620FF
:10005000AB0006000628AB0006000430AB0022000F
:100060000353AB0000000454AB000600175BAB0069
:100070000000055CAB0003000460AB0008000569EC
:10008000AB000000176AAB0001000370AB004F002B
:1000900006C0AB00220009E3AB0001000BE5AB009A
:1000A000000009E6AB0001000BE8AB00000009E925
:1000B000AB00010014EBAB00000009ECAB0000004A
:1000C0000BEDAB0000000CF0AB0009000600AC002B
:1000D000A32B06B0D700160006CBD70030000200D5
:1000E000D800FF070600F9006D010670FA006900EC
:1000F0000400FB0006000413FB000400061DFB00C7
:1001000000000B1EFB000000061FFB000900182961
:10011000FB000000062AFB000C000638FB00040070
:10012000063EFB0000000640FB0001000643FB000A
:1001300001000646FB006B0017B2FB00100006D35F
:10014000FB006A01113EFD000000153FFD000000AC
:100150001940FD000F000650FD003F000692FD0013
:10016000350019CFFD00000006F0FD000B0016FC65
:10017000FD00000019FDFD0002000B00FE000F0055
:100180001410FE0006001517FE0000001118FE00F6
:1001900000001419FE0000000B20FE000F001430B8
:1001A000FE0000001031FE0001000F33FE000100D0
:1001B0001535FE0000001136FE0000001537FE0068
:1001C00000001138FE0000001539FE000000113A51
:1001D000FE000000153BFE000000113CFE00000088
:1001E000153DFE000000113EFE000000153FFE0020
:1001F00000001140FE0000001541FE000000114209
:10020000FE0000001543FE0000001144FE00000047
:100210001445FE0001001547FE0000001148FE00D5
:1002200000001449FE0003000F4DFE0002001450B0
:10023000FE0002001454FE0003001058FE000000EF
:100240001559FE000000115AFE000000155BFE006B
:100250000000115CFE000000155DFE000000115E54
:10026000FE000000145FFE0002001862FE000000A5
:100270001063FE0000001864FE0002001468FE0017
:1002800000001669FE000000146AFE0001000670FE
:10029000FE0004000676FE00860001FFFE0000005E
:1002A0001401FF0002001604FF0000001405FF0007
:1002B00002001508FF0000001109FF000000140AE9
:1002C000FF000000180BFF000000140CFF000000EE
:1002D000100DFF000000140EFF0001000C10FF00C5
:1002E0000900141AFF000100181CFF000200141F6F
:1002F000FF0001000321FF001900153BFF00000073
:10030000143CFF000000113DFF000000173EFF00FD
:1003100000000F3FFF0000001740FF0000000341F6
:10032000FF001900155BFF000000185CFF000000D3
:10033000115DFF000000185EFF000000155FFF0068
:1003400000001160FF0000001461FF000000156252
:10035000FF0000001163FF0000001464FF000100B3
:100360000666FF0009000570FF0000000671FF002F
:100370002C00059EFF00010006A0FF001E0006C223
:10038000FF00050006CAFF00050006D2FF000500B9
:1003900006DAFF00020016E0FF00010018E2FF008D
:1003A000000017E3FF00000019E4FF00000016E55D
:1003B000FF00010019E8FF00000018E9FF0003003A
:1003C00019EDFF00010001F9FF00020019FCFF0018
:1003D0000100060000010B00060D000119000628AF
:1003E00000011200063C00010100063F00010E0062
:1003F000065000010D00068000017A001400010182
:1004000002000E0701012C001937010108000D4000
:10041000010134000E75010103001979010110007A
:100420000E8A01010100198C0101020019900101DD
:100430000C0019A00101000019D001012C000BFDD6
:1004400001010000068002011C0006A0020130002C
:100450000BE0020100000EE102011A000600030198
:100460001F000E2003010300062D030113000D41A0
:10047000030100000642030107000D4A03010000CA
:100480000650030125000B760301040006800301DA
:100490001D00149F0301000006A00301230006C8ED
:1004A0000301070014D0030100000DD10301040073
:1004B000030004014F00065004014D000CA004018C
:1004C000090003B00401230003D80401230006003F
:1004D00005012700063005013300146F05010000F7
:1004E000037005010A00037C05010E00038C050161
:1004F0000600039405010100039705010A0003A308
:1005000005010E0003B30501060003BB0501010050
:1005100006000601360106400701150006600701C6
:10052000070005800701050005870701290005B2BE
:100530000701080006000801050006080801000080
:10054000060A08012B00063708010100063C0801D5
:100550000000063F080116001457080100000E585D
:10056000080107000660080116001977080101005C
:100570000E7908010600068008011E000EA708017A
:10058000080006E00801120006F4080101000EFB55
:10059000080104000600090115000E1609010500F6
:1005A000141F09010000062009011900143F090168
:1005B00000000680090137000EBC0901010006BEDB
:1005C000090101000EC009010F000ED209012D0022
:1005D00006000A0100000B010A0102000B050A01D6
:1005E00001000B0C0A01030006100A0103000615A6
:1005F0000A01020006190A011C000B380A01020058
:100600000B3F0A0100000E400A01080014500A01C5
:10061000080006600A011C000E7D0A010100147F1B
:100620000A01000006800A011C000E9D0A0102005A
:1006300006C00A01070019C80A01000006C90A011C
:100640001B000BE50A0101000EEB0A01040014F087
:100650000A01060006000B01350014390B010600E3
:1006600006400B0115000E580B01070006600B0138
:1006700012000E780B01070006800B01110014997F
:100680000B0103000EA90B01060006000C01480037
:1006900003800C01320003C00C0132000EFA0C0181
:1006A000050006000D0123000B240D0103000C3092
:1006B0000D0109000E600E011E0006800E012900CA
:1006C0000BAB0E01010010AD0E01000006B00E01D3
:1006D00001000BFD0E01020006000F011C000E1DA3
:1006E0000F01090006270F01000006300F01150059
:1006F0000B460F010A000E510F01030014550F01A4
:10070000040006700F0111000B820F010300148614
:100710000F01030006B00F0114000EC50F01060003
:1007200006E00F0116000900100100000B01100186
:1007300000000902100100000603100134000B380C
:1007400010010E001447100106000E521001130094
:100750000C66100109000B701001000006711001F9
:1007600001000B73100101000675100100000B7FE2
:1007700010010200098210010000068310012C0004
:1007800009B0100102000BB31001030009B71001FA
:1007900001000BB91001010014BB1001010001BDE3
:1007A0001001000014BE100103000BC21001000074
:1007B00001CD1001000006D0100118000CF010014E
:1007C00009000B00110102000603110123000B2791
:1007D00011010400092C110100000B2D110107006B
:1007E0000C361101090014401101030006441101E7
:1007F00000000945110101000647110100000650E3
:10080000110122000B731101000014741101010089
:100810000676110100000B8011010100098211010F
:100820000000068311012F0009B3110102000BB66D
:100830001101080009BF1101010006C111010300E7
:1008400014C5110103000BC91101030014CD1101DE
:10085000000009CE110100000BCF110100000CD0E7
:100860001101090006DA1101000014DB110100007A
:1008700006DC1101000014DD110102000EE111017E
:100880001300060012011100061312011800092CB2
:10089000120102000B2F12010200093212010100A5
:1008A0000B34120100000935120100000B36120151
:1008B00001001438120105000B3E12010000063F32
:1008C000120101000B411201000006801201060016
:1008D000068812010000068A12010300068F120129
:1008E0000E00069F1201090014A91201000006B0B3
:1008F00012012E000BDF1201000009E012010200BC
:100900000BE3120107000CF0120109000B001301A8
:100910000100090213010100060513010700060F7B
:1009200013010100061313011500062A1301060026
:100930000632130101000635130104000B3B1301BD
:100940000100063D13010000093E130101000B40A8
:1009500013010000094113010300094713010100BD
:10096000094B13010200065013010000095713013F
:100970000000065D130104000962130101000B660B
:10098000130106000B70130104000600140134006B
:100990000935140102000B38140107000940140145
:1009A00001000B42140102000945140100000B462E
:1009B00014010000064714010300144B1401040045
:1009C0000C5014010900145A14010100145D1401A3
:1009D00000000B5E14010000065F14010200068097
:1009E00014012F0009B0140102000BB3140105001B
:1009F00009B9140100000BBA1401000009BB14016D
:100A000003000BBF1401010009C1140100000BC257
:100A10001401010006C41401010014C614010000F1
:100A200006C7140100000CD014010900068015014E
:100A30002E0009AF150102000BB21501030009B821
:100A4000150103000BBC1501010009BE15010000D2
:100A50000BBF1501010014C11501160006D81501C0
:100A600003000BDC15010100060016012F00093000
:100A7000160102000B3316010700093B16010100A5
:100A80000B3D16010000093E160100000B3F160148
:100A900001001441160102000644160100000C502A
:100AA00016010900146016010C00068016012A00C8
:100AB0000BAB1601000009AC160100000BAD1601CE
:100AC000000009AE160101000BB01601050009B6C1
:100AD000160100000BB71601000006B81601000051
:100AE00014B9160100000CC0160109000600170118
:100AF0001A000B1D170102000920170101000B222B
:100B0000170103000926170100000B271701040035
:100B10000C30170109000E3A17010100143C1701AF
:100B20000200193F170100000640170106000600E9
:100B300018012B00092C180102000B2F18010800C6
:100B40000938180100000B3918010100143B180185
:100B5000000003A018013F000CE0180109000EEA94
:100B60001801080006FF1801070006091901000016
:100B7000060C1901070006151901010006181901D4
:100B800017000930190105000937190101000B3B55
:100B900019010100093D190100000B3E1901000077
:100BA000063F190100000940190100000641190122
:100BB00000000942190100000B4319010000144410
:100BC000190102000C501901090006A019010700C3
:100BD00006AA1901260009D1190102000BD4190136
:100BE00003000BDA1901010009DC190103000BE015
:100BF0001901000006E11901000014E219010000CA
:100C000006E31901000009E41901000006001A01B9
:100C100000000B011A010900060B1A0127000B3313
:100C20001A01050009391A010000063A1A010000EC
:100C30000B3B1A010300143F1A0107000B471A016E
:100C4000000006501A0100000B511A010500095757
:100C50001A0101000B591A010200065C1A012D004D
:100C60000B8A1A010C0009971A0100000B981A014F
:100C70000100149A1A010200069D1A010000149E38
:100C80001A01040006B01A01480014001B010900F3
:100C900006001C010800060A1C012400092F1C0183
:100CA00000000B301C0106000B381C010500093E3A
:100CB0001C0100000B3F1C01000006401C0100004D
:100CC00014411C0104000C501C0109000E5A1C01A7
:100CD000120014701C01010006721C011D000B9211
:100CE0001C01150009A91C0100000BAA1C0106002B
:100CF00009B11C0100000BB21C01010009B41C0168
:100D000000000BB51C01010006001D0106000608CD
:100D10001D010100060B1D0125000B311D01050001
:100D20000B3A1D0100000B3C1D0101000B3F1D0192
:100D3000060006461D0100000B471D0100000C5077
:100D40001D01090006601D01050006671D01010067
:100D5000066A1D011F00098A1D0104000B901D0178
:100D6000010009931D0101000B951D01000009966A
:100D70001D0100000B971D01000006981D010000D9
:100D80000CA01D01090006E01E0112000BF31E015C
:100D9000010009F51E01010014F71E0101000B00FE
:100DA0001F01010006021F01000009031F010000CE
:100DB00006041F010C0006121F01210009341F0147
:100DC00001000B361F010400093E1F0101000B400A
:100DD0001F01000009411F0100000B421F0100001C
:100DE00014431F010C000C501F01090006B01F0125
:100DF00000000EC01F01140019D51F01070016DDE9
:100E00001F01030019E11F01100014FF1F01000062
:100E10000600200199030D0024016E0014702401C6
:100E2000040006802401C30006902F01600014F125
:100E30002F010100060030012F04013034010F00A2
:100E40000B40340100000641340105000B4734011A
:100E50000E00060044014602060068013802064002
:100E60006A011E000C606A010900146E6A0101002B
:100E700006706A014E000CC06A01090006D06A01C2
:100E80001D000BF06A01040014F56A010000060061
:100E90006B012F000B306B01060014376B0104004F
:100EA000193C6B01030005406B01030014446B0106
:100EB000000019456B0100000C506B0109000E5B2E
:100EC0006B01060006636B011400067D6B011200C6
:100ED00003406E013F000E806E01160014976E01F4
:100EE000030006006F014A000B4F6F01000006501F
:100EF0006F01000009516F0136000B8F6F01030075
:100F000005936F010C0005E06F01010014E26F0111
:100F1000000005E36F0100000BE46F01000009F021
:100F20006F01010006007001F71706008801D50463
:100F300006008D01080005F0AF01030005F5AF01C3
:100F4000060005FDAF0101000600B00122010632D6
:100F5000B10100000650B10102000655B1010000C8
:100F60000664B10103000670B1018B010600BC01EB
:100F70006A000670BC010C000680BC0108000690E7
:100F8000BC010900199CBC0100000B9DBC010100C3
:100F9000149FBC01000001A0BC0103000B00CF01A5
:100FA0002D000B30CF0116001950CF01730019002E
:100FB000D001F5001900D10126001929D1013B000B
:100FC0000965D10101000B67D1010200196AD10145
:100FD0000200096DD10105000173D10107000B7BEF
:100FE000D10107001983D10101000B85D101060051
:100FF000198CD1011D000BAAD101030019AED1013A
:101000003C001900D20141000B42D20102001945F7
:10101000D20100000EC0D20113000EE0D201130075
:101020001900D30156000E60D30118000800D40146
:101030001900041AD40119000834D4011900044E0F
:10104000D40106000456D40111000868D401190027
:101050000482D4011900089CD4010000089ED40128
:10106000010008A2D401000008A5D401010008A9CC
:10107000D401030008AED401070004B6D401030074
:1010800004BBD401000004BDD401060004C5D40192
:101090000A0008D0D401190004EAD4011900080498
:1010A000D50101000807D5010300080DD50107008F
:1010B0000816D5010600041ED50119000838D5010F
:1010C0000100083BD50103000840D5010400084693
:1010D000D5010000084AD50106000452D5011900C7
:1010E000086CD50119000486D501190008A0D501A6
:1010F000190004BAD501190008D4D501190004EE6D
:10110000D50119000808D60119000422D6011900DA
:10111000083CD60119000456D60119000870D60102
:101120001900048AD6011B0008A8D601180018C1AE
:10113000D601000004C2D601180018DBD601000059
:1011400004DCD601050008E2D601180018FBD60120
:10115000000004FCD60118001815D7010000041681
:10116000D7010500081CD70118001835D701000069
:101170000436D7011800184FD70100000450D701DA
:1011800005000856D7011800186FD7010000047039
:10119000D70118001889D7010000048AD70105007B
:1011A0000890D701180018A9D701000004AAD70198
:1011B000180018C3D701000004C4D701050008CAED
:1011C000D701000004CBD70100000CCED7013100BD
:1011D0001900D801FF010B00DA0136001937DA01D6
:1011E00003000B3BDA013100196DDA0107000B75C2
:1011F000DA0100001976DA010D000B84DA01000033
:101200001985DA0101001487DA0104000B9BDA0169
:1012100004000BA1DA010E000400DF010900060A38
:10122000DF010000040BDF0113000425DF010500CE
:101230000B00E00106000B08E00110000B1BE001B1
:1012400006000B23E00101000B26E001040005303D
:10125000E0013D000B8FE00100000600E1012C00E1
:101260000B30E10106000537E10106000C40E10109
:101270000900064EE1010000194FE101000006904F
:10128000E2011D000BAEE201000006C0E2012B00EE
:101290000BECE20103000CF0E201090016FFE20191
:1012A000000006D0E4011A0005EBE40100000BEC9D
:1012B000E40103000CF0E401090006E0E701060088
:1012C00006E8E701030006EDE701010006F0E7018B
:1012D0000E000600E801C4000EC7E80108000BD0AC
:1012E000E80106000300E90143000B44E9010600A0
:1012F000054BE90100000C50E9010900145EE90109
:1013000001000E71EC013A0019ACEC0100000EADC9
:10131000EC01020016B0EC0100000EB1EC0103007C
:101320000E01ED012C00192EED0100000E2FED0134
:101330000E000600EE0103000605EE011A0006216C
:10134000EE0101000624EE0100000627EE01000078
:101350000629EE0109000634EE0103000639EE010C
:101360000000063BEE0100000642EE0100000647C9
:10137000EE0100000649EE010000064BEE01000000
:10138000064DEE0102000651EE0101000654EE0189
:1013900000000657EE0100000659EE010000065B52
:1013A000EE010000065DEE010000065FEE010000A8
:1013B0000661EE0101000664EE0100000667EE0121
:1013C0000300066CEE0106000674EE0103000679C8
:1013D000EE010300067EEE0100000680EE0109002A
:1013E000068BEE01100006A1EE01020006A5EE013B
:1013F000040006ABEE01100018F0EE010100190028
:10140000F0012B001930F001630019A0F0010E006B
:1014100019B1F0010E0019C1F0010E0019D1F0014F
:1014200024000E00F1010C00190DF101A00019E6D5
:10143000F1011C001910F2012B001940F201080003
:101440001950F20101001960F20105001900F301C1
:10145000FA0017FBF30104001900F401D70219DCAC
:10146000F601100019F0F6010C001900F7017600E2
:10147000197BF7015E0019E0F7010B0019F0F70185
:1014800000001900F8010B001910F801370019507D
:10149000F80109001960F80127001990F8011D00F2
:1014A00019B0F80101001900F90153011960FA019E
:1014B0000D001970FA010C001980FA01080019904A
:1014C000FA012D0019BFFA01060019CEFA010D002C
:1014D00019E0FA01080019F0FA0108001900FB01EF
:1014E00092001994FB0136000CF0FB010900060084
:1014F0000002DFA60600A70239100640B702DD0091
:101500000620B802811606B0CE02301D0600F80291
:101510001D02060000034A13065013035F10010169
:10152000000E00000120000E5F000B00010EEF0016
:081530001438FF7F01000000E8
:10153800008C01100C8C0110188C0110248C0110E7
:10154800308C01103C8C0110488C0110548C011017
:04155800A08D011051
:10155C004FF0504310B5026893F90040EFF310833D
:10156C0072B6D2E8CFCF0121BCF1000FF9D1C2E89D
:10157C004C1FBCF1000FF4D1BFF35F8F90F9042026
:10158C00002A1CDB00210268C2E88F1F83F310883D
:10159C0020BF0268EFF3108372B6D2E8CFEF5FF092
:1015AC00010CBEF1000FF8D1C2E84ECFBEF1000F16
:1015BC00F3D1BFF35F8F90F90420002AE3DA002205
:1015CC0001680471C1E88F2F83F3108810BD00BF30
:1015DC00034600B50268EFF3108C72B6D2E8CFEF79
:1015EC000120BEF1000FF9D1C2E84E0FBEF1000F81
:1015FC00F4D1BFF35F8F93F90420002A0ADB01B109
:10160C000A60002000221B68C3E88F2F8CF310881F
:10161C005DF804FB4FF05042126801201A71F1E79B
:10162C004FF050412DE9F0410027044616461D4667
:10163C00D1F8008008E0C1E88F7F8CF31088304629
:10164C00294601F0F9FCE8B92168EFF3108C72B669
:10165C00D1E8CF2F0123002AFAD1C1E8423F002A5A
:10166C00F6D1BFF35F8F94F904302168002BE2DAD6
:10167C00002384F80480C1E88F3F8CF3108801208C
:10168C00BDE8F0810020BDE8F08100BF30B50468F2
:10169C00EFF3108C72B6D4E8CFEF0125BEF1000F3A
:1016AC00F9D1C4E84E5FBEF1000FF4D1BFF35F8FE8
:1016BC0090F904400568002C10DB0021C5E88F1F51
:1016CC008CF310884FF0504595F90050A54201D18C
:1016DC00084630BDBDE83040FFF7A2BF4FF0504286
:1016EC00126800230271C5E88F3F8CF3108801202B
:1016FC0030BD00BF70B505460C4601F07DFC0246BE
:10170C000B464FF47A704FF0FF3E6FF0004CE4FB49
:10171C00002396457CEB030138BF72462846BDE892
:10172C00704038BF6346FFF77BBF00BF0368EFF321
:10173C00108272B6D3E8CFCF0121BCF1000FF9D1E2
:10174C00C3E84C1FBCF1000FF4D1BFF35F8F4FF017
:10175C00FF0C0023016880F804C0C1E88F3F82F3BE
:10176C00108840BF704700BF002108B5134B4FF4E1
:10177C00707299601248D960196159619961D96187
:10178C00196259629962D962196359639963D96371
:10179C00196459649964D964196559659965D96551
:1017AC00196659669966D966196759679967D96731
:1017BC0001F012FC034B044A1A6008BD00001050E3
:1017CC000C330020E8360020800110502DE9F04F3A
:1017DC001F4B85B0D3F858A0BAF1000F22D00024CB
:1017EC0001254FF4E069DFF870801A4F01E0202CDE
:1017FC0018D00AEA0502611C2346AB46CCB26D0038
:10180C00002AF4D004F0010203F0FE06164407EBA4
:10181C0046163046C8F858B000F00AFC28B93AEA27
:10182C000B0AE4D105B0BDE8F08F00238DF8093028
:10183C00B37801A88DF80830F38A0121ADF8049033
:10184C00039300F013FC304600F098FBE7E700BF71
:10185C0000001150CC32002000301150F0B5BB4BC1
:10186C0085B0D3F8985015F4003674D0B84BB94CF9
:10187C00996A94F83B30B84A022B116000F0D4807E
:10188C00002694F87B30022B00F03B8194F8BB309F
:10189C00022B00F07D8194F8FB30022B00F06C8160
:1018AC0094F83B31022B00F0448194F87B31022BED
:1018BC0000F0338194F8BB31022B00F0B68194F820
:1018CC00FB31022B00F0A68194F83B32022B00F086
:1018DC00968194F87B32022B00F0868194F8BB320F
:1018EC00022B00F0768194F8FB32022B00F066811B
:1018FC0094F83B33022B00F0568194F87B33022B87
:10190C0000F0A48094F8BB33022B00F0998194F87A
:10191C00FB33022B00F0B4803EB9904B1B7823B9FB
:10192C004FF400328E4BC3F890204FF44072874B2B
:10193C0001219B6C01A8C3F30A03ADF804200293A8
:10194C0000F094FBEA064FF40036864C07D5FFF7FF
:10195C003DFF264603E0EA064FF01004F7D4EB03F4
:10196C0022D57C4C46F48036A37E002B40F0998027
:10197C00012394F83A20E370002A40F0AD80012353
:10198C004FF4C061784A84F82330ADF8041092E823
:10199C00030004AA02E90300194601A800F066FB43
:1019AC004FF400326E4B1A65E90408D46A041DD456
:1019BC002B042AD4AE4240F0C58105B0F0BD002402
:1019CC00624B46F480561C60FFF7CEFE4FF48073DA
:1019DC00012101A8ADF804308DF8084000F046FB59
:1019EC004FF400225E4B1A656A04E1D54FF4806314
:1019FC00012101A8ADF8043000F038FB1022584B3F
:101A0C0046F480461A652B04D4D54FF4A06301210B
:101A1C0001A8ADF8043000F029FB4FF40062504BE4
:101A2C0046F400461A65C5E794F83A60002E3FF478
:101A3C0028AF94F83C30002B3FF423AF002304F183
:101A4C00200084F83C3000F0C1FA1AE794F87A735D
:101A5C00002F3FF457AF94F87C33002B40F0648197
:101A6C0094F8BB33022B40F0F48094F8BA33002B7B
:101A7C0040F0EB8094F8FB33022B7FF456AF3E46DC
:101A8C0094F8FA33002B3FF447AF94F8FC33002B57
:101A9C003FF44BAF0023354884F8FC3300F096FA42
:101AAC0043E70221324B294A1966536E9F07FCD536
:101ABC004FF440520021274800F066FA254800F008
:101ACC005DFA0222264B5A661A66012394F83A20D4
:101ADC00E370002A3FF453AF254A1366A2F5005277
:101AEC00536ED807FCD54FF440520021214800F02A
:101AFC004BFA204800F042FA0122194B5A661A663A
:101B0C003DE794F87A70002F3FF4C0AE94F87C3027
:101B1C00002B40F001813E46B8E694F87A71002F14
:101B2C003FF4C8AE94F87C31002B40F0ED803E467B
:101B3C00C0E694F83A71002F3FF4B7AE94F83C31FC
:101B4C00002B40F0D9803E46AFE600BF000011509C
:101B5C0000000B40CC320020BC3200207239002037
:101B6C00003011501000020000001050AC36002064
:101B7C0000201150EC32002094F8FA70002F3FF442
:101B8C008FAE94F8FC30002B40F08E803E4687E6FA
:101B9C0094F8BA70002F3FF47EAE94F8BC30002B52
:101BAC007AD13E4677E694F83A73002F3FF4A5AE0F
:101BBC0094F83C33002B57D13E469EE694F8FA72CB
:101BCC00002F3FF495AE94F8FC32002B5CD13E46CE
:101BDC008EE694F8BA72002F3FF485AE94F8BC32BE
:101BEC00002B49D13E467EE694F87A72002F3FF4E2
:101BFC0075AE94F87C32002B76D13E466EE694F8A6
:101C0C003A72002F3FF465AE94F83C32002B63D14E
:101C1C003E465EE694F8FA71002F3FF455AE94F808
:101C2C00FC31002B50D13E464EE694F8BA71002F91
:101C3C003FF445AE94F8BC31002B3DD13E463EE618
:101C4C0094F8BA33002B3FF462AE94F8BC33002BFB
:101C5C0071D194F8FB33022B7FF467AE94F8FA330E
:101C6C00002B3FF462AE10E70023394884F83C3374
:101C7C003E4600F0ABF940E60023364884F8BC320F
:101C8C003E4600F0A3F92EE60023334884F8FC32DC
:101C9C003E4600F09BF92BE60023304884F8BC301C
:101CAC003E4600F093F9F6E500232D4884F8FC300D
:101CBC003E4600F08BF9F3E500232A4884F8BC314A
:101CCC003E4600F083F9FAE50023274884F8FC31FE
:101CDC003E4600F07BF9F7E50023244884F83C32BB
:101CEC003E4600F073F9F4E50023214884F87C3279
:101CFC003E4600F06BF9F1E500231E4884F83C31B8
:101D0C003E4600F063F9D0E500231B4884F87C3193
:101D1C003E4600F05BF9CDE50023184884F87C3092
:101D2C003E4600F053F9B1E50023154884F87C33A6
:101D3C0000F04CF994E60023124884F8BC3300F010
:101D4C0045F986E7104886EA050101F061F900BF04
:101D5C00EC3500206C350020AC3500206C330020B5
:101D6C00AC3300206C340020AC340020EC34002068
:101D7C002C350020EC3300202C3400202C33002098
:101D8C002C3600206C360020788101102DE9F047AC
:101D9C00848A058BC278A54228BF2546171E18BF1A
:101DAC000127641B467882F00102A4B20346C2707C
:101DBC00848245F4806040EA4730A6BBD3E9032611
:101DCC006F1E02EB811E55B3052F98BF721C31D9C3
:101DDC0002EB811C721CACEB0204022C2AD9324699
:101DEC004FEA95094FEA890A06EB890852F8044B29
:101DFC0042454CF8044BF9D15545A7EB0A070EEBBD
:101E0C000A040AD016F829600EF829602FB156780A
:101E1C00012F667001D09278A2701E699C8A2E44A4
:101E2C001E6140F400400CB940F4804001B1000444
:101E3C00BDE8F0870EF1FF3E2E4400E0013212F8AF
:101E4C00014CB2420EF8014FF8D1E6E78368024626
:101E5C00186801B1000C5378C0F30900002B3CD07A
:101E6C002DE9F041D2E90334461E03EB811E40B349
:101E7C00052E3BD989014D1C1D44651B022D35D9FE
:101E8C007346214600F47F774FEA9008FD1853F80B
:101E9C0004CBAB4241F804CBF9D1B842A6EB070610
:101EAC0004EB07030EEB07010AD01EF8285004F8C8
:101EBC0028502EB14C78012E5C7001D08978997025
:101ECC001469D38A04440344D382138B1461834270
:101EDC0084BF00239382BDE8F081D38A0344D3826C
:101EEC00138B834284BF002393827047013C0EEB1B
:101EFC0000011EF8013B714504F8013FF9D1DFE701
:101F0C0010B50446836800211B68FFF79FFF6368C8
:101F1C001B685B0002D5238B834200D010BD20468A
:101F2C00BDE810400121FFF791BF00BF084B1B6CAF
:101F3C0013F0020302D18278D20901D1002070473C
:101F4C00C07EA0F10200B0FA80F04009704700BFDB
:101F5C000000115008B5FFF7E9FF50B1054A064BD8
:101F6C00906A1B68A0F54870C01AC6288CBF002068
:101F7C00012008BD00000B40BC3200200023C0E94A
:101F8C0004338376704700BF10B5836809B11C68B1
:101F9C00214082B1114352050DD51A6854050CD459
:101FAC00084A21F480641C60126C920703D40C2341
:101FBC00033BFDD28368196010BD8178024801F0A3
:101FCC0027F800BF000011508C81011030B5436818
:101FDC00002183B004461D68FFF7D8FE134B40F474
:101FEC008052196CA37889070ED55B060ED025F0AC
:101FFC00A04545F000550021204663681D6003B0E4
:10200C00BDE83040FFF7C0BFDB09F0D0A38A002B3E
:10201C00EDD0012120460192FFF7B8FE019A25F080
:10202C000055024345F0A045E5E700BF0000115004
:10203C0038B5857E044695B1FFF762FFA38A0BB9CC
:10204C00284638BD2046FFF785FF20B101232377B2
:10205C000025284638BD2046FFF7B8FFF8E7817801
:10206C00014800F0D5FF00BFAC8101102DE9F04311
:10207C0043788146023B0D4685B0042B13D8DFE82C
:10208C0003F0034A6A73440000217B4B1A7822F058
:10209C0001021A701A7822F002021A7059701A781A
:1020AC0061F382021A70754B1C686369EFF310823E
:1020BC0072B6D3E8CF0F01210028FAD1C3E8401F34
:1020CC000028F6D1BFF35F8FA2614946204600F08D
:1020DC0097FF00236269C2E88F3FA36983F31088DE
:1020EC0048B94FF0E023D3F8F03DDB070AD500BE2A
:1020FC0005B0BDE8F0832A4699F8011099F8000064
:10210C0000F062FF05B0BDE8F0835D4A137801333F
:10211C00DBB21370C7E700245A4E23463178DFF840
:10212C006C81594F11E03B6813EB441307D0DB690A
:10213C002BB1D9F8041099F8000098473178013484
:10214C00E4B24A1CA242234617DBA142EBD85B1A2D
:10215C0008EB4313EBE7484B1A78D607D2D51A781D
:10216C0042F004021A709EE7434B1A78D407C9D583
:10217C001A7822F004021A7095E73F4C237858071E
:10218C003AD4E378DA07BDD5032300263B4A99F805
:10219C0000101468D9F804208DF804108DF805305F
:1021AC006369CDF80660CDF80A60ADF80E60029256
:1021BC00EFF3108272B6D3E8CF0F01210028FAD1C9
:1021CC00C3E8401F0028F6D1BFF35F8F2046A26101
:1021DC0001A900F015FF6369C3E88F6FA36983F34E
:1021EC00108800283FF47DAF2A469DF805109DF815
:1021FC00040000F0E9FE85E72378002723F00403B0
:10220C00237005231D4A8DF80530166899F80020B7
:10221C00ADF80E708DF804207369CDF80670CDF80A
:10222C000A70EFF3108272B6D3E8CF0F01210028A9
:10223C00FAD1C3E8401F0028F6D1BFF35F8F3046B8
:10224C00B26101A900F0DCFE7369C3E88F7FB3694A
:10225C0083F3108838B94FF0E023D3F8F03DD90759
:10226C008FD500BE8DE72A469DF805109DF8040019
:10227C0000F0AAFE85E700BF5C2E0020B42E0020E3
:10228C007339002071390020842C00202C8E011011
:10229C0070B51D4684461C4615B3C4B1DCF80C6001
:1022AC0004F1080EB60706D5754533D211F8010BAB
:1022BC00013CCCF80800DCF80C004007EDD5DCF84C
:1022CC000860013D02F8016B002DE6D108E0DCF856
:1022DC000C607607F3D4DCF80C607607EFD4F6E7E5
:1022EC006CB1DCF80C209007FBD514F1080F08D06A
:1022FC0011F8012B013CCCF80820002CF1D1184628
:10230C0070BDDCF80C209207EBD5DCF80C209207A2
:10231C00F7D4E6E7DCF80C004007D0D4BEE700BFEA
:10232C00844610466AB3013900B501EB020EDCF8A5
:10233C000C309B07FBD511F8013F7145CCF80830E8
:10234C00F5D1DCF80C30590705D5DCF80830DCF891
:10235C000C305907F9D4DCF80C30DA0606D5DCF869
:10236C000C30DA06F7D401E0DCF80830DCF80C307D
:10237C005B07F9D40123CCF820305DF804FBDCF8C2
:10238C000830DCF80C305907F9D4DCF80C30DA06DC
:10239C0006D5DCF80C30DA06F7D401E0DCF80830AE
:1023AC00DCF80C305B07F9D40123CCF820307047F3
:1023BC0070B51D4684461C4605B3B4B1DCF80C6000
:1023CC0004F1080EB60704D575452FD2CCF80810C9
:1023DC00013CDCF80C004007EFD5DCF80860013D4F
:1023EC0002F8016B002DE8D108E0DCF80C607607F0
:1023FC00F3D4DCF80C607607EFD4F6E75CB1DCF8CC
:10240C000C209007FBD514F1080F06D0013CCCF83A
:10241C000810002CF3D1184670BDDCF80C20920784
:10242C00EDD5DCF80C209207F7D4E8E7DCF80C00CB
:10243C004007D2D4C2E700BF70B504460D4600F089
:10244C00DBFD4FF47A72002300F0FCFB0646636A56
:10245C009B0103F1A0421269510106D4226A920138
:10246C0002F1A042126952010BD500F0C5FD4FF4E8
:10247C007A72002300F0E6FB801BA842E7D3636A64
:10248C009B0103F1A0431B695B0106D4236A9B01EA
:10249C0003F1A0431B695E0134D501202368DA687F
:1024AC00DE68DD68D968DB68890701D5D9071BD4DC
:1024BC004FF0A0400123656A246AA901A201AB4038
:1024CC0001441518ED68CD68C0F86434CB685B0125
:1024DC00FCD40121A14002F1A043C0F86414D868D7
:1024EC0010F08060FBD170BD0028E1D102F0100328
:1024FC0006F00806334305F004052B4308BF012002
:10250C00D6D170BD00F078FD4FF47A72002300F044
:10251C0099FB064609E000F06FFD4FF47A72002338
:10252C0000F090FB801BA84207D22368DA68D00623
:10253C00F1D4D868C0F30010B1E72368F9E700BF05
:10254C002DE9F0471E460446836A002953D043F018
:10255C001009E76AC4F82890002A54D047F04007C5
:10256C004FF0A04ED4E9085801234FEA851C20688F
:10257C00F444E76203FA05F5CCF8001003FA08F30B
:10258C004FEA881171441D4300F1080ACCF804A0ED
:10259C00CCF80860CCF81090C1F800A04A608E60AE
:1025AC000F61CEF8505400F043FD0546F00000F0EA
:1025BC000FFD064628460F4600F00AFD02460B4664
:1025CC003046394600F00CFD00F01EFD9FED106A00
:1025DC0007EE100AF7EE086AF1EE007A27EE067A9B
:1025EC00E7EE267AFCEEE77A2046BDE8F04717EED8
:1025FC00901AFFF721BF23F010090649E76AC4F8C7
:10260C002890002AAAD1044A27F04007A8E700BF67
:10261C0000007A445412002070200020FF000000BB
:10262C002DE9F0414568044695F88032022B59D0CB
:10263C00032B01D0BDE8F081D5F84822930103F1BA
:10264C00A0431B695B01F5D4D5F8B83213F1011F17
:10265C0094BF1A461A04B2F17F4F28BF1202B2F18E
:10266C00704F28BF1201B2F1404F28BF9200002AD0
:10267C00B8BF5200C2F30272022A75D0052A76D076
:10268C00062A0BBF3E4A3F4A40F26A2140F26F21B4
:10269C003D4800F0D5FC0822636885F8B42293F815
:1026AC00B4222046002A42D1D3E9A32101328A4226
:1026BC00C3F88C223BD200F0AFFC02216468D4E951
:1026CC00A423934284F88012B4D2D4F888025A1C02
:1026DC008021C4F8942200EB432000F0A1FCC4E953
:1026EC00A801A7E7D5F844329B0103F1A0431B696D
:1026FC0058019FD4D5F84822930103F1A0400169F9
:10270C00490197D403214FF0010E85F88012D5F8BA
:10271C005062A96906F1080C4F680EFA0CF818EA19
:10272C00070F08D151F82C20C5F8B82287E7BDE86F
:10273C00F04100F079BC01EB8C0701F12F4101F560
:10274C006001090D043606EBC1061049076001EA69
:10275C00423242EA464242F0090205F52E714160CE
:10276C00C0F808E0C2606AE72B46002295E7084AE9
:10277C0040F26521044800F063FC072263688CE793
:10278C00A8890110D889011084A70110FDFF01FC54
:10279C007889011070B500244FF0A045012600E0A7
:1027AC00013400F021FC844218D2204600F020FCB9
:1027BC000028F5D00278022AF2D14368DA69D3F8FE
:1027CC0048320A2A06FA03F3EAD1D5F80C241A4245
:1027DC00E6D0C5F80C34FFF723FFE1E770BD00BF6E
:1027EC0070B500244FF0A045012600E0013400F044
:1027FC00FBFB844218D2204600F0FAFB0028F5D0EF
:10280C000278022AF2D14368DA69D3F848320B2AEB
:10281C0006FA03F3EAD1D5F81C241A42E6D0C5F81F
:10282C001C34FFF7FDFEE1E770BD00BF81F00041F5
:10283C0002E000BF83F0004330B54FEA41044FEA99
:10284C00430594EA050F08BF90EA020F1FBF54EA34
:10285C00000C55EA020C7FEA645C7FEA655C00F0D0
:10286C00E2804FEA5454D4EB5555B8BF6D420CDDA1
:10287C002C4480EA020281EA030382EA000083EA24
:10288C00010180EA020281EA0303362D88BF30BDC4
:10289C0011F0004F4FEA01314FF4801C4CEA11311A
:1028AC0002D0404261EB410113F0004F4FEA033379
:1028BC004CEA133302D0524263EB430394EA050F04
:1028CC0000F0A780A4F10104D5F1200E0DDB02FA73
:1028DC000EFC22FA05F2801841F1000103FA0EF207
:1028EC00801843FA05F359410EE0A5F120050EF1CD
:1028FC00200E012A03FA0EFC28BF4CF0020C43FAFE
:10290C0005F3C01851EBE37101F0004507D54FF00A
:10291C00000EDCF1000C7EEB00006EEB0101B1F55A
:10292C00801F1BD3B1F5001F0CD349085FEA3000A0
:10293C004FEA3C0C04F101044FEA445212F5800FAB
:10294C0080F09A80BCF1004F08BF5FEA500C50F148
:10295C00000041EB045141EA050130BD5FEA4C0C2B
:10296C00404141EB0101013C28BFB1F5801FE9D288
:10297C0091F0000F04BF01460020B1FA81F308BFAB
:10298C002033A3F10B03B3F120020CDA0C3208DD77
:10299C0002F1140CC2F10C0201FA0CF021FA02F152
:1029AC000CE002F11402D8BFC2F1200C01FA02F1C2
:1029BC0020FA0CFCDCBF41EA0C019040E41AA2BFE7
:1029CC0001EB0451294330BD6FEA04041F3C1CDAAF
:1029DC000C340EDC04F11404C4F1200220FA04F0CF
:1029EC0001FA02F340EA030021FA04F345EA030179
:1029FC0030BDC4F10C04C4F1200220FA02F001FA3B
:102A0C0004F340EA0300294630BD21FA04F02946BC
:102A1C0030BD94F0000F83F4801306BF81F4801155
:102A2C000134013D4EE77FEA645C18BF7FEA655CC8
:102A3C0029D094EA050F08BF90EA020F05D054EA9A
:102A4C00000C04BF1946104630BD91EA030F1EBF9F
:102A5C000021002030BD5FEA545C05D140004941A3
:102A6C0028BF41F0004130BD14F580043CBF01F596
:102A7C00801130BD01F0004545F0FE4141F470017C
:102A8C004FF0000030BD7FEA645C1ABF1946104657
:102A9C007FEA655C1CBF0B46024650EA013406BF58
:102AAC0052EA033591EA030F41F4002130BD00BF17
:102ABC0090F0000F04BF0021704730B54FF48064D4
:102ACC0004F132044FF000054FF0000150E700BF55
:102ADC0090F0000F04BF0021704730B54FF48064B4
:102AEC0004F1320410F0004548BF40424FF00001A1
:102AFC003EE700BF42004FEAE2014FEA31014FEAE4
:102B0C0002701FBF12F07F4393F07F4F81F0605132
:102B1C00704732F07F4208BF704793F07F4F04BF7D
:102B2C0041F40021704730B54FF4607401F000455A
:102B3C0021F000411CE700BF50EA010208BF7047BA
:102B4C0030B54FF000050AE050EA010208BF7047AB
:102B5C0030B511F0004502D5404261EB41014FF414
:102B6C00806404F132045FEA915C3FF4D8AE4FF01C
:102B7C0003025FEADC0C18BF03325FEADC0C18BFFF
:102B8C00033202EBDC02C2F1200300FA03FC20FA50
:102B9C0002F001FA03FE40EA0E0021FA02F114449D
:102BAC00BDE600BF7BB972B90029BEBF00204FF053
:102BBC00004106E008BF00281CBF6FF000414FF039
:102BCC00FF3000F0FDB9ADF1080C6DE904CE002921
:102BDC0009DB002B1ADB00F04DF8DDF804E0DDE931
:102BEC00022304B07047404261EB4101002B1BDB18
:102BFC0000F040F8DDF804E0DDE9022304B04042C7
:102C0C0061EB4101524263EB43037047524263EB69
:102C1C00430300F02FF8DDF804E0DDE9022304B0F3
:102C2C00404261EB41017047524263EB430300F0B9
:102C3C0021F8DDF804E0DDE9022304B0524263EB35
:102C4C004303704753B94AB9002908BF00281CBF79
:102C5C004FF0FF314FF0FF3000F0B2B9ADF1080C7E
:102C6C006DE904CE00F006F8DDF804E0DDE902239E
:102C7C0004B070472DE9F04F8C46099E04460F4670
:102C8C00002B48D18A4215465ED9B2FA82F33BB189
:102C9C00C3F120029F409D409C4020FA02F2174352
:102CAC004FEA154E1FFA85FC220CB7FBFEF10EFB0A
:102CBC00117701FB0CF042EA0742904207D9AA189F
:102CCC0001F1FF3702D2904200F258813946121AB4
:102CDC00A4B2B2FBFEF00EFB102200FB0CFC44EA8B
:102CEC000244A4450BD92C1900F1FF322CBF01274B
:102CFC000027A44502D9002F00F04381104640EA7A
:102D0C000140A4EB0C0400211EB1DC400023C6E9F9
:102D1C000043BDE8F08F8B4206D90EB1C6E9000125
:102D2C0000210846BDE8F08FB3FA83F1002951D198
:102D3C006345C0F01681824240F213810846002E92
:102D4C00E7D0C6E90047E4E7002A00F0AF80B2FA0A
:102D5C0082F3002B40F0C2808A1A4FEA154EAFB2B4
:102D6C000121200CB2FBFEFC0EFB1C2240EA0242AD
:102D7C0007FB0CF090420ED9AA180CF1FF382CBFAF
:102D8C004FF001094FF00009904203D9B9F1000F3F
:102D9C0000F0F080C446121AA4B2B2FBFEF00EFB97
:102DAC00102200FB07F744EA0244A7420ED92C1963
:102DBC0000F1FF322CBF4FF0010E4FF0000EA74276
:102DCC0003D9BEF1000F00F0D2801046E41B40EA9C
:102DDC000C4099E7C1F120058B400CFA01F400FA84
:102DEC0001F922FA05F72CFA05FC8A401F4320FA58
:102DFC0005F3380C23431FFA87FE1C0CBCFBF0F8C0
:102E0C0000FB18CC44EA0C4408FB0EFCA4450ED97C
:102E1C003C1908F1FF3A2CBF4FF0010B4FF0000B9F
:102E2C00A44503D9BBF1000F00F0B880D046A4EB49
:102E3C000C041FFA83FCB4FBF0F300FB134403FBFC
:102E4C000EFE4CEA0444A6450ED93C1903F1FF30A2
:102E5C002CBF4FF0010C4FF0000CA64503D9BCF170
:102E6C00000F00F09F80034643EA0840A4EB0E04D9
:102E7C00A0FB02EC64457346E04602D307D1F14552
:102E8C0005D2BEEB02036CEB070C0138E0465EB1D9
:102E9C00B9EB030264EB080404FA05F522FA01F31A
:102EAC00CC401D43C6E90054002132E742082F46AE
:102EBC004B08AC4642EAC172AE46C407110C92B242
:102ECC0041EA034142EA0142B1FBF5F1B3FBF5F0F3
:102EDC001F23A2EB0C0241EA004142E79D40C3F1E3
:102EEC00200299409C402CFA02FC4FEA154E20FA25
:102EFC0002F2AFB2BCFBFEF80A430EFB18CC110C6D
:102F0C0041EA0C4108FB07FC8C4550D9691808F1C3
:102F1C00FF302CBF4FF001094FF000098C4502D94E
:102F2C00B9F1000F30D0A1EB0C01B1FBFEF808FB9E
:102F3C0007FC0EFB181192B242EA0142624534D2F0
:102F4C00AA1808F1FF312CBF4FF001094FF000090E
:102F5C006245BED2B9F1000FBBD1A8F102012A44DF
:102F6C00B7E7841A6CEB030201201746E7E62C4402
:102F7C0002382BE7ACF1020C2A440CE702392A4444
:102F8C00A5E62C440238BAE6A5EB0C0CA8F102001D
:102F9C006144B1FBFEF808FB07FCCAE7A8F1020884
:102FAC003C4444E7023B3C445EE7414691E7A1EBDD
:102FBC000C014046B1FBFEF808FB07FCB9E700BF6B
:102FCC00704700BF000000005FF800F0254F0010B4
:102FDC005FF800F03D2700105FF800F0054201108B
:102FEC005FF800F0612600105FF800F05D0E001035
:102FFC005FF800F0610E00105FF800F0051F001084
:10300C005FF800F0FD6800105FF800F0FD2600107E
:10301C005FF800F0B90F00105FF800F051240110B8
:10302C005FF800F0852601105FF800F0952501107F
:10303C005FF800F05D7200105FF800F0FD1D0010ED
:10304C005FF800F0D5330110C40900000A0000003D
:10305C0000000000000000008713000001000000C9
:10306C0001000000701F00200000000000000000A4
:10307C000000000000000000000000000000000044
:10308C000000000000000000000000000000000034
:10309C000000000000000000000000000000000024
:1030AC000000000000000000000000000000000014
:1030BC000000000000000000000000000000000004
:1030CC0000000000000000000000000000000000F4
:1030DC0000000000000000000000000000000000E4
:1030EC0000000000000000000000000000000000D4
:1030FC0000000000000000000000000000000000C4
:10310C0000000000000000000000000000000000B3
:10311C0000000000000000000000000000000000A3
:10312C000000000000000000000000000000000093
:10313C000000000000000000000000000000000083
:10314C000000000000000000000000000000000073
:10315C000000000000000000000000000000000063
:10316C000000000000000000000000000000000053
:10317C000000000000000000000000000000000043
:10318C000000000000000000000000000000000033
:10319C000000000000000000000000000000000023
:1031AC000000000000000000000000000000000013
:1031BC000000000000000000000000000000000003
:1031CC0000000000000000000000000000000000F3
:1031DC0000000000000000000000000000000000E3
:1031EC0000000000000000000000000000000000D3
:1031FC0000000000000000000000000000000000C3
:10320C0000000000000000000000000000000000B2
:10321C0000000000000000000000000000000000A2
:10322C000000000000000000000000000000000092
:10323C000000000000000000000000000000000082
:10324C000000000000000000000000000000000072
:10325C000000000000000000000000000000000062
:10326C000000000000000000000000000000000052
:10327C000000000000000000000000000000000042
:10328C000000000000000000000000000000000032
:10329C000000000000000000000000000000000022
:1032AC000000000000000000000000000000000012
:1032BC000000000000000000000000000000000002
:1032CC0000000000000000000000000000000000F2
:1032DC0000000000000000000000000000000000E2
:1032EC0000000000000000000000000000000000D2
:1032FC0000000000000000000000000000000000C2
:10330C0000000000000000000000000000000000B1
:10331C0000000000000000000000000000000000A1
:10332C000000000000000000000000000000000091
:10333C000000000000000000881F002001000000B9
:10334C000000000000000000000000000000000071
:10335C000000084000000000030000000200000014
:10336C0050D6DC010000000000000000000000004E
:10337C000000000000000000000000000000000041
:10338C000000000000000000000000001000000021
:10339C000000000000000100000000000000000020
:1033AC00000002000000000000000000000003000C
:1033BC0000000000000000000000FF000000000002
:1033CC0001B5486801318E460047704609380149FD
:1033DC00884701BD651400100000000000000000CB
:1033EC000000000000000000000000000029002088
:1033FC00D14600107D460010F545001065450010C3
:10340C000000000000010000B82E002010000C008D
:10341C0000000000000000000000000000000000A0
:10342C0000000000FF000000000009400000000048
:10343C00FF000000AAAAAAAAA50000000A0000002A
:10344C00000000000B00000000000000D00700008E
:10345C0003000000401F0000E8030000E803000028
:10346C00E8030000A00F00000A00000002000000AA
:10347C0002000000E803000088130000E8030000CD
:10348C00C8000000FFFFFFFF00000200000000006A
:10349C000000000000000000C8200020C820002010
:1034AC00D0200020D0200020D8200020D8200020C0
:1034BC00E0200020E0200020E8200020E820002070
:1034CC00F0200020F0200020F8200020F820002020
:1034DC0000210020002100200821002008210020CC
:1034EC00102100201021002018210020182100207C
:1034FC00202100202021002028210020282100202C
:10350C0030210020302100203821002038210020DB
:10351C00402100204021002048210020482100208B
:10352C00502100205021002058210020582100203B
:10353C0060210020602100206821002068210020EB
:10354C00702100207021002078210020782100209B
:10355C00802100208021002088210020882100204B
:10356C0090210020902100209821002098210020FB
:10357C00A0210020A0210020A8210020A8210020AB
:10358C00B0210020B0210020B8210020B82100205B
:10359C00C0210020C0210020C8210020C82100200B
:1035AC00D0210020D0210020D8210020D8210020BB
:1035BC00E0210020E0210020E8210020E82100206B
:1035CC00F0210020F0210020F8210020F82100201B
:1035DC0000220020002200200822002008220020C7
:1035EC001022002010220020182200201822002077
:1035FC002022002020220020282200202822002027
:10360C0030220020302200203822002038220020D6
:10361C004022002040220020482200204822002086
:10362C005022002050220020582200205822002036
:10363C0060220020602200206822002068220020E6
:10364C007022002070220020782200207822002096
:10365C008022002080220020882200208822002046
:10366C0090220020902200209822002098220020F6
:10367C00A0220020A0220020A8220020A8220020A6
:10368C00B0220020B0220020B8220020B822002056
:10369C00C0220020C0220020C8220020C822002006
:1036AC00D0220020D0220020D8220020D8220020B6
:1036BC00E0220020E0220020E8220020E822002066
:1036CC00F0220020F0220020F8220020F822002016
:1036DC0000230020002300200823002008230020C2
:1036EC001023002010230020182300201823002072
:1036FC002023002020230020282300202823002022
:10370C0030230020302300203823002038230020D1
:10371C004023002040230020482300204823002081
:10372C005023002050230020582300205823002031
:10373C0060230020602300206823002068230020E1
:10374C007023002070230020782300207823002091
:10375C008023002080230020882300208823002041
:10376C0090230020902300209823002098230020F1
:10377C00A0230020A0230020A8230020A8230020A1
:10378C00B0230020B0230020B8230020B823002051
:10379C00C0230020C0230020C8230020C823002001
:1037AC00D0230020D0230020D8230020D8230020B1
:1037BC00E0230020E0230020E8230020E823002061
:1037CC00F0230020F0230020F8230020F823002011
:1037DC0000240020002400200824002008240020BD
:1037EC00102400201024002018240020182400206D
:1037FC00202400202024002028240020282400201D
:10380C0030240020302400203824002038240020CC
:10381C00402400204024002048240020482400207C
:10382C00502400205024002058240020582400202C
:10383C0060240020602400206824002068240020DC
:10384C00702400207024002078240020782400208C
:10385C00802400208024002088240020882400203C
:10386C0090240020902400209824002098240020EC
:10387C00A0240020A0240020A8240020A82400209C
:10388C00B0240020B0240020B8240020B82400204C
:10389C00C0240020C0240020408B0110408B01105C
:1038AC00E02400200000000000000000342B002069
:1038BC009C2B0020042C00200000000000000000C5
:1038CC0000000000000000000000000000000000EC
:1038DC0000000000000000000000000000000000DC
:1038EC0000000000000000000000000000000000CC
:1038FC0000000000000000000000000000000000BC
:10390C0000000000000000000000000000000000AB
:10391C00000000000000000000000000000000009B
:10392C00000000000000000000000000000000008B
:10393C00000000000000000000000000000000007B
:10394C0001000000000000000E33CDAB34126DE618
:10395C00ECDE05000B000000000000000000000081
:10396C00000000000000000000000000000000004B
:10397C00000000000000000000000000000000003B
:10398C00000000000000000000000000000000002B
:10399C00000000000000000000000000000000001B
:1039AC00000000000000000000000000000000000B
:1039BC0000000000000000000000000000000000FB
:1039CC0000000000000000000000000000000000EB
:1039DC0000000000000000000000000000000000DB
:1039EC0000000000000000000100000000000000CA
:1039FC004A00000000000000000000000000000071
:103A0C0000000000000000000000000000000000AA
:103A1C0000000000000000004A0000000000000050
:103A2C00000000000000000000000000000000008A
:103A3C00000000000000000000000000000000007A
:103A4C004300000000000000000000000000000027
:103A5C00000000000000000000000000000000005A
:103A6C004300000000000000000000000000000007
:103A7C00000000000000000000000000000000003A
:103A8C0043000000000000000000000000000000E7
:103A9C00000000000000000000000000000000001A
:103AAC0043000000000000000000000000000000C7
:103ABC0000000000000000000000000000000000FA
:103ACC0043000000000000000000000000000000A7
:103ADC0000000000000000000000000000000000DA
:103AEC004300000000000000000000000000000087
:103AFC0000000000000000000000000000000000BA
:103B0C004300000000000000000000000000000066
:103B1C000000000000000000000000000000000099
:103B2C00317201100572011000000000FCA8011098
:103B3C00A48B0110C07A0110C07A0110C07A011058
:103B4C00C07A0110C07A0110C07A0110C07A01103D
:103B5C00C07A0110C07A0110FFFFFFFFFFFFFFFFCB
:103B6C00FFFFFFFFFFFF00000100415343494900E5
:103B7C000000000000000000000000000000000039
:103B8C0000000000000000000000415343494900C0
:103B9C000000000000000000000000000000000019
:103BAC00000000000000000000000000D0360020E3
:103BBC0000000000000000000000000000000000F9
:083BCC000000000000000000F1
:103BD400D3DEFFFFFE010000FF01000064C5FDFF0E
:043BE400793512AB72
>>>>>>> 1f5dba881d209f6cae4df136e52be0351c8e6ae8
:040000051000014D99
:00000001FF
