
/Users/m6t6ng6/Documents/TD3_VM/repo/3_trabajos_practicos/tp2/firmware/build/firmware.elf:     file format elf32-littlearm

Sections:
Idx Name          Size      VMA       LMA       File off  Algn
  0 .text         0000819c  10000000  10000000  00001000  2**3
                  CONTENTS, ALLOC, LOAD, READONLY, CODE
  1 .rodata       00000478  100081a0  100081a0  000091a0  2**3
                  CONTENTS, ALLOC, LOAD, READONLY, DATA
  2 .ARM.exidx    00000008  10008618  10008618  00009618  2**2
                  CONTENTS, ALLOC, LOAD, READONLY, DATA
  3 .binary_info  00000024  10008620  10008620  00009620  2**2
                  CONTENTS, ALLOC, LOAD, READONLY, DATA
  4 .ram_vector_table 00000110  20000000  20000000  0000d000  2**2
                  ALLOC
  5 .uninitialized_data 00000000  20000110  20000110  0000c040  2**0
                  CONTENTS
  6 .data         000019e8  20000110  10008644  0000a110  2**3
                  CONTENTS, ALLOC, LOAD, READONLY, CODE
  7 .tdata        00000000  20001af8  20001af8  0000c040  2**0
                  CONTENTS, ALLOC, LOAD, DATA, THREAD_LOCAL
  8 .tbss         00000000  20001af8  20001af8  00000000  2**0
                  ALLOC, THREAD_LOCAL
  9 .bss          00000f7c  20001af8  1000a02c  0000caf8  2**3
                  ALLOC
 10 .heap         00000800  20002a74  20002a74  0000c040  2**2
                  CONTENTS, READONLY
 11 .scratch_x    00000000  20080000  20080000  0000c840  2**0
                  CONTENTS
 12 .scratch_y    00000000  20081000  20081000  0000c840  2**0
                  CONTENTS
 13 .stack_dummy  00000800  20081000  20081000  0000c840  2**5
                  CONTENTS, READONLY
 14 .flash_end    00000014  1000a02c  1000a02c  0000c02c  2**2
                  CONTENTS, ALLOC, LOAD, READONLY, DATA
 15 .ARM.attributes 00000034  00000000  00000000  0000d040  2**0
                  CONTENTS, READONLY
 16 .comment      00000045  00000000  00000000  0000d074  2**0
                  CONTENTS, READONLY
 17 .debug_info   0003daf8  00000000  00000000  0000d0b9  2**0
                  CONTENTS, READONLY, DEBUGGING, OCTETS
 18 .debug_abbrev 0000a98c  00000000  00000000  0004abb1  2**0
                  CONTENTS, READONLY, DEBUGGING, OCTETS
 19 .debug_loclists 0001d9e7  00000000  00000000  0005553d  2**0
                  CONTENTS, READONLY, DEBUGGING, OCTETS
 20 .debug_aranges 00001798  00000000  00000000  00072f28  2**3
                  CONTENTS, READONLY, DEBUGGING, OCTETS
 21 .debug_rnglists 00004f55  00000000  00000000  000746c0  2**0
                  CONTENTS, READONLY, DEBUGGING, OCTETS
 22 .debug_line   00029237  00000000  00000000  00079615  2**0
                  CONTENTS, READONLY, DEBUGGING, OCTETS
 23 .debug_str    0000b752  00000000  00000000  000a284c  2**0
                  CONTENTS, READONLY, DEBUGGING, OCTETS
 24 .debug_frame  000044f4  00000000  00000000  000adfa0  2**2
                  CONTENTS, READONLY, DEBUGGING, OCTETS
 25 .debug_line_str 000002c4  00000000  00000000  000b2494  2**0
                  CONTENTS, READONLY, DEBUGGING, OCTETS

/Users/m6t6ng6/Documents/TD3_VM/repo/3_trabajos_practicos/tp2/firmware/build/firmware.elf:     file format elf32-littlearm


Disassembly of section .text:

10000000 <__VECTOR_TABLE>:
10000000:	20082000 	.word	0x20082000
10000004:	1000015d 	.word	0x1000015d
10000008:	10000113 	.word	0x10000113
1000000c:	10000115 	.word	0x10000115
10000010:	10000111 	.word	0x10000111
10000014:	10000111 	.word	0x10000111
10000018:	10000111 	.word	0x10000111
1000001c:	10000111 	.word	0x10000111
10000020:	10000111 	.word	0x10000111
10000024:	10000111 	.word	0x10000111
10000028:	10000111 	.word	0x10000111
1000002c:	100075c1 	.word	0x100075c1
10000030:	10000111 	.word	0x10000111
10000034:	10000111 	.word	0x10000111
10000038:	10007541 	.word	0x10007541
1000003c:	10007289 	.word	0x10007289
10000040:	1000011d 	.word	0x1000011d
10000044:	1000011d 	.word	0x1000011d
10000048:	1000011d 	.word	0x1000011d
1000004c:	1000011d 	.word	0x1000011d
10000050:	1000011d 	.word	0x1000011d
10000054:	1000011d 	.word	0x1000011d
10000058:	1000011d 	.word	0x1000011d
1000005c:	1000011d 	.word	0x1000011d
10000060:	1000011d 	.word	0x1000011d
10000064:	1000011d 	.word	0x1000011d
10000068:	1000011d 	.word	0x1000011d
1000006c:	1000011d 	.word	0x1000011d
10000070:	1000011d 	.word	0x1000011d
10000074:	1000011d 	.word	0x1000011d
10000078:	1000011d 	.word	0x1000011d
1000007c:	1000011d 	.word	0x1000011d
10000080:	1000011d 	.word	0x1000011d
10000084:	1000011d 	.word	0x1000011d
10000088:	1000011d 	.word	0x1000011d
1000008c:	1000011d 	.word	0x1000011d
10000090:	1000011d 	.word	0x1000011d
10000094:	1000011d 	.word	0x1000011d
10000098:	1000011d 	.word	0x1000011d
1000009c:	1000011d 	.word	0x1000011d
100000a0:	1000011d 	.word	0x1000011d
100000a4:	1000011d 	.word	0x1000011d
100000a8:	1000011d 	.word	0x1000011d
100000ac:	1000011d 	.word	0x1000011d
100000b0:	1000011d 	.word	0x1000011d
100000b4:	1000011d 	.word	0x1000011d
100000b8:	1000011d 	.word	0x1000011d
100000bc:	1000011d 	.word	0x1000011d
100000c0:	1000011d 	.word	0x1000011d
100000c4:	1000011d 	.word	0x1000011d
100000c8:	1000011d 	.word	0x1000011d
100000cc:	1000011d 	.word	0x1000011d
100000d0:	1000011d 	.word	0x1000011d
100000d4:	1000011d 	.word	0x1000011d
100000d8:	1000011d 	.word	0x1000011d
100000dc:	1000011d 	.word	0x1000011d
100000e0:	1000011d 	.word	0x1000011d
100000e4:	1000011d 	.word	0x1000011d
100000e8:	1000011d 	.word	0x1000011d
100000ec:	1000011d 	.word	0x1000011d
100000f0:	1000011d 	.word	0x1000011d
100000f4:	1000011d 	.word	0x1000011d
100000f8:	1000011d 	.word	0x1000011d
100000fc:	1000011d 	.word	0x1000011d
10000100:	1000011d 	.word	0x1000011d
10000104:	1000011d 	.word	0x1000011d
10000108:	1000011d 	.word	0x1000011d
1000010c:	1000011d 	.word	0x1000011d

10000110 <isr_invalid>:
10000110:	be00      	bkpt	0x0000

10000112 <isr_nmi>:
10000112:	be00      	bkpt	0x0000

10000114 <isr_hardfault>:
10000114:	be00      	bkpt	0x0000
10000116:	be00      	bkpt	0x0000
10000118:	be00      	bkpt	0x0000
1000011a:	be00      	bkpt	0x0000

1000011c <__unhandled_user_irq>:
1000011c:	f3ef 8005 	mrs	r0, IPSR
10000120:	3810      	subs	r0, #16

10000122 <unhandled_user_irq_num_in_r0>:
10000122:	be00      	bkpt	0x0000

10000124 <binary_info_header>:
10000124:	7188ebf2 	.word	0x7188ebf2
10000128:	10008620 	.word	0x10008620
1000012c:	10008644 	.word	0x10008644
10000130:	100001a8 	.word	0x100001a8
10000134:	e71aa390 	.word	0xe71aa390

10000138 <__binary_info_header_end>:
10000138:	ffffded3 	.word	0xffffded3
1000013c:	10210142 	.word	0x10210142
10000140:	000001ff 	.word	0x000001ff
10000144:	00009ef4 	.word	0x00009ef4
10000148:	ab123579 	.word	0xab123579

1000014c <_entry_point>:
1000014c:	f04f 0000 	mov.w	r0, #0

10000150 <_enter_vtable_in_r0>:
10000150:	4920      	ldr	r1, [pc, #128]	@ (100001d4 <data_cpy_table+0x2c>)
10000152:	6008      	str	r0, [r1, #0]
10000154:	c806      	ldmia	r0!, {r1, r2}
10000156:	f381 8808 	msr	MSP, r1
1000015a:	4710      	bx	r2

1000015c <_reset_handler>:
1000015c:	f04f 4050 	mov.w	r0, #3489660928	@ 0xd0000000
10000160:	6800      	ldr	r0, [r0, #0]
10000162:	b110      	cbz	r0, 1000016a <hold_non_core0_in_bootrom+0x6>

10000164 <hold_non_core0_in_bootrom>:
10000164:	f04f 0000 	mov.w	r0, #0
10000168:	e7f2      	b.n	10000150 <_enter_vtable_in_r0>
1000016a:	a40f      	add	r4, pc, #60	@ (adr r4, 100001a8 <data_cpy_table>)
1000016c:	cc0e      	ldmia	r4!, {r1, r2, r3}
1000016e:	2900      	cmp	r1, #0
10000170:	d002      	beq.n	10000178 <hold_non_core0_in_bootrom+0x14>
10000172:	f000 f815 	bl	100001a0 <data_cpy>
10000176:	e7f9      	b.n	1000016c <hold_non_core0_in_bootrom+0x8>
10000178:	4917      	ldr	r1, [pc, #92]	@ (100001d8 <data_cpy_table+0x30>)
1000017a:	4a18      	ldr	r2, [pc, #96]	@ (100001dc <data_cpy_table+0x34>)
1000017c:	2000      	movs	r0, #0
1000017e:	e000      	b.n	10000182 <bss_fill_test>

10000180 <bss_fill_loop>:
10000180:	c101      	stmia	r1!, {r0}

10000182 <bss_fill_test>:
10000182:	4291      	cmp	r1, r2
10000184:	d1fc      	bne.n	10000180 <bss_fill_loop>

10000186 <platform_entry>:
10000186:	2000      	movs	r0, #0
10000188:	f380 880a 	msr	MSPLIM, r0
1000018c:	4914      	ldr	r1, [pc, #80]	@ (100001e0 <data_cpy_table+0x38>)
1000018e:	4788      	blx	r1
10000190:	4914      	ldr	r1, [pc, #80]	@ (100001e4 <data_cpy_table+0x3c>)
10000192:	4788      	blx	r1
10000194:	4914      	ldr	r1, [pc, #80]	@ (100001e8 <data_cpy_table+0x40>)
10000196:	4788      	blx	r1
10000198:	be00      	bkpt	0x0000
1000019a:	e7fd      	b.n	10000198 <platform_entry+0x12>

1000019c <data_cpy_loop>:
1000019c:	c901      	ldmia	r1!, {r0}
1000019e:	c201      	stmia	r2!, {r0}

100001a0 <data_cpy>:
100001a0:	429a      	cmp	r2, r3
100001a2:	d3fb      	bcc.n	1000019c <data_cpy_loop>
100001a4:	4770      	bx	lr
100001a6:	bf00      	nop

100001a8 <data_cpy_table>:
100001a8:	10008644 	.word	0x10008644
100001ac:	20000110 	.word	0x20000110
100001b0:	20001af8 	.word	0x20001af8
100001b4:	1000a02c 	.word	0x1000a02c
100001b8:	20080000 	.word	0x20080000
100001bc:	20080000 	.word	0x20080000
100001c0:	1000a02c 	.word	0x1000a02c
100001c4:	20081000 	.word	0x20081000
100001c8:	20081000 	.word	0x20081000
100001cc:	00000000 	.word	0x00000000
100001d0:	4770      	bx	lr
100001d2:	0000      	.short	0x0000
100001d4:	e000ed08 	.word	0xe000ed08
100001d8:	20001af8 	.word	0x20001af8
100001dc:	20002a74 	.word	0x20002a74
100001e0:	100031f9 	.word	0x100031f9
100001e4:	10000389 	.word	0x10000389
100001e8:	100031f1 	.word	0x100031f1

100001ec <_init>:
100001ec:	b5f8      	push	{r3, r4, r5, r6, r7, lr}
100001ee:	bf00      	nop

100001f0 <register_tm_clones>:
100001f0:	4b06      	ldr	r3, [pc, #24]	@ (1000020c <register_tm_clones+0x1c>)
100001f2:	4907      	ldr	r1, [pc, #28]	@ (10000210 <register_tm_clones+0x20>)
100001f4:	1ac9      	subs	r1, r1, r3
100001f6:	1089      	asrs	r1, r1, #2
100001f8:	bf48      	it	mi
100001fa:	3101      	addmi	r1, #1
100001fc:	1049      	asrs	r1, r1, #1
100001fe:	d003      	beq.n	10000208 <register_tm_clones+0x18>
10000200:	4b04      	ldr	r3, [pc, #16]	@ (10000214 <register_tm_clones+0x24>)
10000202:	b10b      	cbz	r3, 10000208 <register_tm_clones+0x18>
10000204:	4801      	ldr	r0, [pc, #4]	@ (1000020c <register_tm_clones+0x1c>)
10000206:	4718      	bx	r3
10000208:	4770      	bx	lr
1000020a:	bf00      	nop
1000020c:	20001af8 	.word	0x20001af8
10000210:	20001af8 	.word	0x20001af8
10000214:	00000000 	.word	0x00000000

10000218 <frame_dummy>:
10000218:	b508      	push	{r3, lr}
1000021a:	4b05      	ldr	r3, [pc, #20]	@ (10000230 <frame_dummy+0x18>)
1000021c:	b11b      	cbz	r3, 10000226 <frame_dummy+0xe>
1000021e:	4905      	ldr	r1, [pc, #20]	@ (10000234 <frame_dummy+0x1c>)
10000220:	4805      	ldr	r0, [pc, #20]	@ (10000238 <frame_dummy+0x20>)
10000222:	f3af 8000 	nop.w
10000226:	e8bd 4008 	ldmia.w	sp!, {r3, lr}
1000022a:	f7ff bfe1 	b.w	100001f0 <register_tm_clones>
1000022e:	bf00      	nop
10000230:	00000000 	.word	0x00000000
10000234:	2000289c 	.word	0x2000289c
10000238:	1000819c 	.word	0x1000819c

1000023c <dma_handler>:
1000023c:	b5f0      	push	{r4, r5, r6, r7, lr}
1000023e:	2301      	movs	r3, #1
10000240:	ed2d 8b06 	vpush	{d8-d10}
10000244:	f04f 40a0 	mov.w	r0, #1342177280	@ 0x50000000
10000248:	2108      	movs	r1, #8
1000024a:	ed9f aa23 	vldr	s20, [pc, #140]	@ 100002d8 <dma_handler+0x9c>
1000024e:	eddf 9a23 	vldr	s19, [pc, #140]	@ 100002dc <dma_handler+0xa0>
10000252:	ed9f 9a23 	vldr	s18, [pc, #140]	@ 100002e0 <dma_handler+0xa4>
10000256:	eddf 8a23 	vldr	s17, [pc, #140]	@ 100002e4 <dma_handler+0xa8>
1000025a:	eeb3 8a0b 	vmov.f32	s16, #59	@ 0x41d80000  27.0
1000025e:	2600      	movs	r6, #0
10000260:	4a21      	ldr	r2, [pc, #132]	@ (100002e8 <dma_handler+0xac>)
10000262:	4d22      	ldr	r5, [pc, #136]	@ (100002ec <dma_handler+0xb0>)
10000264:	6814      	ldr	r4, [r2, #0]
10000266:	4a22      	ldr	r2, [pc, #136]	@ (100002f0 <dma_handler+0xb4>)
10000268:	40a3      	lsls	r3, r4
1000026a:	4c22      	ldr	r4, [pc, #136]	@ (100002f4 <dma_handler+0xb8>)
1000026c:	b085      	sub	sp, #20
1000026e:	f104 0720 	add.w	r7, r4, #32
10000272:	f8c0 340c 	str.w	r3, [r0, #1036]	@ 0x40c
10000276:	6011      	str	r1, [r2, #0]
10000278:	f834 cf02 	ldrh.w	ip, [r4, #2]!
1000027c:	2300      	movs	r3, #0
1000027e:	ee07 ca90 	vmov	s15, ip
10000282:	eef8 7ae7 	vcvt.f32.s32	s15, s15
10000286:	ee67 7a8a 	vmul.f32	s15, s15, s20
1000028a:	ee87 7aa9 	vdiv.f32	s14, s15, s19
1000028e:	ee37 7a49 	vsub.f32	s14, s14, s18
10000292:	eec7 7a28 	vdiv.f32	s15, s14, s17
10000296:	ee78 7a67 	vsub.f32	s15, s16, s15
1000029a:	6828      	ldr	r0, [r5, #0]
1000029c:	aa01      	add	r2, sp, #4
1000029e:	a902      	add	r1, sp, #8
100002a0:	edcd 7a03 	vstr	s15, [sp, #12]
100002a4:	f8ad c008 	strh.w	ip, [sp, #8]
100002a8:	9601      	str	r6, [sp, #4]
100002aa:	f005 fddd 	bl	10005e68 <xQueueGenericSendFromISR>
100002ae:	9b01      	ldr	r3, [sp, #4]
100002b0:	b15b      	cbz	r3, 100002ca <dma_handler+0x8e>
100002b2:	f04f 23e0 	mov.w	r3, #3758153728	@ 0xe000e000
100002b6:	f04f 5280 	mov.w	r2, #268435456	@ 0x10000000
100002ba:	42a7      	cmp	r7, r4
100002bc:	f8c3 2d04 	str.w	r2, [r3, #3332]	@ 0xd04
100002c0:	d1da      	bne.n	10000278 <dma_handler+0x3c>
100002c2:	b005      	add	sp, #20
100002c4:	ecbd 8b06 	vpop	{d8-d10}
100002c8:	bdf0      	pop	{r4, r5, r6, r7, pc}
100002ca:	42a7      	cmp	r7, r4
100002cc:	d1d4      	bne.n	10000278 <dma_handler+0x3c>
100002ce:	b005      	add	sp, #20
100002d0:	ecbd 8b06 	vpop	{d8-d10}
100002d4:	bdf0      	pop	{r4, r5, r6, r7, pc}
100002d6:	bf00      	nop
100002d8:	40533333 	.word	0x40533333
100002dc:	457ff000 	.word	0x457ff000
100002e0:	3f34bc6a 	.word	0x3f34bc6a
100002e4:	3ae1932d 	.word	0x3ae1932d
100002e8:	20002478 	.word	0x20002478
100002ec:	20002980 	.word	0x20002980
100002f0:	400a3000 	.word	0x400a3000
100002f4:	200023f6 	.word	0x200023f6

100002f8 <vTaskDisparaADC>:
100002f8:	b580      	push	{r7, lr}
100002fa:	4c11      	ldr	r4, [pc, #68]	@ (10000340 <vTaskDisparaADC+0x48>)
100002fc:	4f11      	ldr	r7, [pc, #68]	@ (10000344 <vTaskDisparaADC+0x4c>)
100002fe:	4e12      	ldr	r6, [pc, #72]	@ (10000348 <vTaskDisparaADC+0x50>)
10000300:	4d12      	ldr	r5, [pc, #72]	@ (1000034c <vTaskDisparaADC+0x54>)
10000302:	6823      	ldr	r3, [r4, #0]
10000304:	f483 4380 	eor.w	r3, r3, #16384	@ 0x4000
10000308:	f403 4370 	and.w	r3, r3, #61440	@ 0xf000
1000030c:	6033      	str	r3, [r6, #0]
1000030e:	6823      	ldr	r3, [r4, #0]
10000310:	05da      	lsls	r2, r3, #23
10000312:	d5fc      	bpl.n	1000030e <vTaskDisparaADC+0x16>
10000314:	68a3      	ldr	r3, [r4, #8]
10000316:	05db      	lsls	r3, r3, #23
10000318:	d403      	bmi.n	10000322 <vTaskDisparaADC+0x2a>
1000031a:	68e3      	ldr	r3, [r4, #12]
1000031c:	68a3      	ldr	r3, [r4, #8]
1000031e:	05db      	lsls	r3, r3, #23
10000320:	d5fb      	bpl.n	1000031a <vTaskDisparaADC+0x22>
10000322:	2301      	movs	r3, #1
10000324:	f04f 4ca0 	mov.w	ip, #1342177280	@ 0x50000000
10000328:	2208      	movs	r2, #8
1000032a:	6839      	ldr	r1, [r7, #0]
1000032c:	f241 3088 	movw	r0, #5000	@ 0x1388
10000330:	408b      	lsls	r3, r1
10000332:	f8cc 3450 	str.w	r3, [ip, #1104]	@ 0x450
10000336:	602a      	str	r2, [r5, #0]
10000338:	f006 fb54 	bl	100069e4 <vTaskDelay>
1000033c:	e7e1      	b.n	10000302 <vTaskDisparaADC+0xa>
1000033e:	bf00      	nop
10000340:	400a0000 	.word	0x400a0000
10000344:	20002478 	.word	0x20002478
10000348:	400a1000 	.word	0x400a1000
1000034c:	400a2000 	.word	0x400a2000

10000350 <vTaskMuestraTemp>:
10000350:	b500      	push	{lr}
10000352:	4c0b      	ldr	r4, [pc, #44]	@ (10000380 <vTaskMuestraTemp+0x30>)
10000354:	b085      	sub	sp, #20
10000356:	f04f 32ff 	mov.w	r2, #4294967295	@ 0xffffffff
1000035a:	6820      	ldr	r0, [r4, #0]
1000035c:	a902      	add	r1, sp, #8
1000035e:	f005 fdc7 	bl	10005ef0 <xQueueReceive>
10000362:	2801      	cmp	r0, #1
10000364:	d1f7      	bne.n	10000356 <vTaskMuestraTemp+0x6>
10000366:	9803      	ldr	r0, [sp, #12]
10000368:	f007 fece 	bl	10008108 <____aeabi_f2d_veneer>
1000036c:	460b      	mov	r3, r1
1000036e:	f8bd 1008 	ldrh.w	r1, [sp, #8]
10000372:	4602      	mov	r2, r0
10000374:	9100      	str	r1, [sp, #0]
10000376:	4803      	ldr	r0, [pc, #12]	@ (10000384 <vTaskMuestraTemp+0x34>)
10000378:	f003 f92a 	bl	100035d0 <__wrap_printf>
1000037c:	e7eb      	b.n	10000356 <vTaskMuestraTemp+0x6>
1000037e:	bf00      	nop
10000380:	20002980 	.word	0x20002980
10000384:	100081a0 	.word	0x100081a0

10000388 <main>:
10000388:	b580      	push	{r7, lr}
1000038a:	2702      	movs	r7, #2
1000038c:	2408      	movs	r4, #8
1000038e:	b082      	sub	sp, #8
10000390:	f003 f85a 	bl	10003448 <stdio_init_all>
10000394:	4e31      	ldr	r6, [pc, #196]	@ (1000045c <main+0xd4>)
10000396:	f640 30b8 	movw	r0, #3000	@ 0xbb8
1000039a:	f000 fead 	bl	100010f8 <sleep_ms>
1000039e:	f005 fcc3 	bl	10005d28 <adc_init>
100003a2:	4b2f      	ldr	r3, [pc, #188]	@ (10000460 <main+0xd8>)
100003a4:	6037      	str	r7, [r6, #0]
100003a6:	689b      	ldr	r3, [r3, #8]
100003a8:	4d2e      	ldr	r5, [pc, #184]	@ (10000464 <main+0xdc>)
100003aa:	f083 7380 	eor.w	r3, r3, #16777216	@ 0x1000000
100003ae:	492e      	ldr	r1, [pc, #184]	@ (10000468 <main+0xe0>)
100003b0:	4a2e      	ldr	r2, [pc, #184]	@ (1000046c <main+0xe4>)
100003b2:	f083 0309 	eor.w	r3, r3, #9
100003b6:	402b      	ands	r3, r5
100003b8:	608b      	str	r3, [r1, #8]
100003ba:	2001      	movs	r0, #1
100003bc:	6014      	str	r4, [r2, #0]
100003be:	f005 fccb 	bl	10005d58 <dma_claim_unused_channel>
100003c2:	4603      	mov	r3, r0
100003c4:	2501      	movs	r5, #1
100003c6:	2710      	movs	r7, #16
100003c8:	4a29      	ldr	r2, [pc, #164]	@ (10000470 <main+0xe8>)
100003ca:	f8df 90c8 	ldr.w	r9, [pc, #200]	@ 10000494 <main+0x10c>
100003ce:	ea02 3243 	and.w	r2, r2, r3, lsl #13
100003d2:	f8df e0c4 	ldr.w	lr, [pc, #196]	@ 10000498 <main+0x110>
100003d6:	ea4f 1c83 	mov.w	ip, r3, lsl #6
100003da:	f8df 80c0 	ldr.w	r8, [pc, #192]	@ 1000049c <main+0x114>
100003de:	4e25      	ldr	r6, [pc, #148]	@ (10000474 <main+0xec>)
100003e0:	f442 02c0 	orr.w	r2, r2, #6291456	@ 0x600000
100003e4:	f10c 4ca0 	add.w	ip, ip, #1342177280	@ 0x50000000
100003e8:	f042 0245 	orr.w	r2, r2, #69	@ 0x45
100003ec:	f8c9 3000 	str.w	r3, [r9]
100003f0:	fa05 f303 	lsl.w	r3, r5, r3
100003f4:	f8cc 8000 	str.w	r8, [ip]
100003f8:	200a      	movs	r0, #10
100003fa:	f8cc e004 	str.w	lr, [ip, #4]
100003fe:	491e      	ldr	r1, [pc, #120]	@ (10000478 <main+0xf0>)
10000400:	f8cc 7008 	str.w	r7, [ip, #8]
10000404:	f8cc 2010 	str.w	r2, [ip, #16]
10000408:	f8c6 3404 	str.w	r3, [r6, #1028]	@ 0x404
1000040c:	f000 f95e 	bl	100006cc <irq_set_exclusive_handler>
10000410:	4629      	mov	r1, r5
10000412:	200a      	movs	r0, #10
10000414:	f000 f918 	bl	10000648 <irq_set_enabled>
10000418:	2200      	movs	r2, #0
1000041a:	2040      	movs	r0, #64	@ 0x40
1000041c:	4621      	mov	r1, r4
1000041e:	f005 fce7 	bl	10005df0 <xQueueGenericCreate>
10000422:	4b16      	ldr	r3, [pc, #88]	@ (1000047c <main+0xf4>)
10000424:	6018      	str	r0, [r3, #0]
10000426:	b1a8      	cbz	r0, 10000454 <main+0xcc>
10000428:	2400      	movs	r4, #0
1000042a:	f44f 7280 	mov.w	r2, #256	@ 0x100
1000042e:	4623      	mov	r3, r4
10000430:	4913      	ldr	r1, [pc, #76]	@ (10000480 <main+0xf8>)
10000432:	4814      	ldr	r0, [pc, #80]	@ (10000484 <main+0xfc>)
10000434:	9500      	str	r5, [sp, #0]
10000436:	9401      	str	r4, [sp, #4]
10000438:	f006 f92a 	bl	10006690 <xTaskCreate>
1000043c:	f44f 7280 	mov.w	r2, #256	@ 0x100
10000440:	4623      	mov	r3, r4
10000442:	4911      	ldr	r1, [pc, #68]	@ (10000488 <main+0x100>)
10000444:	e9cd 5400 	strd	r5, r4, [sp]
10000448:	4810      	ldr	r0, [pc, #64]	@ (1000048c <main+0x104>)
1000044a:	f006 f921 	bl	10006690 <xTaskCreate>
1000044e:	f006 f9a1 	bl	10006794 <vTaskStartScheduler>
10000452:	e7fe      	b.n	10000452 <main+0xca>
10000454:	480e      	ldr	r0, [pc, #56]	@ (10000490 <main+0x108>)
10000456:	f003 f83b 	bl	100034d0 <__wrap_puts>
1000045a:	e7fe      	b.n	1000045a <main+0xd2>
1000045c:	400a2000 	.word	0x400a2000
10000460:	400a0000 	.word	0x400a0000
10000464:	0f00000f 	.word	0x0f00000f
10000468:	400a1000 	.word	0x400a1000
1000046c:	400a3000 	.word	0x400a3000
10000470:	fc01fffd 	.word	0xfc01fffd
10000474:	50002000 	.word	0x50002000
10000478:	1000023d 	.word	0x1000023d
1000047c:	20002980 	.word	0x20002980
10000480:	100081dc 	.word	0x100081dc
10000484:	100002f9 	.word	0x100002f9
10000488:	100081e8 	.word	0x100081e8
1000048c:	10000351 	.word	0x10000351
10000490:	100081c4 	.word	0x100081c4
10000494:	20002478 	.word	0x20002478
10000498:	200023f8 	.word	0x200023f8
1000049c:	400a000c 	.word	0x400a000c

100004a0 <panic>:
100004a0:	b40f      	push	{r0, r1, r2, r3}
100004a2:	b500      	push	{lr}
100004a4:	b083      	sub	sp, #12
100004a6:	9c04      	ldr	r4, [sp, #16]
100004a8:	4807      	ldr	r0, [pc, #28]	@ (100004c8 <panic+0x28>)
100004aa:	f003 f811 	bl	100034d0 <__wrap_puts>
100004ae:	b13c      	cbz	r4, 100004c0 <panic+0x20>
100004b0:	a905      	add	r1, sp, #20
100004b2:	4620      	mov	r0, r4
100004b4:	9101      	str	r1, [sp, #4]
100004b6:	f002 fe6b 	bl	10003190 <weak_raw_vprintf>
100004ba:	4804      	ldr	r0, [pc, #16]	@ (100004cc <panic+0x2c>)
100004bc:	f003 f808 	bl	100034d0 <__wrap_puts>
100004c0:	2001      	movs	r0, #1
100004c2:	f002 fe7d 	bl	100031c0 <_exit>
100004c6:	bf00      	nop
100004c8:	100081f4 	.word	0x100081f4
100004cc:	10008204 	.word	0x10008204

100004d0 <hw_claim_or_assert>:
100004d0:	b570      	push	{r4, r5, r6, lr}
100004d2:	4686      	mov	lr, r0
100004d4:	f3ef 8510 	mrs	r5, PRIMASK
100004d8:	b672      	cpsid	i
100004da:	4c12      	ldr	r4, [pc, #72]	@ (10000524 <hw_claim_or_assert+0x54>)
100004dc:	e8d4 6fcf 	ldaexb	r6, [r4]
100004e0:	2001      	movs	r0, #1
100004e2:	2e00      	cmp	r6, #0
100004e4:	d1fa      	bne.n	100004dc <hw_claim_or_assert+0xc>
100004e6:	e8c4 0f46 	strexb	r6, r0, [r4]
100004ea:	2e00      	cmp	r6, #0
100004ec:	d1f6      	bne.n	100004dc <hw_claim_or_assert+0xc>
100004ee:	f3bf 8f5f 	dmb	sy
100004f2:	f04f 0c01 	mov.w	ip, #1
100004f6:	08c8      	lsrs	r0, r1, #3
100004f8:	f001 0307 	and.w	r3, r1, #7
100004fc:	fa0c f303 	lsl.w	r3, ip, r3
10000500:	f81e c000 	ldrb.w	ip, [lr, r0]
10000504:	ea1c 0603 	ands.w	r6, ip, r3
10000508:	d108      	bne.n	1000051c <hw_claim_or_assert+0x4c>
1000050a:	ea4c 0c03 	orr.w	ip, ip, r3
1000050e:	f80e c000 	strb.w	ip, [lr, r0]
10000512:	e8c4 6f8f 	stlb	r6, [r4]
10000516:	f385 8810 	msr	PRIMASK, r5
1000051a:	bd70      	pop	{r4, r5, r6, pc}
1000051c:	4610      	mov	r0, r2
1000051e:	f7ff ffbf 	bl	100004a0 <panic>
10000522:	bf00      	nop
10000524:	20001fef 	.word	0x20001fef

10000528 <hw_claim_unused_from_range>:
10000528:	b5f8      	push	{r3, r4, r5, r6, r7, lr}
1000052a:	f3ef 8710 	mrs	r7, PRIMASK
1000052e:	b672      	cpsid	i
10000530:	4e1c      	ldr	r6, [pc, #112]	@ (100005a4 <hw_claim_unused_from_range+0x7c>)
10000532:	e8d6 5fcf 	ldaexb	r5, [r6]
10000536:	2401      	movs	r4, #1
10000538:	2d00      	cmp	r5, #0
1000053a:	d1fa      	bne.n	10000532 <hw_claim_unused_from_range+0xa>
1000053c:	e8c6 4f45 	strexb	r5, r4, [r6]
10000540:	2d00      	cmp	r5, #0
10000542:	d1f6      	bne.n	10000532 <hw_claim_unused_from_range+0xa>
10000544:	f3bf 8f5f 	dmb	sy
10000548:	429a      	cmp	r2, r3
1000054a:	d81b      	bhi.n	10000584 <hw_claim_unused_from_range+0x5c>
1000054c:	2501      	movs	r5, #1
1000054e:	e002      	b.n	10000556 <hw_claim_unused_from_range+0x2e>
10000550:	3201      	adds	r2, #1
10000552:	4293      	cmp	r3, r2
10000554:	d322      	bcc.n	1000059c <hw_claim_unused_from_range+0x74>
10000556:	08d4      	lsrs	r4, r2, #3
10000558:	f810 e004 	ldrb.w	lr, [r0, r4]
1000055c:	f002 0c07 	and.w	ip, r2, #7
10000560:	fa05 fc0c 	lsl.w	ip, r5, ip
10000564:	ea1e 0f0c 	tst.w	lr, ip
10000568:	d1f2      	bne.n	10000550 <hw_claim_unused_from_range+0x28>
1000056a:	ea4e 0e0c 	orr.w	lr, lr, ip
1000056e:	f800 e004 	strb.w	lr, [r0, r4]
10000572:	4610      	mov	r0, r2
10000574:	2300      	movs	r3, #0
10000576:	e8c6 3f8f 	stlb	r3, [r6]
1000057a:	f387 8810 	msr	PRIMASK, r7
1000057e:	4298      	cmp	r0, r3
10000580:	db07      	blt.n	10000592 <hw_claim_unused_from_range+0x6a>
10000582:	bdf8      	pop	{r3, r4, r5, r6, r7, pc}
10000584:	2300      	movs	r3, #0
10000586:	e8c6 3f8f 	stlb	r3, [r6]
1000058a:	f387 8810 	msr	PRIMASK, r7
1000058e:	f04f 30ff 	mov.w	r0, #4294967295	@ 0xffffffff
10000592:	2900      	cmp	r1, #0
10000594:	d0f5      	beq.n	10000582 <hw_claim_unused_from_range+0x5a>
10000596:	9806      	ldr	r0, [sp, #24]
10000598:	f7ff ff82 	bl	100004a0 <panic>
1000059c:	f04f 30ff 	mov.w	r0, #4294967295	@ 0xffffffff
100005a0:	e7e8      	b.n	10000574 <hw_claim_unused_from_range+0x4c>
100005a2:	bf00      	nop
100005a4:	20001fef 	.word	0x20001fef

100005a8 <next_striped_spin_lock_num>:
100005a8:	4a04      	ldr	r2, [pc, #16]	@ (100005bc <next_striped_spin_lock_num+0x14>)
100005aa:	7810      	ldrb	r0, [r2, #0]
100005ac:	1c43      	adds	r3, r0, #1
100005ae:	b2db      	uxtb	r3, r3
100005b0:	2b18      	cmp	r3, #24
100005b2:	bf28      	it	cs
100005b4:	2310      	movcs	r3, #16
100005b6:	7013      	strb	r3, [r2, #0]
100005b8:	4770      	bx	lr
100005ba:	bf00      	nop
100005bc:	200014f8 	.word	0x200014f8

100005c0 <spin_lock_claim_unused>:
100005c0:	b510      	push	{r4, lr}
100005c2:	4c05      	ldr	r4, [pc, #20]	@ (100005d8 <spin_lock_claim_unused+0x18>)
100005c4:	b082      	sub	sp, #8
100005c6:	4601      	mov	r1, r0
100005c8:	231f      	movs	r3, #31
100005ca:	2218      	movs	r2, #24
100005cc:	9400      	str	r4, [sp, #0]
100005ce:	4803      	ldr	r0, [pc, #12]	@ (100005dc <spin_lock_claim_unused+0x1c>)
100005d0:	f7ff ffaa 	bl	10000528 <hw_claim_unused_from_range>
100005d4:	b002      	add	sp, #8
100005d6:	bd10      	pop	{r4, pc}
100005d8:	10008208 	.word	0x10008208
100005dc:	20002420 	.word	0x20002420

100005e0 <spinlock_set_extexclall>:
100005e0:	f04f 22e0 	mov.w	r2, #3758153728	@ 0xe000e000
100005e4:	6893      	ldr	r3, [r2, #8]
100005e6:	f043 5300 	orr.w	r3, r3, #536870912	@ 0x20000000
100005ea:	6093      	str	r3, [r2, #8]
100005ec:	4770      	bx	lr
100005ee:	bf00      	nop

100005f0 <spin_locks_reset>:
100005f0:	2100      	movs	r1, #0
100005f2:	4b04      	ldr	r3, [pc, #16]	@ (10000604 <spin_locks_reset+0x14>)
100005f4:	f103 0220 	add.w	r2, r3, #32
100005f8:	e8c3 1f8f 	stlb	r1, [r3]
100005fc:	3301      	adds	r3, #1
100005fe:	4293      	cmp	r3, r2
10000600:	d1fa      	bne.n	100005f8 <spin_locks_reset+0x8>
10000602:	4770      	bx	lr
10000604:	20001fe4 	.word	0x20001fe4

10000608 <runtime_init_per_core_irq_priorities>:
10000608:	f04f 23e0 	mov.w	r3, #3758153728	@ 0xe000e000
1000060c:	f04f 3280 	mov.w	r2, #2155905152	@ 0x80808080
10000610:	f8c3 2400 	str.w	r2, [r3, #1024]	@ 0x400
10000614:	f8c3 2404 	str.w	r2, [r3, #1028]	@ 0x404
10000618:	f8c3 2408 	str.w	r2, [r3, #1032]	@ 0x408
1000061c:	f8c3 240c 	str.w	r2, [r3, #1036]	@ 0x40c
10000620:	f8c3 2410 	str.w	r2, [r3, #1040]	@ 0x410
10000624:	f8c3 2414 	str.w	r2, [r3, #1044]	@ 0x414
10000628:	f8c3 2418 	str.w	r2, [r3, #1048]	@ 0x418
1000062c:	f8c3 241c 	str.w	r2, [r3, #1052]	@ 0x41c
10000630:	f8c3 2420 	str.w	r2, [r3, #1056]	@ 0x420
10000634:	f8c3 2424 	str.w	r2, [r3, #1060]	@ 0x424
10000638:	f8c3 2428 	str.w	r2, [r3, #1064]	@ 0x428
1000063c:	f8c3 242c 	str.w	r2, [r3, #1068]	@ 0x42c
10000640:	f8c3 2430 	str.w	r2, [r3, #1072]	@ 0x430
10000644:	4770      	bx	lr
10000646:	bf00      	nop

10000648 <irq_set_enabled>:
10000648:	2301      	movs	r3, #1
1000064a:	f000 021f 	and.w	r2, r0, #31
1000064e:	4093      	lsls	r3, r2
10000650:	0940      	lsrs	r0, r0, #5
10000652:	b141      	cbz	r1, 10000666 <irq_set_enabled+0x1e>
10000654:	0080      	lsls	r0, r0, #2
10000656:	f100 4060 	add.w	r0, r0, #3758096384	@ 0xe0000000
1000065a:	f500 4061 	add.w	r0, r0, #57600	@ 0xe100
1000065e:	f8c0 3180 	str.w	r3, [r0, #384]	@ 0x180
10000662:	6003      	str	r3, [r0, #0]
10000664:	4770      	bx	lr
10000666:	4a02      	ldr	r2, [pc, #8]	@ (10000670 <irq_set_enabled+0x28>)
10000668:	3020      	adds	r0, #32
1000066a:	f842 3020 	str.w	r3, [r2, r0, lsl #2]
1000066e:	4770      	bx	lr
10000670:	e000e100 	.word	0xe000e100

10000674 <irq_is_enabled>:
10000674:	2301      	movs	r3, #1
10000676:	4a06      	ldr	r2, [pc, #24]	@ (10000690 <irq_is_enabled+0x1c>)
10000678:	0941      	lsrs	r1, r0, #5
1000067a:	f852 2021 	ldr.w	r2, [r2, r1, lsl #2]
1000067e:	f000 001f 	and.w	r0, r0, #31
10000682:	fa03 f000 	lsl.w	r0, r3, r0
10000686:	4010      	ands	r0, r2
10000688:	3800      	subs	r0, #0
1000068a:	bf18      	it	ne
1000068c:	2001      	movne	r0, #1
1000068e:	4770      	bx	lr
10000690:	e000e100 	.word	0xe000e100

10000694 <irq_set_pending>:
10000694:	2201      	movs	r2, #1
10000696:	0943      	lsrs	r3, r0, #5
10000698:	4903      	ldr	r1, [pc, #12]	@ (100006a8 <irq_set_pending+0x14>)
1000069a:	f000 001f 	and.w	r0, r0, #31
1000069e:	4082      	lsls	r2, r0
100006a0:	3340      	adds	r3, #64	@ 0x40
100006a2:	f841 2023 	str.w	r2, [r1, r3, lsl #2]
100006a6:	4770      	bx	lr
100006a8:	e000e100 	.word	0xe000e100

100006ac <irq_has_shared_handler>:
100006ac:	4a05      	ldr	r2, [pc, #20]	@ (100006c4 <irq_has_shared_handler+0x18>)
100006ae:	3010      	adds	r0, #16
100006b0:	6892      	ldr	r2, [r2, #8]
100006b2:	4b05      	ldr	r3, [pc, #20]	@ (100006c8 <irq_has_shared_handler+0x1c>)
100006b4:	f852 0020 	ldr.w	r0, [r2, r0, lsl #2]
100006b8:	1ac0      	subs	r0, r0, r3
100006ba:	282f      	cmp	r0, #47	@ 0x2f
100006bc:	bf8c      	ite	hi
100006be:	2000      	movhi	r0, #0
100006c0:	2001      	movls	r0, #1
100006c2:	4770      	bx	lr
100006c4:	e000ed00 	.word	0xe000ed00
100006c8:	200014fc 	.word	0x200014fc

100006cc <irq_set_exclusive_handler>:
100006cc:	b5f8      	push	{r3, r4, r5, r6, r7, lr}
100006ce:	460d      	mov	r5, r1
100006d0:	f3ef 8710 	mrs	r7, PRIMASK
100006d4:	b672      	cpsid	i
100006d6:	4e12      	ldr	r6, [pc, #72]	@ (10000720 <irq_set_exclusive_handler+0x54>)
100006d8:	e8d6 2fcf 	ldaexb	r2, [r6]
100006dc:	2301      	movs	r3, #1
100006de:	2a00      	cmp	r2, #0
100006e0:	d1fa      	bne.n	100006d8 <irq_set_exclusive_handler+0xc>
100006e2:	e8c6 3f42 	strexb	r2, r3, [r6]
100006e6:	2a00      	cmp	r2, #0
100006e8:	d1f6      	bne.n	100006d8 <irq_set_exclusive_handler+0xc>
100006ea:	f3bf 8f5f 	dmb	sy
100006ee:	4b0d      	ldr	r3, [pc, #52]	@ (10000724 <irq_set_exclusive_handler+0x58>)
100006f0:	f100 0410 	add.w	r4, r0, #16
100006f4:	689b      	ldr	r3, [r3, #8]
100006f6:	4a0c      	ldr	r2, [pc, #48]	@ (10000728 <irq_set_exclusive_handler+0x5c>)
100006f8:	f853 3024 	ldr.w	r3, [r3, r4, lsl #2]
100006fc:	4293      	cmp	r3, r2
100006fe:	d003      	beq.n	10000708 <irq_set_exclusive_handler+0x3c>
10000700:	4299      	cmp	r1, r3
10000702:	d001      	beq.n	10000708 <irq_set_exclusive_handler+0x3c>
10000704:	f000 ff78 	bl	100015f8 <hard_assertion_failure>
10000708:	4b06      	ldr	r3, [pc, #24]	@ (10000724 <irq_set_exclusive_handler+0x58>)
1000070a:	689b      	ldr	r3, [r3, #8]
1000070c:	f843 5024 	str.w	r5, [r3, r4, lsl #2]
10000710:	f3bf 8f5f 	dmb	sy
10000714:	2300      	movs	r3, #0
10000716:	e8c6 3f8f 	stlb	r3, [r6]
1000071a:	f387 8810 	msr	PRIMASK, r7
1000071e:	bdf8      	pop	{r3, r4, r5, r6, r7, pc}
10000720:	20001fed 	.word	0x20001fed
10000724:	e000ed00 	.word	0xe000ed00
10000728:	1000011d 	.word	0x1000011d

1000072c <irq_add_shared_handler>:
1000072c:	e92d 4ff0 	stmdb	sp!, {r4, r5, r6, r7, r8, r9, sl, fp, lr}
10000730:	4681      	mov	r9, r0
10000732:	468b      	mov	fp, r1
10000734:	4616      	mov	r6, r2
10000736:	b083      	sub	sp, #12
10000738:	f3ef 8310 	mrs	r3, PRIMASK
1000073c:	b672      	cpsid	i
1000073e:	f8df a1d0 	ldr.w	sl, [pc, #464]	@ 10000910 <irq_add_shared_handler+0x1e4>
10000742:	9300      	str	r3, [sp, #0]
10000744:	e8da 1fcf 	ldaexb	r1, [sl]
10000748:	2301      	movs	r3, #1
1000074a:	2900      	cmp	r1, #0
1000074c:	d1fa      	bne.n	10000744 <irq_add_shared_handler+0x18>
1000074e:	e8ca 3f41 	strexb	r1, r3, [sl]
10000752:	2900      	cmp	r1, #0
10000754:	d1f6      	bne.n	10000744 <irq_add_shared_handler+0x18>
10000756:	f3bf 8f5f 	dmb	sy
1000075a:	4b66      	ldr	r3, [pc, #408]	@ (100008f4 <irq_add_shared_handler+0x1c8>)
1000075c:	f993 4000 	ldrsb.w	r4, [r3]
10000760:	2c00      	cmp	r4, #0
10000762:	f2c0 80a0 	blt.w	100008a6 <irq_add_shared_handler+0x17a>
10000766:	4d64      	ldr	r5, [pc, #400]	@ (100008f8 <irq_add_shared_handler+0x1cc>)
10000768:	eb04 0744 	add.w	r7, r4, r4, lsl #1
1000076c:	eb05 0887 	add.w	r8, r5, r7, lsl #2
10000770:	f898 1006 	ldrb.w	r1, [r8, #6]
10000774:	f109 0910 	add.w	r9, r9, #16
10000778:	7019      	strb	r1, [r3, #0]
1000077a:	4b60      	ldr	r3, [pc, #384]	@ (100008fc <irq_add_shared_handler+0x1d0>)
1000077c:	00bf      	lsls	r7, r7, #2
1000077e:	689b      	ldr	r3, [r3, #8]
10000780:	f853 0029 	ldr.w	r0, [r3, r9, lsl #2]
10000784:	0063      	lsls	r3, r4, #1
10000786:	1b41      	subs	r1, r0, r5
10000788:	292f      	cmp	r1, #47	@ 0x2f
1000078a:	d92f      	bls.n	100007ec <irq_add_shared_handler+0xc0>
1000078c:	495c      	ldr	r1, [pc, #368]	@ (10000900 <irq_add_shared_handler+0x1d4>)
1000078e:	4288      	cmp	r0, r1
10000790:	f040 80a4 	bne.w	100008dc <irq_add_shared_handler+0x1b0>
10000794:	441c      	add	r4, r3
10000796:	4b5b      	ldr	r3, [pc, #364]	@ (10000904 <irq_add_shared_handler+0x1d8>)
10000798:	3702      	adds	r7, #2
1000079a:	442f      	add	r7, r5
1000079c:	3b04      	subs	r3, #4
1000079e:	1bdb      	subs	r3, r3, r7
100007a0:	f3c3 034a 	ubfx	r3, r3, #1, #11
100007a4:	ea6f 43c3 	mvn.w	r3, r3, lsl #19
100007a8:	f44f 4121 	mov.w	r1, #41216	@ 0xa100
100007ac:	ea6f 43d3 	mvn.w	r3, r3, lsr #19
100007b0:	f825 1024 	strh.w	r1, [r5, r4, lsl #2]
100007b4:	eb05 0484 	add.w	r4, r5, r4, lsl #2
100007b8:	8063      	strh	r3, [r4, #2]
100007ba:	f64b 5301 	movw	r3, #48385	@ 0xbd01
100007be:	80a3      	strh	r3, [r4, #4]
100007c0:	23ff      	movs	r3, #255	@ 0xff
100007c2:	f048 0001 	orr.w	r0, r8, #1
100007c6:	71e6      	strb	r6, [r4, #7]
100007c8:	f8c4 b008 	str.w	fp, [r4, #8]
100007cc:	71a3      	strb	r3, [r4, #6]
100007ce:	4b4b      	ldr	r3, [pc, #300]	@ (100008fc <irq_add_shared_handler+0x1d0>)
100007d0:	689b      	ldr	r3, [r3, #8]
100007d2:	f843 0029 	str.w	r0, [r3, r9, lsl #2]
100007d6:	f3bf 8f5f 	dmb	sy
100007da:	2300      	movs	r3, #0
100007dc:	e8ca 3f8f 	stlb	r3, [sl]
100007e0:	9b00      	ldr	r3, [sp, #0]
100007e2:	f383 8810 	msr	PRIMASK, r3
100007e6:	b003      	add	sp, #12
100007e8:	e8bd 8ff0 	ldmia.w	sp!, {r4, r5, r6, r7, r8, r9, sl, fp, pc}
100007ec:	f020 0e01 	bic.w	lr, r0, #1
100007f0:	f89e 1007 	ldrb.w	r1, [lr, #7]
100007f4:	42b1      	cmp	r1, r6
100007f6:	d82e      	bhi.n	10000856 <irq_add_shared_handler+0x12a>
100007f8:	f44f 4321 	mov.w	r3, #41216	@ 0xa100
100007fc:	53eb      	strh	r3, [r5, r7]
100007fe:	4b41      	ldr	r3, [pc, #260]	@ (10000904 <irq_add_shared_handler+0x1d8>)
10000800:	1cb9      	adds	r1, r7, #2
10000802:	4429      	add	r1, r5
10000804:	3b04      	subs	r3, #4
10000806:	3704      	adds	r7, #4
10000808:	1a5b      	subs	r3, r3, r1
1000080a:	442f      	add	r7, r5
1000080c:	f1ae 0104 	sub.w	r1, lr, #4
10000810:	1bc9      	subs	r1, r1, r7
10000812:	f3c1 044a 	ubfx	r4, r1, #1, #11
10000816:	493c      	ldr	r1, [pc, #240]	@ (10000908 <irq_add_shared_handler+0x1dc>)
10000818:	f3c3 034a 	ubfx	r3, r3, #1, #11
1000081c:	430b      	orrs	r3, r1
1000081e:	4321      	orrs	r1, r4
10000820:	f8a8 1004 	strh.w	r1, [r8, #4]
10000824:	4939      	ldr	r1, [pc, #228]	@ (1000090c <irq_add_shared_handler+0x1e0>)
10000826:	f8a8 3002 	strh.w	r3, [r8, #2]
1000082a:	f64a 20aa 	movw	r0, #43690	@ 0xaaaa
1000082e:	4673      	mov	r3, lr
10000830:	1b5b      	subs	r3, r3, r5
10000832:	415b      	adcs	r3, r3
10000834:	4358      	muls	r0, r3
10000836:	0d00      	lsrs	r0, r0, #20
10000838:	f888 6007 	strb.w	r6, [r8, #7]
1000083c:	f888 0006 	strb.w	r0, [r8, #6]
10000840:	f8c8 b008 	str.w	fp, [r8, #8]
10000844:	f048 0001 	orr.w	r0, r8, #1
10000848:	f8ce 1000 	str.w	r1, [lr]
1000084c:	e7bf      	b.n	100007ce <irq_add_shared_handler+0xa2>
1000084e:	79d1      	ldrb	r1, [r2, #7]
10000850:	42b1      	cmp	r1, r6
10000852:	d92e      	bls.n	100008b2 <irq_add_shared_handler+0x186>
10000854:	4696      	mov	lr, r2
10000856:	f99e c006 	ldrsb.w	ip, [lr, #6]
1000085a:	eb0c 024c 	add.w	r2, ip, ip, lsl #1
1000085e:	f1bc 0f00 	cmp.w	ip, #0
10000862:	eb05 0282 	add.w	r2, r5, r2, lsl #2
10000866:	daf2      	bge.n	1000084e <irq_add_shared_handler+0x122>
10000868:	f64b 5101 	movw	r1, #48385	@ 0xbd01
1000086c:	f10e 0204 	add.w	r2, lr, #4
10000870:	f1a8 0704 	sub.w	r7, r8, #4
10000874:	1abf      	subs	r7, r7, r2
10000876:	f3c7 074a 	ubfx	r7, r7, #1, #11
1000087a:	ea6f 47c7 	mvn.w	r7, r7, lsl #19
1000087e:	ea6f 47d7 	mvn.w	r7, r7, lsr #19
10000882:	f88e 4006 	strb.w	r4, [lr, #6]
10000886:	eb03 0804 	add.w	r8, r3, r4
1000088a:	4c20      	ldr	r4, [pc, #128]	@ (1000090c <irq_add_shared_handler+0x1e0>)
1000088c:	eb05 0388 	add.w	r3, r5, r8, lsl #2
10000890:	f8ae 7004 	strh.w	r7, [lr, #4]
10000894:	f845 4028 	str.w	r4, [r5, r8, lsl #2]
10000898:	8099      	strh	r1, [r3, #4]
1000089a:	f883 c006 	strb.w	ip, [r3, #6]
1000089e:	71de      	strb	r6, [r3, #7]
100008a0:	f8c3 b008 	str.w	fp, [r3, #8]
100008a4:	e793      	b.n	100007ce <irq_add_shared_handler+0xa2>
100008a6:	f000 fea7 	bl	100015f8 <hard_assertion_failure>
100008aa:	4b12      	ldr	r3, [pc, #72]	@ (100008f4 <irq_add_shared_handler+0x1c8>)
100008ac:	f993 4000 	ldrsb.w	r4, [r3]
100008b0:	e759      	b.n	10000766 <irq_add_shared_handler+0x3a>
100008b2:	4672      	mov	r2, lr
100008b4:	f832 1f04 	ldrh.w	r1, [r2, #4]!
100008b8:	0549      	lsls	r1, r1, #21
100008ba:	d414      	bmi.n	100008e6 <irq_add_shared_handler+0x1ba>
100008bc:	1549      	asrs	r1, r1, #21
100008be:	3102      	adds	r1, #2
100008c0:	eb02 0141 	add.w	r1, r2, r1, lsl #1
100008c4:	9101      	str	r1, [sp, #4]
100008c6:	f06f 0107 	mvn.w	r1, #7
100008ca:	1bc9      	subs	r1, r1, r7
100008cc:	9f01      	ldr	r7, [sp, #4]
100008ce:	1b49      	subs	r1, r1, r5
100008d0:	4439      	add	r1, r7
100008d2:	f3c1 014a 	ubfx	r1, r1, #1, #11
100008d6:	f441 4160 	orr.w	r1, r1, #57344	@ 0xe000
100008da:	e7c9      	b.n	10000870 <irq_add_shared_handler+0x144>
100008dc:	9301      	str	r3, [sp, #4]
100008de:	f000 fe8b 	bl	100015f8 <hard_assertion_failure>
100008e2:	9b01      	ldr	r3, [sp, #4]
100008e4:	e756      	b.n	10000794 <irq_add_shared_handler+0x68>
100008e6:	f501 11ff 	add.w	r1, r1, #2088960	@ 0x1fe000
100008ea:	f501 51ff 	add.w	r1, r1, #8160	@ 0x1fe0
100008ee:	311f      	adds	r1, #31
100008f0:	e7e4      	b.n	100008bc <irq_add_shared_handler+0x190>
100008f2:	bf00      	nop
100008f4:	20002a6d 	.word	0x20002a6d
100008f8:	200014fc 	.word	0x200014fc
100008fc:	e000ed00 	.word	0xe000ed00
10000900:	1000011d 	.word	0x1000011d
10000904:	2000152c 	.word	0x2000152c
10000908:	ffffe000 	.word	0xffffe000
1000090c:	47804801 	.word	0x47804801
10000910:	20001fed 	.word	0x20001fed

10000914 <irq_add_tail_to_free_list>:
10000914:	b5f0      	push	{r4, r5, r6, r7, lr}
10000916:	f3ef 8505 	mrs	r5, IPSR
1000091a:	b2ed      	uxtb	r5, r5
1000091c:	f3ef 8c10 	mrs	ip, PRIMASK
10000920:	b672      	cpsid	i
10000922:	4926      	ldr	r1, [pc, #152]	@ (100009bc <irq_add_tail_to_free_list+0xa8>)
10000924:	e8d1 2fcf 	ldaexb	r2, [r1]
10000928:	2301      	movs	r3, #1
1000092a:	2a00      	cmp	r2, #0
1000092c:	d1fa      	bne.n	10000924 <irq_add_tail_to_free_list+0x10>
1000092e:	e8c1 3f42 	strexb	r2, r3, [r1]
10000932:	2a00      	cmp	r2, #0
10000934:	d1f6      	bne.n	10000924 <irq_add_tail_to_free_list+0x10>
10000936:	f3bf 8f5f 	dmb	sy
1000093a:	4e21      	ldr	r6, [pc, #132]	@ (100009c0 <irq_add_tail_to_free_list+0xac>)
1000093c:	f040 0e01 	orr.w	lr, r0, #1
10000940:	68b4      	ldr	r4, [r6, #8]
10000942:	f64a 23aa 	movw	r3, #43690	@ 0xaaaa
10000946:	f854 7025 	ldr.w	r7, [r4, r5, lsl #2]
1000094a:	4a1e      	ldr	r2, [pc, #120]	@ (100009c4 <irq_add_tail_to_free_list+0xb0>)
1000094c:	4604      	mov	r4, r0
1000094e:	1aa4      	subs	r4, r4, r2
10000950:	4164      	adcs	r4, r4
10000952:	4363      	muls	r3, r4
10000954:	0d1b      	lsrs	r3, r3, #20
10000956:	4577      	cmp	r7, lr
10000958:	b25b      	sxtb	r3, r3
1000095a:	d01b      	beq.n	10000994 <irq_add_tail_to_free_list+0x80>
1000095c:	f992 4006 	ldrsb.w	r4, [r2, #6]
10000960:	429c      	cmp	r4, r3
10000962:	d01c      	beq.n	1000099e <irq_add_tail_to_free_list+0x8a>
10000964:	f992 4012 	ldrsb.w	r4, [r2, #18]
10000968:	429c      	cmp	r4, r3
1000096a:	d023      	beq.n	100009b4 <irq_add_tail_to_free_list+0xa0>
1000096c:	f992 401e 	ldrsb.w	r4, [r2, #30]
10000970:	429c      	cmp	r4, r3
10000972:	d021      	beq.n	100009b8 <irq_add_tail_to_free_list+0xa4>
10000974:	f992 402a 	ldrsb.w	r4, [r2, #42]	@ 0x2a
10000978:	429c      	cmp	r4, r3
1000097a:	bf08      	it	eq
1000097c:	2403      	moveq	r4, #3
1000097e:	d00f      	beq.n	100009a0 <irq_add_tail_to_free_list+0x8c>
10000980:	4a11      	ldr	r2, [pc, #68]	@ (100009c8 <irq_add_tail_to_free_list+0xb4>)
10000982:	2400      	movs	r4, #0
10000984:	7815      	ldrb	r5, [r2, #0]
10000986:	7013      	strb	r3, [r2, #0]
10000988:	7185      	strb	r5, [r0, #6]
1000098a:	e8c1 4f8f 	stlb	r4, [r1]
1000098e:	f38c 8810 	msr	PRIMASK, ip
10000992:	bdf0      	pop	{r4, r5, r6, r7, pc}
10000994:	68b2      	ldr	r2, [r6, #8]
10000996:	4c0d      	ldr	r4, [pc, #52]	@ (100009cc <irq_add_tail_to_free_list+0xb8>)
10000998:	f842 4025 	str.w	r4, [r2, r5, lsl #2]
1000099c:	e7f0      	b.n	10000980 <irq_add_tail_to_free_list+0x6c>
1000099e:	2400      	movs	r4, #0
100009a0:	eb04 0444 	add.w	r4, r4, r4, lsl #1
100009a4:	eb02 0284 	add.w	r2, r2, r4, lsl #2
100009a8:	24ff      	movs	r4, #255	@ 0xff
100009aa:	7194      	strb	r4, [r2, #6]
100009ac:	f64b 5401 	movw	r4, #48385	@ 0xbd01
100009b0:	8094      	strh	r4, [r2, #4]
100009b2:	e7e5      	b.n	10000980 <irq_add_tail_to_free_list+0x6c>
100009b4:	2401      	movs	r4, #1
100009b6:	e7f3      	b.n	100009a0 <irq_add_tail_to_free_list+0x8c>
100009b8:	2402      	movs	r4, #2
100009ba:	e7f1      	b.n	100009a0 <irq_add_tail_to_free_list+0x8c>
100009bc:	20001fed 	.word	0x20001fed
100009c0:	e000ed00 	.word	0xe000ed00
100009c4:	200014fc 	.word	0x200014fc
100009c8:	20002a6d 	.word	0x20002a6d
100009cc:	1000011d 	.word	0x1000011d

100009d0 <user_irq_claim_unused>:
100009d0:	b510      	push	{r4, lr}
100009d2:	4c07      	ldr	r4, [pc, #28]	@ (100009f0 <user_irq_claim_unused+0x20>)
100009d4:	b082      	sub	sp, #8
100009d6:	4601      	mov	r1, r0
100009d8:	2305      	movs	r3, #5
100009da:	2200      	movs	r2, #0
100009dc:	9400      	str	r4, [sp, #0]
100009de:	4805      	ldr	r0, [pc, #20]	@ (100009f4 <user_irq_claim_unused+0x24>)
100009e0:	f7ff fda2 	bl	10000528 <hw_claim_unused_from_range>
100009e4:	2800      	cmp	r0, #0
100009e6:	bfa8      	it	ge
100009e8:	f1c0 0033 	rsbge	r0, r0, #51	@ 0x33
100009ec:	b002      	add	sp, #8
100009ee:	bd10      	pop	{r4, pc}
100009f0:	10008224 	.word	0x10008224
100009f4:	20002a71 	.word	0x20002a71

100009f8 <lock_init>:
100009f8:	4b01      	ldr	r3, [pc, #4]	@ (10000a00 <lock_init+0x8>)
100009fa:	440b      	add	r3, r1
100009fc:	6003      	str	r3, [r0, #0]
100009fe:	4770      	bx	lr
10000a00:	20001fe4 	.word	0x20001fe4

10000a04 <runtime_init_mutex>:
10000a04:	b570      	push	{r4, r5, r6, lr}
10000a06:	4c10      	ldr	r4, [pc, #64]	@ (10000a48 <runtime_init_mutex+0x44>)
10000a08:	4d10      	ldr	r5, [pc, #64]	@ (10000a4c <runtime_init_mutex+0x48>)
10000a0a:	42ac      	cmp	r4, r5
10000a0c:	d20e      	bcs.n	10000a2c <runtime_init_mutex+0x28>
10000a0e:	26ff      	movs	r6, #255	@ 0xff
10000a10:	6823      	ldr	r3, [r4, #0]
10000a12:	b163      	cbz	r3, 10000a2e <runtime_init_mutex+0x2a>
10000a14:	f7ff fdc8 	bl	100005a8 <next_striped_spin_lock_num>
10000a18:	4601      	mov	r1, r0
10000a1a:	4620      	mov	r0, r4
10000a1c:	f7ff ffec 	bl	100009f8 <lock_init>
10000a20:	80a6      	strh	r6, [r4, #4]
10000a22:	f3bf 8f5f 	dmb	sy
10000a26:	3408      	adds	r4, #8
10000a28:	42ac      	cmp	r4, r5
10000a2a:	d3f1      	bcc.n	10000a10 <runtime_init_mutex+0xc>
10000a2c:	bd70      	pop	{r4, r5, r6, pc}
10000a2e:	f7ff fdbb 	bl	100005a8 <next_striped_spin_lock_num>
10000a32:	4601      	mov	r1, r0
10000a34:	4620      	mov	r0, r4
10000a36:	f7ff ffdf 	bl	100009f8 <lock_init>
10000a3a:	7126      	strb	r6, [r4, #4]
10000a3c:	f3bf 8f5f 	dmb	sy
10000a40:	3408      	adds	r4, #8
10000a42:	42ac      	cmp	r4, r5
10000a44:	d3e4      	bcc.n	10000a10 <runtime_init_mutex+0xc>
10000a46:	bd70      	pop	{r4, r5, r6, pc}
10000a48:	20001af0 	.word	0x20001af0
10000a4c:	20001af8 	.word	0x20001af8

10000a50 <mutex_init>:
10000a50:	b510      	push	{r4, lr}
10000a52:	4604      	mov	r4, r0
10000a54:	f7ff fda8 	bl	100005a8 <next_striped_spin_lock_num>
10000a58:	4601      	mov	r1, r0
10000a5a:	4620      	mov	r0, r4
10000a5c:	f7ff ffcc 	bl	100009f8 <lock_init>
10000a60:	23ff      	movs	r3, #255	@ 0xff
10000a62:	7123      	strb	r3, [r4, #4]
10000a64:	f3bf 8f5f 	dmb	sy
10000a68:	bd10      	pop	{r4, pc}
10000a6a:	bf00      	nop

10000a6c <critical_section_init>:
10000a6c:	b510      	push	{r4, lr}
10000a6e:	4604      	mov	r4, r0
10000a70:	2001      	movs	r0, #1
10000a72:	f7ff fda5 	bl	100005c0 <spin_lock_claim_unused>
10000a76:	4b03      	ldr	r3, [pc, #12]	@ (10000a84 <critical_section_init+0x18>)
10000a78:	4403      	add	r3, r0
10000a7a:	6023      	str	r3, [r4, #0]
10000a7c:	f3bf 8f5f 	dmb	sy
10000a80:	bd10      	pop	{r4, pc}
10000a82:	bf00      	nop
10000a84:	20001fe4 	.word	0x20001fe4

10000a88 <critical_section_init_with_lock_num>:
10000a88:	4b02      	ldr	r3, [pc, #8]	@ (10000a94 <critical_section_init_with_lock_num+0xc>)
10000a8a:	440b      	add	r3, r1
10000a8c:	6003      	str	r3, [r0, #0]
10000a8e:	f3bf 8f5f 	dmb	sy
10000a92:	4770      	bx	lr
10000a94:	20001fe4 	.word	0x20001fe4

10000a98 <sleep_until_callback>:
10000a98:	4b0d      	ldr	r3, [pc, #52]	@ (10000ad0 <sleep_until_callback+0x38>)
10000a9a:	681a      	ldr	r2, [r3, #0]
10000a9c:	f3ef 8110 	mrs	r1, PRIMASK
10000aa0:	b672      	cpsid	i
10000aa2:	e8d2 cfcf 	ldaexb	ip, [r2]
10000aa6:	2001      	movs	r0, #1
10000aa8:	f1bc 0f00 	cmp.w	ip, #0
10000aac:	d1f9      	bne.n	10000aa2 <sleep_until_callback+0xa>
10000aae:	e8c2 0f4c 	strexb	ip, r0, [r2]
10000ab2:	f1bc 0f00 	cmp.w	ip, #0
10000ab6:	d1f4      	bne.n	10000aa2 <sleep_until_callback+0xa>
10000ab8:	f3bf 8f5f 	dmb	sy
10000abc:	2200      	movs	r2, #0
10000abe:	681b      	ldr	r3, [r3, #0]
10000ac0:	e8c3 2f8f 	stlb	r2, [r3]
10000ac4:	f381 8810 	msr	PRIMASK, r1
10000ac8:	bf40      	sev
10000aca:	2000      	movs	r0, #0
10000acc:	2100      	movs	r1, #0
10000ace:	4770      	bx	lr
10000ad0:	20002974 	.word	0x20002974
10000ad4:	00000000 	.word	0x00000000

10000ad8 <alarm_pool_irq_handler>:
10000ad8:	e92d 4ff0 	stmdb	sp!, {r4, r5, r6, r7, r8, r9, sl, fp, lr}
10000adc:	ed2d 8b02 	vpush	{d8}
10000ae0:	b085      	sub	sp, #20
10000ae2:	f3ef 8305 	mrs	r3, IPSR
10000ae6:	b2db      	uxtb	r3, r3
10000ae8:	3b10      	subs	r3, #16
10000aea:	089a      	lsrs	r2, r3, #2
10000aec:	bf18      	it	ne
10000aee:	2201      	movne	r2, #1
10000af0:	f04f 0101 	mov.w	r1, #1
10000af4:	f003 0b03 	and.w	fp, r3, #3
10000af8:	bf18      	it	ne
10000afa:	4daf      	ldrne	r5, [pc, #700]	@ (10000db8 <alarm_pool_irq_handler+0x2e0>)
10000afc:	4baf      	ldr	r3, [pc, #700]	@ (10000dbc <alarm_pool_irq_handler+0x2e4>)
10000afe:	bf08      	it	eq
10000b00:	4daf      	ldreq	r5, [pc, #700]	@ (10000dc0 <alarm_pool_irq_handler+0x2e8>)
10000b02:	eb0b 0282 	add.w	r2, fp, r2, lsl #2
10000b06:	f853 6022 	ldr.w	r6, [r3, r2, lsl #2]
10000b0a:	fa01 f20b 	lsl.w	r2, r1, fp
10000b0e:	f505 5341 	add.w	r3, r5, #12352	@ 0x3040
10000b12:	ed9f 8ba7 	vldr	d8, [pc, #668]	@ 10000db0 <alarm_pool_irq_handler+0x2d8>
10000b16:	9201      	str	r2, [sp, #4]
10000b18:	605a      	str	r2, [r3, #4]
10000b1a:	e02f      	b.n	10000b7c <alarm_pool_irq_handler+0xa4>
10000b1c:	88b3      	ldrh	r3, [r6, #4]
10000b1e:	041c      	lsls	r4, r3, #16
10000b20:	f140 8093 	bpl.w	10000c4a <alarm_pool_irq_handler+0x172>
10000b24:	79b3      	ldrb	r3, [r6, #6]
10000b26:	2b00      	cmp	r3, #0
10000b28:	f040 80dd 	bne.w	10000ce6 <alarm_pool_irq_handler+0x20e>
10000b2c:	f9b6 2008 	ldrsh.w	r2, [r6, #8]
10000b30:	2a00      	cmp	r2, #0
10000b32:	f2c0 811e 	blt.w	10000d72 <alarm_pool_irq_handler+0x29a>
10000b36:	6973      	ldr	r3, [r6, #20]
10000b38:	eb02 0242 	add.w	r2, r2, r2, lsl #1
10000b3c:	eb03 03c2 	add.w	r3, r3, r2, lsl #3
10000b40:	e9d3 4702 	ldrd	r4, r7, [r3, #8]
10000b44:	f1b7 3fff 	cmp.w	r7, #4294967295	@ 0xffffffff
10000b48:	bf08      	it	eq
10000b4a:	f1b4 3fff 	cmpeq.w	r4, #4294967295	@ 0xffffffff
10000b4e:	d00e      	beq.n	10000b6e <alarm_pool_irq_handler+0x96>
10000b50:	eb05 018b 	add.w	r1, r5, fp, lsl #2
10000b54:	6aab      	ldr	r3, [r5, #40]	@ 0x28
10000b56:	690a      	ldr	r2, [r1, #16]
10000b58:	1ad2      	subs	r2, r2, r3
10000b5a:	1ae3      	subs	r3, r4, r3
10000b5c:	4293      	cmp	r3, r2
10000b5e:	d305      	bcc.n	10000b6c <alarm_pool_irq_handler+0x94>
10000b60:	2301      	movs	r3, #1
10000b62:	6a2a      	ldr	r2, [r5, #32]
10000b64:	fa03 f30b 	lsl.w	r3, r3, fp
10000b68:	4213      	tst	r3, r2
10000b6a:	d100      	bne.n	10000b6e <alarm_pool_irq_handler+0x96>
10000b6c:	610c      	str	r4, [r1, #16]
10000b6e:	4628      	mov	r0, r5
10000b70:	f000 fbac 	bl	100012cc <timer_time_us_64>
10000b74:	42a0      	cmp	r0, r4
10000b76:	41b9      	sbcs	r1, r7
10000b78:	f2c0 80fb 	blt.w	10000d72 <alarm_pool_irq_handler+0x29a>
10000b7c:	f9b6 3008 	ldrsh.w	r3, [r6, #8]
10000b80:	9a01      	ldr	r2, [sp, #4]
10000b82:	2b00      	cmp	r3, #0
10000b84:	9300      	str	r3, [sp, #0]
10000b86:	63ea      	str	r2, [r5, #60]	@ 0x3c
10000b88:	dbc8      	blt.n	10000b1c <alarm_pool_irq_handler+0x44>
10000b8a:	f8d6 8014 	ldr.w	r8, [r6, #20]
10000b8e:	eb03 0943 	add.w	r9, r3, r3, lsl #1
10000b92:	4628      	mov	r0, r5
10000b94:	eb08 07c9 	add.w	r7, r8, r9, lsl #3
10000b98:	e9d7 4a02 	ldrd	r4, sl, [r7, #8]
10000b9c:	f000 fb96 	bl	100012cc <timer_time_us_64>
10000ba0:	42a0      	cmp	r0, r4
10000ba2:	eb71 010a 	sbcs.w	r1, r1, sl
10000ba6:	dbb9      	blt.n	10000b1c <alarm_pool_irq_handler+0x44>
10000ba8:	f1ba 0f00 	cmp.w	sl, #0
10000bac:	f2c0 80c3 	blt.w	10000d36 <alarm_pool_irq_handler+0x25e>
10000bb0:	e9d7 3104 	ldrd	r3, r1, [r7, #16]
10000bb4:	4a83      	ldr	r2, [pc, #524]	@ (10000dc4 <alarm_pool_irq_handler+0x2ec>)
10000bb6:	4293      	cmp	r3, r2
10000bb8:	f000 80ed 	beq.w	10000d96 <alarm_pool_irq_handler+0x2be>
10000bbc:	887a      	ldrh	r2, [r7, #2]
10000bbe:	f9b6 0008 	ldrsh.w	r0, [r6, #8]
10000bc2:	b292      	uxth	r2, r2
10000bc4:	ea42 4000 	orr.w	r0, r2, r0, lsl #16
10000bc8:	4798      	blx	r3
10000bca:	4602      	mov	r2, r0
10000bcc:	460b      	mov	r3, r1
10000bce:	ea52 0103 	orrs.w	r1, r2, r3
10000bd2:	f000 80b0 	beq.w	10000d36 <alarm_pool_irq_handler+0x25e>
10000bd6:	2b00      	cmp	r3, #0
10000bd8:	f280 80d1 	bge.w	10000d7e <alarm_pool_irq_handler+0x2a6>
10000bdc:	ebb4 0e02 	subs.w	lr, r4, r2
10000be0:	eb6a 0a03 	sbc.w	sl, sl, r3
10000be4:	f938 3039 	ldrsh.w	r3, [r8, r9, lsl #3]
10000be8:	e9c7 ea02 	strd	lr, sl, [r7, #8]
10000bec:	2b00      	cmp	r3, #0
10000bee:	db95      	blt.n	10000b1c <alarm_pool_irq_handler+0x44>
10000bf0:	6971      	ldr	r1, [r6, #20]
10000bf2:	eb03 0243 	add.w	r2, r3, r3, lsl #1
10000bf6:	eb01 02c2 	add.w	r2, r1, r2, lsl #3
10000bfa:	e9d2 7002 	ldrd	r7, r0, [r2, #8]
10000bfe:	45be      	cmp	lr, r7
10000c00:	eb7a 0c00 	sbcs.w	ip, sl, r0
10000c04:	ea4f 0243 	mov.w	r2, r3, lsl #1
10000c08:	db88      	blt.n	10000b1c <alarm_pool_irq_handler+0x44>
10000c0a:	46b4      	mov	ip, r6
10000c0c:	f82c 3f08 	strh.w	r3, [ip, #8]!
10000c10:	e006      	b.n	10000c20 <alarm_pool_irq_handler+0x148>
10000c12:	eb03 0043 	add.w	r0, r3, r3, lsl #1
10000c16:	eb01 00c0 	add.w	r0, r1, r0, lsl #3
10000c1a:	005a      	lsls	r2, r3, #1
10000c1c:	e9d0 7002 	ldrd	r7, r0, [r0, #8]
10000c20:	45be      	cmp	lr, r7
10000c22:	441a      	add	r2, r3
10000c24:	eb7a 0000 	sbcs.w	r0, sl, r0
10000c28:	eb01 04c2 	add.w	r4, r1, r2, lsl #3
10000c2c:	db04      	blt.n	10000c38 <alarm_pool_irq_handler+0x160>
10000c2e:	f931 3032 	ldrsh.w	r3, [r1, r2, lsl #3]
10000c32:	46a4      	mov	ip, r4
10000c34:	2b00      	cmp	r3, #0
10000c36:	daec      	bge.n	10000c12 <alarm_pool_irq_handler+0x13a>
10000c38:	f828 3039 	strh.w	r3, [r8, r9, lsl #3]
10000c3c:	9b00      	ldr	r3, [sp, #0]
10000c3e:	f8ac 3000 	strh.w	r3, [ip]
10000c42:	88b3      	ldrh	r3, [r6, #4]
10000c44:	041c      	lsls	r4, r3, #16
10000c46:	f53f af6d 	bmi.w	10000b24 <alarm_pool_irq_handler+0x4c>
10000c4a:	6933      	ldr	r3, [r6, #16]
10000c4c:	f3ef 8210 	mrs	r2, PRIMASK
10000c50:	b672      	cpsid	i
10000c52:	e8d3 0fcf 	ldaexb	r0, [r3]
10000c56:	2101      	movs	r1, #1
10000c58:	2800      	cmp	r0, #0
10000c5a:	d1fa      	bne.n	10000c52 <alarm_pool_irq_handler+0x17a>
10000c5c:	e8c3 1f40 	strexb	r0, r1, [r3]
10000c60:	2800      	cmp	r0, #0
10000c62:	d1f6      	bne.n	10000c52 <alarm_pool_irq_handler+0x17a>
10000c64:	f3bf 8f5f 	dmb	sy
10000c68:	f64f 74ff 	movw	r4, #65535	@ 0xffff
10000c6c:	88b0      	ldrh	r0, [r6, #4]
10000c6e:	2300      	movs	r3, #0
10000c70:	6931      	ldr	r1, [r6, #16]
10000c72:	b200      	sxth	r0, r0
10000c74:	80b4      	strh	r4, [r6, #4]
10000c76:	e8c1 3f8f 	stlb	r3, [r1]
10000c7a:	f382 8810 	msr	PRIMASK, r2
10000c7e:	4298      	cmp	r0, r3
10000c80:	f6ff af50 	blt.w	10000b24 <alarm_pool_irq_handler+0x4c>
10000c84:	4607      	mov	r7, r0
10000c86:	46a9      	mov	r9, r5
10000c88:	6974      	ldr	r4, [r6, #20]
10000c8a:	f106 0808 	add.w	r8, r6, #8
10000c8e:	eb07 0e47 	add.w	lr, r7, r7, lsl #1
10000c92:	eb04 03ce 	add.w	r3, r4, lr, lsl #3
10000c96:	e9d3 5002 	ldrd	r5, r0, [r3, #8]
10000c9a:	f9b6 3008 	ldrsh.w	r3, [r6, #8]
10000c9e:	46c4      	mov	ip, r8
10000ca0:	2b00      	cmp	r3, #0
10000ca2:	db13      	blt.n	10000ccc <alarm_pool_irq_handler+0x1f4>
10000ca4:	46b2      	mov	sl, r6
10000ca6:	9700      	str	r7, [sp, #0]
10000ca8:	e004      	b.n	10000cb4 <alarm_pool_irq_handler+0x1dc>
10000caa:	f934 3036 	ldrsh.w	r3, [r4, r6, lsl #3]
10000cae:	4694      	mov	ip, r2
10000cb0:	2b00      	cmp	r3, #0
10000cb2:	db09      	blt.n	10000cc8 <alarm_pool_irq_handler+0x1f0>
10000cb4:	eb03 0643 	add.w	r6, r3, r3, lsl #1
10000cb8:	eb04 02c6 	add.w	r2, r4, r6, lsl #3
10000cbc:	e9d2 7102 	ldrd	r7, r1, [r2, #8]
10000cc0:	42bd      	cmp	r5, r7
10000cc2:	eb70 0101 	sbcs.w	r1, r0, r1
10000cc6:	daf0      	bge.n	10000caa <alarm_pool_irq_handler+0x1d2>
10000cc8:	4656      	mov	r6, sl
10000cca:	9f00      	ldr	r7, [sp, #0]
10000ccc:	f8ac 7000 	strh.w	r7, [ip]
10000cd0:	f934 703e 	ldrsh.w	r7, [r4, lr, lsl #3]
10000cd4:	f824 303e 	strh.w	r3, [r4, lr, lsl #3]
10000cd8:	2f00      	cmp	r7, #0
10000cda:	dad8      	bge.n	10000c8e <alarm_pool_irq_handler+0x1b6>
10000cdc:	79b3      	ldrb	r3, [r6, #6]
10000cde:	464d      	mov	r5, r9
10000ce0:	2b00      	cmp	r3, #0
10000ce2:	f43f af23 	beq.w	10000b2c <alarm_pool_irq_handler+0x54>
10000ce6:	2300      	movs	r3, #0
10000ce8:	71b3      	strb	r3, [r6, #6]
10000cea:	f9b6 3008 	ldrsh.w	r3, [r6, #8]
10000cee:	f106 0808 	add.w	r8, r6, #8
10000cf2:	1c58      	adds	r0, r3, #1
10000cf4:	d03d      	beq.n	10000d72 <alarm_pool_irq_handler+0x29a>
10000cf6:	461a      	mov	r2, r3
10000cf8:	6977      	ldr	r7, [r6, #20]
10000cfa:	e003      	b.n	10000d04 <alarm_pool_irq_handler+0x22c>
10000cfc:	4680      	mov	r8, r0
10000cfe:	1c59      	adds	r1, r3, #1
10000d00:	f43f af16 	beq.w	10000b30 <alarm_pool_irq_handler+0x58>
10000d04:	eb03 0143 	add.w	r1, r3, r3, lsl #1
10000d08:	eb07 00c1 	add.w	r0, r7, r1, lsl #3
10000d0c:	f8b0 c002 	ldrh.w	ip, [r0, #2]
10000d10:	461c      	mov	r4, r3
10000d12:	f41c 4f00 	tst.w	ip, #32768	@ 0x8000
10000d16:	469e      	mov	lr, r3
10000d18:	f937 3031 	ldrsh.w	r3, [r7, r1, lsl #3]
10000d1c:	d0ee      	beq.n	10000cfc <alarm_pool_irq_handler+0x224>
10000d1e:	4294      	cmp	r4, r2
10000d20:	ed80 8b02 	vstr	d8, [r0, #8]
10000d24:	d005      	beq.n	10000d32 <alarm_pool_irq_handler+0x25a>
10000d26:	f8a8 3000 	strh.w	r3, [r8]
10000d2a:	8932      	ldrh	r2, [r6, #8]
10000d2c:	f827 2031 	strh.w	r2, [r7, r1, lsl #3]
10000d30:	8134      	strh	r4, [r6, #8]
10000d32:	4672      	mov	r2, lr
10000d34:	e7e3      	b.n	10000cfe <alarm_pool_irq_handler+0x226>
10000d36:	f838 3039 	ldrh.w	r3, [r8, r9, lsl #3]
10000d3a:	8133      	strh	r3, [r6, #8]
10000d3c:	6933      	ldr	r3, [r6, #16]
10000d3e:	f3ef 8210 	mrs	r2, PRIMASK
10000d42:	b672      	cpsid	i
10000d44:	e8d3 0fcf 	ldaexb	r0, [r3]
10000d48:	2101      	movs	r1, #1
10000d4a:	2800      	cmp	r0, #0
10000d4c:	d1fa      	bne.n	10000d44 <alarm_pool_irq_handler+0x26c>
10000d4e:	e8c3 1f40 	strexb	r0, r1, [r3]
10000d52:	2800      	cmp	r0, #0
10000d54:	d1f6      	bne.n	10000d44 <alarm_pool_irq_handler+0x26c>
10000d56:	f3bf 8f5f 	dmb	sy
10000d5a:	8873      	ldrh	r3, [r6, #2]
10000d5c:	6931      	ldr	r1, [r6, #16]
10000d5e:	f828 3039 	strh.w	r3, [r8, r9, lsl #3]
10000d62:	9b00      	ldr	r3, [sp, #0]
10000d64:	8073      	strh	r3, [r6, #2]
10000d66:	2300      	movs	r3, #0
10000d68:	e8c1 3f8f 	stlb	r3, [r1]
10000d6c:	f382 8810 	msr	PRIMASK, r2
10000d70:	e6d4      	b.n	10000b1c <alarm_pool_irq_handler+0x44>
10000d72:	bf40      	sev
10000d74:	b005      	add	sp, #20
10000d76:	ecbd 8b02 	vpop	{d8}
10000d7a:	e8bd 8ff0 	ldmia.w	sp!, {r4, r5, r6, r7, r8, r9, sl, fp, pc}
10000d7e:	4628      	mov	r0, r5
10000d80:	e9cd 2302 	strd	r2, r3, [sp, #8]
10000d84:	f000 faa2 	bl	100012cc <timer_time_us_64>
10000d88:	9a02      	ldr	r2, [sp, #8]
10000d8a:	9b03      	ldr	r3, [sp, #12]
10000d8c:	eb10 0e02 	adds.w	lr, r0, r2
10000d90:	eb43 0a01 	adc.w	sl, r3, r1
10000d94:	e726      	b.n	10000be4 <alarm_pool_irq_handler+0x10c>
10000d96:	4608      	mov	r0, r1
10000d98:	690b      	ldr	r3, [r1, #16]
10000d9a:	9102      	str	r1, [sp, #8]
10000d9c:	4798      	blx	r3
10000d9e:	2800      	cmp	r0, #0
10000da0:	d0c9      	beq.n	10000d36 <alarm_pool_irq_handler+0x25e>
10000da2:	9902      	ldr	r1, [sp, #8]
10000da4:	e9d1 2300 	ldrd	r2, r3, [r1]
10000da8:	e711      	b.n	10000bce <alarm_pool_irq_handler+0xf6>
10000daa:	bf00      	nop
10000dac:	f3af 8000 	nop.w
10000db0:	ffffffff 	.word	0xffffffff
10000db4:	ffffffff 	.word	0xffffffff
10000db8:	400b8000 	.word	0x400b8000
10000dbc:	200028bc 	.word	0x200028bc
10000dc0:	400b0000 	.word	0x400b0000
10000dc4:	10000ad9 	.word	0x10000ad9

10000dc8 <runtime_init_default_alarm_pool>:
10000dc8:	e92d 4ff8 	stmdb	sp!, {r3, r4, r5, r6, r7, r8, r9, sl, fp, lr}
10000dcc:	4c36      	ldr	r4, [pc, #216]	@ (10000ea8 <runtime_init_default_alarm_pool+0xe0>)
10000dce:	6925      	ldr	r5, [r4, #16]
10000dd0:	b12d      	cbz	r5, 10000dde <runtime_init_default_alarm_pool+0x16>
10000dd2:	e8bd 4ff8 	ldmia.w	sp!, {r3, r4, r5, r6, r7, r8, r9, sl, fp, lr}
10000dd6:	210a      	movs	r1, #10
10000dd8:	4834      	ldr	r0, [pc, #208]	@ (10000eac <runtime_init_default_alarm_pool+0xe4>)
10000dda:	f7ff be0d 	b.w	100009f8 <lock_init>
10000dde:	f8df 80e4 	ldr.w	r8, [pc, #228]	@ 10000ec4 <runtime_init_default_alarm_pool+0xfc>
10000de2:	2103      	movs	r1, #3
10000de4:	4640      	mov	r0, r8
10000de6:	f000 fa5f 	bl	100012a8 <timer_hardware_alarm_claim>
10000dea:	2603      	movs	r6, #3
10000dec:	f8c4 800c 	str.w	r8, [r4, #12]
10000df0:	f7ff fbda 	bl	100005a8 <next_striped_spin_lock_num>
10000df4:	f04f 4c50 	mov.w	ip, #3489660928	@ 0xd0000000
10000df8:	4b2d      	ldr	r3, [pc, #180]	@ (10000eb0 <runtime_init_default_alarm_pool+0xe8>)
10000dfa:	7026      	strb	r6, [r4, #0]
10000dfc:	4403      	add	r3, r0
10000dfe:	6123      	str	r3, [r4, #16]
10000e00:	f8dc 3000 	ldr.w	r3, [ip]
10000e04:	210f      	movs	r1, #15
10000e06:	7063      	strb	r3, [r4, #1]
10000e08:	6963      	ldr	r3, [r4, #20]
10000e0a:	8061      	strh	r1, [r4, #2]
10000e0c:	831d      	strh	r5, [r3, #24]
10000e0e:	f04f 0504 	mov.w	r5, #4
10000e12:	f8a3 5078 	strh.w	r5, [r3, #120]	@ 0x78
10000e16:	f04f 0505 	mov.w	r5, #5
10000e1a:	f8a3 5090 	strh.w	r5, [r3, #144]	@ 0x90
10000e1e:	f04f 0506 	mov.w	r5, #6
10000e22:	f8a3 50a8 	strh.w	r5, [r3, #168]	@ 0xa8
10000e26:	f04f 0507 	mov.w	r5, #7
10000e2a:	210e      	movs	r1, #14
10000e2c:	f64f 72ff 	movw	r2, #65535	@ 0xffff
10000e30:	2708      	movs	r7, #8
10000e32:	f04f 0e0a 	mov.w	lr, #10
10000e36:	f8a3 50c0 	strh.w	r5, [r3, #192]	@ 0xc0
10000e3a:	f04f 0901 	mov.w	r9, #1
10000e3e:	f04f 0c0c 	mov.w	ip, #12
10000e42:	f04f 0b02 	mov.w	fp, #2
10000e46:	f04f 0a09 	mov.w	sl, #9
10000e4a:	200d      	movs	r0, #13
10000e4c:	f04f 050b 	mov.w	r5, #11
10000e50:	f8a3 1168 	strh.w	r1, [r3, #360]	@ 0x168
10000e54:	4917      	ldr	r1, [pc, #92]	@ (10000eb4 <runtime_init_default_alarm_pool+0xec>)
10000e56:	80a2      	strh	r2, [r4, #4]
10000e58:	f8a3 e108 	strh.w	lr, [r3, #264]	@ 0x108
10000e5c:	60a1      	str	r1, [r4, #8]
10000e5e:	f8a3 b048 	strh.w	fp, [r3, #72]	@ 0x48
10000e62:	f8a3 a0f0 	strh.w	sl, [r3, #240]	@ 0xf0
10000e66:	f8a3 5120 	strh.w	r5, [r3, #288]	@ 0x120
10000e6a:	f8a3 c138 	strh.w	ip, [r3, #312]	@ 0x138
10000e6e:	f8a3 0150 	strh.w	r0, [r3, #336]	@ 0x150
10000e72:	f8a3 9030 	strh.w	r9, [r3, #48]	@ 0x30
10000e76:	f8a3 6060 	strh.w	r6, [r3, #96]	@ 0x60
10000e7a:	f8a3 70d8 	strh.w	r7, [r3, #216]	@ 0xd8
10000e7e:	801a      	strh	r2, [r3, #0]
10000e80:	4b0d      	ldr	r3, [pc, #52]	@ (10000eb8 <runtime_init_default_alarm_pool+0xf0>)
10000e82:	4630      	mov	r0, r6
10000e84:	f8c8 7020 	str.w	r7, [r8, #32]
10000e88:	490c      	ldr	r1, [pc, #48]	@ (10000ebc <runtime_init_default_alarm_pool+0xf4>)
10000e8a:	60dc      	str	r4, [r3, #12]
10000e8c:	f7ff fc1e 	bl	100006cc <irq_set_exclusive_handler>
10000e90:	4649      	mov	r1, r9
10000e92:	4630      	mov	r0, r6
10000e94:	f7ff fbd8 	bl	10000648 <irq_set_enabled>
10000e98:	4b09      	ldr	r3, [pc, #36]	@ (10000ec0 <runtime_init_default_alarm_pool+0xf8>)
10000e9a:	210a      	movs	r1, #10
10000e9c:	641f      	str	r7, [r3, #64]	@ 0x40
10000e9e:	4803      	ldr	r0, [pc, #12]	@ (10000eac <runtime_init_default_alarm_pool+0xe4>)
10000ea0:	e8bd 4ff8 	ldmia.w	sp!, {r3, r4, r5, r6, r7, r8, r9, sl, fp, lr}
10000ea4:	f7ff bda8 	b.w	100009f8 <lock_init>
10000ea8:	20001544 	.word	0x20001544
10000eac:	20002974 	.word	0x20002974
10000eb0:	20001fe4 	.word	0x20001fe4
10000eb4:	0010ffff 	.word	0x0010ffff
10000eb8:	200028bc 	.word	0x200028bc
10000ebc:	10000ad9 	.word	0x10000ad9
10000ec0:	400b2000 	.word	0x400b2000
10000ec4:	400b0000 	.word	0x400b0000

10000ec8 <alarm_pool_get_default>:
10000ec8:	4800      	ldr	r0, [pc, #0]	@ (10000ecc <alarm_pool_get_default+0x4>)
10000eca:	4770      	bx	lr
10000ecc:	20001544 	.word	0x20001544

10000ed0 <alarm_pool_add_alarm_at>:
10000ed0:	b5f8      	push	{r3, r4, r5, r6, r7, lr}
10000ed2:	f89d 5020 	ldrb.w	r5, [sp, #32]
10000ed6:	4604      	mov	r4, r0
10000ed8:	4617      	mov	r7, r2
10000eda:	461e      	mov	r6, r3
10000edc:	b935      	cbnz	r5, 10000eec <alarm_pool_add_alarm_at+0x1c>
10000ede:	f000 f9fd 	bl	100012dc <time_us_64>
10000ee2:	4287      	cmp	r7, r0
10000ee4:	eb66 0101 	sbc.w	r1, r6, r1
10000ee8:	2900      	cmp	r1, #0
10000eea:	db5c      	blt.n	10000fa6 <alarm_pool_add_alarm_at+0xd6>
10000eec:	6921      	ldr	r1, [r4, #16]
10000eee:	f3ef 8310 	mrs	r3, PRIMASK
10000ef2:	b672      	cpsid	i
10000ef4:	e8d1 0fcf 	ldaexb	r0, [r1]
10000ef8:	2201      	movs	r2, #1
10000efa:	2800      	cmp	r0, #0
10000efc:	d1fa      	bne.n	10000ef4 <alarm_pool_add_alarm_at+0x24>
10000efe:	e8c1 2f40 	strexb	r0, r2, [r1]
10000f02:	2800      	cmp	r0, #0
10000f04:	d1f6      	bne.n	10000ef4 <alarm_pool_add_alarm_at+0x24>
10000f06:	f3bf 8f5f 	dmb	sy
10000f0a:	f9b4 2002 	ldrsh.w	r2, [r4, #2]
10000f0e:	6965      	ldr	r5, [r4, #20]
10000f10:	eb02 0142 	add.w	r1, r2, r2, lsl #1
10000f14:	2a00      	cmp	r2, #0
10000f16:	ea4f 0cc1 	mov.w	ip, r1, lsl #3
10000f1a:	6920      	ldr	r0, [r4, #16]
10000f1c:	eb05 01c1 	add.w	r1, r5, r1, lsl #3
10000f20:	db39      	blt.n	10000f96 <alarm_pool_add_alarm_at+0xc6>
10000f22:	f835 e00c 	ldrh.w	lr, [r5, ip]
10000f26:	f8a4 e002 	strh.w	lr, [r4, #2]
10000f2a:	f04f 0e00 	mov.w	lr, #0
10000f2e:	e8c0 ef8f 	stlb	lr, [r0]
10000f32:	f383 8810 	msr	PRIMASK, r3
10000f36:	8848      	ldrh	r0, [r1, #2]
10000f38:	9b06      	ldr	r3, [sp, #24]
10000f3a:	3001      	adds	r0, #1
10000f3c:	f3c0 000e 	ubfx	r0, r0, #0, #15
10000f40:	2801      	cmp	r0, #1
10000f42:	bf38      	it	cc
10000f44:	2001      	movcc	r0, #1
10000f46:	610b      	str	r3, [r1, #16]
10000f48:	9b07      	ldr	r3, [sp, #28]
10000f4a:	8048      	strh	r0, [r1, #2]
10000f4c:	614b      	str	r3, [r1, #20]
10000f4e:	e9c1 7602 	strd	r7, r6, [r1, #8]
10000f52:	ea40 4002 	orr.w	r0, r0, r2, lsl #16
10000f56:	6923      	ldr	r3, [r4, #16]
10000f58:	f3ef 8110 	mrs	r1, PRIMASK
10000f5c:	b672      	cpsid	i
10000f5e:	e8d3 7fcf 	ldaexb	r7, [r3]
10000f62:	2601      	movs	r6, #1
10000f64:	2f00      	cmp	r7, #0
10000f66:	d1fa      	bne.n	10000f5e <alarm_pool_add_alarm_at+0x8e>
10000f68:	e8c3 6f47 	strexb	r7, r6, [r3]
10000f6c:	2f00      	cmp	r7, #0
10000f6e:	d1f6      	bne.n	10000f5e <alarm_pool_add_alarm_at+0x8e>
10000f70:	f3bf 8f5f 	dmb	sy
10000f74:	88a3      	ldrh	r3, [r4, #4]
10000f76:	f825 300c 	strh.w	r3, [r5, ip]
10000f7a:	80a2      	strh	r2, [r4, #4]
10000f7c:	6923      	ldr	r3, [r4, #16]
10000f7e:	e8c3 ef8f 	stlb	lr, [r3]
10000f82:	f381 8810 	msr	PRIMASK, r1
10000f86:	2201      	movs	r2, #1
10000f88:	68e3      	ldr	r3, [r4, #12]
10000f8a:	7821      	ldrb	r1, [r4, #0]
10000f8c:	f503 5301 	add.w	r3, r3, #8256	@ 0x2040
10000f90:	408a      	lsls	r2, r1
10000f92:	605a      	str	r2, [r3, #4]
10000f94:	bdf8      	pop	{r3, r4, r5, r6, r7, pc}
10000f96:	2200      	movs	r2, #0
10000f98:	e8c0 2f8f 	stlb	r2, [r0]
10000f9c:	f383 8810 	msr	PRIMASK, r3
10000fa0:	f04f 30ff 	mov.w	r0, #4294967295	@ 0xffffffff
10000fa4:	bdf8      	pop	{r3, r4, r5, r6, r7, pc}
10000fa6:	4628      	mov	r0, r5
10000fa8:	bdf8      	pop	{r3, r4, r5, r6, r7, pc}
10000faa:	bf00      	nop

10000fac <alarm_pool_add_alarm_at_force_in_context>:
10000fac:	4601      	mov	r1, r0
10000fae:	b5f0      	push	{r4, r5, r6, r7, lr}
10000fb0:	6900      	ldr	r0, [r0, #16]
10000fb2:	f3ef 8710 	mrs	r7, PRIMASK
10000fb6:	b672      	cpsid	i
10000fb8:	e8d0 5fcf 	ldaexb	r5, [r0]
10000fbc:	2401      	movs	r4, #1
10000fbe:	2d00      	cmp	r5, #0
10000fc0:	d1fa      	bne.n	10000fb8 <alarm_pool_add_alarm_at_force_in_context+0xc>
10000fc2:	e8c0 4f45 	strexb	r5, r4, [r0]
10000fc6:	2d00      	cmp	r5, #0
10000fc8:	d1f6      	bne.n	10000fb8 <alarm_pool_add_alarm_at_force_in_context+0xc>
10000fca:	f3bf 8f5f 	dmb	sy
10000fce:	f9b1 e002 	ldrsh.w	lr, [r1, #2]
10000fd2:	694c      	ldr	r4, [r1, #20]
10000fd4:	eb0e 0c4e 	add.w	ip, lr, lr, lsl #1
10000fd8:	f1be 0f00 	cmp.w	lr, #0
10000fdc:	ea4f 05cc 	mov.w	r5, ip, lsl #3
10000fe0:	6908      	ldr	r0, [r1, #16]
10000fe2:	eb04 0ccc 	add.w	ip, r4, ip, lsl #3
10000fe6:	db3c      	blt.n	10001062 <alarm_pool_add_alarm_at_force_in_context+0xb6>
10000fe8:	5b66      	ldrh	r6, [r4, r5]
10000fea:	804e      	strh	r6, [r1, #2]
10000fec:	2600      	movs	r6, #0
10000fee:	e8c0 6f8f 	stlb	r6, [r0]
10000ff2:	f387 8810 	msr	PRIMASK, r7
10000ff6:	f8bc 0002 	ldrh.w	r0, [ip, #2]
10000ffa:	e9cc 2302 	strd	r2, r3, [ip, #8]
10000ffe:	3001      	adds	r0, #1
10001000:	f3c0 000e 	ubfx	r0, r0, #0, #15
10001004:	2801      	cmp	r0, #1
10001006:	bf38      	it	cc
10001008:	2001      	movcc	r0, #1
1000100a:	9b05      	ldr	r3, [sp, #20]
1000100c:	f8ac 0002 	strh.w	r0, [ip, #2]
10001010:	f8cc 3010 	str.w	r3, [ip, #16]
10001014:	9b06      	ldr	r3, [sp, #24]
10001016:	ea40 400e 	orr.w	r0, r0, lr, lsl #16
1000101a:	f8cc 3014 	str.w	r3, [ip, #20]
1000101e:	690b      	ldr	r3, [r1, #16]
10001020:	f3ef 8210 	mrs	r2, PRIMASK
10001024:	b672      	cpsid	i
10001026:	e8d3 cfcf 	ldaexb	ip, [r3]
1000102a:	2701      	movs	r7, #1
1000102c:	f1bc 0f00 	cmp.w	ip, #0
10001030:	d1f9      	bne.n	10001026 <alarm_pool_add_alarm_at_force_in_context+0x7a>
10001032:	e8c3 7f4c 	strexb	ip, r7, [r3]
10001036:	f1bc 0f00 	cmp.w	ip, #0
1000103a:	d1f4      	bne.n	10001026 <alarm_pool_add_alarm_at_force_in_context+0x7a>
1000103c:	f3bf 8f5f 	dmb	sy
10001040:	888b      	ldrh	r3, [r1, #4]
10001042:	5363      	strh	r3, [r4, r5]
10001044:	f8a1 e004 	strh.w	lr, [r1, #4]
10001048:	690b      	ldr	r3, [r1, #16]
1000104a:	e8c3 6f8f 	stlb	r6, [r3]
1000104e:	f382 8810 	msr	PRIMASK, r2
10001052:	2201      	movs	r2, #1
10001054:	68cb      	ldr	r3, [r1, #12]
10001056:	7809      	ldrb	r1, [r1, #0]
10001058:	f503 5301 	add.w	r3, r3, #8256	@ 0x2040
1000105c:	408a      	lsls	r2, r1
1000105e:	605a      	str	r2, [r3, #4]
10001060:	bdf0      	pop	{r4, r5, r6, r7, pc}
10001062:	2300      	movs	r3, #0
10001064:	e8c0 3f8f 	stlb	r3, [r0]
10001068:	f387 8810 	msr	PRIMASK, r7
1000106c:	f04f 30ff 	mov.w	r0, #4294967295	@ 0xffffffff
10001070:	bdf0      	pop	{r4, r5, r6, r7, pc}
10001072:	bf00      	nop

10001074 <alarm_pool_cancel_alarm>:
10001074:	4603      	mov	r3, r0
10001076:	8940      	ldrh	r0, [r0, #10]
10001078:	ebb0 4f21 	cmp.w	r0, r1, asr #16
1000107c:	dd37      	ble.n	100010ee <alarm_pool_cancel_alarm+0x7a>
1000107e:	6958      	ldr	r0, [r3, #20]
10001080:	140a      	asrs	r2, r1, #16
10001082:	eb02 0242 	add.w	r2, r2, r2, lsl #1
10001086:	b510      	push	{r4, lr}
10001088:	eb00 00c2 	add.w	r0, r0, r2, lsl #3
1000108c:	691c      	ldr	r4, [r3, #16]
1000108e:	f3ef 8c10 	mrs	ip, PRIMASK
10001092:	b672      	cpsid	i
10001094:	e8d4 efcf 	ldaexb	lr, [r4]
10001098:	2201      	movs	r2, #1
1000109a:	f1be 0f00 	cmp.w	lr, #0
1000109e:	d1f9      	bne.n	10001094 <alarm_pool_cancel_alarm+0x20>
100010a0:	e8c4 2f4e 	strexb	lr, r2, [r4]
100010a4:	f1be 0f00 	cmp.w	lr, #0
100010a8:	d1f4      	bne.n	10001094 <alarm_pool_cancel_alarm+0x20>
100010aa:	f3bf 8f5f 	dmb	sy
100010ae:	8842      	ldrh	r2, [r0, #2]
100010b0:	b289      	uxth	r1, r1
100010b2:	b292      	uxth	r2, r2
100010b4:	428a      	cmp	r2, r1
100010b6:	d007      	beq.n	100010c8 <alarm_pool_cancel_alarm+0x54>
100010b8:	2200      	movs	r2, #0
100010ba:	691b      	ldr	r3, [r3, #16]
100010bc:	e8c3 2f8f 	stlb	r2, [r3]
100010c0:	f38c 8810 	msr	PRIMASK, ip
100010c4:	2000      	movs	r0, #0
100010c6:	bd10      	pop	{r4, pc}
100010c8:	f442 4200 	orr.w	r2, r2, #32768	@ 0x8000
100010cc:	8042      	strh	r2, [r0, #2]
100010ce:	2101      	movs	r1, #1
100010d0:	2200      	movs	r2, #0
100010d2:	6918      	ldr	r0, [r3, #16]
100010d4:	7199      	strb	r1, [r3, #6]
100010d6:	e8c0 2f8f 	stlb	r2, [r0]
100010da:	f38c 8810 	msr	PRIMASK, ip
100010de:	781c      	ldrb	r4, [r3, #0]
100010e0:	68da      	ldr	r2, [r3, #12]
100010e2:	4608      	mov	r0, r1
100010e4:	f502 5301 	add.w	r3, r2, #8256	@ 0x2040
100010e8:	40a1      	lsls	r1, r4
100010ea:	6059      	str	r1, [r3, #4]
100010ec:	bd10      	pop	{r4, pc}
100010ee:	2000      	movs	r0, #0
100010f0:	4770      	bx	lr
100010f2:	bf00      	nop

100010f4 <alarm_pool_core_num>:
100010f4:	7840      	ldrb	r0, [r0, #1]
100010f6:	4770      	bx	lr

100010f8 <sleep_ms>:
100010f8:	e92d 41f0 	stmdb	sp!, {r4, r5, r6, r7, r8, lr}
100010fc:	b082      	sub	sp, #8
100010fe:	4606      	mov	r6, r0
10001100:	f000 f8ec 	bl	100012dc <time_us_64>
10001104:	f44f 737a 	mov.w	r3, #1000	@ 0x3e8
10001108:	4604      	mov	r4, r0
1000110a:	f04f 30ff 	mov.w	r0, #4294967295	@ 0xffffffff
1000110e:	f06f 4200 	mvn.w	r2, #2147483648	@ 0x80000000
10001112:	fbe6 4103 	umlal	r4, r1, r6, r3
10001116:	42a0      	cmp	r0, r4
10001118:	eb72 0301 	sbcs.w	r3, r2, r1
1000111c:	bf3a      	itte	cc
1000111e:	4604      	movcc	r4, r0
10001120:	4615      	movcc	r5, r2
10001122:	460d      	movcs	r5, r1
10001124:	1fa6      	subs	r6, r4, #6
10001126:	f145 37ff 	adc.w	r7, r5, #4294967295	@ 0xffffffff
1000112a:	42b4      	cmp	r4, r6
1000112c:	eb75 0307 	sbcs.w	r3, r5, r7
10001130:	bf3c      	itt	cc
10001132:	2600      	movcc	r6, #0
10001134:	4637      	movcc	r7, r6
10001136:	f000 f8d1 	bl	100012dc <time_us_64>
1000113a:	1a30      	subs	r0, r6, r0
1000113c:	eb67 0101 	sbc.w	r1, r7, r1
10001140:	2801      	cmp	r0, #1
10001142:	f171 0100 	sbcs.w	r1, r1, #0
10001146:	da06      	bge.n	10001156 <sleep_ms+0x5e>
10001148:	4620      	mov	r0, r4
1000114a:	4629      	mov	r1, r5
1000114c:	b002      	add	sp, #8
1000114e:	e8bd 41f0 	ldmia.w	sp!, {r4, r5, r6, r7, r8, lr}
10001152:	f000 b8cd 	b.w	100012f0 <busy_wait_until>
10001156:	f000 f8c1 	bl	100012dc <time_us_64>
1000115a:	4286      	cmp	r6, r0
1000115c:	eb67 0101 	sbc.w	r1, r7, r1
10001160:	2900      	cmp	r1, #0
10001162:	db0a      	blt.n	1000117a <sleep_ms+0x82>
10001164:	2100      	movs	r1, #0
10001166:	4b17      	ldr	r3, [pc, #92]	@ (100011c4 <sleep_ms+0xcc>)
10001168:	4632      	mov	r2, r6
1000116a:	9300      	str	r3, [sp, #0]
1000116c:	4816      	ldr	r0, [pc, #88]	@ (100011c8 <sleep_ms+0xd0>)
1000116e:	463b      	mov	r3, r7
10001170:	9101      	str	r1, [sp, #4]
10001172:	f7ff ff1b 	bl	10000fac <alarm_pool_add_alarm_at_force_in_context>
10001176:	3001      	adds	r0, #1
10001178:	d0e6      	beq.n	10001148 <sleep_ms+0x50>
1000117a:	f04f 0c00 	mov.w	ip, #0
1000117e:	4a13      	ldr	r2, [pc, #76]	@ (100011cc <sleep_ms+0xd4>)
10001180:	4913      	ldr	r1, [pc, #76]	@ (100011d0 <sleep_ms+0xd8>)
10001182:	6a53      	ldr	r3, [r2, #36]	@ 0x24
10001184:	429f      	cmp	r7, r3
10001186:	d804      	bhi.n	10001192 <sleep_ms+0x9a>
10001188:	6a90      	ldr	r0, [r2, #40]	@ 0x28
1000118a:	42b0      	cmp	r0, r6
1000118c:	d2dc      	bcs.n	10001148 <sleep_ms+0x50>
1000118e:	429f      	cmp	r7, r3
10001190:	d1da      	bne.n	10001148 <sleep_ms+0x50>
10001192:	680b      	ldr	r3, [r1, #0]
10001194:	f3ef 8010 	mrs	r0, PRIMASK
10001198:	b672      	cpsid	i
1000119a:	e8d3 8fcf 	ldaexb	r8, [r3]
1000119e:	f05f 0e01 	movs.w	lr, #1
100011a2:	f1b8 0f00 	cmp.w	r8, #0
100011a6:	d1f8      	bne.n	1000119a <sleep_ms+0xa2>
100011a8:	e8c3 ef48 	strexb	r8, lr, [r3]
100011ac:	f1b8 0f00 	cmp.w	r8, #0
100011b0:	d1f3      	bne.n	1000119a <sleep_ms+0xa2>
100011b2:	f3bf 8f5f 	dmb	sy
100011b6:	680b      	ldr	r3, [r1, #0]
100011b8:	e8c3 cf8f 	stlb	ip, [r3]
100011bc:	f380 8810 	msr	PRIMASK, r0
100011c0:	bf20      	wfe
100011c2:	e7de      	b.n	10001182 <sleep_ms+0x8a>
100011c4:	10000a99 	.word	0x10000a99
100011c8:	20001544 	.word	0x20001544
100011cc:	400b0000 	.word	0x400b0000
100011d0:	20002974 	.word	0x20002974

100011d4 <best_effort_wfe_or_timeout>:
100011d4:	e92d 43f0 	stmdb	sp!, {r4, r5, r6, r7, r8, r9, lr}
100011d8:	4606      	mov	r6, r0
100011da:	460d      	mov	r5, r1
100011dc:	b083      	sub	sp, #12
100011de:	f3ef 8405 	mrs	r4, IPSR
100011e2:	b2e4      	uxtb	r4, r4
100011e4:	b13c      	cbz	r4, 100011f6 <best_effort_wfe_or_timeout+0x22>
100011e6:	4b2d      	ldr	r3, [pc, #180]	@ (1000129c <best_effort_wfe_or_timeout+0xc8>)
100011e8:	6a5a      	ldr	r2, [r3, #36]	@ 0x24
100011ea:	42aa      	cmp	r2, r5
100011ec:	d21c      	bcs.n	10001228 <best_effort_wfe_or_timeout+0x54>
100011ee:	2000      	movs	r0, #0
100011f0:	b003      	add	sp, #12
100011f2:	e8bd 83f0 	ldmia.w	sp!, {r4, r5, r6, r7, r8, r9, pc}
100011f6:	4f2a      	ldr	r7, [pc, #168]	@ (100012a0 <best_effort_wfe_or_timeout+0xcc>)
100011f8:	f8d7 900c 	ldr.w	r9, [r7, #12]
100011fc:	f897 8000 	ldrb.w	r8, [r7]
10001200:	4648      	mov	r0, r9
10001202:	f000 f863 	bl	100012cc <timer_time_us_64>
10001206:	f108 0804 	add.w	r8, r8, #4
1000120a:	f859 3028 	ldr.w	r3, [r9, r8, lsl #2]
1000120e:	1a1b      	subs	r3, r3, r0
10001210:	1a30      	subs	r0, r6, r0
10001212:	eb65 0101 	sbc.w	r1, r5, r1
10001216:	4298      	cmp	r0, r3
10001218:	f171 0100 	sbcs.w	r1, r1, #0
1000121c:	db10      	blt.n	10001240 <best_effort_wfe_or_timeout+0x6c>
1000121e:	bf20      	wfe
10001220:	4b1e      	ldr	r3, [pc, #120]	@ (1000129c <best_effort_wfe_or_timeout+0xc8>)
10001222:	6a5a      	ldr	r2, [r3, #36]	@ 0x24
10001224:	42aa      	cmp	r2, r5
10001226:	d3e2      	bcc.n	100011ee <best_effort_wfe_or_timeout+0x1a>
10001228:	bf14      	ite	ne
1000122a:	2401      	movne	r4, #1
1000122c:	2400      	moveq	r4, #0
1000122e:	6a9b      	ldr	r3, [r3, #40]	@ 0x28
10001230:	42b3      	cmp	r3, r6
10001232:	bf34      	ite	cc
10001234:	4620      	movcc	r0, r4
10001236:	f044 0001 	orrcs.w	r0, r4, #1
1000123a:	b003      	add	sp, #12
1000123c:	e8bd 83f0 	ldmia.w	sp!, {r4, r5, r6, r7, r8, r9, pc}
10001240:	f000 f84c 	bl	100012dc <time_us_64>
10001244:	4286      	cmp	r6, r0
10001246:	eb65 0101 	sbc.w	r1, r5, r1
1000124a:	2900      	cmp	r1, #0
1000124c:	db14      	blt.n	10001278 <best_effort_wfe_or_timeout+0xa4>
1000124e:	4b15      	ldr	r3, [pc, #84]	@ (100012a4 <best_effort_wfe_or_timeout+0xd0>)
10001250:	4638      	mov	r0, r7
10001252:	e9cd 3400 	strd	r3, r4, [sp]
10001256:	4632      	mov	r2, r6
10001258:	462b      	mov	r3, r5
1000125a:	f7ff fea7 	bl	10000fac <alarm_pool_add_alarm_at_force_in_context>
1000125e:	1e01      	subs	r1, r0, #0
10001260:	dd0a      	ble.n	10001278 <best_effort_wfe_or_timeout+0xa4>
10001262:	4b0e      	ldr	r3, [pc, #56]	@ (1000129c <best_effort_wfe_or_timeout+0xc8>)
10001264:	6a5a      	ldr	r2, [r3, #36]	@ 0x24
10001266:	42aa      	cmp	r2, r5
10001268:	d316      	bcc.n	10001298 <best_effort_wfe_or_timeout+0xc4>
1000126a:	6a9b      	ldr	r3, [r3, #40]	@ 0x28
1000126c:	42b3      	cmp	r3, r6
1000126e:	d311      	bcc.n	10001294 <best_effort_wfe_or_timeout+0xc0>
10001270:	480b      	ldr	r0, [pc, #44]	@ (100012a0 <best_effort_wfe_or_timeout+0xcc>)
10001272:	f7ff feff 	bl	10001074 <alarm_pool_cancel_alarm>
10001276:	e7b6      	b.n	100011e6 <best_effort_wfe_or_timeout+0x12>
10001278:	4b08      	ldr	r3, [pc, #32]	@ (1000129c <best_effort_wfe_or_timeout+0xc8>)
1000127a:	6a5c      	ldr	r4, [r3, #36]	@ 0x24
1000127c:	42ac      	cmp	r4, r5
1000127e:	d3b6      	bcc.n	100011ee <best_effort_wfe_or_timeout+0x1a>
10001280:	1b64      	subs	r4, r4, r5
10001282:	bf18      	it	ne
10001284:	2401      	movne	r4, #1
10001286:	6a9b      	ldr	r3, [r3, #40]	@ 0x28
10001288:	42b3      	cmp	r3, r6
1000128a:	bf34      	ite	cc
1000128c:	4620      	movcc	r0, r4
1000128e:	f044 0001 	orrcs.w	r0, r4, #1
10001292:	e7ad      	b.n	100011f0 <best_effort_wfe_or_timeout+0x1c>
10001294:	42aa      	cmp	r2, r5
10001296:	d1eb      	bne.n	10001270 <best_effort_wfe_or_timeout+0x9c>
10001298:	bf20      	wfe
1000129a:	e7e9      	b.n	10001270 <best_effort_wfe_or_timeout+0x9c>
1000129c:	400b0000 	.word	0x400b0000
100012a0:	20001544 	.word	0x20001544
100012a4:	10000a99 	.word	0x10000a99

100012a8 <timer_hardware_alarm_claim>:
100012a8:	b410      	push	{r4}
100012aa:	4b05      	ldr	r3, [pc, #20]	@ (100012c0 <timer_hardware_alarm_claim+0x18>)
100012ac:	4c05      	ldr	r4, [pc, #20]	@ (100012c4 <timer_hardware_alarm_claim+0x1c>)
100012ae:	4a06      	ldr	r2, [pc, #24]	@ (100012c8 <timer_hardware_alarm_claim+0x20>)
100012b0:	42a0      	cmp	r0, r4
100012b2:	bf14      	ite	ne
100012b4:	4618      	movne	r0, r3
100012b6:	1c58      	addeq	r0, r3, #1
100012b8:	f85d 4b04 	ldr.w	r4, [sp], #4
100012bc:	f7ff b908 	b.w	100004d0 <hw_claim_or_assert>
100012c0:	20002424 	.word	0x20002424
100012c4:	400b8000 	.word	0x400b8000
100012c8:	10008240 	.word	0x10008240

100012cc <timer_time_us_64>:
100012cc:	4603      	mov	r3, r0
100012ce:	6a41      	ldr	r1, [r0, #36]	@ 0x24
100012d0:	460a      	mov	r2, r1
100012d2:	6a98      	ldr	r0, [r3, #40]	@ 0x28
100012d4:	6a59      	ldr	r1, [r3, #36]	@ 0x24
100012d6:	428a      	cmp	r2, r1
100012d8:	d1fa      	bne.n	100012d0 <timer_time_us_64+0x4>
100012da:	4770      	bx	lr

100012dc <time_us_64>:
100012dc:	4b03      	ldr	r3, [pc, #12]	@ (100012ec <time_us_64+0x10>)
100012de:	6a59      	ldr	r1, [r3, #36]	@ 0x24
100012e0:	460a      	mov	r2, r1
100012e2:	6a98      	ldr	r0, [r3, #40]	@ 0x28
100012e4:	6a59      	ldr	r1, [r3, #36]	@ 0x24
100012e6:	4291      	cmp	r1, r2
100012e8:	d1fa      	bne.n	100012e0 <time_us_64+0x4>
100012ea:	4770      	bx	lr
100012ec:	400b0000 	.word	0x400b0000

100012f0 <busy_wait_until>:
100012f0:	4a07      	ldr	r2, [pc, #28]	@ (10001310 <busy_wait_until+0x20>)
100012f2:	6a53      	ldr	r3, [r2, #36]	@ 0x24
100012f4:	4299      	cmp	r1, r3
100012f6:	d8fc      	bhi.n	100012f2 <busy_wait_until+0x2>
100012f8:	4299      	cmp	r1, r3
100012fa:	d107      	bne.n	1000130c <busy_wait_until+0x1c>
100012fc:	4b04      	ldr	r3, [pc, #16]	@ (10001310 <busy_wait_until+0x20>)
100012fe:	e002      	b.n	10001306 <busy_wait_until+0x16>
10001300:	6a5a      	ldr	r2, [r3, #36]	@ 0x24
10001302:	4291      	cmp	r1, r2
10001304:	d102      	bne.n	1000130c <busy_wait_until+0x1c>
10001306:	6a9a      	ldr	r2, [r3, #40]	@ 0x28
10001308:	4290      	cmp	r0, r2
1000130a:	d8f9      	bhi.n	10001300 <busy_wait_until+0x10>
1000130c:	4770      	bx	lr
1000130e:	bf00      	nop
10001310:	400b0000 	.word	0x400b0000

10001314 <clock_configure_undivided>:
10001314:	eb00 0c40 	add.w	ip, r0, r0, lsl #1
10001318:	ea4f 0c8c 	mov.w	ip, ip, lsl #2
1000131c:	f10c 4c80 	add.w	ip, ip, #1073741824	@ 0x40000000
10001320:	f50c 3c80 	add.w	ip, ip, #65536	@ 0x10000
10001324:	b5f0      	push	{r4, r5, r6, r7, lr}
10001326:	4616      	mov	r6, r2
10001328:	f8dc 2004 	ldr.w	r2, [ip, #4]
1000132c:	1f05      	subs	r5, r0, #4
1000132e:	f5b2 3f80 	cmp.w	r2, #65536	@ 0x10000
10001332:	bf38      	it	cc
10001334:	f44f 3280 	movcc.w	r2, #65536	@ 0x10000
10001338:	b2ed      	uxtb	r5, r5
1000133a:	bf38      	it	cc
1000133c:	f8cc 2004 	strcc.w	r2, [ip, #4]
10001340:	2d01      	cmp	r5, #1
10001342:	d92a      	bls.n	1000139a <clock_configure_undivided+0x86>
10001344:	f44f 6700 	mov.w	r7, #2048	@ 0x800
10001348:	4c25      	ldr	r4, [pc, #148]	@ (100013e0 <clock_configure_undivided+0xcc>)
1000134a:	f50c 5240 	add.w	r2, ip, #12288	@ 0x3000
1000134e:	6017      	str	r7, [r2, #0]
10001350:	f854 2020 	ldr.w	r2, [r4, r0, lsl #2]
10001354:	b9b2      	cbnz	r2, 10001384 <clock_configure_undivided+0x70>
10001356:	f8dc 2000 	ldr.w	r2, [ip]
1000135a:	2d01      	cmp	r5, #1
1000135c:	ea82 1246 	eor.w	r2, r2, r6, lsl #5
10001360:	f002 02e0 	and.w	r2, r2, #224	@ 0xe0
10001364:	f50c 5680 	add.w	r6, ip, #4096	@ 0x1000
10001368:	6032      	str	r2, [r6, #0]
1000136a:	d92a      	bls.n	100013c2 <clock_configure_undivided+0xae>
1000136c:	f44f 6100 	mov.w	r1, #2048	@ 0x800
10001370:	f844 3020 	str.w	r3, [r4, r0, lsl #2]
10001374:	f44f 3380 	mov.w	r3, #65536	@ 0x10000
10001378:	f50c 5200 	add.w	r2, ip, #8192	@ 0x2000
1000137c:	6011      	str	r1, [r2, #0]
1000137e:	f8cc 3004 	str.w	r3, [ip, #4]
10001382:	bdf0      	pop	{r4, r5, r6, r7, pc}
10001384:	6967      	ldr	r7, [r4, #20]
10001386:	fbb7 fef2 	udiv	lr, r7, r2
1000138a:	f10e 0e01 	add.w	lr, lr, #1
1000138e:	eb0e 0e4e 	add.w	lr, lr, lr, lsl #1
10001392:	f1be 0e03 	subs.w	lr, lr, #3
10001396:	d2fc      	bcs.n	10001392 <clock_configure_undivided+0x7e>
10001398:	e7dd      	b.n	10001356 <clock_configure_undivided+0x42>
1000139a:	2901      	cmp	r1, #1
1000139c:	d1d2      	bne.n	10001344 <clock_configure_undivided+0x30>
1000139e:	2403      	movs	r4, #3
100013a0:	f50c 5240 	add.w	r2, ip, #12288	@ 0x3000
100013a4:	6014      	str	r4, [r2, #0]
100013a6:	f8dc 2008 	ldr.w	r2, [ip, #8]
100013aa:	07d2      	lsls	r2, r2, #31
100013ac:	d5fb      	bpl.n	100013a6 <clock_configure_undivided+0x92>
100013ae:	f8dc 2000 	ldr.w	r2, [ip]
100013b2:	4c0b      	ldr	r4, [pc, #44]	@ (100013e0 <clock_configure_undivided+0xcc>)
100013b4:	ea82 1246 	eor.w	r2, r2, r6, lsl #5
100013b8:	f002 02e0 	and.w	r2, r2, #224	@ 0xe0
100013bc:	f50c 5680 	add.w	r6, ip, #4096	@ 0x1000
100013c0:	6032      	str	r2, [r6, #0]
100013c2:	2201      	movs	r2, #1
100013c4:	f8dc 5000 	ldr.w	r5, [ip]
100013c8:	404d      	eors	r5, r1
100013ca:	f005 0503 	and.w	r5, r5, #3
100013ce:	6035      	str	r5, [r6, #0]
100013d0:	fa02 f101 	lsl.w	r1, r2, r1
100013d4:	f8dc 2008 	ldr.w	r2, [ip, #8]
100013d8:	420a      	tst	r2, r1
100013da:	d0fb      	beq.n	100013d4 <clock_configure_undivided+0xc0>
100013dc:	e7c6      	b.n	1000136c <clock_configure_undivided+0x58>
100013de:	bf00      	nop
100013e0:	20002428 	.word	0x20002428

100013e4 <clock_get_hz>:
100013e4:	4b01      	ldr	r3, [pc, #4]	@ (100013ec <clock_get_hz+0x8>)
100013e6:	f853 0020 	ldr.w	r0, [r3, r0, lsl #2]
100013ea:	4770      	bx	lr
100013ec:	20002428 	.word	0x20002428

100013f0 <pll_init>:
100013f0:	b470      	push	{r4, r5, r6}
100013f2:	9d03      	ldr	r5, [sp, #12]
100013f4:	6804      	ldr	r4, [r0, #0]
100013f6:	032d      	lsls	r5, r5, #12
100013f8:	ea45 4503 	orr.w	r5, r5, r3, lsl #16
100013fc:	4b1b      	ldr	r3, [pc, #108]	@ (1000146c <pll_init+0x7c>)
100013fe:	2c00      	cmp	r4, #0
10001400:	fbb3 f3f1 	udiv	r3, r3, r1
10001404:	fbb2 f6f3 	udiv	r6, r2, r3
10001408:	db1f      	blt.n	1000144a <pll_init+0x5a>
1000140a:	4a19      	ldr	r2, [pc, #100]	@ (10001470 <pll_init+0x80>)
1000140c:	4b19      	ldr	r3, [pc, #100]	@ (10001474 <pll_init+0x84>)
1000140e:	4290      	cmp	r0, r2
10001410:	bf14      	ite	ne
10001412:	f44f 4280 	movne.w	r2, #16384	@ 0x4000
10001416:	f44f 4200 	moveq.w	r2, #32768	@ 0x8000
1000141a:	4c17      	ldr	r4, [pc, #92]	@ (10001478 <pll_init+0x88>)
1000141c:	601a      	str	r2, [r3, #0]
1000141e:	f503 5380 	add.w	r3, r3, #4096	@ 0x1000
10001422:	601a      	str	r2, [r3, #0]
10001424:	68a3      	ldr	r3, [r4, #8]
10001426:	ea32 0303 	bics.w	r3, r2, r3
1000142a:	d1fb      	bne.n	10001424 <pll_init+0x34>
1000142c:	2221      	movs	r2, #33	@ 0x21
1000142e:	f500 5340 	add.w	r3, r0, #12288	@ 0x3000
10001432:	3304      	adds	r3, #4
10001434:	6001      	str	r1, [r0, #0]
10001436:	6086      	str	r6, [r0, #8]
10001438:	601a      	str	r2, [r3, #0]
1000143a:	6802      	ldr	r2, [r0, #0]
1000143c:	2a00      	cmp	r2, #0
1000143e:	dafc      	bge.n	1000143a <pll_init+0x4a>
10001440:	2208      	movs	r2, #8
10001442:	60c5      	str	r5, [r0, #12]
10001444:	601a      	str	r2, [r3, #0]
10001446:	bc70      	pop	{r4, r5, r6}
10001448:	4770      	bx	lr
1000144a:	6803      	ldr	r3, [r0, #0]
1000144c:	f003 033f 	and.w	r3, r3, #63	@ 0x3f
10001450:	428b      	cmp	r3, r1
10001452:	d1da      	bne.n	1000140a <pll_init+0x1a>
10001454:	6883      	ldr	r3, [r0, #8]
10001456:	f3c3 030b 	ubfx	r3, r3, #0, #12
1000145a:	42b3      	cmp	r3, r6
1000145c:	d1d5      	bne.n	1000140a <pll_init+0x1a>
1000145e:	68c3      	ldr	r3, [r0, #12]
10001460:	f403 23ee 	and.w	r3, r3, #487424	@ 0x77000
10001464:	42ab      	cmp	r3, r5
10001466:	d1d0      	bne.n	1000140a <pll_init+0x1a>
10001468:	e7ed      	b.n	10001446 <pll_init+0x56>
1000146a:	bf00      	nop
1000146c:	00b71b00 	.word	0x00b71b00
10001470:	40058000 	.word	0x40058000
10001474:	40022000 	.word	0x40022000
10001478:	40020000 	.word	0x40020000

1000147c <watchdog_reboot>:
1000147c:	b430      	push	{r4, r5}
1000147e:	f04f 4480 	mov.w	r4, #1073741824	@ 0x40000000
10001482:	4b1c      	ldr	r3, [pc, #112]	@ (100014f4 <watchdog_reboot+0x78>)
10001484:	601c      	str	r4, [r3, #0]
10001486:	b1e0      	cbz	r0, 100014c2 <watchdog_reboot+0x46>
10001488:	4c1b      	ldr	r4, [pc, #108]	@ (100014f8 <watchdog_reboot+0x7c>)
1000148a:	f5a3 5340 	sub.w	r3, r3, #12288	@ 0x3000
1000148e:	61dc      	str	r4, [r3, #28]
10001490:	4c1a      	ldr	r4, [pc, #104]	@ (100014fc <watchdog_reboot+0x80>)
10001492:	f040 0001 	orr.w	r0, r0, #1
10001496:	4044      	eors	r4, r0
10001498:	621c      	str	r4, [r3, #32]
1000149a:	6259      	str	r1, [r3, #36]	@ 0x24
1000149c:	6298      	str	r0, [r3, #40]	@ 0x28
1000149e:	f04f 4580 	mov.w	r5, #1073741824	@ 0x40000000
100014a2:	f04f 61e0 	mov.w	r1, #117440512	@ 0x7000000
100014a6:	4b13      	ldr	r3, [pc, #76]	@ (100014f4 <watchdog_reboot+0x78>)
100014a8:	4815      	ldr	r0, [pc, #84]	@ (10001500 <watchdog_reboot+0x84>)
100014aa:	4c16      	ldr	r4, [pc, #88]	@ (10001504 <watchdog_reboot+0x88>)
100014ac:	601d      	str	r5, [r3, #0]
100014ae:	6084      	str	r4, [r0, #8]
100014b0:	6019      	str	r1, [r3, #0]
100014b2:	b94a      	cbnz	r2, 100014c8 <watchdog_reboot+0x4c>
100014b4:	bc30      	pop	{r4, r5}
100014b6:	f04f 4200 	mov.w	r2, #2147483648	@ 0x80000000
100014ba:	f5a3 5380 	sub.w	r3, r3, #4096	@ 0x1000
100014be:	601a      	str	r2, [r3, #0]
100014c0:	4770      	bx	lr
100014c2:	4b11      	ldr	r3, [pc, #68]	@ (10001508 <watchdog_reboot+0x8c>)
100014c4:	61d8      	str	r0, [r3, #28]
100014c6:	e7ea      	b.n	1000149e <watchdog_reboot+0x22>
100014c8:	f44f 737a 	mov.w	r3, #1000	@ 0x3e8
100014cc:	fb03 f202 	mul.w	r2, r3, r2
100014d0:	f1b2 7f80 	cmp.w	r2, #16777216	@ 0x1000000
100014d4:	bf2a      	itet	cs
100014d6:	f06f 437f 	mvncs.w	r3, #4278190080	@ 0xff000000
100014da:	4613      	movcc	r3, r2
100014dc:	461a      	movcs	r2, r3
100014de:	f04f 4180 	mov.w	r1, #1073741824	@ 0x40000000
100014e2:	4c0a      	ldr	r4, [pc, #40]	@ (1000150c <watchdog_reboot+0x90>)
100014e4:	4808      	ldr	r0, [pc, #32]	@ (10001508 <watchdog_reboot+0x8c>)
100014e6:	6023      	str	r3, [r4, #0]
100014e8:	4b09      	ldr	r3, [pc, #36]	@ (10001510 <watchdog_reboot+0x94>)
100014ea:	6042      	str	r2, [r0, #4]
100014ec:	bc30      	pop	{r4, r5}
100014ee:	6019      	str	r1, [r3, #0]
100014f0:	4770      	bx	lr
100014f2:	bf00      	nop
100014f4:	400db000 	.word	0x400db000
100014f8:	b007c0d3 	.word	0xb007c0d3
100014fc:	4ff83f2d 	.word	0x4ff83f2d
10001500:	4001a000 	.word	0x4001a000
10001504:	01fffff3 	.word	0x01fffff3
10001508:	400d8000 	.word	0x400d8000
1000150c:	20002894 	.word	0x20002894
10001510:	400da000 	.word	0x400da000

10001514 <tick_start>:
10001514:	2301      	movs	r3, #1
10001516:	eb00 0040 	add.w	r0, r0, r0, lsl #1
1000151a:	0080      	lsls	r0, r0, #2
1000151c:	f100 4080 	add.w	r0, r0, #1073741824	@ 0x40000000
10001520:	f500 1084 	add.w	r0, r0, #1081344	@ 0x108000
10001524:	6041      	str	r1, [r0, #4]
10001526:	6003      	str	r3, [r0, #0]
10001528:	4770      	bx	lr
1000152a:	bf00      	nop

1000152c <rom_reboot.constprop.0.isra.0>:
1000152c:	2300      	movs	r3, #0
1000152e:	b570      	push	{r4, r5, r6, lr}
10001530:	8adb      	ldrh	r3, [r3, #22]
10001532:	4604      	mov	r4, r0
10001534:	460d      	mov	r5, r1
10001536:	2200      	movs	r2, #0
10001538:	e842 f200 	tt	r2, r2
1000153c:	0252      	lsls	r2, r2, #9
1000153e:	bf54      	ite	pl
10001540:	2110      	movpl	r1, #16
10001542:	2104      	movmi	r1, #4
10001544:	f244 2052 	movw	r0, #16978	@ 0x4252
10001548:	4798      	blx	r3
1000154a:	4686      	mov	lr, r0
1000154c:	462b      	mov	r3, r5
1000154e:	4622      	mov	r2, r4
10001550:	46f4      	mov	ip, lr
10001552:	e8bd 4070 	ldmia.w	sp!, {r4, r5, r6, lr}
10001556:	210a      	movs	r1, #10
10001558:	f44f 7081 	mov.w	r0, #258	@ 0x102
1000155c:	4760      	bx	ip
1000155e:	bf00      	nop

10001560 <rom_func_lookup>:
10001560:	2300      	movs	r3, #0
10001562:	8adb      	ldrh	r3, [r3, #22]
10001564:	2200      	movs	r2, #0
10001566:	e842 f200 	tt	r2, r2
1000156a:	0252      	lsls	r2, r2, #9
1000156c:	d401      	bmi.n	10001572 <rom_func_lookup+0x12>
1000156e:	2110      	movs	r1, #16
10001570:	4718      	bx	r3
10001572:	2104      	movs	r1, #4
10001574:	4718      	bx	r3
10001576:	bf00      	nop

10001578 <rom_reset_usb_boot_extra>:
10001578:	b508      	push	{r3, lr}
1000157a:	4603      	mov	r3, r0
1000157c:	4608      	mov	r0, r1
1000157e:	1e19      	subs	r1, r3, #0
10001580:	db02      	blt.n	10001588 <rom_reset_usb_boot_extra+0x10>
10001582:	b11a      	cbz	r2, 1000158c <rom_reset_usb_boot_extra+0x14>
10001584:	f040 0030 	orr.w	r0, r0, #48	@ 0x30
10001588:	f7ff ffd0 	bl	1000152c <rom_reboot.constprop.0.isra.0>
1000158c:	f040 0020 	orr.w	r0, r0, #32
10001590:	e7fa      	b.n	10001588 <rom_reset_usb_boot_extra+0x10>
10001592:	bf00      	nop

10001594 <runtime_init_bootrom_locking_enable>:
10001594:	4a03      	ldr	r2, [pc, #12]	@ (100015a4 <runtime_init_bootrom_locking_enable+0x10>)
10001596:	f8d2 3828 	ldr.w	r3, [r2, #2088]	@ 0x828
1000159a:	2b00      	cmp	r3, #0
1000159c:	d0fb      	beq.n	10001596 <runtime_init_bootrom_locking_enable+0x2>
1000159e:	f3bf 8f5f 	dmb	sy
100015a2:	4770      	bx	lr
100015a4:	400e0000 	.word	0x400e0000

100015a8 <runtime_init_boot_locks_reset>:
100015a8:	2100      	movs	r1, #0
100015aa:	4b04      	ldr	r3, [pc, #16]	@ (100015bc <runtime_init_boot_locks_reset+0x14>)
100015ac:	4a04      	ldr	r2, [pc, #16]	@ (100015c0 <runtime_init_boot_locks_reset+0x18>)
100015ae:	f3bf 8f5f 	dmb	sy
100015b2:	f843 1b04 	str.w	r1, [r3], #4
100015b6:	4293      	cmp	r3, r2
100015b8:	d1f9      	bne.n	100015ae <runtime_init_boot_locks_reset+0x6>
100015ba:	4770      	bx	lr
100015bc:	400e080c 	.word	0x400e080c
100015c0:	400e082c 	.word	0x400e082c

100015c4 <xosc_init>:
100015c4:	b410      	push	{r4}
100015c6:	f44f 708d 	mov.w	r0, #282	@ 0x11a
100015ca:	f44f 642a 	mov.w	r4, #2720	@ 0xaa0
100015ce:	4a06      	ldr	r2, [pc, #24]	@ (100015e8 <xosc_init+0x24>)
100015d0:	4b06      	ldr	r3, [pc, #24]	@ (100015ec <xosc_init+0x28>)
100015d2:	4907      	ldr	r1, [pc, #28]	@ (100015f0 <xosc_init+0x2c>)
100015d4:	6014      	str	r4, [r2, #0]
100015d6:	60d0      	str	r0, [r2, #12]
100015d8:	6019      	str	r1, [r3, #0]
100015da:	6853      	ldr	r3, [r2, #4]
100015dc:	2b00      	cmp	r3, #0
100015de:	dafc      	bge.n	100015da <xosc_init+0x16>
100015e0:	f85d 4b04 	ldr.w	r4, [sp], #4
100015e4:	4770      	bx	lr
100015e6:	bf00      	nop
100015e8:	40048000 	.word	0x40048000
100015ec:	4004a000 	.word	0x4004a000
100015f0:	00fab000 	.word	0x00fab000

100015f4 <first_per_core_initializer>:
100015f4:	4770      	bx	lr
100015f6:	bf00      	nop

100015f8 <hard_assertion_failure>:
100015f8:	b508      	push	{r3, lr}
100015fa:	4801      	ldr	r0, [pc, #4]	@ (10001600 <hard_assertion_failure+0x8>)
100015fc:	f7fe ff50 	bl	100004a0 <panic>
10001600:	10008264 	.word	0x10008264

10001604 <runtime_run_initializers>:
10001604:	b538      	push	{r3, r4, r5, lr}
10001606:	4c05      	ldr	r4, [pc, #20]	@ (1000161c <runtime_run_initializers+0x18>)
10001608:	4d05      	ldr	r5, [pc, #20]	@ (10001620 <runtime_run_initializers+0x1c>)
1000160a:	42ac      	cmp	r4, r5
1000160c:	d204      	bcs.n	10001618 <runtime_run_initializers+0x14>
1000160e:	f854 3b04 	ldr.w	r3, [r4], #4
10001612:	4798      	blx	r3
10001614:	42ac      	cmp	r4, r5
10001616:	d3fa      	bcc.n	1000160e <runtime_run_initializers+0xa>
10001618:	bd38      	pop	{r3, r4, r5, pc}
1000161a:	bf00      	nop
1000161c:	10008150 	.word	0x10008150
10001620:	10008190 	.word	0x10008190

10001624 <runtime_init_early_resets>:
10001624:	b410      	push	{r4}
10001626:	4807      	ldr	r0, [pc, #28]	@ (10001644 <runtime_init_early_resets+0x20>)
10001628:	4c07      	ldr	r4, [pc, #28]	@ (10001648 <runtime_init_early_resets+0x24>)
1000162a:	4b08      	ldr	r3, [pc, #32]	@ (1000164c <runtime_init_early_resets+0x28>)
1000162c:	4a08      	ldr	r2, [pc, #32]	@ (10001650 <runtime_init_early_resets+0x2c>)
1000162e:	4909      	ldr	r1, [pc, #36]	@ (10001654 <runtime_init_early_resets+0x30>)
10001630:	6004      	str	r4, [r0, #0]
10001632:	601a      	str	r2, [r3, #0]
10001634:	688b      	ldr	r3, [r1, #8]
10001636:	ea32 0303 	bics.w	r3, r2, r3
1000163a:	d1fb      	bne.n	10001634 <runtime_init_early_resets+0x10>
1000163c:	f85d 4b04 	ldr.w	r4, [sp], #4
10001640:	4770      	bx	lr
10001642:	bf00      	nop
10001644:	40022000 	.word	0x40022000
10001648:	efef3b7f 	.word	0xefef3b7f
1000164c:	40023000 	.word	0x40023000
10001650:	03f3fff6 	.word	0x03f3fff6
10001654:	40020000 	.word	0x40020000

10001658 <runtime_init_usb_power_down>:
10001658:	4b04      	ldr	r3, [pc, #16]	@ (1000166c <runtime_init_usb_power_down+0x14>)
1000165a:	6cdb      	ldr	r3, [r3, #76]	@ 0x4c
1000165c:	f5b3 4f00 	cmp.w	r3, #32768	@ 0x8000
10001660:	d103      	bne.n	1000166a <runtime_init_usb_power_down+0x12>
10001662:	f44f 2280 	mov.w	r2, #262144	@ 0x40000
10001666:	4b02      	ldr	r3, [pc, #8]	@ (10001670 <runtime_init_usb_power_down+0x18>)
10001668:	64da      	str	r2, [r3, #76]	@ 0x4c
1000166a:	4770      	bx	lr
1000166c:	50110000 	.word	0x50110000
10001670:	50112000 	.word	0x50112000

10001674 <runtime_init_per_core_enable_coprocessors>:
10001674:	f04f 22e0 	mov.w	r2, #3758153728	@ 0xe000e000
10001678:	4b04      	ldr	r3, [pc, #16]	@ (1000168c <runtime_init_per_core_enable_coprocessors+0x18>)
1000167a:	f8d2 1d88 	ldr.w	r1, [r2, #3464]	@ 0xd88
1000167e:	430b      	orrs	r3, r1
10001680:	f8c2 3d88 	str.w	r3, [r2, #3464]	@ 0xd88
10001684:	ee10 0430 			dcp_rcmp r0
10001688:	4770      	bx	lr
1000168a:	bf00      	nop
1000168c:	00300303 	.word	0x00300303

10001690 <runtime_init_post_clock_resets>:
10001690:	f06f 4160 	mvn.w	r1, #3758096384	@ 0xe0000000
10001694:	4b04      	ldr	r3, [pc, #16]	@ (100016a8 <runtime_init_post_clock_resets+0x18>)
10001696:	4a05      	ldr	r2, [pc, #20]	@ (100016ac <runtime_init_post_clock_resets+0x1c>)
10001698:	6019      	str	r1, [r3, #0]
1000169a:	6893      	ldr	r3, [r2, #8]
1000169c:	43db      	mvns	r3, r3
1000169e:	f033 4360 	bics.w	r3, r3, #3758096384	@ 0xe0000000
100016a2:	d1fa      	bne.n	1000169a <runtime_init_post_clock_resets+0xa>
100016a4:	4770      	bx	lr
100016a6:	bf00      	nop
100016a8:	40023000 	.word	0x40023000
100016ac:	40020000 	.word	0x40020000

100016b0 <runtime_init_bootrom_reset>:
100016b0:	b510      	push	{r4, lr}
100016b2:	f245 2053 	movw	r0, #21075	@ 0x5253
100016b6:	f7ff ff53 	bl	10001560 <rom_func_lookup>
100016ba:	e8bd 4010 	ldmia.w	sp!, {r4, lr}
100016be:	4603      	mov	r3, r0
100016c0:	2004      	movs	r0, #4
100016c2:	4718      	bx	r3

100016c4 <runtime_init_per_core_bootrom_reset>:
100016c4:	b510      	push	{r4, lr}
100016c6:	f245 2053 	movw	r0, #21075	@ 0x5253
100016ca:	f7ff ff49 	bl	10001560 <rom_func_lookup>
100016ce:	e8bd 4010 	ldmia.w	sp!, {r4, lr}
100016d2:	4603      	mov	r3, r0
100016d4:	2001      	movs	r0, #1
100016d6:	4718      	bx	r3

100016d8 <runtime_init_spin_locks_reset>:
100016d8:	f7fe bf8a 	b.w	100005f0 <spin_locks_reset>

100016dc <runtime_init_install_ram_vector_table>:
100016dc:	b510      	push	{r4, lr}
100016de:	4b05      	ldr	r3, [pc, #20]	@ (100016f4 <runtime_init_install_ram_vector_table+0x18>)
100016e0:	4c05      	ldr	r4, [pc, #20]	@ (100016f8 <runtime_init_install_ram_vector_table+0x1c>)
100016e2:	f44f 7288 	mov.w	r2, #272	@ 0x110
100016e6:	4618      	mov	r0, r3
100016e8:	68a1      	ldr	r1, [r4, #8]
100016ea:	f006 fb0f 	bl	10007d0c <memcpy>
100016ee:	60a0      	str	r0, [r4, #8]
100016f0:	bd10      	pop	{r4, pc}
100016f2:	bf00      	nop
100016f4:	20000000 	.word	0x20000000
100016f8:	e000ed00 	.word	0xe000ed00

100016fc <runtime_init_clocks>:
100016fc:	2300      	movs	r3, #0
100016fe:	b570      	push	{r4, r5, r6, lr}
10001700:	4c2b      	ldr	r4, [pc, #172]	@ (100017b0 <runtime_init_clocks+0xb4>)
10001702:	b082      	sub	sp, #8
10001704:	f8c4 3084 	str.w	r3, [r4, #132]	@ 0x84
10001708:	f7ff ff5c 	bl	100015c4 <xosc_init>
1000170c:	2201      	movs	r2, #1
1000170e:	4b29      	ldr	r3, [pc, #164]	@ (100017b4 <runtime_init_clocks+0xb8>)
10001710:	63da      	str	r2, [r3, #60]	@ 0x3c
10001712:	6c63      	ldr	r3, [r4, #68]	@ 0x44
10001714:	2b01      	cmp	r3, #1
10001716:	d1fc      	bne.n	10001712 <runtime_init_clocks+0x16>
10001718:	2103      	movs	r1, #3
1000171a:	4a26      	ldr	r2, [pc, #152]	@ (100017b4 <runtime_init_clocks+0xb8>)
1000171c:	4b24      	ldr	r3, [pc, #144]	@ (100017b0 <runtime_init_clocks+0xb4>)
1000171e:	6311      	str	r1, [r2, #48]	@ 0x30
10001720:	6b9c      	ldr	r4, [r3, #56]	@ 0x38
10001722:	2c01      	cmp	r4, #1
10001724:	d1fc      	bne.n	10001720 <runtime_init_clocks+0x24>
10001726:	2602      	movs	r6, #2
10001728:	2505      	movs	r5, #5
1000172a:	4621      	mov	r1, r4
1000172c:	2305      	movs	r3, #5
1000172e:	4a22      	ldr	r2, [pc, #136]	@ (100017b8 <runtime_init_clocks+0xbc>)
10001730:	4822      	ldr	r0, [pc, #136]	@ (100017bc <runtime_init_clocks+0xc0>)
10001732:	9600      	str	r6, [sp, #0]
10001734:	f7ff fe5c 	bl	100013f0 <pll_init>
10001738:	4621      	mov	r1, r4
1000173a:	462b      	mov	r3, r5
1000173c:	4a20      	ldr	r2, [pc, #128]	@ (100017c0 <runtime_init_clocks+0xc4>)
1000173e:	4821      	ldr	r0, [pc, #132]	@ (100017c4 <runtime_init_clocks+0xc8>)
10001740:	9500      	str	r5, [sp, #0]
10001742:	f7ff fe55 	bl	100013f0 <pll_init>
10001746:	2200      	movs	r2, #0
10001748:	2004      	movs	r0, #4
1000174a:	4631      	mov	r1, r6
1000174c:	4b1e      	ldr	r3, [pc, #120]	@ (100017c8 <runtime_init_clocks+0xcc>)
1000174e:	f7ff fde1 	bl	10001314 <clock_configure_undivided>
10001752:	4621      	mov	r1, r4
10001754:	4628      	mov	r0, r5
10001756:	2200      	movs	r2, #0
10001758:	4b1c      	ldr	r3, [pc, #112]	@ (100017cc <runtime_init_clocks+0xd0>)
1000175a:	f7ff fddb 	bl	10001314 <clock_configure_undivided>
1000175e:	2200      	movs	r2, #0
10001760:	2008      	movs	r0, #8
10001762:	4611      	mov	r1, r2
10001764:	4b1a      	ldr	r3, [pc, #104]	@ (100017d0 <runtime_init_clocks+0xd4>)
10001766:	f7ff fdd5 	bl	10001314 <clock_configure_undivided>
1000176a:	2200      	movs	r2, #0
1000176c:	2009      	movs	r0, #9
1000176e:	4611      	mov	r1, r2
10001770:	4b17      	ldr	r3, [pc, #92]	@ (100017d0 <runtime_init_clocks+0xd4>)
10001772:	f7ff fdcf 	bl	10001314 <clock_configure_undivided>
10001776:	2200      	movs	r2, #0
10001778:	2006      	movs	r0, #6
1000177a:	4611      	mov	r1, r2
1000177c:	4b13      	ldr	r3, [pc, #76]	@ (100017cc <runtime_init_clocks+0xd0>)
1000177e:	f7ff fdc9 	bl	10001314 <clock_configure_undivided>
10001782:	2200      	movs	r2, #0
10001784:	4b11      	ldr	r3, [pc, #68]	@ (100017cc <runtime_init_clocks+0xd0>)
10001786:	2007      	movs	r0, #7
10001788:	4611      	mov	r1, r2
1000178a:	f7ff fdc3 	bl	10001314 <clock_configure_undivided>
1000178e:	2004      	movs	r0, #4
10001790:	f7ff fe28 	bl	100013e4 <clock_get_hz>
10001794:	2400      	movs	r4, #0
10001796:	4b0f      	ldr	r3, [pc, #60]	@ (100017d4 <runtime_init_clocks+0xd8>)
10001798:	fba3 3500 	umull	r3, r5, r3, r0
1000179c:	0cad      	lsrs	r5, r5, #18
1000179e:	b2e0      	uxtb	r0, r4
100017a0:	4629      	mov	r1, r5
100017a2:	3401      	adds	r4, #1
100017a4:	f7ff feb6 	bl	10001514 <tick_start>
100017a8:	2c06      	cmp	r4, #6
100017aa:	d1f8      	bne.n	1000179e <runtime_init_clocks+0xa2>
100017ac:	b002      	add	sp, #8
100017ae:	bd70      	pop	{r4, r5, r6, pc}
100017b0:	40010000 	.word	0x40010000
100017b4:	40013000 	.word	0x40013000
100017b8:	59682f00 	.word	0x59682f00
100017bc:	40050000 	.word	0x40050000
100017c0:	47868c00 	.word	0x47868c00
100017c4:	40058000 	.word	0x40058000
100017c8:	00b71b00 	.word	0x00b71b00
100017cc:	08f0d180 	.word	0x08f0d180
100017d0:	02dc6c00 	.word	0x02dc6c00
100017d4:	431bde83 	.word	0x431bde83

100017d8 <generic_save_state>:
100017d8:	b086      	sub	sp, #24
100017da:	b403      	push	{r0, r1}
100017dc:	fc51 0408 	dcp_pxmd r0, r1
100017e0:	e9cd 0102 	strd	r0, r1, [sp, #8]
100017e4:	fc51 0409 	dcp_pymd r0, r1
100017e8:	e9cd 0104 	strd	r0, r1, [sp, #16]
100017ec:	ec51 040a 	dcp_refd r0, r1
100017f0:	e9cd 0106 	strd	r0, r1, [sp, #24]
100017f4:	bc03      	pop	{r0, r1}
100017f6:	47f0      	blx	lr

100017f8 <generic_restore_state>:
100017f8:	e8bd 5000 	ldmia.w	sp!, {ip, lr}
100017fc:	ec4e c400 	dcp_wxmd ip, lr
10001800:	e8bd 5000 	ldmia.w	sp!, {ip, lr}
10001804:	ec4e c401 	dcp_wymd ip, lr
10001808:	e8bd 5000 	ldmia.w	sp!, {ip, lr}
1000180c:	ec4e c402 	dcp_wefd ip, lr
10001810:	bd00      	pop	{pc}
10001812:	0000      	movs	r0, r0
10001814:	b500      	push	{lr}
10001816:	f7ff ffdf 	bl	100017d8 <generic_save_state>
1000181a:	e002      	b.n	10001822 <__wrap___aeabi_dadd+0x6>

1000181c <__wrap___aeabi_dadd>:
1000181c:	fe10 f430 	dcp_pcmp APSR_nzcv
10001820:	d4f8      	bmi.n	10001814 <generic_restore_state+0x1c>
10001822:	ec41 0410 	dcp_wxup r0, r1
10001826:	ec43 2411 	dcp_wyup r2, r3
1000182a:	ee00 0401 			dcp_add0
1000182e:	ee10 0401 			dcp_add1
10001832:	ee80 0420 			dcp_nrdd
10001836:	ec51 0410 	dcp_rdda r0, r1
1000183a:	4770      	bx	lr
1000183c:	b500      	push	{lr}
1000183e:	f7ff ffcb 	bl	100017d8 <generic_save_state>
10001842:	e002      	b.n	1000184a <__wrap___aeabi_dsub+0x6>

10001844 <__wrap___aeabi_dsub>:
10001844:	fe10 f430 	dcp_pcmp APSR_nzcv
10001848:	d4f8      	bmi.n	1000183c <__wrap___aeabi_dadd+0x20>
1000184a:	ec41 0410 	dcp_wxup r0, r1
1000184e:	ec43 2411 	dcp_wyup r2, r3
10001852:	ee00 0401 			dcp_add0
10001856:	ee10 0421 			dcp_sub1
1000185a:	ee80 0420 			dcp_nrdd
1000185e:	ec51 0430 	dcp_rdds r0, r1
10001862:	4770      	bx	lr
10001864:	b500      	push	{lr}
10001866:	f7ff ffb7 	bl	100017d8 <generic_save_state>
1000186a:	e002      	b.n	10001872 <__wrap___aeabi_dmul+0x6>

1000186c <__wrap___aeabi_dmul>:
1000186c:	fe10 f430 	dcp_pcmp APSR_nzcv
10001870:	d4f8      	bmi.n	10001864 <__wrap___aeabi_dsub+0x20>
10001872:	b510      	push	{r4, lr}
10001874:	ec41 0410 	dcp_wxup r0, r1
10001878:	ec43 2411 	dcp_wyup r2, r3
1000187c:	ec51 0404 	dcp_rxms r0, r1, #0x0
10001880:	ec53 2405 	dcp_ryms r2, r3, #0x0
10001884:	fba0 4c02 	umull	r4, ip, r0, r2
10001888:	f05f 0e00 	movs.w	lr, #0
1000188c:	fbe0 ce03 	umlal	ip, lr, r0, r3
10001890:	fbe1 ce02 	umlal	ip, lr, r1, r2
10001894:	ec4c 4420 	dcp_wxms r4, ip
10001898:	2400      	movs	r4, #0
1000189a:	fbe1 e403 	umlal	lr, r4, r1, r3
1000189e:	ec44 e430 	dcp_wxmo lr, r4
100018a2:	ee80 0420 			dcp_nrdd
100018a6:	ec51 0450 	dcp_rddm r0, r1
100018aa:	e8bd 4010 	ldmia.w	sp!, {r4, lr}
100018ae:	4770      	bx	lr
100018b0:	b500      	push	{lr}
100018b2:	f7ff ff91 	bl	100017d8 <generic_save_state>
100018b6:	e002      	b.n	100018be <__wrap___aeabi_ddiv+0x6>

100018b8 <__wrap___aeabi_ddiv>:
100018b8:	fe10 f430 	dcp_pcmp APSR_nzcv
100018bc:	d4f8      	bmi.n	100018b0 <__wrap___aeabi_dmul+0x44>
100018be:	ec41 0410 	dcp_wxup r0, r1
100018c2:	ec43 2411 	dcp_wyup r2, r3
100018c6:	ec51 0421 	dcp_rymr r0, r1
100018ca:	fba0 1201 	umull	r1, r2, r0, r1
100018ce:	ea6f 0282 	mvn.w	r2, r2, lsl #2
100018d2:	fb52 0010 	smmlar	r0, r2, r0, r0
100018d6:	fb52 f212 	smmulr	r2, r2, r2
100018da:	fb52 0010 	smmlar	r0, r2, r0, r0
100018de:	eba0 7cd0 	sub.w	ip, r0, r0, lsr #31
100018e2:	ec53 2404 	dcp_rxms r2, r3, #0x0
100018e6:	fb5c f113 	smmulr	r1, ip, r3
100018ea:	ec53 2415 	dcp_ryms r2, r3, #0x1
100018ee:	fba1 2002 	umull	r2, r0, r1, r2
100018f2:	fb01 0003 	mla	r0, r1, r3, r0
100018f6:	ec53 2444 	dcp_rxms r2, r3, #0x4
100018fa:	eba2 0000 	sub.w	r0, r2, r0
100018fe:	fb50 f21c 	smmulr	r2, r0, ip
10001902:	ea4f 1311 	mov.w	r3, r1, lsr #4
10001906:	eb12 7001 	adds.w	r0, r2, r1, lsl #28
1000190a:	eb43 71e2 	adc.w	r1, r3, r2, asr #31
1000190e:	ea40 5051 	orr.w	r0, r0, r1, lsr #21
10001912:	ea20 5091 	bic.w	r0, r0, r1, lsr #22
10001916:	f020 0007 	bic.w	r0, r0, #7
1000191a:	ec53 2475 	dcp_ryms r2, r3, #0x7
1000191e:	fba0 3c02 	umull	r3, ip, r0, r2
10001922:	ec53 2475 	dcp_ryms r2, r3, #0x7
10001926:	fb00 cc03 	mla	ip, r0, r3, ip
1000192a:	fb01 cc02 	mla	ip, r1, r2, ip
1000192e:	ec53 2404 	dcp_rxms r2, r3, #0x0
10001932:	ebac 4c82 	sub.w	ip, ip, r2, lsl #18
10001936:	ea40 705c 	orr.w	r0, r0, ip, lsr #29
1000193a:	f1a0 0001 	sub.w	r0, r0, #1
1000193e:	ec41 0440 	dcp_wxdd r0, r1
10001942:	ee80 0420 			dcp_nrdd
10001946:	ec51 0470 	dcp_rddd r0, r1
1000194a:	4770      	bx	lr
1000194c:	b500      	push	{lr}
1000194e:	f7ff ff43 	bl	100017d8 <generic_save_state>
10001952:	e002      	b.n	1000195a <__wrap___aeabi_i2d+0x6>

10001954 <__wrap___aeabi_i2d>:
10001954:	fe10 f430 	dcp_pcmp APSR_nzcv
10001958:	d4f8      	bmi.n	1000194c <__wrap___aeabi_ddiv+0x94>
1000195a:	ec40 0470 	dcp_wxic r0, r0
1000195e:	ee00 0401 			dcp_add0
10001962:	ee10 0421 			dcp_sub1
10001966:	ee80 0420 			dcp_nrdd
1000196a:	ec51 0430 	dcp_rdds r0, r1
1000196e:	4770      	bx	lr
10001970:	b500      	push	{lr}
10001972:	f7ff ff31 	bl	100017d8 <generic_save_state>
10001976:	e002      	b.n	1000197e <__wrap___aeabi_ui2d+0x6>

10001978 <__wrap___aeabi_ui2d>:
10001978:	fe10 f430 	dcp_pcmp APSR_nzcv
1000197c:	d4f8      	bmi.n	10001970 <__wrap___aeabi_i2d+0x1c>
1000197e:	ec40 0460 	dcp_wxuc r0, r0
10001982:	ee00 0401 			dcp_add0
10001986:	ee10 0421 			dcp_sub1
1000198a:	ee80 0420 			dcp_nrdd
1000198e:	ec51 0430 	dcp_rdds r0, r1
10001992:	4770      	bx	lr
10001994:	b500      	push	{lr}
10001996:	f7ff ff1f 	bl	100017d8 <generic_save_state>
1000199a:	e002      	b.n	100019a2 <double2int_z_entry>

1000199c <__wrap___aeabi_d2iz>:
1000199c:	fe10 f430 	dcp_pcmp APSR_nzcv
100019a0:	d4f8      	bmi.n	10001994 <__wrap___aeabi_ui2d+0x1c>

100019a2 <double2int_z_entry>:
100019a2:	ec41 0480 	dcp_wxdc r0, r1
100019a6:	ee00 0401 			dcp_add0
100019aa:	ee10 0401 			dcp_add1
100019ae:	ee80 0440 			dcp_ntdc
100019b2:	ee10 0413 			dcp_rdic r0
100019b6:	4770      	bx	lr
100019b8:	b500      	push	{lr}
100019ba:	f7ff ff0d 	bl	100017d8 <generic_save_state>
100019be:	e002      	b.n	100019c6 <double2uint_z_entry>

100019c0 <__wrap___aeabi_d2uiz>:
100019c0:	fe10 f430 	dcp_pcmp APSR_nzcv
100019c4:	d4f8      	bmi.n	100019b8 <double2int_z_entry+0x16>

100019c6 <double2uint_z_entry>:
100019c6:	ec41 0480 	dcp_wxdc r0, r1
100019ca:	ee00 0401 			dcp_add0
100019ce:	ee10 0401 			dcp_add1
100019d2:	ee80 0440 			dcp_ntdc
100019d6:	ee10 0433 			dcp_rduc r0
100019da:	4770      	bx	lr
100019dc:	b500      	push	{lr}
100019de:	f7ff fefb 	bl	100017d8 <generic_save_state>
100019e2:	e002      	b.n	100019ea <__wrap___aeabi_dcmpun+0x6>

100019e4 <__wrap___aeabi_dcmpun>:
100019e4:	fe10 f430 	dcp_pcmp APSR_nzcv
100019e8:	d4f8      	bmi.n	100019dc <double2uint_z_entry+0x16>
100019ea:	ec41 0410 	dcp_wxup r0, r1
100019ee:	ec43 2411 	dcp_wyup r2, r3
100019f2:	ee00 0401 			dcp_add0
100019f6:	ee10 0430 			dcp_rcmp r0
100019fa:	f3c0 7000 	ubfx	r0, r0, #28, #1
100019fe:	4770      	bx	lr
10001a00:	b500      	push	{lr}
10001a02:	f7ff fee9 	bl	100017d8 <generic_save_state>
10001a06:	e002      	b.n	10001a0e <__wrap___aeabi_dcmplt+0x6>

10001a08 <__wrap___aeabi_dcmplt>:
10001a08:	fe10 f430 	dcp_pcmp APSR_nzcv
10001a0c:	d4f8      	bmi.n	10001a00 <__wrap___aeabi_dcmpun+0x1c>
10001a0e:	ec43 2410 	dcp_wxup r2, r3
10001a12:	ec41 0411 	dcp_wyup r0, r1
10001a16:	ee00 0401 			dcp_add0
10001a1a:	ee10 f430 			dcp_rcmp APSR_nzcv
10001a1e:	bf8c      	ite	hi
10001a20:	2001      	movhi	r0, #1
10001a22:	2000      	movls	r0, #0
10001a24:	4770      	bx	lr
10001a26:	bf00      	nop
10001a28:	b500      	push	{lr}
10001a2a:	f7ff fed5 	bl	100017d8 <generic_save_state>
10001a2e:	e002      	b.n	10001a36 <__wrap___aeabi_dcmple+0x6>

10001a30 <__wrap___aeabi_dcmple>:
10001a30:	fe10 f430 	dcp_pcmp APSR_nzcv
10001a34:	d4f8      	bmi.n	10001a28 <__wrap___aeabi_dcmplt+0x20>
10001a36:	ec43 2410 	dcp_wxup r2, r3
10001a3a:	ec41 0411 	dcp_wyup r0, r1
10001a3e:	ee00 0401 			dcp_add0
10001a42:	ee10 f430 			dcp_rcmp APSR_nzcv
10001a46:	bf2c      	ite	cs
10001a48:	2001      	movcs	r0, #1
10001a4a:	2000      	movcc	r0, #0
10001a4c:	4770      	bx	lr
10001a4e:	bf00      	nop
10001a50:	b500      	push	{lr}
10001a52:	f7ff fec1 	bl	100017d8 <generic_save_state>
10001a56:	e002      	b.n	10001a5e <__wrap___aeabi_dcmpge+0x6>

10001a58 <__wrap___aeabi_dcmpge>:
10001a58:	fe10 f430 	dcp_pcmp APSR_nzcv
10001a5c:	d4f8      	bmi.n	10001a50 <__wrap___aeabi_dcmple+0x20>
10001a5e:	ec41 0410 	dcp_wxup r0, r1
10001a62:	ec43 2411 	dcp_wyup r2, r3
10001a66:	ee00 0401 			dcp_add0
10001a6a:	ee10 f430 			dcp_rcmp APSR_nzcv
10001a6e:	bf2c      	ite	cs
10001a70:	2001      	movcs	r0, #1
10001a72:	2000      	movcc	r0, #0
10001a74:	4770      	bx	lr
10001a76:	bf00      	nop
10001a78:	b500      	push	{lr}
10001a7a:	f7ff fead 	bl	100017d8 <generic_save_state>
10001a7e:	e002      	b.n	10001a86 <__wrap___aeabi_dcmpgt+0x6>

10001a80 <__wrap___aeabi_dcmpgt>:
10001a80:	fe10 f430 	dcp_pcmp APSR_nzcv
10001a84:	d4f8      	bmi.n	10001a78 <__wrap___aeabi_dcmpge+0x20>
10001a86:	ec41 0410 	dcp_wxup r0, r1
10001a8a:	ec43 2411 	dcp_wyup r2, r3
10001a8e:	ee00 0401 			dcp_add0
10001a92:	ee10 f430 			dcp_rcmp APSR_nzcv
10001a96:	bf8c      	ite	hi
10001a98:	2001      	movhi	r0, #1
10001a9a:	2000      	movls	r0, #0
10001a9c:	4770      	bx	lr
10001a9e:	bf00      	nop

10001aa0 <__wrap_malloc>:
10001aa0:	b510      	push	{r4, lr}
10001aa2:	4604      	mov	r4, r0
10001aa4:	f005 fde2 	bl	1000766c <malloc>
10001aa8:	b128      	cbz	r0, 10001ab6 <__wrap_malloc+0x16>
10001aaa:	4603      	mov	r3, r0
10001aac:	4a03      	ldr	r2, [pc, #12]	@ (10001abc <__wrap_malloc+0x1c>)
10001aae:	4423      	add	r3, r4
10001ab0:	4293      	cmp	r3, r2
10001ab2:	d800      	bhi.n	10001ab6 <__wrap_malloc+0x16>
10001ab4:	bd10      	pop	{r4, pc}
10001ab6:	4802      	ldr	r0, [pc, #8]	@ (10001ac0 <__wrap_malloc+0x20>)
10001ab8:	f7fe fcf2 	bl	100004a0 <panic>
10001abc:	20080000 	.word	0x20080000
10001ac0:	10008270 	.word	0x10008270

10001ac4 <__wrap_free>:
10001ac4:	f005 bdda 	b.w	1000767c <free>

10001ac8 <_out_null>:
10001ac8:	4770      	bx	lr
10001aca:	bf00      	nop

10001acc <_out_rev>:
10001acc:	e92d 4ff0 	stmdb	sp!, {r4, r5, r6, r7, r8, r9, sl, fp, lr}
10001ad0:	b083      	sub	sp, #12
10001ad2:	4699      	mov	r9, r3
10001ad4:	e9dd ab0d 	ldrd	sl, fp, [sp, #52]	@ 0x34
10001ad8:	9b0f      	ldr	r3, [sp, #60]	@ 0x3c
10001ada:	4688      	mov	r8, r1
10001adc:	4611      	mov	r1, r2
10001ade:	079a      	lsls	r2, r3, #30
10001ae0:	4607      	mov	r7, r0
10001ae2:	d116      	bne.n	10001b12 <_out_rev+0x46>
10001ae4:	45da      	cmp	sl, fp
10001ae6:	d23a      	bcs.n	10001b5e <_out_rev+0x92>
10001ae8:	460c      	mov	r4, r1
10001aea:	460d      	mov	r5, r1
10001aec:	ebab 060a 	sub.w	r6, fp, sl
10001af0:	440e      	add	r6, r1
10001af2:	4622      	mov	r2, r4
10001af4:	464b      	mov	r3, r9
10001af6:	4641      	mov	r1, r8
10001af8:	2020      	movs	r0, #32
10001afa:	3401      	adds	r4, #1
10001afc:	47b8      	blx	r7
10001afe:	42b4      	cmp	r4, r6
10001b00:	d1f7      	bne.n	10001af2 <_out_rev+0x26>
10001b02:	4629      	mov	r1, r5
10001b04:	f1ba 0f00 	cmp.w	sl, #0
10001b08:	d108      	bne.n	10001b1c <_out_rev+0x50>
10001b0a:	4620      	mov	r0, r4
10001b0c:	b003      	add	sp, #12
10001b0e:	e8bd 8ff0 	ldmia.w	sp!, {r4, r5, r6, r7, r8, r9, sl, fp, pc}
10001b12:	460c      	mov	r4, r1
10001b14:	f1ba 0f00 	cmp.w	sl, #0
10001b18:	d010      	beq.n	10001b3c <_out_rev+0x70>
10001b1a:	460e      	mov	r6, r1
10001b1c:	4655      	mov	r5, sl
10001b1e:	9b0c      	ldr	r3, [sp, #48]	@ 0x30
10001b20:	442e      	add	r6, r5
10001b22:	449a      	add	sl, r3
10001b24:	9101      	str	r1, [sp, #4]
10001b26:	1b72      	subs	r2, r6, r5
10001b28:	464b      	mov	r3, r9
10001b2a:	3d01      	subs	r5, #1
10001b2c:	4641      	mov	r1, r8
10001b2e:	f81a 0d01 	ldrb.w	r0, [sl, #-1]!
10001b32:	4634      	mov	r4, r6
10001b34:	47b8      	blx	r7
10001b36:	2d00      	cmp	r5, #0
10001b38:	d1f5      	bne.n	10001b26 <_out_rev+0x5a>
10001b3a:	9901      	ldr	r1, [sp, #4]
10001b3c:	9b0f      	ldr	r3, [sp, #60]	@ 0x3c
10001b3e:	079b      	lsls	r3, r3, #30
10001b40:	d5e3      	bpl.n	10001b0a <_out_rev+0x3e>
10001b42:	1a65      	subs	r5, r4, r1
10001b44:	45ab      	cmp	fp, r5
10001b46:	d9e0      	bls.n	10001b0a <_out_rev+0x3e>
10001b48:	4622      	mov	r2, r4
10001b4a:	464b      	mov	r3, r9
10001b4c:	4641      	mov	r1, r8
10001b4e:	2020      	movs	r0, #32
10001b50:	3501      	adds	r5, #1
10001b52:	47b8      	blx	r7
10001b54:	455d      	cmp	r5, fp
10001b56:	f104 0401 	add.w	r4, r4, #1
10001b5a:	d3f5      	bcc.n	10001b48 <_out_rev+0x7c>
10001b5c:	e7d5      	b.n	10001b0a <_out_rev+0x3e>
10001b5e:	460c      	mov	r4, r1
10001b60:	f1ba 0f00 	cmp.w	sl, #0
10001b64:	d1d9      	bne.n	10001b1a <_out_rev+0x4e>
10001b66:	e7d0      	b.n	10001b0a <_out_rev+0x3e>

10001b68 <_ntoa_format>:
10001b68:	e92d 4ff0 	stmdb	sp!, {r4, r5, r6, r7, r8, r9, sl, fp, lr}
10001b6c:	9f0f      	ldr	r7, [sp, #60]	@ 0x3c
10001b6e:	f8dd 8024 	ldr.w	r8, [sp, #36]	@ 0x24
10001b72:	f017 0f02 	tst.w	r7, #2
10001b76:	9c0a      	ldr	r4, [sp, #40]	@ 0x28
10001b78:	f89d a02c 	ldrb.w	sl, [sp, #44]	@ 0x2c
10001b7c:	9d0e      	ldr	r5, [sp, #56]	@ 0x38
10001b7e:	e9dd 960c 	ldrd	r9, r6, [sp, #48]	@ 0x30
10001b82:	d144      	bne.n	10001c0e <_ntoa_format+0xa6>
10001b84:	bbf5      	cbnz	r5, 10001c04 <_ntoa_format+0x9c>
10001b86:	42b4      	cmp	r4, r6
10001b88:	d241      	bcs.n	10001c0e <_ntoa_format+0xa6>
10001b8a:	f007 0b01 	and.w	fp, r7, #1
10001b8e:	f104 3cff 	add.w	ip, r4, #4294967295	@ 0xffffffff
10001b92:	f04f 0e30 	mov.w	lr, #48	@ 0x30
10001b96:	44c4      	add	ip, r8
10001b98:	e004      	b.n	10001ba4 <_ntoa_format+0x3c>
10001b9a:	3401      	adds	r4, #1
10001b9c:	42a6      	cmp	r6, r4
10001b9e:	f80c ef01 	strb.w	lr, [ip, #1]!
10001ba2:	d901      	bls.n	10001ba8 <_ntoa_format+0x40>
10001ba4:	2c20      	cmp	r4, #32
10001ba6:	d1f8      	bne.n	10001b9a <_ntoa_format+0x32>
10001ba8:	f1bb 0f00 	cmp.w	fp, #0
10001bac:	f000 8088 	beq.w	10001cc0 <_ntoa_format+0x158>
10001bb0:	42a5      	cmp	r5, r4
10001bb2:	d92c      	bls.n	10001c0e <_ntoa_format+0xa6>
10001bb4:	f104 3cff 	add.w	ip, r4, #4294967295	@ 0xffffffff
10001bb8:	f04f 0e30 	mov.w	lr, #48	@ 0x30
10001bbc:	44c4      	add	ip, r8
10001bbe:	e004      	b.n	10001bca <_ntoa_format+0x62>
10001bc0:	3401      	adds	r4, #1
10001bc2:	42ac      	cmp	r4, r5
10001bc4:	f80c ef01 	strb.w	lr, [ip, #1]!
10001bc8:	d021      	beq.n	10001c0e <_ntoa_format+0xa6>
10001bca:	2c20      	cmp	r4, #32
10001bcc:	d1f8      	bne.n	10001bc0 <_ntoa_format+0x58>
10001bce:	f017 0f10 	tst.w	r7, #16
10001bd2:	d00e      	beq.n	10001bf2 <_ntoa_format+0x8a>
10001bd4:	f417 6f80 	tst.w	r7, #1024	@ 0x400
10001bd8:	d154      	bne.n	10001c84 <_ntoa_format+0x11c>
10001bda:	42a6      	cmp	r6, r4
10001bdc:	d063      	beq.n	10001ca6 <_ntoa_format+0x13e>
10001bde:	42a5      	cmp	r5, r4
10001be0:	d061      	beq.n	10001ca6 <_ntoa_format+0x13e>
10001be2:	f1b9 0f10 	cmp.w	r9, #16
10001be6:	d050      	beq.n	10001c8a <_ntoa_format+0x122>
10001be8:	f1b9 0f02 	cmp.w	r9, #2
10001bec:	d056      	beq.n	10001c9c <_ntoa_format+0x134>
10001bee:	2c20      	cmp	r4, #32
10001bf0:	d129      	bne.n	10001c46 <_ntoa_format+0xde>
10001bf2:	2420      	movs	r4, #32
10001bf4:	e9cd 570b 	strd	r5, r7, [sp, #44]	@ 0x2c
10001bf8:	e9cd 8409 	strd	r8, r4, [sp, #36]	@ 0x24
10001bfc:	e8bd 4ff0 	ldmia.w	sp!, {r4, r5, r6, r7, r8, r9, sl, fp, lr}
10001c00:	f7ff bf64 	b.w	10001acc <_out_rev>
10001c04:	f017 0b01 	ands.w	fp, r7, #1
10001c08:	d134      	bne.n	10001c74 <_ntoa_format+0x10c>
10001c0a:	42b4      	cmp	r4, r6
10001c0c:	d3bf      	bcc.n	10001b8e <_ntoa_format+0x26>
10001c0e:	f017 0f10 	tst.w	r7, #16
10001c12:	d01e      	beq.n	10001c52 <_ntoa_format+0xea>
10001c14:	f417 6f80 	tst.w	r7, #1024	@ 0x400
10001c18:	d1e3      	bne.n	10001be2 <_ntoa_format+0x7a>
10001c1a:	2c00      	cmp	r4, #0
10001c1c:	d1dd      	bne.n	10001bda <_ntoa_format+0x72>
10001c1e:	f1b9 0f10 	cmp.w	r9, #16
10001c22:	d063      	beq.n	10001cec <_ntoa_format+0x184>
10001c24:	f1b9 0f02 	cmp.w	r9, #2
10001c28:	d077      	beq.n	10001d1a <_ntoa_format+0x1b2>
10001c2a:	2430      	movs	r4, #48	@ 0x30
10001c2c:	f888 4000 	strb.w	r4, [r8]
10001c30:	2401      	movs	r4, #1
10001c32:	f1ba 0f00 	cmp.w	sl, #0
10001c36:	d111      	bne.n	10001c5c <_ntoa_format+0xf4>
10001c38:	077e      	lsls	r6, r7, #29
10001c3a:	d548      	bpl.n	10001cce <_ntoa_format+0x166>
10001c3c:	262b      	movs	r6, #43	@ 0x2b
10001c3e:	f808 6004 	strb.w	r6, [r8, r4]
10001c42:	3401      	adds	r4, #1
10001c44:	e7d6      	b.n	10001bf4 <_ntoa_format+0x8c>
10001c46:	4626      	mov	r6, r4
10001c48:	3401      	adds	r4, #1
10001c4a:	f04f 0c30 	mov.w	ip, #48	@ 0x30
10001c4e:	f808 c006 	strb.w	ip, [r8, r6]
10001c52:	2c20      	cmp	r4, #32
10001c54:	d0cd      	beq.n	10001bf2 <_ntoa_format+0x8a>
10001c56:	f1ba 0f00 	cmp.w	sl, #0
10001c5a:	d0ed      	beq.n	10001c38 <_ntoa_format+0xd0>
10001c5c:	262d      	movs	r6, #45	@ 0x2d
10001c5e:	f808 6004 	strb.w	r6, [r8, r4]
10001c62:	3401      	adds	r4, #1
10001c64:	e9cd 570b 	strd	r5, r7, [sp, #44]	@ 0x2c
10001c68:	e9cd 8409 	strd	r8, r4, [sp, #36]	@ 0x24
10001c6c:	e8bd 4ff0 	ldmia.w	sp!, {r4, r5, r6, r7, r8, r9, sl, fp, lr}
10001c70:	f7ff bf2c 	b.w	10001acc <_out_rev>
10001c74:	f1ba 0f00 	cmp.w	sl, #0
10001c78:	d030      	beq.n	10001cdc <_ntoa_format+0x174>
10001c7a:	42b4      	cmp	r4, r6
10001c7c:	f105 35ff 	add.w	r5, r5, #4294967295	@ 0xffffffff
10001c80:	d385      	bcc.n	10001b8e <_ntoa_format+0x26>
10001c82:	e795      	b.n	10001bb0 <_ntoa_format+0x48>
10001c84:	f1b9 0f10 	cmp.w	r9, #16
10001c88:	d1b3      	bne.n	10001bf2 <_ntoa_format+0x8a>
10001c8a:	06be      	lsls	r6, r7, #26
10001c8c:	d53b      	bpl.n	10001d06 <_ntoa_format+0x19e>
10001c8e:	2c20      	cmp	r4, #32
10001c90:	d0af      	beq.n	10001bf2 <_ntoa_format+0x8a>
10001c92:	2658      	movs	r6, #88	@ 0x58
10001c94:	f808 6004 	strb.w	r6, [r8, r4]
10001c98:	3401      	adds	r4, #1
10001c9a:	e7a8      	b.n	10001bee <_ntoa_format+0x86>
10001c9c:	2c20      	cmp	r4, #32
10001c9e:	d0a8      	beq.n	10001bf2 <_ntoa_format+0x8a>
10001ca0:	4626      	mov	r6, r4
10001ca2:	3401      	adds	r4, #1
10001ca4:	e007      	b.n	10001cb6 <_ntoa_format+0x14e>
10001ca6:	1e66      	subs	r6, r4, #1
10001ca8:	d0b9      	beq.n	10001c1e <_ntoa_format+0xb6>
10001caa:	f1b9 0f10 	cmp.w	r9, #16
10001cae:	d036      	beq.n	10001d1e <_ntoa_format+0x1b6>
10001cb0:	f1b9 0f02 	cmp.w	r9, #2
10001cb4:	d1c9      	bne.n	10001c4a <_ntoa_format+0xe2>
10001cb6:	f04f 0c62 	mov.w	ip, #98	@ 0x62
10001cba:	f808 c006 	strb.w	ip, [r8, r6]
10001cbe:	e796      	b.n	10001bee <_ntoa_format+0x86>
10001cc0:	f017 0f10 	tst.w	r7, #16
10001cc4:	d0c5      	beq.n	10001c52 <_ntoa_format+0xea>
10001cc6:	f417 6f80 	tst.w	r7, #1024	@ 0x400
10001cca:	d086      	beq.n	10001bda <_ntoa_format+0x72>
10001ccc:	e789      	b.n	10001be2 <_ntoa_format+0x7a>
10001cce:	073e      	lsls	r6, r7, #28
10001cd0:	d590      	bpl.n	10001bf4 <_ntoa_format+0x8c>
10001cd2:	2620      	movs	r6, #32
10001cd4:	f808 6004 	strb.w	r6, [r8, r4]
10001cd8:	3401      	adds	r4, #1
10001cda:	e78b      	b.n	10001bf4 <_ntoa_format+0x8c>
10001cdc:	f017 0f0c 	tst.w	r7, #12
10001ce0:	d000      	beq.n	10001ce4 <_ntoa_format+0x17c>
10001ce2:	3d01      	subs	r5, #1
10001ce4:	42b4      	cmp	r4, r6
10001ce6:	f4ff af52 	bcc.w	10001b8e <_ntoa_format+0x26>
10001cea:	e761      	b.n	10001bb0 <_ntoa_format+0x48>
10001cec:	06bc      	lsls	r4, r7, #26
10001cee:	d412      	bmi.n	10001d16 <_ntoa_format+0x1ae>
10001cf0:	2478      	movs	r4, #120	@ 0x78
10001cf2:	f888 4000 	strb.w	r4, [r8]
10001cf6:	2430      	movs	r4, #48	@ 0x30
10001cf8:	f888 4001 	strb.w	r4, [r8, #1]
10001cfc:	2402      	movs	r4, #2
10001cfe:	f1ba 0f00 	cmp.w	sl, #0
10001d02:	d099      	beq.n	10001c38 <_ntoa_format+0xd0>
10001d04:	e7aa      	b.n	10001c5c <_ntoa_format+0xf4>
10001d06:	2c20      	cmp	r4, #32
10001d08:	f43f af73 	beq.w	10001bf2 <_ntoa_format+0x8a>
10001d0c:	2678      	movs	r6, #120	@ 0x78
10001d0e:	f808 6004 	strb.w	r6, [r8, r4]
10001d12:	3401      	adds	r4, #1
10001d14:	e76b      	b.n	10001bee <_ntoa_format+0x86>
10001d16:	2458      	movs	r4, #88	@ 0x58
10001d18:	e7eb      	b.n	10001cf2 <_ntoa_format+0x18a>
10001d1a:	2462      	movs	r4, #98	@ 0x62
10001d1c:	e7e9      	b.n	10001cf2 <_ntoa_format+0x18a>
10001d1e:	f017 0f20 	tst.w	r7, #32
10001d22:	f1a4 0c02 	sub.w	ip, r4, #2
10001d26:	d004      	beq.n	10001d32 <_ntoa_format+0x1ca>
10001d28:	f04f 0e58 	mov.w	lr, #88	@ 0x58
10001d2c:	f808 e00c 	strb.w	lr, [r8, ip]
10001d30:	e78b      	b.n	10001c4a <_ntoa_format+0xe2>
10001d32:	f04f 0e78 	mov.w	lr, #120	@ 0x78
10001d36:	f808 e00c 	strb.w	lr, [r8, ip]
10001d3a:	e786      	b.n	10001c4a <_ntoa_format+0xe2>

10001d3c <_out_char>:
10001d3c:	b900      	cbnz	r0, 10001d40 <_out_char+0x4>
10001d3e:	4770      	bx	lr
10001d40:	f001 bb84 	b.w	1000344c <__wrap_putchar>

10001d44 <_out_fct>:
10001d44:	b110      	cbz	r0, 10001d4c <_out_fct+0x8>
10001d46:	e9d1 3100 	ldrd	r3, r1, [r1]
10001d4a:	4718      	bx	r3
10001d4c:	4770      	bx	lr
10001d4e:	bf00      	nop

10001d50 <_ftoa>:
10001d50:	e92d 4ff0 	stmdb	sp!, {r4, r5, r6, r7, r8, r9, sl, fp, lr}
10001d54:	b097      	sub	sp, #92	@ 0x5c
10001d56:	ed9d 7b20 	vldr	d7, [sp, #128]	@ 0x80
10001d5a:	e9dd 5b22 	ldrd	r5, fp, [sp, #136]	@ 0x88
10001d5e:	4607      	mov	r7, r0
10001d60:	4688      	mov	r8, r1
10001d62:	ec51 0b17 	vmov	r0, r1, d7
10001d66:	9c24      	ldr	r4, [sp, #144]	@ 0x90
10001d68:	4699      	mov	r9, r3
10001d6a:	920c      	str	r2, [sp, #48]	@ 0x30
10001d6c:	460b      	mov	r3, r1
10001d6e:	4602      	mov	r2, r0
10001d70:	ed8d 7b04 	vstr	d7, [sp, #16]
10001d74:	9407      	str	r4, [sp, #28]
10001d76:	f7ff fe35 	bl	100019e4 <__wrap___aeabi_dcmpun>
10001d7a:	2800      	cmp	r0, #0
10001d7c:	f040 81f4 	bne.w	10002168 <_ftoa+0x418>
10001d80:	e9dd 0104 	ldrd	r0, r1, [sp, #16]
10001d84:	f04f 32ff 	mov.w	r2, #4294967295	@ 0xffffffff
10001d88:	f46f 1380 	mvn.w	r3, #1048576	@ 0x100000
10001d8c:	f7ff fe3c 	bl	10001a08 <__wrap___aeabi_dcmplt>
10001d90:	2800      	cmp	r0, #0
10001d92:	f040 811b 	bne.w	10001fcc <_ftoa+0x27c>
10001d96:	e9dd 0104 	ldrd	r0, r1, [sp, #16]
10001d9a:	f04f 32ff 	mov.w	r2, #4294967295	@ 0xffffffff
10001d9e:	4bac      	ldr	r3, [pc, #688]	@ (10002050 <_ftoa+0x300>)
10001da0:	f7ff fe6e 	bl	10001a80 <__wrap___aeabi_dcmpgt>
10001da4:	2800      	cmp	r0, #0
10001da6:	f040 80ee 	bne.w	10001f86 <_ftoa+0x236>
10001daa:	e9dd 0104 	ldrd	r0, r1, [sp, #16]
10001dae:	a3a4      	add	r3, pc, #656	@ (adr r3, 10002040 <_ftoa+0x2f0>)
10001db0:	e9d3 2300 	ldrd	r2, r3, [r3]
10001db4:	f7ff fe64 	bl	10001a80 <__wrap___aeabi_dcmpgt>
10001db8:	2800      	cmp	r0, #0
10001dba:	f040 80d3 	bne.w	10001f64 <_ftoa+0x214>
10001dbe:	e9dd 0104 	ldrd	r0, r1, [sp, #16]
10001dc2:	a3a1      	add	r3, pc, #644	@ (adr r3, 10002048 <_ftoa+0x2f8>)
10001dc4:	e9d3 2300 	ldrd	r2, r3, [r3]
10001dc8:	f7ff fe1e 	bl	10001a08 <__wrap___aeabi_dcmplt>
10001dcc:	2800      	cmp	r0, #0
10001dce:	f040 80c9 	bne.w	10001f64 <_ftoa+0x214>
10001dd2:	e9dd 0104 	ldrd	r0, r1, [sp, #16]
10001dd6:	2200      	movs	r2, #0
10001dd8:	2300      	movs	r3, #0
10001dda:	f7ff fe15 	bl	10001a08 <__wrap___aeabi_dcmplt>
10001dde:	2800      	cmp	r0, #0
10001de0:	f040 80e8 	bne.w	10001fb4 <_ftoa+0x264>
10001de4:	4623      	mov	r3, r4
10001de6:	900d      	str	r0, [sp, #52]	@ 0x34
10001de8:	f413 6f80 	tst.w	r3, #1024	@ 0x400
10001dec:	bf08      	it	eq
10001dee:	2506      	moveq	r5, #6
10001df0:	2130      	movs	r1, #48	@ 0x30
10001df2:	462b      	mov	r3, r5
10001df4:	aa0e      	add	r2, sp, #56	@ 0x38
10001df6:	f1a5 0620 	sub.w	r6, r5, #32
10001dfa:	e005      	b.n	10001e08 <_ftoa+0xb8>
10001dfc:	3b01      	subs	r3, #1
10001dfe:	42b3      	cmp	r3, r6
10001e00:	f802 1b01 	strb.w	r1, [r2], #1
10001e04:	f000 8193 	beq.w	1000212e <_ftoa+0x3de>
10001e08:	2b09      	cmp	r3, #9
10001e0a:	d8f7      	bhi.n	10001dfc <_ftoa+0xac>
10001e0c:	461e      	mov	r6, r3
10001e0e:	1aed      	subs	r5, r5, r3
10001e10:	e9dd 0104 	ldrd	r0, r1, [sp, #16]
10001e14:	f7ff fdc2 	bl	1000199c <__wrap___aeabi_d2iz>
10001e18:	4b8e      	ldr	r3, [pc, #568]	@ (10002054 <_ftoa+0x304>)
10001e1a:	4604      	mov	r4, r0
10001e1c:	eb03 03c6 	add.w	r3, r3, r6, lsl #3
10001e20:	ed93 7b00 	vldr	d7, [r3]
10001e24:	ed8d 7b08 	vstr	d7, [sp, #32]
10001e28:	f7ff fd94 	bl	10001954 <__wrap___aeabi_i2d>
10001e2c:	4602      	mov	r2, r0
10001e2e:	460b      	mov	r3, r1
10001e30:	e9dd 0104 	ldrd	r0, r1, [sp, #16]
10001e34:	f7ff fd06 	bl	10001844 <__wrap___aeabi_dsub>
10001e38:	e9dd 2308 	ldrd	r2, r3, [sp, #32]
10001e3c:	f7ff fd16 	bl	1000186c <__wrap___aeabi_dmul>
10001e40:	4602      	mov	r2, r0
10001e42:	460b      	mov	r3, r1
10001e44:	e9cd 230a 	strd	r2, r3, [sp, #40]	@ 0x28
10001e48:	f7ff fdba 	bl	100019c0 <__wrap___aeabi_d2uiz>
10001e4c:	4682      	mov	sl, r0
10001e4e:	f7ff fd93 	bl	10001978 <__wrap___aeabi_ui2d>
10001e52:	4602      	mov	r2, r0
10001e54:	460b      	mov	r3, r1
10001e56:	e9dd 010a 	ldrd	r0, r1, [sp, #40]	@ 0x28
10001e5a:	f7ff fcf3 	bl	10001844 <__wrap___aeabi_dsub>
10001e5e:	4602      	mov	r2, r0
10001e60:	460b      	mov	r3, r1
10001e62:	e9cd 230a 	strd	r2, r3, [sp, #40]	@ 0x28
10001e66:	2200      	movs	r2, #0
10001e68:	4b7b      	ldr	r3, [pc, #492]	@ (10002058 <_ftoa+0x308>)
10001e6a:	f7ff fe09 	bl	10001a80 <__wrap___aeabi_dcmpgt>
10001e6e:	2800      	cmp	r0, #0
10001e70:	f000 80fe 	beq.w	10002070 <_ftoa+0x320>
10001e74:	f10a 0a01 	add.w	sl, sl, #1
10001e78:	4650      	mov	r0, sl
10001e7a:	f7ff fd7d 	bl	10001978 <__wrap___aeabi_ui2d>
10001e7e:	4602      	mov	r2, r0
10001e80:	460b      	mov	r3, r1
10001e82:	e9dd 0108 	ldrd	r0, r1, [sp, #32]
10001e86:	f7ff fdd3 	bl	10001a30 <__wrap___aeabi_dcmple>
10001e8a:	b110      	cbz	r0, 10001e92 <_ftoa+0x142>
10001e8c:	f04f 0a00 	mov.w	sl, #0
10001e90:	3401      	adds	r4, #1
10001e92:	2e00      	cmp	r6, #0
10001e94:	f000 80fd 	beq.w	10002092 <_ftoa+0x342>
10001e98:	1e68      	subs	r0, r5, #1
10001e9a:	ab0e      	add	r3, sp, #56	@ 0x38
10001e9c:	f8df c1cc 	ldr.w	ip, [pc, #460]	@ 1000206c <_ftoa+0x31c>
10001ea0:	4418      	add	r0, r3
10001ea2:	e00f      	b.n	10001ec4 <_ftoa+0x174>
10001ea4:	fbac 210a 	umull	r2, r1, ip, sl
10001ea8:	08c9      	lsrs	r1, r1, #3
10001eaa:	eb01 0281 	add.w	r2, r1, r1, lsl #2
10001eae:	ebaa 0242 	sub.w	r2, sl, r2, lsl #1
10001eb2:	3230      	adds	r2, #48	@ 0x30
10001eb4:	f1ba 0f09 	cmp.w	sl, #9
10001eb8:	f800 2f01 	strb.w	r2, [r0, #1]!
10001ebc:	f240 811c 	bls.w	100020f8 <_ftoa+0x3a8>
10001ec0:	468a      	mov	sl, r1
10001ec2:	461d      	mov	r5, r3
10001ec4:	2d20      	cmp	r5, #32
10001ec6:	f105 0301 	add.w	r3, r5, #1
10001eca:	f106 36ff 	add.w	r6, r6, #4294967295	@ 0xffffffff
10001ece:	d1e9      	bne.n	10001ea4 <_ftoa+0x154>
10001ed0:	2520      	movs	r5, #32
10001ed2:	1e69      	subs	r1, r5, #1
10001ed4:	ab0e      	add	r3, sp, #56	@ 0x38
10001ed6:	4861      	ldr	r0, [pc, #388]	@ (1000205c <_ftoa+0x30c>)
10001ed8:	4419      	add	r1, r3
10001eda:	e010      	b.n	10001efe <_ftoa+0x1ae>
10001edc:	fb80 6204 	smull	r6, r2, r0, r4
10001ee0:	ebc3 03a2 	rsb	r3, r3, r2, asr #2
10001ee4:	eb03 0283 	add.w	r2, r3, r3, lsl #2
10001ee8:	eba4 0442 	sub.w	r4, r4, r2, lsl #1
10001eec:	f104 0230 	add.w	r2, r4, #48	@ 0x30
10001ef0:	3501      	adds	r5, #1
10001ef2:	461c      	mov	r4, r3
10001ef4:	f801 2f01 	strb.w	r2, [r1, #1]!
10001ef8:	2b00      	cmp	r3, #0
10001efa:	f000 80eb 	beq.w	100020d4 <_ftoa+0x384>
10001efe:	2d20      	cmp	r5, #32
10001f00:	ea4f 73e4 	mov.w	r3, r4, asr #31
10001f04:	d1ea      	bne.n	10001edc <_ftoa+0x18c>
10001f06:	9b07      	ldr	r3, [sp, #28]
10001f08:	f003 0303 	and.w	r3, r3, #3
10001f0c:	2b01      	cmp	r3, #1
10001f0e:	d118      	bne.n	10001f42 <_ftoa+0x1f2>
10001f10:	f1bb 0f00 	cmp.w	fp, #0
10001f14:	d015      	beq.n	10001f42 <_ftoa+0x1f2>
10001f16:	9b0d      	ldr	r3, [sp, #52]	@ 0x34
10001f18:	2b00      	cmp	r3, #0
10001f1a:	f000 810a 	beq.w	10002132 <_ftoa+0x3e2>
10001f1e:	f10b 3bff 	add.w	fp, fp, #4294967295	@ 0xffffffff
10001f22:	f1bb 0f20 	cmp.w	fp, #32
10001f26:	d90c      	bls.n	10001f42 <_ftoa+0x1f2>
10001f28:	1e6b      	subs	r3, r5, #1
10001f2a:	a90e      	add	r1, sp, #56	@ 0x38
10001f2c:	2230      	movs	r2, #48	@ 0x30
10001f2e:	440b      	add	r3, r1
10001f30:	e005      	b.n	10001f3e <_ftoa+0x1ee>
10001f32:	3501      	adds	r5, #1
10001f34:	455d      	cmp	r5, fp
10001f36:	f803 2f01 	strb.w	r2, [r3, #1]!
10001f3a:	f080 80d1 	bcs.w	100020e0 <_ftoa+0x390>
10001f3e:	2d20      	cmp	r5, #32
10001f40:	d1f7      	bne.n	10001f32 <_ftoa+0x1e2>
10001f42:	9b07      	ldr	r3, [sp, #28]
10001f44:	ac0e      	add	r4, sp, #56	@ 0x38
10001f46:	e9cd b302 	strd	fp, r3, [sp, #8]
10001f4a:	4641      	mov	r1, r8
10001f4c:	464b      	mov	r3, r9
10001f4e:	4638      	mov	r0, r7
10001f50:	9a0c      	ldr	r2, [sp, #48]	@ 0x30
10001f52:	9501      	str	r5, [sp, #4]
10001f54:	9400      	str	r4, [sp, #0]
10001f56:	f7ff fdb9 	bl	10001acc <_out_rev>
10001f5a:	4682      	mov	sl, r0
10001f5c:	4650      	mov	r0, sl
10001f5e:	b017      	add	sp, #92	@ 0x5c
10001f60:	e8bd 8ff0 	ldmia.w	sp!, {r4, r5, r6, r7, r8, r9, sl, fp, pc}
10001f64:	9b07      	ldr	r3, [sp, #28]
10001f66:	ed9d 7b04 	vldr	d7, [sp, #16]
10001f6a:	e9cd b323 	strd	fp, r3, [sp, #140]	@ 0x8c
10001f6e:	4641      	mov	r1, r8
10001f70:	464b      	mov	r3, r9
10001f72:	4638      	mov	r0, r7
10001f74:	9a0c      	ldr	r2, [sp, #48]	@ 0x30
10001f76:	ed8d 7b20 	vstr	d7, [sp, #128]	@ 0x80
10001f7a:	9522      	str	r5, [sp, #136]	@ 0x88
10001f7c:	b017      	add	sp, #92	@ 0x5c
10001f7e:	e8bd 4ff0 	ldmia.w	sp!, {r4, r5, r6, r7, r8, r9, sl, fp, lr}
10001f82:	f000 b945 	b.w	10002210 <_etoa>
10001f86:	0761      	lsls	r1, r4, #29
10001f88:	4623      	mov	r3, r4
10001f8a:	bf4c      	ite	mi
10001f8c:	2304      	movmi	r3, #4
10001f8e:	2303      	movpl	r3, #3
10001f90:	4641      	mov	r1, r8
10001f92:	9321      	str	r3, [sp, #132]	@ 0x84
10001f94:	4638      	mov	r0, r7
10001f96:	464b      	mov	r3, r9
10001f98:	9a07      	ldr	r2, [sp, #28]
10001f9a:	bf48      	it	mi
10001f9c:	4c30      	ldrmi	r4, [pc, #192]	@ (10002060 <_ftoa+0x310>)
10001f9e:	e9cd b222 	strd	fp, r2, [sp, #136]	@ 0x88
10001fa2:	bf58      	it	pl
10001fa4:	4c2f      	ldrpl	r4, [pc, #188]	@ (10002064 <_ftoa+0x314>)
10001fa6:	9a0c      	ldr	r2, [sp, #48]	@ 0x30
10001fa8:	9420      	str	r4, [sp, #128]	@ 0x80
10001faa:	b017      	add	sp, #92	@ 0x5c
10001fac:	e8bd 4ff0 	ldmia.w	sp!, {r4, r5, r6, r7, r8, r9, sl, fp, lr}
10001fb0:	f7ff bd8c 	b.w	10001acc <_out_rev>
10001fb4:	e9dd 2304 	ldrd	r2, r3, [sp, #16]
10001fb8:	2000      	movs	r0, #0
10001fba:	2100      	movs	r1, #0
10001fbc:	f7ff fc42 	bl	10001844 <__wrap___aeabi_dsub>
10001fc0:	2301      	movs	r3, #1
10001fc2:	e9cd 0104 	strd	r0, r1, [sp, #16]
10001fc6:	930d      	str	r3, [sp, #52]	@ 0x34
10001fc8:	4623      	mov	r3, r4
10001fca:	e70d      	b.n	10001de8 <_ftoa+0x98>
10001fcc:	4623      	mov	r3, r4
10001fce:	079c      	lsls	r4, r3, #30
10001fd0:	f040 80aa 	bne.w	10002128 <_ftoa+0x3d8>
10001fd4:	f1bb 0f04 	cmp.w	fp, #4
10001fd8:	f240 80a6 	bls.w	10002128 <_ftoa+0x3d8>
10001fdc:	9b0c      	ldr	r3, [sp, #48]	@ 0x30
10001fde:	461d      	mov	r5, r3
10001fe0:	1f1c      	subs	r4, r3, #4
10001fe2:	eb04 0a0b 	add.w	sl, r4, fp
10001fe6:	462a      	mov	r2, r5
10001fe8:	464b      	mov	r3, r9
10001fea:	4641      	mov	r1, r8
10001fec:	2020      	movs	r0, #32
10001fee:	3501      	adds	r5, #1
10001ff0:	47b8      	blx	r7
10001ff2:	45aa      	cmp	sl, r5
10001ff4:	d1f7      	bne.n	10001fe6 <_ftoa+0x296>
10001ff6:	4655      	mov	r5, sl
10001ff8:	4c1b      	ldr	r4, [pc, #108]	@ (10002068 <_ftoa+0x318>)
10001ffa:	1f26      	subs	r6, r4, #4
10001ffc:	f814 0d01 	ldrb.w	r0, [r4, #-1]!
10002000:	462a      	mov	r2, r5
10002002:	464b      	mov	r3, r9
10002004:	4641      	mov	r1, r8
10002006:	47b8      	blx	r7
10002008:	42b4      	cmp	r4, r6
1000200a:	f105 0501 	add.w	r5, r5, #1
1000200e:	d1f5      	bne.n	10001ffc <_ftoa+0x2ac>
10002010:	9b07      	ldr	r3, [sp, #28]
10002012:	f10a 0a04 	add.w	sl, sl, #4
10002016:	0798      	lsls	r0, r3, #30
10002018:	d5a0      	bpl.n	10001f5c <_ftoa+0x20c>
1000201a:	9c0c      	ldr	r4, [sp, #48]	@ 0x30
1000201c:	ebaa 0304 	sub.w	r3, sl, r4
10002020:	459b      	cmp	fp, r3
10002022:	d99b      	bls.n	10001f5c <_ftoa+0x20c>
10002024:	4652      	mov	r2, sl
10002026:	464b      	mov	r3, r9
10002028:	4641      	mov	r1, r8
1000202a:	2020      	movs	r0, #32
1000202c:	f10a 0a01 	add.w	sl, sl, #1
10002030:	47b8      	blx	r7
10002032:	ebaa 0304 	sub.w	r3, sl, r4
10002036:	455b      	cmp	r3, fp
10002038:	d3f4      	bcc.n	10002024 <_ftoa+0x2d4>
1000203a:	e78f      	b.n	10001f5c <_ftoa+0x20c>
1000203c:	f3af 8000 	nop.w
10002040:	00000000 	.word	0x00000000
10002044:	41cdcd65 	.word	0x41cdcd65
10002048:	00000000 	.word	0x00000000
1000204c:	c1cdcd65 	.word	0xc1cdcd65
10002050:	7fefffff 	.word	0x7fefffff
10002054:	10008408 	.word	0x10008408
10002058:	3fe00000 	.word	0x3fe00000
1000205c:	66666667 	.word	0x66666667
10002060:	100082c4 	.word	0x100082c4
10002064:	100082cc 	.word	0x100082cc
10002068:	100082d8 	.word	0x100082d8
1000206c:	cccccccd 	.word	0xcccccccd
10002070:	2200      	movs	r2, #0
10002072:	e9dd 010a 	ldrd	r0, r1, [sp, #40]	@ 0x28
10002076:	4b63      	ldr	r3, [pc, #396]	@ (10002204 <_ftoa+0x4b4>)
10002078:	f7ff fcc6 	bl	10001a08 <__wrap___aeabi_dcmplt>
1000207c:	2800      	cmp	r0, #0
1000207e:	f47f af08 	bne.w	10001e92 <_ftoa+0x142>
10002082:	f1ba 0f00 	cmp.w	sl, #0
10002086:	d16a      	bne.n	1000215e <_ftoa+0x40e>
10002088:	f10a 0a01 	add.w	sl, sl, #1
1000208c:	2e00      	cmp	r6, #0
1000208e:	f47f af03 	bne.w	10001e98 <_ftoa+0x148>
10002092:	4620      	mov	r0, r4
10002094:	f7ff fc5e 	bl	10001954 <__wrap___aeabi_i2d>
10002098:	4602      	mov	r2, r0
1000209a:	460b      	mov	r3, r1
1000209c:	e9dd 0104 	ldrd	r0, r1, [sp, #16]
100020a0:	f7ff fbd0 	bl	10001844 <__wrap___aeabi_dsub>
100020a4:	4602      	mov	r2, r0
100020a6:	460b      	mov	r3, r1
100020a8:	e9cd 2304 	strd	r2, r3, [sp, #16]
100020ac:	2200      	movs	r2, #0
100020ae:	4b55      	ldr	r3, [pc, #340]	@ (10002204 <_ftoa+0x4b4>)
100020b0:	f7ff fcaa 	bl	10001a08 <__wrap___aeabi_dcmplt>
100020b4:	2800      	cmp	r0, #0
100020b6:	f47f af0c 	bne.w	10001ed2 <_ftoa+0x182>
100020ba:	e9dd 0104 	ldrd	r0, r1, [sp, #16]
100020be:	2200      	movs	r2, #0
100020c0:	4b50      	ldr	r3, [pc, #320]	@ (10002204 <_ftoa+0x4b4>)
100020c2:	f7ff fcdd 	bl	10001a80 <__wrap___aeabi_dcmpgt>
100020c6:	2800      	cmp	r0, #0
100020c8:	f47f af03 	bne.w	10001ed2 <_ftoa+0x182>
100020cc:	3401      	adds	r4, #1
100020ce:	f024 0401 	bic.w	r4, r4, #1
100020d2:	e6fe      	b.n	10001ed2 <_ftoa+0x182>
100020d4:	9b07      	ldr	r3, [sp, #28]
100020d6:	f003 0303 	and.w	r3, r3, #3
100020da:	2b01      	cmp	r3, #1
100020dc:	f000 8082 	beq.w	100021e4 <_ftoa+0x494>
100020e0:	2d20      	cmp	r5, #32
100020e2:	f43f af2e 	beq.w	10001f42 <_ftoa+0x1f2>
100020e6:	9b0d      	ldr	r3, [sp, #52]	@ 0x34
100020e8:	b37b      	cbz	r3, 1000214a <_ftoa+0x3fa>
100020ea:	222d      	movs	r2, #45	@ 0x2d
100020ec:	eb0d 0305 	add.w	r3, sp, r5
100020f0:	f883 2038 	strb.w	r2, [r3, #56]	@ 0x38
100020f4:	3501      	adds	r5, #1
100020f6:	e724      	b.n	10001f42 <_ftoa+0x1f2>
100020f8:	2b20      	cmp	r3, #32
100020fa:	f43f aee9 	beq.w	10001ed0 <_ftoa+0x180>
100020fe:	aa0e      	add	r2, sp, #56	@ 0x38
10002100:	4415      	add	r5, r2
10002102:	441e      	add	r6, r3
10002104:	2230      	movs	r2, #48	@ 0x30
10002106:	e004      	b.n	10002112 <_ftoa+0x3c2>
10002108:	2b20      	cmp	r3, #32
1000210a:	f805 2f01 	strb.w	r2, [r5, #1]!
1000210e:	f43f aedf 	beq.w	10001ed0 <_ftoa+0x180>
10002112:	429e      	cmp	r6, r3
10002114:	f103 0301 	add.w	r3, r3, #1
10002118:	d1f6      	bne.n	10002108 <_ftoa+0x3b8>
1000211a:	222e      	movs	r2, #46	@ 0x2e
1000211c:	eb0d 0306 	add.w	r3, sp, r6
10002120:	f883 2038 	strb.w	r2, [r3, #56]	@ 0x38
10002124:	1c75      	adds	r5, r6, #1
10002126:	e6d4      	b.n	10001ed2 <_ftoa+0x182>
10002128:	f8dd a030 	ldr.w	sl, [sp, #48]	@ 0x30
1000212c:	e763      	b.n	10001ff6 <_ftoa+0x2a6>
1000212e:	2520      	movs	r5, #32
10002130:	e66e      	b.n	10001e10 <_ftoa+0xc0>
10002132:	9b07      	ldr	r3, [sp, #28]
10002134:	f013 0f0c 	tst.w	r3, #12
10002138:	d050      	beq.n	100021dc <_ftoa+0x48c>
1000213a:	f10b 3bff 	add.w	fp, fp, #4294967295	@ 0xffffffff
1000213e:	45ab      	cmp	fp, r5
10002140:	f63f aef2 	bhi.w	10001f28 <_ftoa+0x1d8>
10002144:	2d20      	cmp	r5, #32
10002146:	f43f aefc 	beq.w	10001f42 <_ftoa+0x1f2>
1000214a:	9b07      	ldr	r3, [sp, #28]
1000214c:	075a      	lsls	r2, r3, #29
1000214e:	d501      	bpl.n	10002154 <_ftoa+0x404>
10002150:	222b      	movs	r2, #43	@ 0x2b
10002152:	e7cb      	b.n	100020ec <_ftoa+0x39c>
10002154:	071b      	lsls	r3, r3, #28
10002156:	f57f aef4 	bpl.w	10001f42 <_ftoa+0x1f2>
1000215a:	2220      	movs	r2, #32
1000215c:	e7c6      	b.n	100020ec <_ftoa+0x39c>
1000215e:	f01a 0f01 	tst.w	sl, #1
10002162:	f43f ae96 	beq.w	10001e92 <_ftoa+0x142>
10002166:	e78f      	b.n	10002088 <_ftoa+0x338>
10002168:	07a6      	lsls	r6, r4, #30
1000216a:	d134      	bne.n	100021d6 <_ftoa+0x486>
1000216c:	f1bb 0f03 	cmp.w	fp, #3
10002170:	d931      	bls.n	100021d6 <_ftoa+0x486>
10002172:	9b0c      	ldr	r3, [sp, #48]	@ 0x30
10002174:	461d      	mov	r5, r3
10002176:	1edc      	subs	r4, r3, #3
10002178:	eb04 0a0b 	add.w	sl, r4, fp
1000217c:	462a      	mov	r2, r5
1000217e:	464b      	mov	r3, r9
10002180:	4641      	mov	r1, r8
10002182:	2020      	movs	r0, #32
10002184:	3501      	adds	r5, #1
10002186:	47b8      	blx	r7
10002188:	4555      	cmp	r5, sl
1000218a:	d1f7      	bne.n	1000217c <_ftoa+0x42c>
1000218c:	4655      	mov	r5, sl
1000218e:	4c1e      	ldr	r4, [pc, #120]	@ (10002208 <_ftoa+0x4b8>)
10002190:	1ee6      	subs	r6, r4, #3
10002192:	f814 0d01 	ldrb.w	r0, [r4, #-1]!
10002196:	462a      	mov	r2, r5
10002198:	464b      	mov	r3, r9
1000219a:	4641      	mov	r1, r8
1000219c:	47b8      	blx	r7
1000219e:	42a6      	cmp	r6, r4
100021a0:	f105 0501 	add.w	r5, r5, #1
100021a4:	d1f5      	bne.n	10002192 <_ftoa+0x442>
100021a6:	9b07      	ldr	r3, [sp, #28]
100021a8:	f10a 0a03 	add.w	sl, sl, #3
100021ac:	079d      	lsls	r5, r3, #30
100021ae:	f57f aed5 	bpl.w	10001f5c <_ftoa+0x20c>
100021b2:	9c0c      	ldr	r4, [sp, #48]	@ 0x30
100021b4:	ebaa 0304 	sub.w	r3, sl, r4
100021b8:	459b      	cmp	fp, r3
100021ba:	f67f aecf 	bls.w	10001f5c <_ftoa+0x20c>
100021be:	4652      	mov	r2, sl
100021c0:	464b      	mov	r3, r9
100021c2:	4641      	mov	r1, r8
100021c4:	2020      	movs	r0, #32
100021c6:	f10a 0a01 	add.w	sl, sl, #1
100021ca:	47b8      	blx	r7
100021cc:	ebaa 0304 	sub.w	r3, sl, r4
100021d0:	459b      	cmp	fp, r3
100021d2:	d8f4      	bhi.n	100021be <_ftoa+0x46e>
100021d4:	e6c2      	b.n	10001f5c <_ftoa+0x20c>
100021d6:	f8dd a030 	ldr.w	sl, [sp, #48]	@ 0x30
100021da:	e7d7      	b.n	1000218c <_ftoa+0x43c>
100021dc:	45ab      	cmp	fp, r5
100021de:	f63f aea3 	bhi.w	10001f28 <_ftoa+0x1d8>
100021e2:	e6ae      	b.n	10001f42 <_ftoa+0x1f2>
100021e4:	f1bb 0f00 	cmp.w	fp, #0
100021e8:	f43f af7a 	beq.w	100020e0 <_ftoa+0x390>
100021ec:	9b0d      	ldr	r3, [sp, #52]	@ 0x34
100021ee:	2b00      	cmp	r3, #0
100021f0:	d09f      	beq.n	10002132 <_ftoa+0x3e2>
100021f2:	f10b 3bff 	add.w	fp, fp, #4294967295	@ 0xffffffff
100021f6:	455d      	cmp	r5, fp
100021f8:	f4ff ae96 	bcc.w	10001f28 <_ftoa+0x1d8>
100021fc:	2d20      	cmp	r5, #32
100021fe:	f47f af74 	bne.w	100020ea <_ftoa+0x39a>
10002202:	e69e      	b.n	10001f42 <_ftoa+0x1f2>
10002204:	3fe00000 	.word	0x3fe00000
10002208:	100082d3 	.word	0x100082d3
1000220c:	00000000 	.word	0x00000000

10002210 <_etoa>:
10002210:	e92d 4ff0 	stmdb	sp!, {r4, r5, r6, r7, r8, r9, sl, fp, lr}
10002214:	b09f      	sub	sp, #124	@ 0x7c
10002216:	9e2a      	ldr	r6, [sp, #168]	@ 0xa8
10002218:	e9dd 4528 	ldrd	r4, r5, [sp, #160]	@ 0xa0
1000221c:	4607      	mov	r7, r0
1000221e:	4693      	mov	fp, r2
10002220:	9108      	str	r1, [sp, #32]
10002222:	9309      	str	r3, [sp, #36]	@ 0x24
10002224:	4622      	mov	r2, r4
10002226:	462b      	mov	r3, r5
10002228:	4620      	mov	r0, r4
1000222a:	4629      	mov	r1, r5
1000222c:	960e      	str	r6, [sp, #56]	@ 0x38
1000222e:	e9dd a62b 	ldrd	sl, r6, [sp, #172]	@ 0xac
10002232:	f7ff fbd7 	bl	100019e4 <__wrap___aeabi_dcmpun>
10002236:	2800      	cmp	r0, #0
10002238:	f040 80be 	bne.w	100023b8 <_etoa+0x1a8>
1000223c:	4620      	mov	r0, r4
1000223e:	4629      	mov	r1, r5
10002240:	f04f 32ff 	mov.w	r2, #4294967295	@ 0xffffffff
10002244:	4b78      	ldr	r3, [pc, #480]	@ (10002428 <_etoa+0x218>)
10002246:	f7ff fc1b 	bl	10001a80 <__wrap___aeabi_dcmpgt>
1000224a:	2800      	cmp	r0, #0
1000224c:	f040 80b4 	bne.w	100023b8 <_etoa+0x1a8>
10002250:	4620      	mov	r0, r4
10002252:	4629      	mov	r1, r5
10002254:	f04f 32ff 	mov.w	r2, #4294967295	@ 0xffffffff
10002258:	f46f 1380 	mvn.w	r3, #1048576	@ 0x100000
1000225c:	f7ff fbd4 	bl	10001a08 <__wrap___aeabi_dcmplt>
10002260:	2800      	cmp	r0, #0
10002262:	f040 80a9 	bne.w	100023b8 <_etoa+0x1a8>
10002266:	4620      	mov	r0, r4
10002268:	4629      	mov	r1, r5
1000226a:	2200      	movs	r2, #0
1000226c:	2300      	movs	r3, #0
1000226e:	f7ff fbcb 	bl	10001a08 <__wrap___aeabi_dcmplt>
10002272:	2800      	cmp	r0, #0
10002274:	f040 81d5 	bne.w	10002622 <_etoa+0x412>
10002278:	e9cd 450a 	strd	r4, r5, [sp, #40]	@ 0x28
1000227c:	e9dd 230a 	ldrd	r2, r3, [sp, #40]	@ 0x28
10002280:	4690      	mov	r8, r2
10002282:	4699      	mov	r9, r3
10002284:	f406 6200 	and.w	r2, r6, #2048	@ 0x800
10002288:	f416 6380 	ands.w	r3, r6, #1024	@ 0x400
1000228c:	920f      	str	r2, [sp, #60]	@ 0x3c
1000228e:	9313      	str	r3, [sp, #76]	@ 0x4c
10002290:	f040 80a1 	bne.w	100023d6 <_etoa+0x1c6>
10002294:	ea58 0309 	orrs.w	r3, r8, r9
10002298:	f040 80ca 	bne.w	10002430 <_etoa+0x220>
1000229c:	2a00      	cmp	r2, #0
1000229e:	f040 81e3 	bne.w	10002668 <_etoa+0x458>
100022a2:	2306      	movs	r3, #6
100022a4:	930e      	str	r3, [sp, #56]	@ 0x38
100022a6:	f016 0202 	ands.w	r2, r6, #2
100022aa:	9210      	str	r2, [sp, #64]	@ 0x40
100022ac:	f040 81d4 	bne.w	10002658 <_etoa+0x448>
100022b0:	4653      	mov	r3, sl
100022b2:	2b04      	cmp	r3, #4
100022b4:	bf38      	it	cc
100022b6:	2304      	movcc	r3, #4
100022b8:	920c      	str	r2, [sp, #48]	@ 0x30
100022ba:	2204      	movs	r2, #4
100022bc:	3b04      	subs	r3, #4
100022be:	9212      	str	r2, [sp, #72]	@ 0x48
100022c0:	930f      	str	r3, [sp, #60]	@ 0x3c
100022c2:	4620      	mov	r0, r4
100022c4:	4629      	mov	r1, r5
100022c6:	2200      	movs	r2, #0
100022c8:	2300      	movs	r3, #0
100022ca:	f7ff fb9d 	bl	10001a08 <__wrap___aeabi_dcmplt>
100022ce:	2800      	cmp	r0, #0
100022d0:	f040 81f3 	bne.w	100026ba <_etoa+0x4aa>
100022d4:	ed9d 7b0a 	vldr	d7, [sp, #40]	@ 0x28
100022d8:	9b0f      	ldr	r3, [sp, #60]	@ 0x3c
100022da:	465a      	mov	r2, fp
100022dc:	9303      	str	r3, [sp, #12]
100022de:	9b0e      	ldr	r3, [sp, #56]	@ 0x38
100022e0:	ed8d 7b00 	vstr	d7, [sp]
100022e4:	9302      	str	r3, [sp, #8]
100022e6:	f426 6300 	bic.w	r3, r6, #2048	@ 0x800
100022ea:	9304      	str	r3, [sp, #16]
100022ec:	4638      	mov	r0, r7
100022ee:	9b09      	ldr	r3, [sp, #36]	@ 0x24
100022f0:	9908      	ldr	r1, [sp, #32]
100022f2:	f7ff fd2d 	bl	10001d50 <_ftoa>
100022f6:	4602      	mov	r2, r0
100022f8:	f016 0f20 	tst.w	r6, #32
100022fc:	9b09      	ldr	r3, [sp, #36]	@ 0x24
100022fe:	9908      	ldr	r1, [sp, #32]
10002300:	bf0c      	ite	eq
10002302:	2065      	moveq	r0, #101	@ 0x65
10002304:	2045      	movne	r0, #69	@ 0x45
10002306:	f102 0801 	add.w	r8, r2, #1
1000230a:	47b8      	blx	r7
1000230c:	9a0c      	ldr	r2, [sp, #48]	@ 0x30
1000230e:	9b12      	ldr	r3, [sp, #72]	@ 0x48
10002310:	ac16      	add	r4, sp, #88	@ 0x58
10002312:	1e5d      	subs	r5, r3, #1
10002314:	ea82 73e2 	eor.w	r3, r2, r2, asr #31
10002318:	eba3 73e2 	sub.w	r3, r3, r2, asr #31
1000231c:	0fd1      	lsrs	r1, r2, #31
1000231e:	2600      	movs	r6, #0
10002320:	4622      	mov	r2, r4
10002322:	4699      	mov	r9, r3
10002324:	f8df c104 	ldr.w	ip, [pc, #260]	@ 1000242c <_etoa+0x21c>
10002328:	e001      	b.n	1000232e <_etoa+0x11e>
1000232a:	2e20      	cmp	r6, #32
1000232c:	d010      	beq.n	10002350 <_etoa+0x140>
1000232e:	46ce      	mov	lr, r9
10002330:	fbac 3009 	umull	r3, r0, ip, r9
10002334:	08c0      	lsrs	r0, r0, #3
10002336:	eb00 0380 	add.w	r3, r0, r0, lsl #2
1000233a:	eba9 0343 	sub.w	r3, r9, r3, lsl #1
1000233e:	3330      	adds	r3, #48	@ 0x30
10002340:	f1be 0f09 	cmp.w	lr, #9
10002344:	4681      	mov	r9, r0
10002346:	f106 0601 	add.w	r6, r6, #1
1000234a:	f802 3b01 	strb.w	r3, [r2], #1
1000234e:	d8ec      	bhi.n	1000232a <_etoa+0x11a>
10002350:	2305      	movs	r3, #5
10002352:	2000      	movs	r0, #0
10002354:	9306      	str	r3, [sp, #24]
10002356:	230a      	movs	r3, #10
10002358:	9505      	str	r5, [sp, #20]
1000235a:	9400      	str	r4, [sp, #0]
1000235c:	9d09      	ldr	r5, [sp, #36]	@ 0x24
1000235e:	9c08      	ldr	r4, [sp, #32]
10002360:	4642      	mov	r2, r8
10002362:	e9cd 3003 	strd	r3, r0, [sp, #12]
10002366:	e9cd 6101 	strd	r6, r1, [sp, #4]
1000236a:	462b      	mov	r3, r5
1000236c:	4621      	mov	r1, r4
1000236e:	4638      	mov	r0, r7
10002370:	f7ff fbfa 	bl	10001b68 <_ntoa_format>
10002374:	9a10      	ldr	r2, [sp, #64]	@ 0x40
10002376:	4680      	mov	r8, r0
10002378:	b1d2      	cbz	r2, 100023b0 <_etoa+0x1a0>
1000237a:	eba0 060b 	sub.w	r6, r0, fp
1000237e:	45b2      	cmp	sl, r6
10002380:	d916      	bls.n	100023b0 <_etoa+0x1a0>
10002382:	eb0b 0206 	add.w	r2, fp, r6
10002386:	462b      	mov	r3, r5
10002388:	4621      	mov	r1, r4
1000238a:	2020      	movs	r0, #32
1000238c:	3601      	adds	r6, #1
1000238e:	47b8      	blx	r7
10002390:	45b2      	cmp	sl, r6
10002392:	d8f6      	bhi.n	10002382 <_etoa+0x172>
10002394:	f10b 33ff 	add.w	r3, fp, #4294967295	@ 0xffffffff
10002398:	4453      	add	r3, sl
1000239a:	f1cb 0201 	rsb	r2, fp, #1
1000239e:	eba3 0308 	sub.w	r3, r3, r8
100023a2:	4442      	add	r2, r8
100023a4:	4592      	cmp	sl, r2
100023a6:	bf38      	it	cc
100023a8:	2300      	movcc	r3, #0
100023aa:	f108 0801 	add.w	r8, r8, #1
100023ae:	4498      	add	r8, r3
100023b0:	4640      	mov	r0, r8
100023b2:	b01f      	add	sp, #124	@ 0x7c
100023b4:	e8bd 8ff0 	ldmia.w	sp!, {r4, r5, r6, r7, r8, r9, sl, fp, pc}
100023b8:	465a      	mov	r2, fp
100023ba:	4638      	mov	r0, r7
100023bc:	e9cd 4528 	strd	r4, r5, [sp, #160]	@ 0xa0
100023c0:	e9cd a62b 	strd	sl, r6, [sp, #172]	@ 0xac
100023c4:	9c0e      	ldr	r4, [sp, #56]	@ 0x38
100023c6:	9b09      	ldr	r3, [sp, #36]	@ 0x24
100023c8:	9908      	ldr	r1, [sp, #32]
100023ca:	942a      	str	r4, [sp, #168]	@ 0xa8
100023cc:	b01f      	add	sp, #124	@ 0x7c
100023ce:	e8bd 4ff0 	ldmia.w	sp!, {r4, r5, r6, r7, r8, r9, sl, fp, lr}
100023d2:	f7ff bcbd 	b.w	10001d50 <_ftoa>
100023d6:	ea58 0309 	orrs.w	r3, r8, r9
100023da:	d12b      	bne.n	10002434 <_etoa+0x224>
100023dc:	2a00      	cmp	r2, #0
100023de:	f43f af62 	beq.w	100022a6 <_etoa+0x96>
100023e2:	2300      	movs	r3, #0
100023e4:	930c      	str	r3, [sp, #48]	@ 0x30
100023e6:	9b0e      	ldr	r3, [sp, #56]	@ 0x38
100023e8:	9a0c      	ldr	r2, [sp, #48]	@ 0x30
100023ea:	4293      	cmp	r3, r2
100023ec:	f300 81b9 	bgt.w	10002762 <_etoa+0x552>
100023f0:	f04f 0800 	mov.w	r8, #0
100023f4:	4620      	mov	r0, r4
100023f6:	4629      	mov	r1, r5
100023f8:	2200      	movs	r2, #0
100023fa:	2300      	movs	r3, #0
100023fc:	f7ff fb04 	bl	10001a08 <__wrap___aeabi_dcmplt>
10002400:	2800      	cmp	r0, #0
10002402:	f040 8113 	bne.w	1000262c <_etoa+0x41c>
10002406:	ed9d 7b0a 	vldr	d7, [sp, #40]	@ 0x28
1000240a:	f426 6600 	bic.w	r6, r6, #2048	@ 0x800
1000240e:	f446 6680 	orr.w	r6, r6, #1024	@ 0x400
10002412:	ed8d 7b28 	vstr	d7, [sp, #160]	@ 0xa0
10002416:	465a      	mov	r2, fp
10002418:	4638      	mov	r0, r7
1000241a:	e9cd 8a2a 	strd	r8, sl, [sp, #168]	@ 0xa8
1000241e:	9b09      	ldr	r3, [sp, #36]	@ 0x24
10002420:	9908      	ldr	r1, [sp, #32]
10002422:	962c      	str	r6, [sp, #176]	@ 0xb0
10002424:	e7d2      	b.n	100023cc <_etoa+0x1bc>
10002426:	bf00      	nop
10002428:	7fefffff 	.word	0x7fefffff
1000242c:	cccccccd 	.word	0xcccccccd
10002430:	2306      	movs	r3, #6
10002432:	930e      	str	r3, [sp, #56]	@ 0x38
10002434:	f3c9 500a 	ubfx	r0, r9, #20, #11
10002438:	f2a0 30ff 	subw	r0, r0, #1023	@ 0x3ff
1000243c:	f7ff fa8a 	bl	10001954 <__wrap___aeabi_i2d>
10002440:	a3c1      	add	r3, pc, #772	@ (adr r3, 10002748 <_etoa+0x538>)
10002442:	e9d3 2300 	ldrd	r2, r3, [r3]
10002446:	f7ff fa11 	bl	1000186c <__wrap___aeabi_dmul>
1000244a:	a3c1      	add	r3, pc, #772	@ (adr r3, 10002750 <_etoa+0x540>)
1000244c:	e9d3 2300 	ldrd	r2, r3, [r3]
10002450:	f7ff f9e4 	bl	1000181c <__wrap___aeabi_dadd>
10002454:	f3c9 0913 	ubfx	r9, r9, #0, #20
10002458:	e9cd 010c 	strd	r0, r1, [sp, #48]	@ 0x30
1000245c:	f049 517f 	orr.w	r1, r9, #1069547520	@ 0x3fc00000
10002460:	4640      	mov	r0, r8
10002462:	2200      	movs	r2, #0
10002464:	4bb2      	ldr	r3, [pc, #712]	@ (10002730 <_etoa+0x520>)
10002466:	f441 1140 	orr.w	r1, r1, #3145728	@ 0x300000
1000246a:	f7ff f9eb 	bl	10001844 <__wrap___aeabi_dsub>
1000246e:	a3a4      	add	r3, pc, #656	@ (adr r3, 10002700 <_etoa+0x4f0>)
10002470:	e9d3 2300 	ldrd	r2, r3, [r3]
10002474:	f7ff f9fa 	bl	1000186c <__wrap___aeabi_dmul>
10002478:	4602      	mov	r2, r0
1000247a:	460b      	mov	r3, r1
1000247c:	e9dd 010c 	ldrd	r0, r1, [sp, #48]	@ 0x30
10002480:	f7ff f9cc 	bl	1000181c <__wrap___aeabi_dadd>
10002484:	f7ff fa8a 	bl	1000199c <__wrap___aeabi_d2iz>
10002488:	900c      	str	r0, [sp, #48]	@ 0x30
1000248a:	f7ff fa63 	bl	10001954 <__wrap___aeabi_i2d>
1000248e:	a39e      	add	r3, pc, #632	@ (adr r3, 10002708 <_etoa+0x4f8>)
10002490:	e9d3 2300 	ldrd	r2, r3, [r3]
10002494:	4680      	mov	r8, r0
10002496:	4689      	mov	r9, r1
10002498:	f7ff f9e8 	bl	1000186c <__wrap___aeabi_dmul>
1000249c:	2200      	movs	r2, #0
1000249e:	4ba5      	ldr	r3, [pc, #660]	@ (10002734 <_etoa+0x524>)
100024a0:	f7ff f9bc 	bl	1000181c <__wrap___aeabi_dadd>
100024a4:	f7ff fa7a 	bl	1000199c <__wrap___aeabi_d2iz>
100024a8:	4603      	mov	r3, r0
100024aa:	4649      	mov	r1, r9
100024ac:	4640      	mov	r0, r8
100024ae:	9312      	str	r3, [sp, #72]	@ 0x48
100024b0:	a397      	add	r3, pc, #604	@ (adr r3, 10002710 <_etoa+0x500>)
100024b2:	e9d3 2300 	ldrd	r2, r3, [r3]
100024b6:	f7ff f9d9 	bl	1000186c <__wrap___aeabi_dmul>
100024ba:	4680      	mov	r8, r0
100024bc:	9812      	ldr	r0, [sp, #72]	@ 0x48
100024be:	4689      	mov	r9, r1
100024c0:	f7ff fa48 	bl	10001954 <__wrap___aeabi_i2d>
100024c4:	a394      	add	r3, pc, #592	@ (adr r3, 10002718 <_etoa+0x508>)
100024c6:	e9d3 2300 	ldrd	r2, r3, [r3]
100024ca:	f7ff f9cf 	bl	1000186c <__wrap___aeabi_dmul>
100024ce:	4602      	mov	r2, r0
100024d0:	460b      	mov	r3, r1
100024d2:	4640      	mov	r0, r8
100024d4:	4649      	mov	r1, r9
100024d6:	f7ff f9b5 	bl	10001844 <__wrap___aeabi_dsub>
100024da:	4602      	mov	r2, r0
100024dc:	460b      	mov	r3, r1
100024de:	4680      	mov	r8, r0
100024e0:	4689      	mov	r9, r1
100024e2:	f7ff f9c3 	bl	1000186c <__wrap___aeabi_dmul>
100024e6:	4642      	mov	r2, r8
100024e8:	464b      	mov	r3, r9
100024ea:	e9cd 0110 	strd	r0, r1, [sp, #64]	@ 0x40
100024ee:	4640      	mov	r0, r8
100024f0:	4649      	mov	r1, r9
100024f2:	f7ff f993 	bl	1000181c <__wrap___aeabi_dadd>
100024f6:	2200      	movs	r2, #0
100024f8:	e9cd 0114 	strd	r0, r1, [sp, #80]	@ 0x50
100024fc:	e9dd 0110 	ldrd	r0, r1, [sp, #64]	@ 0x40
10002500:	4b8d      	ldr	r3, [pc, #564]	@ (10002738 <_etoa+0x528>)
10002502:	f7ff f9d9 	bl	100018b8 <__wrap___aeabi_ddiv>
10002506:	2200      	movs	r2, #0
10002508:	4b8c      	ldr	r3, [pc, #560]	@ (1000273c <_etoa+0x52c>)
1000250a:	f7ff f987 	bl	1000181c <__wrap___aeabi_dadd>
1000250e:	4602      	mov	r2, r0
10002510:	460b      	mov	r3, r1
10002512:	e9dd 0110 	ldrd	r0, r1, [sp, #64]	@ 0x40
10002516:	f7ff f9cf 	bl	100018b8 <__wrap___aeabi_ddiv>
1000251a:	2200      	movs	r2, #0
1000251c:	4b88      	ldr	r3, [pc, #544]	@ (10002740 <_etoa+0x530>)
1000251e:	f7ff f97d 	bl	1000181c <__wrap___aeabi_dadd>
10002522:	4602      	mov	r2, r0
10002524:	460b      	mov	r3, r1
10002526:	e9dd 0110 	ldrd	r0, r1, [sp, #64]	@ 0x40
1000252a:	f7ff f9c5 	bl	100018b8 <__wrap___aeabi_ddiv>
1000252e:	4642      	mov	r2, r8
10002530:	464b      	mov	r3, r9
10002532:	4680      	mov	r8, r0
10002534:	4689      	mov	r9, r1
10002536:	2000      	movs	r0, #0
10002538:	f04f 4180 	mov.w	r1, #1073741824	@ 0x40000000
1000253c:	f7ff f982 	bl	10001844 <__wrap___aeabi_dsub>
10002540:	4602      	mov	r2, r0
10002542:	460b      	mov	r3, r1
10002544:	4640      	mov	r0, r8
10002546:	4649      	mov	r1, r9
10002548:	f7ff f968 	bl	1000181c <__wrap___aeabi_dadd>
1000254c:	4602      	mov	r2, r0
1000254e:	460b      	mov	r3, r1
10002550:	e9dd 0114 	ldrd	r0, r1, [sp, #80]	@ 0x50
10002554:	f7ff f9b0 	bl	100018b8 <__wrap___aeabi_ddiv>
10002558:	2200      	movs	r2, #0
1000255a:	4b7a      	ldr	r3, [pc, #488]	@ (10002744 <_etoa+0x534>)
1000255c:	f7ff f95e 	bl	1000181c <__wrap___aeabi_dadd>
10002560:	9b12      	ldr	r3, [sp, #72]	@ 0x48
10002562:	2200      	movs	r2, #0
10002564:	f203 3cff 	addw	ip, r3, #1023	@ 0x3ff
10002568:	ea4f 530c 	mov.w	r3, ip, lsl #20
1000256c:	f7ff f97e 	bl	1000186c <__wrap___aeabi_dmul>
10002570:	4680      	mov	r8, r0
10002572:	4689      	mov	r9, r1
10002574:	e9dd 010a 	ldrd	r0, r1, [sp, #40]	@ 0x28
10002578:	4642      	mov	r2, r8
1000257a:	464b      	mov	r3, r9
1000257c:	f7ff fa44 	bl	10001a08 <__wrap___aeabi_dcmplt>
10002580:	b150      	cbz	r0, 10002598 <_etoa+0x388>
10002582:	9b0c      	ldr	r3, [sp, #48]	@ 0x30
10002584:	4640      	mov	r0, r8
10002586:	3b01      	subs	r3, #1
10002588:	4649      	mov	r1, r9
1000258a:	930c      	str	r3, [sp, #48]	@ 0x30
1000258c:	2200      	movs	r2, #0
1000258e:	4b6b      	ldr	r3, [pc, #428]	@ (1000273c <_etoa+0x52c>)
10002590:	f7ff f992 	bl	100018b8 <__wrap___aeabi_ddiv>
10002594:	4680      	mov	r8, r0
10002596:	4689      	mov	r9, r1
10002598:	9a0c      	ldr	r2, [sp, #48]	@ 0x30
1000259a:	4643      	mov	r3, r8
1000259c:	3263      	adds	r2, #99	@ 0x63
1000259e:	2ac6      	cmp	r2, #198	@ 0xc6
100025a0:	f006 0202 	and.w	r2, r6, #2
100025a4:	9210      	str	r2, [sp, #64]	@ 0x40
100025a6:	4649      	mov	r1, r9
100025a8:	9a0f      	ldr	r2, [sp, #60]	@ 0x3c
100025aa:	d82c      	bhi.n	10002606 <_etoa+0x3f6>
100025ac:	2a00      	cmp	r2, #0
100025ae:	d05e      	beq.n	1000266e <_etoa+0x45e>
100025b0:	2204      	movs	r2, #4
100025b2:	9212      	str	r2, [sp, #72]	@ 0x48
100025b4:	430b      	orrs	r3, r1
100025b6:	f43f af16 	beq.w	100023e6 <_etoa+0x1d6>
100025ba:	e9dd 010a 	ldrd	r0, r1, [sp, #40]	@ 0x28
100025be:	a358      	add	r3, pc, #352	@ (adr r3, 10002720 <_etoa+0x510>)
100025c0:	e9d3 2300 	ldrd	r2, r3, [r3]
100025c4:	f7ff fa48 	bl	10001a58 <__wrap___aeabi_dcmpge>
100025c8:	b148      	cbz	r0, 100025de <_etoa+0x3ce>
100025ca:	e9dd 010a 	ldrd	r0, r1, [sp, #40]	@ 0x28
100025ce:	a356      	add	r3, pc, #344	@ (adr r3, 10002728 <_etoa+0x518>)
100025d0:	e9d3 2300 	ldrd	r2, r3, [r3]
100025d4:	f7ff fa18 	bl	10001a08 <__wrap___aeabi_dcmplt>
100025d8:	2800      	cmp	r0, #0
100025da:	f47f af04 	bne.w	100023e6 <_etoa+0x1d6>
100025de:	9b0e      	ldr	r3, [sp, #56]	@ 0x38
100025e0:	2b00      	cmp	r3, #0
100025e2:	d050      	beq.n	10002686 <_etoa+0x476>
100025e4:	9a13      	ldr	r2, [sp, #76]	@ 0x4c
100025e6:	2a00      	cmp	r2, #0
100025e8:	d07d      	beq.n	100026e6 <_etoa+0x4d6>
100025ea:	3b01      	subs	r3, #1
100025ec:	930e      	str	r3, [sp, #56]	@ 0x38
100025ee:	9b12      	ldr	r3, [sp, #72]	@ 0x48
100025f0:	459a      	cmp	sl, r3
100025f2:	d905      	bls.n	10002600 <_etoa+0x3f0>
100025f4:	9b10      	ldr	r3, [sp, #64]	@ 0x40
100025f6:	2b00      	cmp	r3, #0
100025f8:	f000 80ae 	beq.w	10002758 <_etoa+0x548>
100025fc:	2302      	movs	r3, #2
100025fe:	9310      	str	r3, [sp, #64]	@ 0x40
10002600:	2300      	movs	r3, #0
10002602:	930f      	str	r3, [sp, #60]	@ 0x3c
10002604:	e044      	b.n	10002690 <_etoa+0x480>
10002606:	bb22      	cbnz	r2, 10002652 <_etoa+0x442>
10002608:	f1ba 0f05 	cmp.w	sl, #5
1000260c:	d94f      	bls.n	100026ae <_etoa+0x49e>
1000260e:	f006 0302 	and.w	r3, r6, #2
10002612:	2b00      	cmp	r3, #0
10002614:	d149      	bne.n	100026aa <_etoa+0x49a>
10002616:	2305      	movs	r3, #5
10002618:	9312      	str	r3, [sp, #72]	@ 0x48
1000261a:	f1aa 0305 	sub.w	r3, sl, #5
1000261e:	930f      	str	r3, [sp, #60]	@ 0x3c
10002620:	e03a      	b.n	10002698 <_etoa+0x488>
10002622:	f105 4300 	add.w	r3, r5, #2147483648	@ 0x80000000
10002626:	940a      	str	r4, [sp, #40]	@ 0x28
10002628:	930b      	str	r3, [sp, #44]	@ 0x2c
1000262a:	e627      	b.n	1000227c <_etoa+0x6c>
1000262c:	f426 6600 	bic.w	r6, r6, #2048	@ 0x800
10002630:	f446 6680 	orr.w	r6, r6, #1024	@ 0x400
10002634:	4638      	mov	r0, r7
10002636:	962c      	str	r6, [sp, #176]	@ 0xb0
10002638:	e9dd 670a 	ldrd	r6, r7, [sp, #40]	@ 0x28
1000263c:	4634      	mov	r4, r6
1000263e:	f107 4500 	add.w	r5, r7, #2147483648	@ 0x80000000
10002642:	465a      	mov	r2, fp
10002644:	e9cd 8a2a 	strd	r8, sl, [sp, #168]	@ 0xa8
10002648:	e9cd 4528 	strd	r4, r5, [sp, #160]	@ 0xa0
1000264c:	9b09      	ldr	r3, [sp, #36]	@ 0x24
1000264e:	9908      	ldr	r1, [sp, #32]
10002650:	e6bc      	b.n	100023cc <_etoa+0x1bc>
10002652:	2205      	movs	r2, #5
10002654:	9212      	str	r2, [sp, #72]	@ 0x48
10002656:	e7ad      	b.n	100025b4 <_etoa+0x3a4>
10002658:	2300      	movs	r3, #0
1000265a:	2202      	movs	r2, #2
1000265c:	e9cd 320f 	strd	r3, r2, [sp, #60]	@ 0x3c
10002660:	2204      	movs	r2, #4
10002662:	930c      	str	r3, [sp, #48]	@ 0x30
10002664:	9212      	str	r2, [sp, #72]	@ 0x48
10002666:	e62c      	b.n	100022c2 <_etoa+0xb2>
10002668:	f04f 0805 	mov.w	r8, #5
1000266c:	e6c2      	b.n	100023f4 <_etoa+0x1e4>
1000266e:	f1ba 0f04 	cmp.w	sl, #4
10002672:	d91f      	bls.n	100026b4 <_etoa+0x4a4>
10002674:	9b10      	ldr	r3, [sp, #64]	@ 0x40
10002676:	2b00      	cmp	r3, #0
10002678:	d178      	bne.n	1000276c <_etoa+0x55c>
1000267a:	2304      	movs	r3, #4
1000267c:	9312      	str	r3, [sp, #72]	@ 0x48
1000267e:	f1aa 0304 	sub.w	r3, sl, #4
10002682:	930f      	str	r3, [sp, #60]	@ 0x3c
10002684:	e004      	b.n	10002690 <_etoa+0x480>
10002686:	9b12      	ldr	r3, [sp, #72]	@ 0x48
10002688:	459a      	cmp	sl, r3
1000268a:	d831      	bhi.n	100026f0 <_etoa+0x4e0>
1000268c:	9b0e      	ldr	r3, [sp, #56]	@ 0x38
1000268e:	930f      	str	r3, [sp, #60]	@ 0x3c
10002690:	9b0c      	ldr	r3, [sp, #48]	@ 0x30
10002692:	2b00      	cmp	r3, #0
10002694:	f43f ae15 	beq.w	100022c2 <_etoa+0xb2>
10002698:	e9dd 010a 	ldrd	r0, r1, [sp, #40]	@ 0x28
1000269c:	4642      	mov	r2, r8
1000269e:	464b      	mov	r3, r9
100026a0:	f7ff f90a 	bl	100018b8 <__wrap___aeabi_ddiv>
100026a4:	e9cd 010a 	strd	r0, r1, [sp, #40]	@ 0x28
100026a8:	e60b      	b.n	100022c2 <_etoa+0xb2>
100026aa:	2302      	movs	r3, #2
100026ac:	9310      	str	r3, [sp, #64]	@ 0x40
100026ae:	2305      	movs	r3, #5
100026b0:	9312      	str	r3, [sp, #72]	@ 0x48
100026b2:	e7f1      	b.n	10002698 <_etoa+0x488>
100026b4:	2304      	movs	r3, #4
100026b6:	9312      	str	r3, [sp, #72]	@ 0x48
100026b8:	e7ea      	b.n	10002690 <_etoa+0x480>
100026ba:	e9dd 450a 	ldrd	r4, r5, [sp, #40]	@ 0x28
100026be:	46a0      	mov	r8, r4
100026c0:	9b0f      	ldr	r3, [sp, #60]	@ 0x3c
100026c2:	f105 4900 	add.w	r9, r5, #2147483648	@ 0x80000000
100026c6:	9303      	str	r3, [sp, #12]
100026c8:	9b0e      	ldr	r3, [sp, #56]	@ 0x38
100026ca:	465a      	mov	r2, fp
100026cc:	9302      	str	r3, [sp, #8]
100026ce:	f426 6300 	bic.w	r3, r6, #2048	@ 0x800
100026d2:	9304      	str	r3, [sp, #16]
100026d4:	4638      	mov	r0, r7
100026d6:	e9cd 8900 	strd	r8, r9, [sp]
100026da:	9b09      	ldr	r3, [sp, #36]	@ 0x24
100026dc:	9908      	ldr	r1, [sp, #32]
100026de:	f7ff fb37 	bl	10001d50 <_ftoa>
100026e2:	4602      	mov	r2, r0
100026e4:	e608      	b.n	100022f8 <_etoa+0xe8>
100026e6:	9b12      	ldr	r3, [sp, #72]	@ 0x48
100026e8:	459a      	cmp	sl, r3
100026ea:	d844      	bhi.n	10002776 <_etoa+0x566>
100026ec:	920f      	str	r2, [sp, #60]	@ 0x3c
100026ee:	e7cf      	b.n	10002690 <_etoa+0x480>
100026f0:	9b10      	ldr	r3, [sp, #64]	@ 0x40
100026f2:	b38b      	cbz	r3, 10002758 <_etoa+0x548>
100026f4:	9b0e      	ldr	r3, [sp, #56]	@ 0x38
100026f6:	930f      	str	r3, [sp, #60]	@ 0x3c
100026f8:	2302      	movs	r3, #2
100026fa:	9310      	str	r3, [sp, #64]	@ 0x40
100026fc:	e7c8      	b.n	10002690 <_etoa+0x480>
100026fe:	bf00      	nop
10002700:	636f4361 	.word	0x636f4361
10002704:	3fd287a7 	.word	0x3fd287a7
10002708:	0979a371 	.word	0x0979a371
1000270c:	400a934f 	.word	0x400a934f
10002710:	bbb55516 	.word	0xbbb55516
10002714:	40026bb1 	.word	0x40026bb1
10002718:	fefa39ef 	.word	0xfefa39ef
1000271c:	3fe62e42 	.word	0x3fe62e42
10002720:	eb1c432d 	.word	0xeb1c432d
10002724:	3f1a36e2 	.word	0x3f1a36e2
10002728:	00000000 	.word	0x00000000
1000272c:	412e8480 	.word	0x412e8480
10002730:	3ff80000 	.word	0x3ff80000
10002734:	3fe00000 	.word	0x3fe00000
10002738:	402c0000 	.word	0x402c0000
1000273c:	40240000 	.word	0x40240000
10002740:	40180000 	.word	0x40180000
10002744:	3ff00000 	.word	0x3ff00000
10002748:	509f79fb 	.word	0x509f79fb
1000274c:	3fd34413 	.word	0x3fd34413
10002750:	8b60c8b3 	.word	0x8b60c8b3
10002754:	3fc68a28 	.word	0x3fc68a28
10002758:	9b12      	ldr	r3, [sp, #72]	@ 0x48
1000275a:	ebaa 0303 	sub.w	r3, sl, r3
1000275e:	930f      	str	r3, [sp, #60]	@ 0x3c
10002760:	e796      	b.n	10002690 <_etoa+0x480>
10002762:	eba3 0802 	sub.w	r8, r3, r2
10002766:	f108 38ff 	add.w	r8, r8, #4294967295	@ 0xffffffff
1000276a:	e643      	b.n	100023f4 <_etoa+0x1e4>
1000276c:	2304      	movs	r3, #4
1000276e:	9312      	str	r3, [sp, #72]	@ 0x48
10002770:	2302      	movs	r3, #2
10002772:	9310      	str	r3, [sp, #64]	@ 0x40
10002774:	e78c      	b.n	10002690 <_etoa+0x480>
10002776:	9b10      	ldr	r3, [sp, #64]	@ 0x40
10002778:	2b00      	cmp	r3, #0
1000277a:	d0ed      	beq.n	10002758 <_etoa+0x548>
1000277c:	2302      	movs	r3, #2
1000277e:	920f      	str	r2, [sp, #60]	@ 0x3c
10002780:	9310      	str	r3, [sp, #64]	@ 0x40
10002782:	e785      	b.n	10002690 <_etoa+0x480>

10002784 <_vsnprintf>:
10002784:	e92d 4ff0 	stmdb	sp!, {r4, r5, r6, r7, r8, r9, sl, fp, lr}
10002788:	b09b      	sub	sp, #108	@ 0x6c
1000278a:	9c24      	ldr	r4, [sp, #144]	@ 0x90
1000278c:	4d95      	ldr	r5, [pc, #596]	@ (100029e4 <_vsnprintf+0x260>)
1000278e:	940a      	str	r4, [sp, #40]	@ 0x28
10002790:	4c95      	ldr	r4, [pc, #596]	@ (100029e8 <_vsnprintf+0x264>)
10002792:	f1b1 0a00 	subs.w	sl, r1, #0
10002796:	bf18      	it	ne
10002798:	4683      	movne	fp, r0
1000279a:	6025      	str	r5, [r4, #0]
1000279c:	7818      	ldrb	r0, [r3, #0]
1000279e:	4c93      	ldr	r4, [pc, #588]	@ (100029ec <_vsnprintf+0x268>)
100027a0:	4691      	mov	r9, r2
100027a2:	bf08      	it	eq
100027a4:	46a3      	moveq	fp, r4
100027a6:	9309      	str	r3, [sp, #36]	@ 0x24
100027a8:	2800      	cmp	r0, #0
100027aa:	f000 8293 	beq.w	10002cd4 <_vsnprintf+0x550>
100027ae:	f04f 0800 	mov.w	r8, #0
100027b2:	e00a      	b.n	100027ca <_vsnprintf+0x46>
100027b4:	4642      	mov	r2, r8
100027b6:	464b      	mov	r3, r9
100027b8:	4651      	mov	r1, sl
100027ba:	f108 0801 	add.w	r8, r8, #1
100027be:	47d8      	blx	fp
100027c0:	9b09      	ldr	r3, [sp, #36]	@ 0x24
100027c2:	7818      	ldrb	r0, [r3, #0]
100027c4:	2800      	cmp	r0, #0
100027c6:	f000 80ce 	beq.w	10002966 <_vsnprintf+0x1e2>
100027ca:	9b09      	ldr	r3, [sp, #36]	@ 0x24
100027cc:	2825      	cmp	r0, #37	@ 0x25
100027ce:	f103 0301 	add.w	r3, r3, #1
100027d2:	9309      	str	r3, [sp, #36]	@ 0x24
100027d4:	d1ee      	bne.n	100027b4 <_vsnprintf+0x30>
100027d6:	461c      	mov	r4, r3
100027d8:	2300      	movs	r3, #0
100027da:	4622      	mov	r2, r4
100027dc:	f812 0b01 	ldrb.w	r0, [r2], #1
100027e0:	f1a0 0120 	sub.w	r1, r0, #32
100027e4:	2910      	cmp	r1, #16
100027e6:	d80a      	bhi.n	100027fe <_vsnprintf+0x7a>
100027e8:	e8df f001 	tbb	[pc, r1]
100027ec:	3c090940 	.word	0x3c090940
100027f0:	09090909 	.word	0x09090909
100027f4:	38090909 	.word	0x38090909
100027f8:	09093409 	.word	0x09093409
100027fc:	30          	.byte	0x30
100027fd:	00          	.byte	0x00
100027fe:	f1a0 0130 	sub.w	r1, r0, #48	@ 0x30
10002802:	2909      	cmp	r1, #9
10002804:	9409      	str	r4, [sp, #36]	@ 0x24
10002806:	f240 808a 	bls.w	1000291e <_vsnprintf+0x19a>
1000280a:	282a      	cmp	r0, #42	@ 0x2a
1000280c:	f000 80f0 	beq.w	100029f0 <_vsnprintf+0x26c>
10002810:	2500      	movs	r5, #0
10002812:	282e      	cmp	r0, #46	@ 0x2e
10002814:	f000 8096 	beq.w	10002944 <_vsnprintf+0x1c0>
10002818:	2600      	movs	r6, #0
1000281a:	f1a0 0168 	sub.w	r1, r0, #104	@ 0x68
1000281e:	2912      	cmp	r1, #18
10002820:	d82d      	bhi.n	1000287e <_vsnprintf+0xfa>
10002822:	e8df f011 	tbh	[pc, r1, lsl #1]
10002826:	0149      	.short	0x0149
10002828:	0143002c 	.word	0x0143002c
1000282c:	0138002c 	.word	0x0138002c
10002830:	002c002c 	.word	0x002c002c
10002834:	002c002c 	.word	0x002c002c
10002838:	002c002c 	.word	0x002c002c
1000283c:	0027002c 	.word	0x0027002c
10002840:	002c002c 	.word	0x002c002c
10002844:	002c002c 	.word	0x002c002c
10002848:	0027002c 	.word	0x0027002c
1000284c:	4614      	mov	r4, r2
1000284e:	f043 0301 	orr.w	r3, r3, #1
10002852:	e7c2      	b.n	100027da <_vsnprintf+0x56>
10002854:	4614      	mov	r4, r2
10002856:	f043 0302 	orr.w	r3, r3, #2
1000285a:	e7be      	b.n	100027da <_vsnprintf+0x56>
1000285c:	4614      	mov	r4, r2
1000285e:	f043 0304 	orr.w	r3, r3, #4
10002862:	e7ba      	b.n	100027da <_vsnprintf+0x56>
10002864:	4614      	mov	r4, r2
10002866:	f043 0310 	orr.w	r3, r3, #16
1000286a:	e7b6      	b.n	100027da <_vsnprintf+0x56>
1000286c:	4614      	mov	r4, r2
1000286e:	f043 0308 	orr.w	r3, r3, #8
10002872:	e7b2      	b.n	100027da <_vsnprintf+0x56>
10002874:	9909      	ldr	r1, [sp, #36]	@ 0x24
10002876:	7848      	ldrb	r0, [r1, #1]
10002878:	f443 7380 	orr.w	r3, r3, #256	@ 0x100
1000287c:	3201      	adds	r2, #1
1000287e:	2867      	cmp	r0, #103	@ 0x67
10002880:	9209      	str	r2, [sp, #36]	@ 0x24
10002882:	d87e      	bhi.n	10002982 <_vsnprintf+0x1fe>
10002884:	2824      	cmp	r0, #36	@ 0x24
10002886:	f240 80c1 	bls.w	10002a0c <_vsnprintf+0x288>
1000288a:	f1a0 0225 	sub.w	r2, r0, #37	@ 0x25
1000288e:	2a42      	cmp	r2, #66	@ 0x42
10002890:	f200 80bc 	bhi.w	10002a0c <_vsnprintf+0x288>
10002894:	e8df f012 	tbh	[pc, r2, lsl #1]
10002898:	00ba0150 	.word	0x00ba0150
1000289c:	00ba00ba 	.word	0x00ba00ba
100028a0:	00ba00ba 	.word	0x00ba00ba
100028a4:	00ba00ba 	.word	0x00ba00ba
100028a8:	00ba00ba 	.word	0x00ba00ba
100028ac:	00ba00ba 	.word	0x00ba00ba
100028b0:	00ba00ba 	.word	0x00ba00ba
100028b4:	00ba00ba 	.word	0x00ba00ba
100028b8:	00ba00ba 	.word	0x00ba00ba
100028bc:	00ba00ba 	.word	0x00ba00ba
100028c0:	00ba00ba 	.word	0x00ba00ba
100028c4:	00ba00ba 	.word	0x00ba00ba
100028c8:	00ba00ba 	.word	0x00ba00ba
100028cc:	00ba00ba 	.word	0x00ba00ba
100028d0:	00ba00ba 	.word	0x00ba00ba
100028d4:	00ba00ba 	.word	0x00ba00ba
100028d8:	01370119 	.word	0x01370119
100028dc:	00ba0119 	.word	0x00ba0119
100028e0:	00ba00ba 	.word	0x00ba00ba
100028e4:	00ba00ba 	.word	0x00ba00ba
100028e8:	00ba00ba 	.word	0x00ba00ba
100028ec:	00ba00ba 	.word	0x00ba00ba
100028f0:	00ba00ba 	.word	0x00ba00ba
100028f4:	00ba00ba 	.word	0x00ba00ba
100028f8:	00ba00ba 	.word	0x00ba00ba
100028fc:	01bc00ba 	.word	0x01bc00ba
10002900:	00ba00ba 	.word	0x00ba00ba
10002904:	00ba00ba 	.word	0x00ba00ba
10002908:	00ba00ba 	.word	0x00ba00ba
1000290c:	00ba00ba 	.word	0x00ba00ba
10002910:	01bc00ba 	.word	0x01bc00ba
10002914:	01bc0158 	.word	0x01bc0158
10002918:	01370119 	.word	0x01370119
1000291c:	0119      	.short	0x0119
1000291e:	2500      	movs	r5, #0
10002920:	e000      	b.n	10002924 <_vsnprintf+0x1a0>
10002922:	3201      	adds	r2, #1
10002924:	eb05 0585 	add.w	r5, r5, r5, lsl #2
10002928:	eb00 0545 	add.w	r5, r0, r5, lsl #1
1000292c:	7810      	ldrb	r0, [r2, #0]
1000292e:	3d30      	subs	r5, #48	@ 0x30
10002930:	f1a0 0130 	sub.w	r1, r0, #48	@ 0x30
10002934:	2909      	cmp	r1, #9
10002936:	d9f4      	bls.n	10002922 <_vsnprintf+0x19e>
10002938:	282e      	cmp	r0, #46	@ 0x2e
1000293a:	9209      	str	r2, [sp, #36]	@ 0x24
1000293c:	f102 0201 	add.w	r2, r2, #1
10002940:	f47f af6a 	bne.w	10002818 <_vsnprintf+0x94>
10002944:	9909      	ldr	r1, [sp, #36]	@ 0x24
10002946:	f443 6380 	orr.w	r3, r3, #1024	@ 0x400
1000294a:	7848      	ldrb	r0, [r1, #1]
1000294c:	4611      	mov	r1, r2
1000294e:	f1a0 0630 	sub.w	r6, r0, #48	@ 0x30
10002952:	2e09      	cmp	r6, #9
10002954:	f240 8121 	bls.w	10002b9a <_vsnprintf+0x416>
10002958:	282a      	cmp	r0, #42	@ 0x2a
1000295a:	f000 812f 	beq.w	10002bbc <_vsnprintf+0x438>
1000295e:	9209      	str	r2, [sp, #36]	@ 0x24
10002960:	2600      	movs	r6, #0
10002962:	3201      	adds	r2, #1
10002964:	e759      	b.n	1000281a <_vsnprintf+0x96>
10002966:	4644      	mov	r4, r8
10002968:	45c1      	cmp	r9, r8
1000296a:	d801      	bhi.n	10002970 <_vsnprintf+0x1ec>
1000296c:	f109 38ff 	add.w	r8, r9, #4294967295	@ 0xffffffff
10002970:	464b      	mov	r3, r9
10002972:	4642      	mov	r2, r8
10002974:	4651      	mov	r1, sl
10002976:	2000      	movs	r0, #0
10002978:	47d8      	blx	fp
1000297a:	4620      	mov	r0, r4
1000297c:	b01b      	add	sp, #108	@ 0x6c
1000297e:	e8bd 8ff0 	ldmia.w	sp!, {r4, r5, r6, r7, r8, r9, sl, fp, pc}
10002982:	f1a0 0269 	sub.w	r2, r0, #105	@ 0x69
10002986:	b2d2      	uxtb	r2, r2
10002988:	2a0f      	cmp	r2, #15
1000298a:	d83f      	bhi.n	10002a0c <_vsnprintf+0x288>
1000298c:	2101      	movs	r1, #1
1000298e:	f249 0741 	movw	r7, #36929	@ 0x9041
10002992:	4091      	lsls	r1, r2
10002994:	4039      	ands	r1, r7
10002996:	f040 80f3 	bne.w	10002b80 <_vsnprintf+0x3fc>
1000299a:	2a0a      	cmp	r2, #10
1000299c:	d03d      	beq.n	10002a1a <_vsnprintf+0x296>
1000299e:	2a07      	cmp	r2, #7
100029a0:	d134      	bne.n	10002a0c <_vsnprintf+0x288>
100029a2:	9d0a      	ldr	r5, [sp, #40]	@ 0x28
100029a4:	f855 2b04 	ldr.w	r2, [r5], #4
100029a8:	2a00      	cmp	r2, #0
100029aa:	f000 8113 	beq.w	10002bd4 <_vsnprintf+0x450>
100029ae:	f043 0021 	orr.w	r0, r3, #33	@ 0x21
100029b2:	ab12      	add	r3, sp, #72	@ 0x48
100029b4:	461f      	mov	r7, r3
100029b6:	930b      	str	r3, [sp, #44]	@ 0x2c
100029b8:	e003      	b.n	100029c2 <_vsnprintf+0x23e>
100029ba:	2920      	cmp	r1, #32
100029bc:	f000 8114 	beq.w	10002be8 <_vsnprintf+0x464>
100029c0:	461a      	mov	r2, r3
100029c2:	f002 040f 	and.w	r4, r2, #15
100029c6:	4623      	mov	r3, r4
100029c8:	2c09      	cmp	r4, #9
100029ca:	bf94      	ite	ls
100029cc:	3330      	addls	r3, #48	@ 0x30
100029ce:	3337      	addhi	r3, #55	@ 0x37
100029d0:	2a0f      	cmp	r2, #15
100029d2:	f807 3b01 	strb.w	r3, [r7], #1
100029d6:	f101 0101 	add.w	r1, r1, #1
100029da:	ea4f 1312 	mov.w	r3, r2, lsr #4
100029de:	d8ec      	bhi.n	100029ba <_vsnprintf+0x236>
100029e0:	e102      	b.n	10002be8 <_vsnprintf+0x464>
100029e2:	bf00      	nop
100029e4:	10002785 	.word	0x10002785
100029e8:	20002890 	.word	0x20002890
100029ec:	10001ac9 	.word	0x10001ac9
100029f0:	990a      	ldr	r1, [sp, #40]	@ 0x28
100029f2:	9809      	ldr	r0, [sp, #36]	@ 0x24
100029f4:	f851 5b04 	ldr.w	r5, [r1], #4
100029f8:	7840      	ldrb	r0, [r0, #1]
100029fa:	2d00      	cmp	r5, #0
100029fc:	e9cd 2109 	strd	r2, r1, [sp, #36]	@ 0x24
10002a00:	bfbc      	itt	lt
10002a02:	f043 0302 	orrlt.w	r3, r3, #2
10002a06:	426d      	neglt	r5, r5
10002a08:	3201      	adds	r2, #1
10002a0a:	e702      	b.n	10002812 <_vsnprintf+0x8e>
10002a0c:	4642      	mov	r2, r8
10002a0e:	464b      	mov	r3, r9
10002a10:	4651      	mov	r1, sl
10002a12:	f108 0801 	add.w	r8, r8, #1
10002a16:	47d8      	blx	fp
10002a18:	e6d2      	b.n	100027c0 <_vsnprintf+0x3c>
10002a1a:	990a      	ldr	r1, [sp, #40]	@ 0x28
10002a1c:	2e00      	cmp	r6, #0
10002a1e:	f851 7b04 	ldr.w	r7, [r1], #4
10002a22:	bf18      	it	ne
10002a24:	4632      	movne	r2, r6
10002a26:	7838      	ldrb	r0, [r7, #0]
10002a28:	bf08      	it	eq
10002a2a:	f04f 32ff 	moveq.w	r2, #4294967295	@ 0xffffffff
10002a2e:	2800      	cmp	r0, #0
10002a30:	f000 837b 	beq.w	1000312a <_vsnprintf+0x9a6>
10002a34:	18bc      	adds	r4, r7, r2
10002a36:	46a4      	mov	ip, r4
10002a38:	463a      	mov	r2, r7
10002a3a:	e004      	b.n	10002a46 <_vsnprintf+0x2c2>
10002a3c:	f812 4f01 	ldrb.w	r4, [r2, #1]!
10002a40:	2c00      	cmp	r4, #0
10002a42:	f000 813f 	beq.w	10002cc4 <_vsnprintf+0x540>
10002a46:	4594      	cmp	ip, r2
10002a48:	d1f8      	bne.n	10002a3c <_vsnprintf+0x2b8>
10002a4a:	4664      	mov	r4, ip
10002a4c:	1be4      	subs	r4, r4, r7
10002a4e:	055a      	lsls	r2, r3, #21
10002a50:	f140 8122 	bpl.w	10002c98 <_vsnprintf+0x514>
10002a54:	42b4      	cmp	r4, r6
10002a56:	bf28      	it	cs
10002a58:	4634      	movcs	r4, r6
10002a5a:	f013 0302 	ands.w	r3, r3, #2
10002a5e:	f000 8288 	beq.w	10002f72 <_vsnprintf+0x7ee>
10002a62:	2302      	movs	r3, #2
10002a64:	e9cd 510a 	strd	r5, r1, [sp, #40]	@ 0x28
10002a68:	4642      	mov	r2, r8
10002a6a:	461d      	mov	r5, r3
10002a6c:	4446      	add	r6, r8
10002a6e:	e008      	b.n	10002a82 <_vsnprintf+0x2fe>
10002a70:	464b      	mov	r3, r9
10002a72:	4651      	mov	r1, sl
10002a74:	47d8      	blx	fp
10002a76:	f817 0f01 	ldrb.w	r0, [r7, #1]!
10002a7a:	f108 0801 	add.w	r8, r8, #1
10002a7e:	b110      	cbz	r0, 10002a86 <_vsnprintf+0x302>
10002a80:	4642      	mov	r2, r8
10002a82:	4546      	cmp	r6, r8
10002a84:	d1f4      	bne.n	10002a70 <_vsnprintf+0x2ec>
10002a86:	462b      	mov	r3, r5
10002a88:	990b      	ldr	r1, [sp, #44]	@ 0x2c
10002a8a:	9d0a      	ldr	r5, [sp, #40]	@ 0x28
10002a8c:	2b00      	cmp	r3, #0
10002a8e:	f040 8141 	bne.w	10002d14 <_vsnprintf+0x590>
10002a92:	910a      	str	r1, [sp, #40]	@ 0x28
10002a94:	e694      	b.n	100027c0 <_vsnprintf+0x3c>
10002a96:	9909      	ldr	r1, [sp, #36]	@ 0x24
10002a98:	7848      	ldrb	r0, [r1, #1]
10002a9a:	286c      	cmp	r0, #108	@ 0x6c
10002a9c:	f47f aeec 	bne.w	10002878 <_vsnprintf+0xf4>
10002aa0:	460a      	mov	r2, r1
10002aa2:	7888      	ldrb	r0, [r1, #2]
10002aa4:	f443 7340 	orr.w	r3, r3, #768	@ 0x300
10002aa8:	3203      	adds	r2, #3
10002aaa:	e6e8      	b.n	1000287e <_vsnprintf+0xfa>
10002aac:	9909      	ldr	r1, [sp, #36]	@ 0x24
10002aae:	f443 7300 	orr.w	r3, r3, #512	@ 0x200
10002ab2:	7848      	ldrb	r0, [r1, #1]
10002ab4:	3201      	adds	r2, #1
10002ab6:	e6e2      	b.n	1000287e <_vsnprintf+0xfa>
10002ab8:	9909      	ldr	r1, [sp, #36]	@ 0x24
10002aba:	7848      	ldrb	r0, [r1, #1]
10002abc:	2868      	cmp	r0, #104	@ 0x68
10002abe:	f000 8103 	beq.w	10002cc8 <_vsnprintf+0x544>
10002ac2:	f043 0380 	orr.w	r3, r3, #128	@ 0x80
10002ac6:	3201      	adds	r2, #1
10002ac8:	e6d9      	b.n	1000287e <_vsnprintf+0xfa>
10002aca:	2867      	cmp	r0, #103	@ 0x67
10002acc:	f000 80d9 	beq.w	10002c82 <_vsnprintf+0x4fe>
10002ad0:	2847      	cmp	r0, #71	@ 0x47
10002ad2:	f000 80dc 	beq.w	10002c8e <_vsnprintf+0x50a>
10002ad6:	2845      	cmp	r0, #69	@ 0x45
10002ad8:	f000 80db 	beq.w	10002c92 <_vsnprintf+0x50e>
10002adc:	e9cd 5303 	strd	r5, r3, [sp, #12]
10002ae0:	9b0a      	ldr	r3, [sp, #40]	@ 0x28
10002ae2:	9602      	str	r6, [sp, #8]
10002ae4:	3307      	adds	r3, #7
10002ae6:	f023 0307 	bic.w	r3, r3, #7
10002aea:	461c      	mov	r4, r3
10002aec:	4642      	mov	r2, r8
10002aee:	e8f4 6702 	ldrd	r6, r7, [r4], #8
10002af2:	464b      	mov	r3, r9
10002af4:	4651      	mov	r1, sl
10002af6:	4658      	mov	r0, fp
10002af8:	e9cd 6700 	strd	r6, r7, [sp]
10002afc:	940a      	str	r4, [sp, #40]	@ 0x28
10002afe:	f7ff fb87 	bl	10002210 <_etoa>
10002b02:	4680      	mov	r8, r0
10002b04:	e65c      	b.n	100027c0 <_vsnprintf+0x3c>
10002b06:	2846      	cmp	r0, #70	@ 0x46
10002b08:	bf08      	it	eq
10002b0a:	f043 0320 	orreq.w	r3, r3, #32
10002b0e:	e9cd 5303 	strd	r5, r3, [sp, #12]
10002b12:	9b0a      	ldr	r3, [sp, #40]	@ 0x28
10002b14:	9602      	str	r6, [sp, #8]
10002b16:	3307      	adds	r3, #7
10002b18:	f023 0307 	bic.w	r3, r3, #7
10002b1c:	461c      	mov	r4, r3
10002b1e:	4642      	mov	r2, r8
10002b20:	e8f4 6702 	ldrd	r6, r7, [r4], #8
10002b24:	464b      	mov	r3, r9
10002b26:	4651      	mov	r1, sl
10002b28:	4658      	mov	r0, fp
10002b2a:	e9cd 6700 	strd	r6, r7, [sp]
10002b2e:	940a      	str	r4, [sp, #40]	@ 0x28
10002b30:	f7ff f90e 	bl	10001d50 <_ftoa>
10002b34:	4680      	mov	r8, r0
10002b36:	e643      	b.n	100027c0 <_vsnprintf+0x3c>
10002b38:	4642      	mov	r2, r8
10002b3a:	464b      	mov	r3, r9
10002b3c:	4651      	mov	r1, sl
10002b3e:	2025      	movs	r0, #37	@ 0x25
10002b40:	f108 0801 	add.w	r8, r8, #1
10002b44:	47d8      	blx	fp
10002b46:	e63b      	b.n	100027c0 <_vsnprintf+0x3c>
10002b48:	9a0a      	ldr	r2, [sp, #40]	@ 0x28
10002b4a:	0799      	lsls	r1, r3, #30
10002b4c:	f102 0404 	add.w	r4, r2, #4
10002b50:	f108 0601 	add.w	r6, r8, #1
10002b54:	f140 80c6 	bpl.w	10002ce4 <_vsnprintf+0x560>
10002b58:	7810      	ldrb	r0, [r2, #0]
10002b5a:	464b      	mov	r3, r9
10002b5c:	4642      	mov	r2, r8
10002b5e:	4651      	mov	r1, sl
10002b60:	47d8      	blx	fp
10002b62:	2d01      	cmp	r5, #1
10002b64:	bf88      	it	hi
10002b66:	44a8      	addhi	r8, r5
10002b68:	f240 81bd 	bls.w	10002ee6 <_vsnprintf+0x762>
10002b6c:	4632      	mov	r2, r6
10002b6e:	464b      	mov	r3, r9
10002b70:	4651      	mov	r1, sl
10002b72:	2020      	movs	r0, #32
10002b74:	3601      	adds	r6, #1
10002b76:	47d8      	blx	fp
10002b78:	4546      	cmp	r6, r8
10002b7a:	d1f7      	bne.n	10002b6c <_vsnprintf+0x3e8>
10002b7c:	940a      	str	r4, [sp, #40]	@ 0x28
10002b7e:	e61f      	b.n	100027c0 <_vsnprintf+0x3c>
10002b80:	286f      	cmp	r0, #111	@ 0x6f
10002b82:	f000 8081 	beq.w	10002c88 <_vsnprintf+0x504>
10002b86:	f240 8248 	bls.w	1000301a <_vsnprintf+0x896>
10002b8a:	2878      	cmp	r0, #120	@ 0x78
10002b8c:	f000 8190 	beq.w	10002eb0 <_vsnprintf+0x72c>
10002b90:	270a      	movs	r7, #10
10002b92:	f023 0310 	bic.w	r3, r3, #16
10002b96:	46bc      	mov	ip, r7
10002b98:	e041      	b.n	10002c1e <_vsnprintf+0x49a>
10002b9a:	2600      	movs	r6, #0
10002b9c:	eb06 0686 	add.w	r6, r6, r6, lsl #2
10002ba0:	eb00 0046 	add.w	r0, r0, r6, lsl #1
10002ba4:	f1a0 0630 	sub.w	r6, r0, #48	@ 0x30
10002ba8:	f811 0f01 	ldrb.w	r0, [r1, #1]!
10002bac:	f1a0 0230 	sub.w	r2, r0, #48	@ 0x30
10002bb0:	2a09      	cmp	r2, #9
10002bb2:	d9f3      	bls.n	10002b9c <_vsnprintf+0x418>
10002bb4:	460a      	mov	r2, r1
10002bb6:	9109      	str	r1, [sp, #36]	@ 0x24
10002bb8:	3201      	adds	r2, #1
10002bba:	e62e      	b.n	1000281a <_vsnprintf+0x96>
10002bbc:	e9dd 2109 	ldrd	r2, r1, [sp, #36]	@ 0x24
10002bc0:	f851 6b04 	ldr.w	r6, [r1], #4
10002bc4:	7890      	ldrb	r0, [r2, #2]
10002bc6:	3202      	adds	r2, #2
10002bc8:	9209      	str	r2, [sp, #36]	@ 0x24
10002bca:	910a      	str	r1, [sp, #40]	@ 0x28
10002bcc:	3201      	adds	r2, #1
10002bce:	ea26 76e6 	bic.w	r6, r6, r6, asr #31
10002bd2:	e622      	b.n	1000281a <_vsnprintf+0x96>
10002bd4:	f023 0010 	bic.w	r0, r3, #16
10002bd8:	f413 6280 	ands.w	r2, r3, #1024	@ 0x400
10002bdc:	f040 0021 	orr.w	r0, r0, #33	@ 0x21
10002be0:	f43f aee7 	beq.w	100029b2 <_vsnprintf+0x22e>
10002be4:	ab12      	add	r3, sp, #72	@ 0x48
10002be6:	930b      	str	r3, [sp, #44]	@ 0x2c
10002be8:	9b0b      	ldr	r3, [sp, #44]	@ 0x2c
10002bea:	9006      	str	r0, [sp, #24]
10002bec:	9300      	str	r3, [sp, #0]
10002bee:	2308      	movs	r3, #8
10002bf0:	2010      	movs	r0, #16
10002bf2:	9305      	str	r3, [sp, #20]
10002bf4:	2300      	movs	r3, #0
10002bf6:	4642      	mov	r2, r8
10002bf8:	e9cd 3002 	strd	r3, r0, [sp, #8]
10002bfc:	9101      	str	r1, [sp, #4]
10002bfe:	464b      	mov	r3, r9
10002c00:	4651      	mov	r1, sl
10002c02:	4658      	mov	r0, fp
10002c04:	9604      	str	r6, [sp, #16]
10002c06:	f7fe ffaf 	bl	10001b68 <_ntoa_format>
10002c0a:	950a      	str	r5, [sp, #40]	@ 0x28
10002c0c:	4680      	mov	r8, r0
10002c0e:	e5d7      	b.n	100027c0 <_vsnprintf+0x3c>
10002c10:	2858      	cmp	r0, #88	@ 0x58
10002c12:	d062      	beq.n	10002cda <_vsnprintf+0x556>
10002c14:	2862      	cmp	r0, #98	@ 0x62
10002c16:	f040 808f 	bne.w	10002d38 <_vsnprintf+0x5b4>
10002c1a:	2702      	movs	r7, #2
10002c1c:	46bc      	mov	ip, r7
10002c1e:	f413 6080 	ands.w	r0, r3, #1024	@ 0x400
10002c22:	f000 80dd 	beq.w	10002de0 <_vsnprintf+0x65c>
10002c26:	f023 030d 	bic.w	r3, r3, #13
10002c2a:	f413 7200 	ands.w	r2, r3, #512	@ 0x200
10002c2e:	f040 8181 	bne.w	10002f34 <_vsnprintf+0x7b0>
10002c32:	990a      	ldr	r1, [sp, #40]	@ 0x28
10002c34:	1d0f      	adds	r7, r1, #4
10002c36:	f413 7180 	ands.w	r1, r3, #256	@ 0x100
10002c3a:	f040 8237 	bne.w	100030ac <_vsnprintf+0x928>
10002c3e:	065c      	lsls	r4, r3, #25
10002c40:	9a0a      	ldr	r2, [sp, #40]	@ 0x28
10002c42:	f140 813b 	bpl.w	10002ebc <_vsnprintf+0x738>
10002c46:	7812      	ldrb	r2, [r2, #0]
10002c48:	2a00      	cmp	r2, #0
10002c4a:	f040 814e 	bne.w	10002eea <_vsnprintf+0x766>
10002c4e:	f023 0310 	bic.w	r3, r3, #16
10002c52:	2800      	cmp	r0, #0
10002c54:	f000 8149 	beq.w	10002eea <_vsnprintf+0x766>
10002c58:	4611      	mov	r1, r2
10002c5a:	aa12      	add	r2, sp, #72	@ 0x48
10002c5c:	920b      	str	r2, [sp, #44]	@ 0x2c
10002c5e:	e9cd 5305 	strd	r5, r3, [sp, #20]
10002c62:	e9cd c603 	strd	ip, r6, [sp, #12]
10002c66:	9101      	str	r1, [sp, #4]
10002c68:	9b0b      	ldr	r3, [sp, #44]	@ 0x2c
10002c6a:	4642      	mov	r2, r8
10002c6c:	9300      	str	r3, [sp, #0]
10002c6e:	2300      	movs	r3, #0
10002c70:	4651      	mov	r1, sl
10002c72:	9302      	str	r3, [sp, #8]
10002c74:	4658      	mov	r0, fp
10002c76:	464b      	mov	r3, r9
10002c78:	f7fe ff76 	bl	10001b68 <_ntoa_format>
10002c7c:	970a      	str	r7, [sp, #40]	@ 0x28
10002c7e:	4680      	mov	r8, r0
10002c80:	e59e      	b.n	100027c0 <_vsnprintf+0x3c>
10002c82:	f443 6300 	orr.w	r3, r3, #2048	@ 0x800
10002c86:	e729      	b.n	10002adc <_vsnprintf+0x358>
10002c88:	2708      	movs	r7, #8
10002c8a:	46bc      	mov	ip, r7
10002c8c:	e7c7      	b.n	10002c1e <_vsnprintf+0x49a>
10002c8e:	f443 6300 	orr.w	r3, r3, #2048	@ 0x800
10002c92:	f043 0320 	orr.w	r3, r3, #32
10002c96:	e721      	b.n	10002adc <_vsnprintf+0x358>
10002c98:	f013 0302 	ands.w	r3, r3, #2
10002c9c:	f000 818e 	beq.w	10002fbc <_vsnprintf+0x838>
10002ca0:	2302      	movs	r3, #2
10002ca2:	950a      	str	r5, [sp, #40]	@ 0x28
10002ca4:	461e      	mov	r6, r3
10002ca6:	460d      	mov	r5, r1
10002ca8:	4642      	mov	r2, r8
10002caa:	464b      	mov	r3, r9
10002cac:	4651      	mov	r1, sl
10002cae:	47d8      	blx	fp
10002cb0:	f817 0f01 	ldrb.w	r0, [r7, #1]!
10002cb4:	f108 0801 	add.w	r8, r8, #1
10002cb8:	2800      	cmp	r0, #0
10002cba:	d1f5      	bne.n	10002ca8 <_vsnprintf+0x524>
10002cbc:	4629      	mov	r1, r5
10002cbe:	4633      	mov	r3, r6
10002cc0:	9d0a      	ldr	r5, [sp, #40]	@ 0x28
10002cc2:	e6e3      	b.n	10002a8c <_vsnprintf+0x308>
10002cc4:	1bd4      	subs	r4, r2, r7
10002cc6:	e6c2      	b.n	10002a4e <_vsnprintf+0x2ca>
10002cc8:	460a      	mov	r2, r1
10002cca:	7888      	ldrb	r0, [r1, #2]
10002ccc:	f043 03c0 	orr.w	r3, r3, #192	@ 0xc0
10002cd0:	3203      	adds	r2, #3
10002cd2:	e5d4      	b.n	1000287e <_vsnprintf+0xfa>
10002cd4:	4604      	mov	r4, r0
10002cd6:	4680      	mov	r8, r0
10002cd8:	e646      	b.n	10002968 <_vsnprintf+0x1e4>
10002cda:	2710      	movs	r7, #16
10002cdc:	f043 0320 	orr.w	r3, r3, #32
10002ce0:	46bc      	mov	ip, r7
10002ce2:	e79c      	b.n	10002c1e <_vsnprintf+0x49a>
10002ce4:	2d01      	cmp	r5, #1
10002ce6:	f240 80f8 	bls.w	10002eda <_vsnprintf+0x756>
10002cea:	4646      	mov	r6, r8
10002cec:	f108 37ff 	add.w	r7, r8, #4294967295	@ 0xffffffff
10002cf0:	442f      	add	r7, r5
10002cf2:	4632      	mov	r2, r6
10002cf4:	464b      	mov	r3, r9
10002cf6:	4651      	mov	r1, sl
10002cf8:	2020      	movs	r0, #32
10002cfa:	3601      	adds	r6, #1
10002cfc:	47d8      	blx	fp
10002cfe:	42be      	cmp	r6, r7
10002d00:	d1f7      	bne.n	10002cf2 <_vsnprintf+0x56e>
10002d02:	9b0a      	ldr	r3, [sp, #40]	@ 0x28
10002d04:	4632      	mov	r2, r6
10002d06:	7818      	ldrb	r0, [r3, #0]
10002d08:	4651      	mov	r1, sl
10002d0a:	464b      	mov	r3, r9
10002d0c:	47d8      	blx	fp
10002d0e:	44a8      	add	r8, r5
10002d10:	940a      	str	r4, [sp, #40]	@ 0x28
10002d12:	e555      	b.n	100027c0 <_vsnprintf+0x3c>
10002d14:	4646      	mov	r6, r8
10002d16:	42a5      	cmp	r5, r4
10002d18:	f67f aebb 	bls.w	10002a92 <_vsnprintf+0x30e>
10002d1c:	44a8      	add	r8, r5
10002d1e:	eba8 0804 	sub.w	r8, r8, r4
10002d22:	460c      	mov	r4, r1
10002d24:	4632      	mov	r2, r6
10002d26:	464b      	mov	r3, r9
10002d28:	4651      	mov	r1, sl
10002d2a:	2020      	movs	r0, #32
10002d2c:	3601      	adds	r6, #1
10002d2e:	47d8      	blx	fp
10002d30:	4546      	cmp	r6, r8
10002d32:	d1f7      	bne.n	10002d24 <_vsnprintf+0x5a0>
10002d34:	4621      	mov	r1, r4
10002d36:	e6ac      	b.n	10002a92 <_vsnprintf+0x30e>
10002d38:	f413 6280 	ands.w	r2, r3, #1024	@ 0x400
10002d3c:	f000 80bb 	beq.w	10002eb6 <_vsnprintf+0x732>
10002d40:	f44f 6280 	mov.w	r2, #1024	@ 0x400
10002d44:	f023 0c11 	bic.w	ip, r3, #17
10002d48:	f41c 7700 	ands.w	r7, ip, #512	@ 0x200
10002d4c:	9b0a      	ldr	r3, [sp, #40]	@ 0x28
10002d4e:	d14a      	bne.n	10002de6 <_vsnprintf+0x662>
10002d50:	f41c 7080 	ands.w	r0, ip, #256	@ 0x100
10002d54:	f103 0404 	add.w	r4, r3, #4
10002d58:	f040 8134 	bne.w	10002fc4 <_vsnprintf+0x840>
10002d5c:	f01c 0f40 	tst.w	ip, #64	@ 0x40
10002d60:	f040 80a3 	bne.w	10002eaa <_vsnprintf+0x726>
10002d64:	f01c 0f80 	tst.w	ip, #128	@ 0x80
10002d68:	f000 81d3 	beq.w	10003112 <_vsnprintf+0x98e>
10002d6c:	f9b3 1000 	ldrsh.w	r1, [r3]
10002d70:	ea81 77e1 	eor.w	r7, r1, r1, asr #31
10002d74:	eba7 77e1 	sub.w	r7, r7, r1, asr #31
10002d78:	b2bf      	uxth	r7, r7
10002d7a:	0fcb      	lsrs	r3, r1, #31
10002d7c:	2900      	cmp	r1, #0
10002d7e:	f000 8156 	beq.w	1000302e <_vsnprintf+0x8aa>
10002d82:	463a      	mov	r2, r7
10002d84:	a912      	add	r1, sp, #72	@ 0x48
10002d86:	460f      	mov	r7, r1
10002d88:	f8df e3d8 	ldr.w	lr, [pc, #984]	@ 10003164 <_vsnprintf+0x9e0>
10002d8c:	910b      	str	r1, [sp, #44]	@ 0x2c
10002d8e:	930a      	str	r3, [sp, #40]	@ 0x28
10002d90:	950c      	str	r5, [sp, #48]	@ 0x30
10002d92:	e001      	b.n	10002d98 <_vsnprintf+0x614>
10002d94:	2820      	cmp	r0, #32
10002d96:	d00f      	beq.n	10002db8 <_vsnprintf+0x634>
10002d98:	4615      	mov	r5, r2
10002d9a:	fbae 1302 	umull	r1, r3, lr, r2
10002d9e:	08db      	lsrs	r3, r3, #3
10002da0:	eb03 0183 	add.w	r1, r3, r3, lsl #2
10002da4:	eba2 0141 	sub.w	r1, r2, r1, lsl #1
10002da8:	3130      	adds	r1, #48	@ 0x30
10002daa:	2d09      	cmp	r5, #9
10002dac:	461a      	mov	r2, r3
10002dae:	f100 0001 	add.w	r0, r0, #1
10002db2:	f807 1b01 	strb.w	r1, [r7], #1
10002db6:	d8ed      	bhi.n	10002d94 <_vsnprintf+0x610>
10002db8:	9b0a      	ldr	r3, [sp, #40]	@ 0x28
10002dba:	9d0c      	ldr	r5, [sp, #48]	@ 0x30
10002dbc:	e9cd 5c05 	strd	r5, ip, [sp, #20]
10002dc0:	e9cd 0301 	strd	r0, r3, [sp, #4]
10002dc4:	9604      	str	r6, [sp, #16]
10002dc6:	9b0b      	ldr	r3, [sp, #44]	@ 0x2c
10002dc8:	4642      	mov	r2, r8
10002dca:	9300      	str	r3, [sp, #0]
10002dcc:	230a      	movs	r3, #10
10002dce:	4651      	mov	r1, sl
10002dd0:	9303      	str	r3, [sp, #12]
10002dd2:	4658      	mov	r0, fp
10002dd4:	464b      	mov	r3, r9
10002dd6:	f7fe fec7 	bl	10001b68 <_ntoa_format>
10002dda:	940a      	str	r4, [sp, #40]	@ 0x28
10002ddc:	4680      	mov	r8, r0
10002dde:	e4ef      	b.n	100027c0 <_vsnprintf+0x3c>
10002de0:	f023 030c 	bic.w	r3, r3, #12
10002de4:	e721      	b.n	10002c2a <_vsnprintf+0x4a6>
10002de6:	3307      	adds	r3, #7
10002de8:	f023 0307 	bic.w	r3, r3, #7
10002dec:	4619      	mov	r1, r3
10002dee:	4608      	mov	r0, r1
10002df0:	685b      	ldr	r3, [r3, #4]
10002df2:	f850 1b08 	ldr.w	r1, [r0], #8
10002df6:	0fdf      	lsrs	r7, r3, #31
10002df8:	900a      	str	r0, [sp, #40]	@ 0x28
10002dfa:	ea51 0003 	orrs.w	r0, r1, r3
10002dfe:	d162      	bne.n	10002ec6 <_vsnprintf+0x742>
10002e00:	2a00      	cmp	r2, #0
10002e02:	f040 819f 	bne.w	10003144 <_vsnprintf+0x9c0>
10002e06:	4613      	mov	r3, r2
10002e08:	4611      	mov	r1, r2
10002e0a:	aa12      	add	r2, sp, #72	@ 0x48
10002e0c:	e9cd 750c 	strd	r7, r5, [sp, #48]	@ 0x30
10002e10:	2000      	movs	r0, #0
10002e12:	4615      	mov	r5, r2
10002e14:	e9cd 680e 	strd	r6, r8, [sp, #56]	@ 0x38
10002e18:	f8df e348 	ldr.w	lr, [pc, #840]	@ 10003164 <_vsnprintf+0x9e0>
10002e1c:	920b      	str	r2, [sp, #44]	@ 0x2c
10002e1e:	e001      	b.n	10002e24 <_vsnprintf+0x6a0>
10002e20:	2820      	cmp	r0, #32
10002e22:	d02d      	beq.n	10002e80 <_vsnprintf+0x6fc>
10002e24:	185a      	adds	r2, r3, r1
10002e26:	f142 0200 	adc.w	r2, r2, #0
10002e2a:	fbae 7802 	umull	r7, r8, lr, r2
10002e2e:	f028 0703 	bic.w	r7, r8, #3
10002e32:	eb07 0798 	add.w	r7, r7, r8, lsr #2
10002e36:	1bd2      	subs	r2, r2, r7
10002e38:	461e      	mov	r6, r3
10002e3a:	1a9b      	subs	r3, r3, r2
10002e3c:	f161 0700 	sbc.w	r7, r1, #0
10002e40:	460c      	mov	r4, r1
10002e42:	f04f 31cc 	mov.w	r1, #3435973836	@ 0xcccccccc
10002e46:	fb01 f103 	mul.w	r1, r1, r3
10002e4a:	fb0e 1107 	mla	r1, lr, r7, r1
10002e4e:	fba3 730e 	umull	r7, r3, r3, lr
10002e52:	4419      	add	r1, r3
10002e54:	2305      	movs	r3, #5
10002e56:	f007 0801 	and.w	r8, r7, #1
10002e5a:	fba8 3803 	umull	r3, r8, r8, r3
10002e5e:	189b      	adds	r3, r3, r2
10002e60:	2e0a      	cmp	r6, #10
10002e62:	f103 0330 	add.w	r3, r3, #48	@ 0x30
10002e66:	ea4f 0757 	mov.w	r7, r7, lsr #1
10002e6a:	f174 0400 	sbcs.w	r4, r4, #0
10002e6e:	f805 3b01 	strb.w	r3, [r5], #1
10002e72:	f100 0001 	add.w	r0, r0, #1
10002e76:	ea47 73c1 	orr.w	r3, r7, r1, lsl #31
10002e7a:	ea4f 0151 	mov.w	r1, r1, lsr #1
10002e7e:	d2cf      	bcs.n	10002e20 <_vsnprintf+0x69c>
10002e80:	e9dd 750c 	ldrd	r7, r5, [sp, #48]	@ 0x30
10002e84:	e9dd 680e 	ldrd	r6, r8, [sp, #56]	@ 0x38
10002e88:	9b0b      	ldr	r3, [sp, #44]	@ 0x2c
10002e8a:	4642      	mov	r2, r8
10002e8c:	9300      	str	r3, [sp, #0]
10002e8e:	230a      	movs	r3, #10
10002e90:	e9cd 5c05 	strd	r5, ip, [sp, #20]
10002e94:	e9cd 0701 	strd	r0, r7, [sp, #4]
10002e98:	9604      	str	r6, [sp, #16]
10002e9a:	9303      	str	r3, [sp, #12]
10002e9c:	464b      	mov	r3, r9
10002e9e:	4651      	mov	r1, sl
10002ea0:	4658      	mov	r0, fp
10002ea2:	f7fe fe61 	bl	10001b68 <_ntoa_format>
10002ea6:	4680      	mov	r8, r0
10002ea8:	e48a      	b.n	100027c0 <_vsnprintf+0x3c>
10002eaa:	7819      	ldrb	r1, [r3, #0]
10002eac:	460f      	mov	r7, r1
10002eae:	e764      	b.n	10002d7a <_vsnprintf+0x5f6>
10002eb0:	2710      	movs	r7, #16
10002eb2:	46bc      	mov	ip, r7
10002eb4:	e6b3      	b.n	10002c1e <_vsnprintf+0x49a>
10002eb6:	f023 0c10 	bic.w	ip, r3, #16
10002eba:	e745      	b.n	10002d48 <_vsnprintf+0x5c4>
10002ebc:	061c      	lsls	r4, r3, #24
10002ebe:	bf4c      	ite	mi
10002ec0:	8812      	ldrhmi	r2, [r2, #0]
10002ec2:	6812      	ldrpl	r2, [r2, #0]
10002ec4:	e6c0      	b.n	10002c48 <_vsnprintf+0x4c4>
10002ec6:	460a      	mov	r2, r1
10002ec8:	1e19      	subs	r1, r3, #0
10002eca:	db01      	blt.n	10002ed0 <_vsnprintf+0x74c>
10002ecc:	4613      	mov	r3, r2
10002ece:	e79c      	b.n	10002e0a <_vsnprintf+0x686>
10002ed0:	4252      	negs	r2, r2
10002ed2:	4613      	mov	r3, r2
10002ed4:	eb61 0141 	sbc.w	r1, r1, r1, lsl #1
10002ed8:	e797      	b.n	10002e0a <_vsnprintf+0x686>
10002eda:	4613      	mov	r3, r2
10002edc:	4651      	mov	r1, sl
10002ede:	7818      	ldrb	r0, [r3, #0]
10002ee0:	4642      	mov	r2, r8
10002ee2:	464b      	mov	r3, r9
10002ee4:	47d8      	blx	fp
10002ee6:	46b0      	mov	r8, r6
10002ee8:	e648      	b.n	10002b7c <_vsnprintf+0x3f8>
10002eea:	f013 0f20 	tst.w	r3, #32
10002eee:	bf14      	ite	ne
10002ef0:	2041      	movne	r0, #65	@ 0x41
10002ef2:	2061      	moveq	r0, #97	@ 0x61
10002ef4:	ac12      	add	r4, sp, #72	@ 0x48
10002ef6:	46a6      	mov	lr, r4
10002ef8:	940b      	str	r4, [sp, #44]	@ 0x2c
10002efa:	930a      	str	r3, [sp, #40]	@ 0x28
10002efc:	f1a0 040a 	sub.w	r4, r0, #10
10002f00:	950c      	str	r5, [sp, #48]	@ 0x30
10002f02:	e002      	b.n	10002f0a <_vsnprintf+0x786>
10002f04:	2920      	cmp	r1, #32
10002f06:	d012      	beq.n	10002f2e <_vsnprintf+0x7aa>
10002f08:	462a      	mov	r2, r5
10002f0a:	fbb2 f5fc 	udiv	r5, r2, ip
10002f0e:	fb0c 2015 	mls	r0, ip, r5, r2
10002f12:	b2c3      	uxtb	r3, r0
10002f14:	2809      	cmp	r0, #9
10002f16:	f103 0030 	add.w	r0, r3, #48	@ 0x30
10002f1a:	bf8a      	itet	hi
10002f1c:	191b      	addhi	r3, r3, r4
10002f1e:	b2c3      	uxtbls	r3, r0
10002f20:	b2db      	uxtbhi	r3, r3
10002f22:	4562      	cmp	r2, ip
10002f24:	f80e 3b01 	strb.w	r3, [lr], #1
10002f28:	f101 0101 	add.w	r1, r1, #1
10002f2c:	d2ea      	bcs.n	10002f04 <_vsnprintf+0x780>
10002f2e:	9b0a      	ldr	r3, [sp, #40]	@ 0x28
10002f30:	9d0c      	ldr	r5, [sp, #48]	@ 0x30
10002f32:	e694      	b.n	10002c5e <_vsnprintf+0x4da>
10002f34:	9a0a      	ldr	r2, [sp, #40]	@ 0x28
10002f36:	3207      	adds	r2, #7
10002f38:	f022 0207 	bic.w	r2, r2, #7
10002f3c:	6851      	ldr	r1, [r2, #4]
10002f3e:	f852 4b08 	ldr.w	r4, [r2], #8
10002f42:	468e      	mov	lr, r1
10002f44:	920a      	str	r2, [sp, #40]	@ 0x28
10002f46:	ea54 0201 	orrs.w	r2, r4, r1
10002f4a:	d176      	bne.n	1000303a <_vsnprintf+0x8b6>
10002f4c:	f023 0310 	bic.w	r3, r3, #16
10002f50:	2800      	cmp	r0, #0
10002f52:	d072      	beq.n	1000303a <_vsnprintf+0x8b6>
10002f54:	2200      	movs	r2, #0
10002f56:	4611      	mov	r1, r2
10002f58:	aa12      	add	r2, sp, #72	@ 0x48
10002f5a:	920b      	str	r2, [sp, #44]	@ 0x2c
10002f5c:	e9cd 5305 	strd	r5, r3, [sp, #20]
10002f60:	9b0b      	ldr	r3, [sp, #44]	@ 0x2c
10002f62:	4642      	mov	r2, r8
10002f64:	9300      	str	r3, [sp, #0]
10002f66:	2300      	movs	r3, #0
10002f68:	e9cd c603 	strd	ip, r6, [sp, #12]
10002f6c:	9101      	str	r1, [sp, #4]
10002f6e:	9302      	str	r3, [sp, #8]
10002f70:	e794      	b.n	10002e9c <_vsnprintf+0x718>
10002f72:	42a5      	cmp	r5, r4
10002f74:	bf98      	it	ls
10002f76:	3401      	addls	r4, #1
10002f78:	f67f ad74 	bls.w	10002a64 <_vsnprintf+0x2e0>
10002f7c:	f44f 6380 	mov.w	r3, #1024	@ 0x400
10002f80:	e9cd 750a 	strd	r7, r5, [sp, #40]	@ 0x28
10002f84:	eb05 0208 	add.w	r2, r5, r8
10002f88:	461f      	mov	r7, r3
10002f8a:	460d      	mov	r5, r1
10002f8c:	1b14      	subs	r4, r2, r4
10002f8e:	4642      	mov	r2, r8
10002f90:	464b      	mov	r3, r9
10002f92:	4651      	mov	r1, sl
10002f94:	2020      	movs	r0, #32
10002f96:	f108 0801 	add.w	r8, r8, #1
10002f9a:	47d8      	blx	fp
10002f9c:	45a0      	cmp	r8, r4
10002f9e:	d1f6      	bne.n	10002f8e <_vsnprintf+0x80a>
10002fa0:	463b      	mov	r3, r7
10002fa2:	9f0a      	ldr	r7, [sp, #40]	@ 0x28
10002fa4:	4629      	mov	r1, r5
10002fa6:	7838      	ldrb	r0, [r7, #0]
10002fa8:	9d0b      	ldr	r5, [sp, #44]	@ 0x2c
10002faa:	1c6c      	adds	r4, r5, #1
10002fac:	2800      	cmp	r0, #0
10002fae:	f43f ad70 	beq.w	10002a92 <_vsnprintf+0x30e>
10002fb2:	2b00      	cmp	r3, #0
10002fb4:	f43f ae75 	beq.w	10002ca2 <_vsnprintf+0x51e>
10002fb8:	2300      	movs	r3, #0
10002fba:	e553      	b.n	10002a64 <_vsnprintf+0x2e0>
10002fbc:	42a5      	cmp	r5, r4
10002fbe:	d8df      	bhi.n	10002f80 <_vsnprintf+0x7fc>
10002fc0:	3401      	adds	r4, #1
10002fc2:	e66e      	b.n	10002ca2 <_vsnprintf+0x51e>
10002fc4:	6819      	ldr	r1, [r3, #0]
10002fc6:	0fcb      	lsrs	r3, r1, #31
10002fc8:	2900      	cmp	r1, #0
10002fca:	f000 80a8 	beq.w	1000311e <_vsnprintf+0x99a>
10002fce:	ea81 72e1 	eor.w	r2, r1, r1, asr #31
10002fd2:	eba2 72e1 	sub.w	r2, r2, r1, asr #31
10002fd6:	a912      	add	r1, sp, #72	@ 0x48
10002fd8:	4608      	mov	r0, r1
10002fda:	f8df e188 	ldr.w	lr, [pc, #392]	@ 10003164 <_vsnprintf+0x9e0>
10002fde:	910b      	str	r1, [sp, #44]	@ 0x2c
10002fe0:	930a      	str	r3, [sp, #40]	@ 0x28
10002fe2:	950c      	str	r5, [sp, #48]	@ 0x30
10002fe4:	e001      	b.n	10002fea <_vsnprintf+0x866>
10002fe6:	2f20      	cmp	r7, #32
10002fe8:	d00f      	beq.n	1000300a <_vsnprintf+0x886>
10002fea:	4615      	mov	r5, r2
10002fec:	fbae 1302 	umull	r1, r3, lr, r2
10002ff0:	08db      	lsrs	r3, r3, #3
10002ff2:	eb03 0183 	add.w	r1, r3, r3, lsl #2
10002ff6:	eba2 0141 	sub.w	r1, r2, r1, lsl #1
10002ffa:	3130      	adds	r1, #48	@ 0x30
10002ffc:	2d09      	cmp	r5, #9
10002ffe:	461a      	mov	r2, r3
10003000:	f107 0701 	add.w	r7, r7, #1
10003004:	f800 1b01 	strb.w	r1, [r0], #1
10003008:	d8ed      	bhi.n	10002fe6 <_vsnprintf+0x862>
1000300a:	9b0a      	ldr	r3, [sp, #40]	@ 0x28
1000300c:	9d0c      	ldr	r5, [sp, #48]	@ 0x30
1000300e:	e9cd 5c05 	strd	r5, ip, [sp, #20]
10003012:	e9cd 7301 	strd	r7, r3, [sp, #4]
10003016:	9604      	str	r6, [sp, #16]
10003018:	e6d5      	b.n	10002dc6 <_vsnprintf+0x642>
1000301a:	2869      	cmp	r0, #105	@ 0x69
1000301c:	f023 0c10 	bic.w	ip, r3, #16
10003020:	f040 808c 	bne.w	1000313c <_vsnprintf+0x9b8>
10003024:	f413 6280 	ands.w	r2, r3, #1024	@ 0x400
10003028:	f43f ae8e 	beq.w	10002d48 <_vsnprintf+0x5c4>
1000302c:	e688      	b.n	10002d40 <_vsnprintf+0x5bc>
1000302e:	2a00      	cmp	r2, #0
10003030:	f43f aea8 	beq.w	10002d84 <_vsnprintf+0x600>
10003034:	aa12      	add	r2, sp, #72	@ 0x48
10003036:	920b      	str	r2, [sp, #44]	@ 0x2c
10003038:	e6c0      	b.n	10002dbc <_vsnprintf+0x638>
1000303a:	f013 0f20 	tst.w	r3, #32
1000303e:	bf14      	ite	ne
10003040:	2241      	movne	r2, #65	@ 0x41
10003042:	2261      	moveq	r2, #97	@ 0x61
10003044:	2000      	movs	r0, #0
10003046:	a912      	add	r1, sp, #72	@ 0x48
10003048:	3a0a      	subs	r2, #10
1000304a:	e9cd 680e 	strd	r6, r8, [sp, #56]	@ 0x38
1000304e:	e9cd 350c 	strd	r3, r5, [sp, #48]	@ 0x30
10003052:	f8cd b044 	str.w	fp, [sp, #68]	@ 0x44
10003056:	4606      	mov	r6, r0
10003058:	4688      	mov	r8, r1
1000305a:	4675      	mov	r5, lr
1000305c:	4693      	mov	fp, r2
1000305e:	910b      	str	r1, [sp, #44]	@ 0x2c
10003060:	f8cd c040 	str.w	ip, [sp, #64]	@ 0x40
10003064:	e003      	b.n	1000306e <_vsnprintf+0x8ea>
10003066:	2e20      	cmp	r6, #32
10003068:	d017      	beq.n	1000309a <_vsnprintf+0x916>
1000306a:	4604      	mov	r4, r0
1000306c:	460d      	mov	r5, r1
1000306e:	4629      	mov	r1, r5
10003070:	463a      	mov	r2, r7
10003072:	2300      	movs	r3, #0
10003074:	4620      	mov	r0, r4
10003076:	f005 f84b 	bl	10008110 <____aeabi_uldivmod_veneer>
1000307a:	b2d2      	uxtb	r2, r2
1000307c:	2a09      	cmp	r2, #9
1000307e:	f102 0330 	add.w	r3, r2, #48	@ 0x30
10003082:	bf88      	it	hi
10003084:	eb02 030b 	addhi.w	r3, r2, fp
10003088:	42bc      	cmp	r4, r7
1000308a:	b2db      	uxtb	r3, r3
1000308c:	f175 0500 	sbcs.w	r5, r5, #0
10003090:	f808 3b01 	strb.w	r3, [r8], #1
10003094:	f106 0601 	add.w	r6, r6, #1
10003098:	d2e5      	bcs.n	10003066 <_vsnprintf+0x8e2>
1000309a:	4631      	mov	r1, r6
1000309c:	e9dd 350c 	ldrd	r3, r5, [sp, #48]	@ 0x30
100030a0:	e9dd cb10 	ldrd	ip, fp, [sp, #64]	@ 0x40
100030a4:	f8dd 803c 	ldr.w	r8, [sp, #60]	@ 0x3c
100030a8:	9e0e      	ldr	r6, [sp, #56]	@ 0x38
100030aa:	e757      	b.n	10002f5c <_vsnprintf+0x7d8>
100030ac:	990a      	ldr	r1, [sp, #40]	@ 0x28
100030ae:	6809      	ldr	r1, [r1, #0]
100030b0:	b951      	cbnz	r1, 100030c8 <_vsnprintf+0x944>
100030b2:	f023 0310 	bic.w	r3, r3, #16
100030b6:	b138      	cbz	r0, 100030c8 <_vsnprintf+0x944>
100030b8:	a912      	add	r1, sp, #72	@ 0x48
100030ba:	910b      	str	r1, [sp, #44]	@ 0x2c
100030bc:	e9cd 5305 	strd	r5, r3, [sp, #20]
100030c0:	e9cd c603 	strd	ip, r6, [sp, #12]
100030c4:	9201      	str	r2, [sp, #4]
100030c6:	e5cf      	b.n	10002c68 <_vsnprintf+0x4e4>
100030c8:	f013 0f20 	tst.w	r3, #32
100030cc:	bf14      	ite	ne
100030ce:	2041      	movne	r0, #65	@ 0x41
100030d0:	2061      	moveq	r0, #97	@ 0x61
100030d2:	ac12      	add	r4, sp, #72	@ 0x48
100030d4:	46a6      	mov	lr, r4
100030d6:	940b      	str	r4, [sp, #44]	@ 0x2c
100030d8:	930a      	str	r3, [sp, #40]	@ 0x28
100030da:	f1a0 040a 	sub.w	r4, r0, #10
100030de:	950c      	str	r5, [sp, #48]	@ 0x30
100030e0:	e002      	b.n	100030e8 <_vsnprintf+0x964>
100030e2:	2a20      	cmp	r2, #32
100030e4:	d012      	beq.n	1000310c <_vsnprintf+0x988>
100030e6:	4629      	mov	r1, r5
100030e8:	fbb1 f5fc 	udiv	r5, r1, ip
100030ec:	fb0c 1015 	mls	r0, ip, r5, r1
100030f0:	b2c3      	uxtb	r3, r0
100030f2:	2809      	cmp	r0, #9
100030f4:	f103 0030 	add.w	r0, r3, #48	@ 0x30
100030f8:	bf8a      	itet	hi
100030fa:	191b      	addhi	r3, r3, r4
100030fc:	b2c3      	uxtbls	r3, r0
100030fe:	b2db      	uxtbhi	r3, r3
10003100:	4561      	cmp	r1, ip
10003102:	f80e 3b01 	strb.w	r3, [lr], #1
10003106:	f102 0201 	add.w	r2, r2, #1
1000310a:	d2ea      	bcs.n	100030e2 <_vsnprintf+0x95e>
1000310c:	9b0a      	ldr	r3, [sp, #40]	@ 0x28
1000310e:	9d0c      	ldr	r5, [sp, #48]	@ 0x30
10003110:	e7d4      	b.n	100030bc <_vsnprintf+0x938>
10003112:	6819      	ldr	r1, [r3, #0]
10003114:	ea81 77e1 	eor.w	r7, r1, r1, asr #31
10003118:	eba7 77e1 	sub.w	r7, r7, r1, asr #31
1000311c:	e62d      	b.n	10002d7a <_vsnprintf+0x5f6>
1000311e:	2a00      	cmp	r2, #0
10003120:	f43f af59 	beq.w	10002fd6 <_vsnprintf+0x852>
10003124:	aa12      	add	r2, sp, #72	@ 0x48
10003126:	920b      	str	r2, [sp, #44]	@ 0x2c
10003128:	e771      	b.n	1000300e <_vsnprintf+0x88a>
1000312a:	f413 6480 	ands.w	r4, r3, #1024	@ 0x400
1000312e:	d00d      	beq.n	1000314c <_vsnprintf+0x9c8>
10003130:	f013 0402 	ands.w	r4, r3, #2
10003134:	d012      	beq.n	1000315c <_vsnprintf+0x9d8>
10003136:	4604      	mov	r4, r0
10003138:	4646      	mov	r6, r8
1000313a:	e5ec      	b.n	10002d16 <_vsnprintf+0x592>
1000313c:	270a      	movs	r7, #10
1000313e:	4663      	mov	r3, ip
10003140:	46bc      	mov	ip, r7
10003142:	e56c      	b.n	10002c1e <_vsnprintf+0x49a>
10003144:	ab12      	add	r3, sp, #72	@ 0x48
10003146:	2000      	movs	r0, #0
10003148:	930b      	str	r3, [sp, #44]	@ 0x2c
1000314a:	e69d      	b.n	10002e88 <_vsnprintf+0x704>
1000314c:	f013 0302 	ands.w	r3, r3, #2
10003150:	f47f ade0 	bne.w	10002d14 <_vsnprintf+0x590>
10003154:	2d00      	cmp	r5, #0
10003156:	f47f af13 	bne.w	10002f80 <_vsnprintf+0x7fc>
1000315a:	e49a      	b.n	10002a92 <_vsnprintf+0x30e>
1000315c:	2d00      	cmp	r5, #0
1000315e:	f47f af0d 	bne.w	10002f7c <_vsnprintf+0x7f8>
10003162:	e496      	b.n	10002a92 <_vsnprintf+0x30e>
10003164:	cccccccd 	.word	0xcccccccd

10003168 <vfctprintf>:
10003168:	b570      	push	{r4, r5, r6, lr}
1000316a:	4694      	mov	ip, r2
1000316c:	461e      	mov	r6, r3
1000316e:	4605      	mov	r5, r0
10003170:	460c      	mov	r4, r1
10003172:	b084      	sub	sp, #16
10003174:	f04f 32ff 	mov.w	r2, #4294967295	@ 0xffffffff
10003178:	4663      	mov	r3, ip
1000317a:	a902      	add	r1, sp, #8
1000317c:	9600      	str	r6, [sp, #0]
1000317e:	4803      	ldr	r0, [pc, #12]	@ (1000318c <vfctprintf+0x24>)
10003180:	e9cd 5402 	strd	r5, r4, [sp, #8]
10003184:	f7ff fafe 	bl	10002784 <_vsnprintf>
10003188:	b004      	add	sp, #16
1000318a:	bd70      	pop	{r4, r5, r6, pc}
1000318c:	10001d45 	.word	0x10001d45

10003190 <weak_raw_vprintf>:
10003190:	b510      	push	{r4, lr}
10003192:	4b09      	ldr	r3, [pc, #36]	@ (100031b8 <weak_raw_vprintf+0x28>)
10003194:	b084      	sub	sp, #16
10003196:	681c      	ldr	r4, [r3, #0]
10003198:	b14c      	cbz	r4, 100031ae <weak_raw_vprintf+0x1e>
1000319a:	4603      	mov	r3, r0
1000319c:	9100      	str	r1, [sp, #0]
1000319e:	f04f 32ff 	mov.w	r2, #4294967295	@ 0xffffffff
100031a2:	a903      	add	r1, sp, #12
100031a4:	4805      	ldr	r0, [pc, #20]	@ (100031bc <weak_raw_vprintf+0x2c>)
100031a6:	47a0      	blx	r4
100031a8:	2001      	movs	r0, #1
100031aa:	b004      	add	sp, #16
100031ac:	bd10      	pop	{r4, pc}
100031ae:	f000 f98f 	bl	100034d0 <__wrap_puts>
100031b2:	4620      	mov	r0, r4
100031b4:	b004      	add	sp, #16
100031b6:	bd10      	pop	{r4, pc}
100031b8:	20002890 	.word	0x20002890
100031bc:	10001d3d 	.word	0x10001d3d

100031c0 <_exit>:
100031c0:	be00      	bkpt	0x0000
100031c2:	e7fd      	b.n	100031c0 <_exit>

100031c4 <_sbrk>:
100031c4:	4a07      	ldr	r2, [pc, #28]	@ (100031e4 <_sbrk+0x20>)
100031c6:	4603      	mov	r3, r0
100031c8:	6810      	ldr	r0, [r2, #0]
100031ca:	b138      	cbz	r0, 100031dc <_sbrk+0x18>
100031cc:	4906      	ldr	r1, [pc, #24]	@ (100031e8 <_sbrk+0x24>)
100031ce:	4403      	add	r3, r0
100031d0:	428b      	cmp	r3, r1
100031d2:	bf8c      	ite	hi
100031d4:	f04f 30ff 	movhi.w	r0, #4294967295	@ 0xffffffff
100031d8:	6013      	strls	r3, [r2, #0]
100031da:	4770      	bx	lr
100031dc:	4903      	ldr	r1, [pc, #12]	@ (100031ec <_sbrk+0x28>)
100031de:	4608      	mov	r0, r1
100031e0:	6011      	str	r1, [r2, #0]
100031e2:	e7f3      	b.n	100031cc <_sbrk+0x8>
100031e4:	2000248c 	.word	0x2000248c
100031e8:	20080000 	.word	0x20080000
100031ec:	20002a74 	.word	0x20002a74

100031f0 <exit>:
100031f0:	b508      	push	{r3, lr}
100031f2:	f7ff ffe5 	bl	100031c0 <_exit>
100031f6:	bf00      	nop

100031f8 <runtime_init>:
100031f8:	b538      	push	{r3, r4, r5, lr}
100031fa:	4c06      	ldr	r4, [pc, #24]	@ (10003214 <runtime_init+0x1c>)
100031fc:	4d06      	ldr	r5, [pc, #24]	@ (10003218 <runtime_init+0x20>)
100031fe:	f7fe fa01 	bl	10001604 <runtime_run_initializers>
10003202:	42ac      	cmp	r4, r5
10003204:	d204      	bcs.n	10003210 <runtime_init+0x18>
10003206:	f854 3b04 	ldr.w	r3, [r4], #4
1000320a:	4798      	blx	r3
1000320c:	42ac      	cmp	r4, r5
1000320e:	d3fa      	bcc.n	10003206 <runtime_init+0xe>
10003210:	bd38      	pop	{r3, r4, r5, pc}
10003212:	bf00      	nop
10003214:	10008190 	.word	0x10008190
10003218:	1000819c 	.word	0x1000819c

1000321c <stdio_out_chars_no_crlf>:
1000321c:	6803      	ldr	r3, [r0, #0]
1000321e:	4608      	mov	r0, r1
10003220:	4611      	mov	r1, r2
10003222:	4718      	bx	r3

10003224 <stdio_out_chars_crlf>:
10003224:	e92d 41f0 	stmdb	sp!, {r4, r5, r6, r7, r8, lr}
10003228:	4615      	mov	r5, r2
1000322a:	7d42      	ldrb	r2, [r0, #21]
1000322c:	4607      	mov	r7, r0
1000322e:	4688      	mov	r8, r1
10003230:	2a00      	cmp	r2, #0
10003232:	d046      	beq.n	100032c2 <stdio_out_chars_crlf+0x9e>
10003234:	2d00      	cmp	r5, #0
10003236:	dd1d      	ble.n	10003274 <stdio_out_chars_crlf+0x50>
10003238:	780b      	ldrb	r3, [r1, #0]
1000323a:	2b0a      	cmp	r3, #10
1000323c:	d023      	beq.n	10003286 <stdio_out_chars_crlf+0x62>
1000323e:	2d01      	cmp	r5, #1
10003240:	f04f 0c00 	mov.w	ip, #0
10003244:	d018      	beq.n	10003278 <stdio_out_chars_crlf+0x54>
10003246:	4646      	mov	r6, r8
10003248:	2401      	movs	r4, #1
1000324a:	f816 2f01 	ldrb.w	r2, [r6, #1]!
1000324e:	4621      	mov	r1, r4
10003250:	2a0a      	cmp	r2, #10
10003252:	f104 0401 	add.w	r4, r4, #1
10003256:	d022      	beq.n	1000329e <stdio_out_chars_crlf+0x7a>
10003258:	42a5      	cmp	r5, r4
1000325a:	d1f6      	bne.n	1000324a <stdio_out_chars_crlf+0x26>
1000325c:	4565      	cmp	r5, ip
1000325e:	dc0b      	bgt.n	10003278 <stdio_out_chars_crlf+0x54>
10003260:	eb08 0305 	add.w	r3, r8, r5
10003264:	f813 3c01 	ldrb.w	r3, [r3, #-1]
10003268:	f1a3 030d 	sub.w	r3, r3, #13
1000326c:	fab3 f383 	clz	r3, r3
10003270:	095b      	lsrs	r3, r3, #5
10003272:	753b      	strb	r3, [r7, #20]
10003274:	e8bd 81f0 	ldmia.w	sp!, {r4, r5, r6, r7, r8, pc}
10003278:	683b      	ldr	r3, [r7, #0]
1000327a:	eba5 010c 	sub.w	r1, r5, ip
1000327e:	eb08 000c 	add.w	r0, r8, ip
10003282:	4798      	blx	r3
10003284:	e7ec      	b.n	10003260 <stdio_out_chars_crlf+0x3c>
10003286:	7d03      	ldrb	r3, [r0, #20]
10003288:	2b00      	cmp	r3, #0
1000328a:	d1d8      	bne.n	1000323e <stdio_out_chars_crlf+0x1a>
1000328c:	6803      	ldr	r3, [r0, #0]
1000328e:	2102      	movs	r1, #2
10003290:	480f      	ldr	r0, [pc, #60]	@ (100032d0 <stdio_out_chars_crlf+0xac>)
10003292:	4798      	blx	r3
10003294:	2d01      	cmp	r5, #1
10003296:	d0e3      	beq.n	10003260 <stdio_out_chars_crlf+0x3c>
10003298:	f04f 0c01 	mov.w	ip, #1
1000329c:	e7d3      	b.n	10003246 <stdio_out_chars_crlf+0x22>
1000329e:	f816 3c01 	ldrb.w	r3, [r6, #-1]
100032a2:	2b0d      	cmp	r3, #13
100032a4:	d0d8      	beq.n	10003258 <stdio_out_chars_crlf+0x34>
100032a6:	458c      	cmp	ip, r1
100032a8:	eb08 000c 	add.w	r0, r8, ip
100032ac:	eba1 010c 	sub.w	r1, r1, ip
100032b0:	da01      	bge.n	100032b6 <stdio_out_chars_crlf+0x92>
100032b2:	683b      	ldr	r3, [r7, #0]
100032b4:	4798      	blx	r3
100032b6:	2102      	movs	r1, #2
100032b8:	4805      	ldr	r0, [pc, #20]	@ (100032d0 <stdio_out_chars_crlf+0xac>)
100032ba:	683b      	ldr	r3, [r7, #0]
100032bc:	4798      	blx	r3
100032be:	46a4      	mov	ip, r4
100032c0:	e7ca      	b.n	10003258 <stdio_out_chars_crlf+0x34>
100032c2:	4629      	mov	r1, r5
100032c4:	4640      	mov	r0, r8
100032c6:	683b      	ldr	r3, [r7, #0]
100032c8:	e8bd 41f0 	ldmia.w	sp!, {r4, r5, r6, r7, r8, lr}
100032cc:	4718      	bx	r3
100032ce:	bf00      	nop
100032d0:	10008458 	.word	0x10008458

100032d4 <stdio_buffered_printer>:
100032d4:	680b      	ldr	r3, [r1, #0]
100032d6:	e92d 41f0 	stmdb	sp!, {r4, r5, r6, r7, r8, lr}
100032da:	2b80      	cmp	r3, #128	@ 0x80
100032dc:	460d      	mov	r5, r1
100032de:	4606      	mov	r6, r0
100032e0:	d005      	beq.n	100032ee <stdio_buffered_printer+0x1a>
100032e2:	1c5a      	adds	r2, r3, #1
100032e4:	442b      	add	r3, r5
100032e6:	602a      	str	r2, [r5, #0]
100032e8:	711e      	strb	r6, [r3, #4]
100032ea:	e8bd 81f0 	ldmia.w	sp!, {r4, r5, r6, r7, r8, pc}
100032ee:	4b0f      	ldr	r3, [pc, #60]	@ (1000332c <stdio_buffered_printer+0x58>)
100032f0:	681c      	ldr	r4, [r3, #0]
100032f2:	b1a4      	cbz	r4, 1000331e <stdio_buffered_printer+0x4a>
100032f4:	4f0e      	ldr	r7, [pc, #56]	@ (10003330 <stdio_buffered_printer+0x5c>)
100032f6:	f101 0804 	add.w	r8, r1, #4
100032fa:	e001      	b.n	10003300 <stdio_buffered_printer+0x2c>
100032fc:	6924      	ldr	r4, [r4, #16]
100032fe:	b174      	cbz	r4, 1000331e <stdio_buffered_printer+0x4a>
10003300:	6823      	ldr	r3, [r4, #0]
10003302:	2b00      	cmp	r3, #0
10003304:	d0fa      	beq.n	100032fc <stdio_buffered_printer+0x28>
10003306:	683b      	ldr	r3, [r7, #0]
10003308:	b10b      	cbz	r3, 1000330e <stdio_buffered_printer+0x3a>
1000330a:	42a3      	cmp	r3, r4
1000330c:	d1f6      	bne.n	100032fc <stdio_buffered_printer+0x28>
1000330e:	4620      	mov	r0, r4
10003310:	4641      	mov	r1, r8
10003312:	682a      	ldr	r2, [r5, #0]
10003314:	f7ff ff86 	bl	10003224 <stdio_out_chars_crlf>
10003318:	6924      	ldr	r4, [r4, #16]
1000331a:	2c00      	cmp	r4, #0
1000331c:	d1f0      	bne.n	10003300 <stdio_buffered_printer+0x2c>
1000331e:	2300      	movs	r3, #0
10003320:	2201      	movs	r2, #1
10003322:	442b      	add	r3, r5
10003324:	602a      	str	r2, [r5, #0]
10003326:	711e      	strb	r6, [r3, #4]
10003328:	e8bd 81f0 	ldmia.w	sp!, {r4, r5, r6, r7, r8, pc}
1000332c:	2000247c 	.word	0x2000247c
10003330:	20002488 	.word	0x20002488

10003334 <stdio_put_string>:
10003334:	e92d 47f0 	stmdb	sp!, {r4, r5, r6, r7, r8, r9, sl, lr}
10003338:	b082      	sub	sp, #8
1000333a:	460d      	mov	r5, r1
1000333c:	4691      	mov	r9, r2
1000333e:	461c      	mov	r4, r3
10003340:	4606      	mov	r6, r0
10003342:	f7fd ffcb 	bl	100012dc <time_us_64>
10003346:	f04f 3cff 	mov.w	ip, #4294967295	@ 0xffffffff
1000334a:	f06f 4700 	mvn.w	r7, #2147483648	@ 0x80000000
1000334e:	4a2e      	ldr	r2, [pc, #184]	@ (10003408 <stdio_put_string+0xd4>)
10003350:	1882      	adds	r2, r0, r2
10003352:	f141 0300 	adc.w	r3, r1, #0
10003356:	4594      	cmp	ip, r2
10003358:	eb77 0103 	sbcs.w	r1, r7, r3
1000335c:	bf3c      	itt	cc
1000335e:	4662      	movcc	r2, ip
10003360:	463b      	movcc	r3, r7
10003362:	482a      	ldr	r0, [pc, #168]	@ (1000340c <stdio_put_string+0xd8>)
10003364:	f004 fee4 	bl	10008130 <__mutex_try_enter_block_until_veneer>
10003368:	1c6b      	adds	r3, r5, #1
1000336a:	4680      	mov	r8, r0
1000336c:	d040      	beq.n	100033f0 <stdio_put_string+0xbc>
1000336e:	b30c      	cbz	r4, 100033b4 <stdio_put_string+0x80>
10003370:	4f27      	ldr	r7, [pc, #156]	@ (10003410 <stdio_put_string+0xdc>)
10003372:	4b28      	ldr	r3, [pc, #160]	@ (10003414 <stdio_put_string+0xe0>)
10003374:	681c      	ldr	r4, [r3, #0]
10003376:	b1b4      	cbz	r4, 100033a6 <stdio_put_string+0x72>
10003378:	f1b9 0f00 	cmp.w	r9, #0
1000337c:	d11c      	bne.n	100033b8 <stdio_put_string+0x84>
1000337e:	f8df 909c 	ldr.w	r9, [pc, #156]	@ 1000341c <stdio_put_string+0xe8>
10003382:	e001      	b.n	10003388 <stdio_put_string+0x54>
10003384:	6924      	ldr	r4, [r4, #16]
10003386:	b174      	cbz	r4, 100033a6 <stdio_put_string+0x72>
10003388:	6823      	ldr	r3, [r4, #0]
1000338a:	2b00      	cmp	r3, #0
1000338c:	d0fa      	beq.n	10003384 <stdio_put_string+0x50>
1000338e:	f8d9 3000 	ldr.w	r3, [r9]
10003392:	b10b      	cbz	r3, 10003398 <stdio_put_string+0x64>
10003394:	429c      	cmp	r4, r3
10003396:	d1f5      	bne.n	10003384 <stdio_put_string+0x50>
10003398:	4620      	mov	r0, r4
1000339a:	462a      	mov	r2, r5
1000339c:	4631      	mov	r1, r6
1000339e:	47b8      	blx	r7
100033a0:	6924      	ldr	r4, [r4, #16]
100033a2:	2c00      	cmp	r4, #0
100033a4:	d1f0      	bne.n	10003388 <stdio_put_string+0x54>
100033a6:	f1b8 0f00 	cmp.w	r8, #0
100033aa:	d126      	bne.n	100033fa <stdio_put_string+0xc6>
100033ac:	4628      	mov	r0, r5
100033ae:	b002      	add	sp, #8
100033b0:	e8bd 87f0 	ldmia.w	sp!, {r4, r5, r6, r7, r8, r9, sl, pc}
100033b4:	4f18      	ldr	r7, [pc, #96]	@ (10003418 <stdio_put_string+0xe4>)
100033b6:	e7dc      	b.n	10003372 <stdio_put_string+0x3e>
100033b8:	f04f 0a0a 	mov.w	sl, #10
100033bc:	f8df 905c 	ldr.w	r9, [pc, #92]	@ 1000341c <stdio_put_string+0xe8>
100033c0:	e002      	b.n	100033c8 <stdio_put_string+0x94>
100033c2:	6924      	ldr	r4, [r4, #16]
100033c4:	2c00      	cmp	r4, #0
100033c6:	d0ee      	beq.n	100033a6 <stdio_put_string+0x72>
100033c8:	6823      	ldr	r3, [r4, #0]
100033ca:	2b00      	cmp	r3, #0
100033cc:	d0f9      	beq.n	100033c2 <stdio_put_string+0x8e>
100033ce:	f8d9 3000 	ldr.w	r3, [r9]
100033d2:	b10b      	cbz	r3, 100033d8 <stdio_put_string+0xa4>
100033d4:	42a3      	cmp	r3, r4
100033d6:	d1f4      	bne.n	100033c2 <stdio_put_string+0x8e>
100033d8:	462a      	mov	r2, r5
100033da:	4631      	mov	r1, r6
100033dc:	4620      	mov	r0, r4
100033de:	47b8      	blx	r7
100033e0:	2201      	movs	r2, #1
100033e2:	4620      	mov	r0, r4
100033e4:	f10d 0107 	add.w	r1, sp, #7
100033e8:	f88d a007 	strb.w	sl, [sp, #7]
100033ec:	47b8      	blx	r7
100033ee:	e7e8      	b.n	100033c2 <stdio_put_string+0x8e>
100033f0:	4630      	mov	r0, r6
100033f2:	f004 fd01 	bl	10007df8 <strlen>
100033f6:	4605      	mov	r5, r0
100033f8:	e7b9      	b.n	1000336e <stdio_put_string+0x3a>
100033fa:	4804      	ldr	r0, [pc, #16]	@ (1000340c <stdio_put_string+0xd8>)
100033fc:	f004 fe8c 	bl	10008118 <__mutex_exit_veneer>
10003400:	4628      	mov	r0, r5
10003402:	b002      	add	sp, #8
10003404:	e8bd 87f0 	ldmia.w	sp!, {r4, r5, r6, r7, r8, r9, sl, pc}
10003408:	000f4240 	.word	0x000f4240
1000340c:	20001af0 	.word	0x20001af0
10003410:	10003225 	.word	0x10003225
10003414:	2000247c 	.word	0x2000247c
10003418:	1000321d 	.word	0x1000321d
1000341c:	20002488 	.word	0x20002488

10003420 <stdio_set_driver_enabled>:
10003420:	4a08      	ldr	r2, [pc, #32]	@ (10003444 <stdio_set_driver_enabled+0x24>)
10003422:	6813      	ldr	r3, [r2, #0]
10003424:	b923      	cbnz	r3, 10003430 <stdio_set_driver_enabled+0x10>
10003426:	e00a      	b.n	1000343e <stdio_set_driver_enabled+0x1e>
10003428:	f103 0210 	add.w	r2, r3, #16
1000342c:	691b      	ldr	r3, [r3, #16]
1000342e:	b133      	cbz	r3, 1000343e <stdio_set_driver_enabled+0x1e>
10003430:	4283      	cmp	r3, r0
10003432:	d1f9      	bne.n	10003428 <stdio_set_driver_enabled+0x8>
10003434:	b929      	cbnz	r1, 10003442 <stdio_set_driver_enabled+0x22>
10003436:	6918      	ldr	r0, [r3, #16]
10003438:	6010      	str	r0, [r2, #0]
1000343a:	6119      	str	r1, [r3, #16]
1000343c:	4770      	bx	lr
1000343e:	b101      	cbz	r1, 10003442 <stdio_set_driver_enabled+0x22>
10003440:	6010      	str	r0, [r2, #0]
10003442:	4770      	bx	lr
10003444:	2000247c 	.word	0x2000247c

10003448 <stdio_init_all>:
10003448:	f000 bade 	b.w	10003a08 <stdio_usb_init>

1000344c <__wrap_putchar>:
1000344c:	b5f0      	push	{r4, r5, r6, r7, lr}
1000344e:	b083      	sub	sp, #12
10003450:	4606      	mov	r6, r0
10003452:	f88d 0007 	strb.w	r0, [sp, #7]
10003456:	f7fd ff41 	bl	100012dc <time_us_64>
1000345a:	f04f 35ff 	mov.w	r5, #4294967295	@ 0xffffffff
1000345e:	f06f 4400 	mvn.w	r4, #2147483648	@ 0x80000000
10003462:	4a17      	ldr	r2, [pc, #92]	@ (100034c0 <__wrap_putchar+0x74>)
10003464:	1882      	adds	r2, r0, r2
10003466:	f141 0300 	adc.w	r3, r1, #0
1000346a:	4295      	cmp	r5, r2
1000346c:	eb74 0103 	sbcs.w	r1, r4, r3
10003470:	bf3c      	itt	cc
10003472:	4623      	movcc	r3, r4
10003474:	462a      	movcc	r2, r5
10003476:	4813      	ldr	r0, [pc, #76]	@ (100034c4 <__wrap_putchar+0x78>)
10003478:	f004 fe5a 	bl	10008130 <__mutex_try_enter_block_until_veneer>
1000347c:	4b12      	ldr	r3, [pc, #72]	@ (100034c8 <__wrap_putchar+0x7c>)
1000347e:	4607      	mov	r7, r0
10003480:	681c      	ldr	r4, [r3, #0]
10003482:	b19c      	cbz	r4, 100034ac <__wrap_putchar+0x60>
10003484:	4d11      	ldr	r5, [pc, #68]	@ (100034cc <__wrap_putchar+0x80>)
10003486:	e001      	b.n	1000348c <__wrap_putchar+0x40>
10003488:	6924      	ldr	r4, [r4, #16]
1000348a:	b17c      	cbz	r4, 100034ac <__wrap_putchar+0x60>
1000348c:	6823      	ldr	r3, [r4, #0]
1000348e:	2b00      	cmp	r3, #0
10003490:	d0fa      	beq.n	10003488 <__wrap_putchar+0x3c>
10003492:	682b      	ldr	r3, [r5, #0]
10003494:	b10b      	cbz	r3, 1000349a <__wrap_putchar+0x4e>
10003496:	429c      	cmp	r4, r3
10003498:	d1f6      	bne.n	10003488 <__wrap_putchar+0x3c>
1000349a:	4620      	mov	r0, r4
1000349c:	2201      	movs	r2, #1
1000349e:	f10d 0107 	add.w	r1, sp, #7
100034a2:	f7ff febf 	bl	10003224 <stdio_out_chars_crlf>
100034a6:	6924      	ldr	r4, [r4, #16]
100034a8:	2c00      	cmp	r4, #0
100034aa:	d1ef      	bne.n	1000348c <__wrap_putchar+0x40>
100034ac:	b917      	cbnz	r7, 100034b4 <__wrap_putchar+0x68>
100034ae:	4630      	mov	r0, r6
100034b0:	b003      	add	sp, #12
100034b2:	bdf0      	pop	{r4, r5, r6, r7, pc}
100034b4:	4803      	ldr	r0, [pc, #12]	@ (100034c4 <__wrap_putchar+0x78>)
100034b6:	f004 fe2f 	bl	10008118 <__mutex_exit_veneer>
100034ba:	4630      	mov	r0, r6
100034bc:	b003      	add	sp, #12
100034be:	bdf0      	pop	{r4, r5, r6, r7, pc}
100034c0:	000f4240 	.word	0x000f4240
100034c4:	20001af0 	.word	0x20001af0
100034c8:	2000247c 	.word	0x2000247c
100034cc:	20002488 	.word	0x20002488

100034d0 <__wrap_puts>:
100034d0:	b538      	push	{r3, r4, r5, lr}
100034d2:	4604      	mov	r4, r0
100034d4:	f004 fc90 	bl	10007df8 <strlen>
100034d8:	2301      	movs	r3, #1
100034da:	4605      	mov	r5, r0
100034dc:	461a      	mov	r2, r3
100034de:	4620      	mov	r0, r4
100034e0:	4629      	mov	r1, r5
100034e2:	f7ff ff27 	bl	10003334 <stdio_put_string>
100034e6:	4b08      	ldr	r3, [pc, #32]	@ (10003508 <__wrap_puts+0x38>)
100034e8:	681c      	ldr	r4, [r3, #0]
100034ea:	b12c      	cbz	r4, 100034f8 <__wrap_puts+0x28>
100034ec:	6863      	ldr	r3, [r4, #4]
100034ee:	b12b      	cbz	r3, 100034fc <__wrap_puts+0x2c>
100034f0:	4798      	blx	r3
100034f2:	6924      	ldr	r4, [r4, #16]
100034f4:	2c00      	cmp	r4, #0
100034f6:	d1f9      	bne.n	100034ec <__wrap_puts+0x1c>
100034f8:	4628      	mov	r0, r5
100034fa:	bd38      	pop	{r3, r4, r5, pc}
100034fc:	6924      	ldr	r4, [r4, #16]
100034fe:	2c00      	cmp	r4, #0
10003500:	d1f4      	bne.n	100034ec <__wrap_puts+0x1c>
10003502:	4628      	mov	r0, r5
10003504:	bd38      	pop	{r3, r4, r5, pc}
10003506:	bf00      	nop
10003508:	2000247c 	.word	0x2000247c

1000350c <__wrap_vprintf>:
1000350c:	e92d 41f0 	stmdb	sp!, {r4, r5, r6, r7, r8, lr}
10003510:	b0a2      	sub	sp, #136	@ 0x88
10003512:	4604      	mov	r4, r0
10003514:	460d      	mov	r5, r1
10003516:	f7fd fee1 	bl	100012dc <time_us_64>
1000351a:	f04f 37ff 	mov.w	r7, #4294967295	@ 0xffffffff
1000351e:	f06f 4600 	mvn.w	r6, #2147483648	@ 0x80000000
10003522:	4a26      	ldr	r2, [pc, #152]	@ (100035bc <__wrap_vprintf+0xb0>)
10003524:	f8df 80a4 	ldr.w	r8, [pc, #164]	@ 100035cc <__wrap_vprintf+0xc0>
10003528:	1882      	adds	r2, r0, r2
1000352a:	f141 0300 	adc.w	r3, r1, #0
1000352e:	4297      	cmp	r7, r2
10003530:	eb76 0103 	sbcs.w	r1, r6, r3
10003534:	bf3c      	itt	cc
10003536:	463a      	movcc	r2, r7
10003538:	4633      	movcc	r3, r6
1000353a:	4821      	ldr	r0, [pc, #132]	@ (100035c0 <__wrap_vprintf+0xb4>)
1000353c:	f004 fdf8 	bl	10008130 <__mutex_try_enter_block_until_veneer>
10003540:	2700      	movs	r7, #0
10003542:	462b      	mov	r3, r5
10003544:	4622      	mov	r2, r4
10003546:	4606      	mov	r6, r0
10003548:	a901      	add	r1, sp, #4
1000354a:	481e      	ldr	r0, [pc, #120]	@ (100035c4 <__wrap_vprintf+0xb8>)
1000354c:	9701      	str	r7, [sp, #4]
1000354e:	f7ff fe0b 	bl	10003168 <vfctprintf>
10003552:	9b01      	ldr	r3, [sp, #4]
10003554:	4605      	mov	r5, r0
10003556:	f8d8 4000 	ldr.w	r4, [r8]
1000355a:	b1c3      	cbz	r3, 1000358e <__wrap_vprintf+0x82>
1000355c:	2c00      	cmp	r4, #0
1000355e:	d02b      	beq.n	100035b8 <__wrap_vprintf+0xac>
10003560:	4f19      	ldr	r7, [pc, #100]	@ (100035c8 <__wrap_vprintf+0xbc>)
10003562:	e001      	b.n	10003568 <__wrap_vprintf+0x5c>
10003564:	6924      	ldr	r4, [r4, #16]
10003566:	b174      	cbz	r4, 10003586 <__wrap_vprintf+0x7a>
10003568:	6823      	ldr	r3, [r4, #0]
1000356a:	2b00      	cmp	r3, #0
1000356c:	d0fa      	beq.n	10003564 <__wrap_vprintf+0x58>
1000356e:	683b      	ldr	r3, [r7, #0]
10003570:	b10b      	cbz	r3, 10003576 <__wrap_vprintf+0x6a>
10003572:	42a3      	cmp	r3, r4
10003574:	d1f6      	bne.n	10003564 <__wrap_vprintf+0x58>
10003576:	4620      	mov	r0, r4
10003578:	9a01      	ldr	r2, [sp, #4]
1000357a:	a902      	add	r1, sp, #8
1000357c:	f7ff fe52 	bl	10003224 <stdio_out_chars_crlf>
10003580:	6924      	ldr	r4, [r4, #16]
10003582:	2c00      	cmp	r4, #0
10003584:	d1f0      	bne.n	10003568 <__wrap_vprintf+0x5c>
10003586:	2300      	movs	r3, #0
10003588:	f8d8 4000 	ldr.w	r4, [r8]
1000358c:	9301      	str	r3, [sp, #4]
1000358e:	b12c      	cbz	r4, 1000359c <__wrap_vprintf+0x90>
10003590:	6863      	ldr	r3, [r4, #4]
10003592:	b143      	cbz	r3, 100035a6 <__wrap_vprintf+0x9a>
10003594:	4798      	blx	r3
10003596:	6924      	ldr	r4, [r4, #16]
10003598:	2c00      	cmp	r4, #0
1000359a:	d1f9      	bne.n	10003590 <__wrap_vprintf+0x84>
1000359c:	b92e      	cbnz	r6, 100035aa <__wrap_vprintf+0x9e>
1000359e:	4628      	mov	r0, r5
100035a0:	b022      	add	sp, #136	@ 0x88
100035a2:	e8bd 81f0 	ldmia.w	sp!, {r4, r5, r6, r7, r8, pc}
100035a6:	6924      	ldr	r4, [r4, #16]
100035a8:	e7f1      	b.n	1000358e <__wrap_vprintf+0x82>
100035aa:	4805      	ldr	r0, [pc, #20]	@ (100035c0 <__wrap_vprintf+0xb4>)
100035ac:	f004 fdb4 	bl	10008118 <__mutex_exit_veneer>
100035b0:	4628      	mov	r0, r5
100035b2:	b022      	add	sp, #136	@ 0x88
100035b4:	e8bd 81f0 	ldmia.w	sp!, {r4, r5, r6, r7, r8, pc}
100035b8:	9401      	str	r4, [sp, #4]
100035ba:	e7ef      	b.n	1000359c <__wrap_vprintf+0x90>
100035bc:	000f4240 	.word	0x000f4240
100035c0:	20001af0 	.word	0x20001af0
100035c4:	100032d5 	.word	0x100032d5
100035c8:	20002488 	.word	0x20002488
100035cc:	2000247c 	.word	0x2000247c

100035d0 <__wrap_printf>:
100035d0:	b40f      	push	{r0, r1, r2, r3}
100035d2:	b500      	push	{lr}
100035d4:	b083      	sub	sp, #12
100035d6:	a904      	add	r1, sp, #16
100035d8:	f851 0b04 	ldr.w	r0, [r1], #4
100035dc:	9101      	str	r1, [sp, #4]
100035de:	f7ff ff95 	bl	1000350c <__wrap_vprintf>
100035e2:	b003      	add	sp, #12
100035e4:	f85d eb04 	ldr.w	lr, [sp], #4
100035e8:	b004      	add	sp, #16
100035ea:	4770      	bx	lr

100035ec <resetd_init>:
100035ec:	4770      	bx	lr
100035ee:	bf00      	nop

100035f0 <resetd_reset>:
100035f0:	2200      	movs	r2, #0
100035f2:	4b01      	ldr	r3, [pc, #4]	@ (100035f8 <resetd_reset+0x8>)
100035f4:	701a      	strb	r2, [r3, #0]
100035f6:	4770      	bx	lr
100035f8:	20002a6e 	.word	0x20002a6e

100035fc <resetd_open>:
100035fc:	794b      	ldrb	r3, [r1, #5]
100035fe:	2bff      	cmp	r3, #255	@ 0xff
10003600:	d10b      	bne.n	1000361a <resetd_open+0x1e>
10003602:	7988      	ldrb	r0, [r1, #6]
10003604:	b948      	cbnz	r0, 1000361a <resetd_open+0x1e>
10003606:	79cb      	ldrb	r3, [r1, #7]
10003608:	2b01      	cmp	r3, #1
1000360a:	d107      	bne.n	1000361c <resetd_open+0x20>
1000360c:	2a08      	cmp	r2, #8
1000360e:	d905      	bls.n	1000361c <resetd_open+0x20>
10003610:	4b03      	ldr	r3, [pc, #12]	@ (10003620 <resetd_open+0x24>)
10003612:	788a      	ldrb	r2, [r1, #2]
10003614:	2009      	movs	r0, #9
10003616:	701a      	strb	r2, [r3, #0]
10003618:	4770      	bx	lr
1000361a:	2000      	movs	r0, #0
1000361c:	4770      	bx	lr
1000361e:	bf00      	nop
10003620:	20002a6e 	.word	0x20002a6e

10003624 <resetd_xfer_cb>:
10003624:	2001      	movs	r0, #1
10003626:	4770      	bx	lr

10003628 <resetd_control_xfer_cb>:
10003628:	2901      	cmp	r1, #1
1000362a:	d001      	beq.n	10003630 <resetd_control_xfer_cb+0x8>
1000362c:	2001      	movs	r0, #1
1000362e:	4770      	bx	lr
10003630:	b508      	push	{r3, lr}
10003632:	4b10      	ldr	r3, [pc, #64]	@ (10003674 <resetd_control_xfer_cb+0x4c>)
10003634:	8891      	ldrh	r1, [r2, #4]
10003636:	781b      	ldrb	r3, [r3, #0]
10003638:	4299      	cmp	r1, r3
1000363a:	d001      	beq.n	10003640 <resetd_control_xfer_cb+0x18>
1000363c:	2000      	movs	r0, #0
1000363e:	bd08      	pop	{r3, pc}
10003640:	7853      	ldrb	r3, [r2, #1]
10003642:	2b01      	cmp	r3, #1
10003644:	d008      	beq.n	10003658 <resetd_control_xfer_cb+0x30>
10003646:	2b02      	cmp	r3, #2
10003648:	d1f8      	bne.n	1000363c <resetd_control_xfer_cb+0x14>
1000364a:	2100      	movs	r1, #0
1000364c:	2264      	movs	r2, #100	@ 0x64
1000364e:	4608      	mov	r0, r1
10003650:	f7fd ff14 	bl	1000147c <watchdog_reboot>
10003654:	2001      	movs	r0, #1
10003656:	bd08      	pop	{r3, pc}
10003658:	8851      	ldrh	r1, [r2, #2]
1000365a:	05cb      	lsls	r3, r1, #23
1000365c:	bf48      	it	mi
1000365e:	0a48      	lsrmi	r0, r1, #9
10003660:	f3c1 2240 	ubfx	r2, r1, #9, #1
10003664:	bf58      	it	pl
10003666:	f04f 30ff 	movpl.w	r0, #4294967295	@ 0xffffffff
1000366a:	f001 017f 	and.w	r1, r1, #127	@ 0x7f
1000366e:	f7fd ff83 	bl	10001578 <rom_reset_usb_boot_extra>
10003672:	bf00      	nop
10003674:	20002a6e 	.word	0x20002a6e

10003678 <tud_descriptor_bos_cb>:
10003678:	4800      	ldr	r0, [pc, #0]	@ (1000367c <tud_descriptor_bos_cb+0x4>)
1000367a:	4770      	bx	lr
1000367c:	10008524 	.word	0x10008524

10003680 <tud_vendor_control_xfer_cb>:
10003680:	2901      	cmp	r1, #1
10003682:	d107      	bne.n	10003694 <tud_vendor_control_xfer_cb+0x14>
10003684:	7853      	ldrb	r3, [r2, #1]
10003686:	2b01      	cmp	r3, #1
10003688:	d102      	bne.n	10003690 <tud_vendor_control_xfer_cb+0x10>
1000368a:	8893      	ldrh	r3, [r2, #4]
1000368c:	2b07      	cmp	r3, #7
1000368e:	d003      	beq.n	10003698 <tud_vendor_control_xfer_cb+0x18>
10003690:	2000      	movs	r0, #0
10003692:	4770      	bx	lr
10003694:	2001      	movs	r0, #1
10003696:	4770      	bx	lr
10003698:	4611      	mov	r1, r2
1000369a:	23a6      	movs	r3, #166	@ 0xa6
1000369c:	4a01      	ldr	r2, [pc, #4]	@ (100036a4 <tud_vendor_control_xfer_cb+0x24>)
1000369e:	f001 ba39 	b.w	10004b14 <tud_control_xfer>
100036a2:	bf00      	nop
100036a4:	1000847c 	.word	0x1000847c

100036a8 <usbd_app_driver_get_cb>:
100036a8:	4603      	mov	r3, r0
100036aa:	2201      	movs	r2, #1
100036ac:	4801      	ldr	r0, [pc, #4]	@ (100036b4 <usbd_app_driver_get_cb+0xc>)
100036ae:	701a      	strb	r2, [r3, #0]
100036b0:	4770      	bx	lr
100036b2:	bf00      	nop
100036b4:	1000845c 	.word	0x1000845c

100036b8 <tud_cdc_line_coding_cb>:
100036b8:	b508      	push	{r3, lr}
100036ba:	680b      	ldr	r3, [r1, #0]
100036bc:	f5b3 6f96 	cmp.w	r3, #1200	@ 0x4b0
100036c0:	d000      	beq.n	100036c4 <tud_cdc_line_coding_cb+0xc>
100036c2:	bd08      	pop	{r3, pc}
100036c4:	2200      	movs	r2, #0
100036c6:	f04f 30ff 	mov.w	r0, #4294967295	@ 0xffffffff
100036ca:	4611      	mov	r1, r2
100036cc:	f7fd ff54 	bl	10001578 <rom_reset_usb_boot_extra>

100036d0 <stdio_usb_set_chars_available_callback>:
100036d0:	4a02      	ldr	r2, [pc, #8]	@ (100036dc <stdio_usb_set_chars_available_callback+0xc>)
100036d2:	4b03      	ldr	r3, [pc, #12]	@ (100036e0 <stdio_usb_set_chars_available_callback+0x10>)
100036d4:	6010      	str	r0, [r2, #0]
100036d6:	6019      	str	r1, [r3, #0]
100036d8:	4770      	bx	lr
100036da:	bf00      	nop
100036dc:	20002418 	.word	0x20002418
100036e0:	2000241c 	.word	0x2000241c

100036e4 <timer_task>:
100036e4:	4b18      	ldr	r3, [pc, #96]	@ (10003748 <timer_task+0x64>)
100036e6:	b570      	push	{r4, r5, r6, lr}
100036e8:	681a      	ldr	r2, [r3, #0]
100036ea:	2a00      	cmp	r2, #0
100036ec:	d028      	beq.n	10003740 <timer_task+0x5c>
100036ee:	f3ef 8110 	mrs	r1, PRIMASK
100036f2:	b672      	cpsid	i
100036f4:	e8d2 4fcf 	ldaexb	r4, [r2]
100036f8:	2001      	movs	r0, #1
100036fa:	2c00      	cmp	r4, #0
100036fc:	d1fa      	bne.n	100036f4 <timer_task+0x10>
100036fe:	e8c2 0f44 	strexb	r4, r0, [r2]
10003702:	2c00      	cmp	r4, #0
10003704:	d1f6      	bne.n	100036f4 <timer_task+0x10>
10003706:	f3bf 8f5f 	dmb	sy
1000370a:	2200      	movs	r2, #0
1000370c:	4c0f      	ldr	r4, [pc, #60]	@ (1000374c <timer_task+0x68>)
1000370e:	6818      	ldr	r0, [r3, #0]
10003710:	6059      	str	r1, [r3, #4]
10003712:	7022      	strb	r2, [r4, #0]
10003714:	e8c0 2f8f 	stlb	r2, [r0]
10003718:	f381 8810 	msr	PRIMASK, r1
1000371c:	2400      	movs	r4, #0
1000371e:	2500      	movs	r5, #0
10003720:	4e0b      	ldr	r6, [pc, #44]	@ (10003750 <timer_task+0x6c>)
10003722:	7830      	ldrb	r0, [r6, #0]
10003724:	f7fc ffa6 	bl	10000674 <irq_is_enabled>
10003728:	b920      	cbnz	r0, 10003734 <timer_task+0x50>
1000372a:	2400      	movs	r4, #0
1000372c:	2500      	movs	r5, #0
1000372e:	4620      	mov	r0, r4
10003730:	4629      	mov	r1, r5
10003732:	bd70      	pop	{r4, r5, r6, pc}
10003734:	7830      	ldrb	r0, [r6, #0]
10003736:	f7fc ffad 	bl	10000694 <irq_set_pending>
1000373a:	4620      	mov	r0, r4
1000373c:	4629      	mov	r1, r5
1000373e:	bd70      	pop	{r4, r5, r6, pc}
10003740:	f44f 747a 	mov.w	r4, #1000	@ 0x3e8
10003744:	2500      	movs	r5, #0
10003746:	e7eb      	b.n	10003720 <timer_task+0x3c>
10003748:	200028b4 	.word	0x200028b4
1000374c:	20002a70 	.word	0x20002a70
10003750:	20002a6f 	.word	0x20002a6f

10003754 <usb_irq>:
10003754:	4b01      	ldr	r3, [pc, #4]	@ (1000375c <usb_irq+0x8>)
10003756:	7818      	ldrb	r0, [r3, #0]
10003758:	f7fc bf9c 	b.w	10000694 <irq_set_pending>
1000375c:	20002a6f 	.word	0x20002a6f

10003760 <stdio_usb_in_chars>:
10003760:	b538      	push	{r3, r4, r5, lr}
10003762:	4604      	mov	r4, r0
10003764:	2000      	movs	r0, #0
10003766:	460d      	mov	r5, r1
10003768:	f001 fb04 	bl	10004d74 <tud_cdc_n_connected>
1000376c:	b3a8      	cbz	r0, 100037da <stdio_usb_in_chars+0x7a>
1000376e:	2000      	movs	r0, #0
10003770:	f001 fb16 	bl	10004da0 <tud_cdc_n_available>
10003774:	b388      	cbz	r0, 100037da <stdio_usb_in_chars+0x7a>
10003776:	f7fd fdb1 	bl	100012dc <time_us_64>
1000377a:	f04f 3eff 	mov.w	lr, #4294967295	@ 0xffffffff
1000377e:	f06f 4c00 	mvn.w	ip, #2147483648	@ 0x80000000
10003782:	4a17      	ldr	r2, [pc, #92]	@ (100037e0 <stdio_usb_in_chars+0x80>)
10003784:	1882      	adds	r2, r0, r2
10003786:	f141 0300 	adc.w	r3, r1, #0
1000378a:	4596      	cmp	lr, r2
1000378c:	eb7c 0103 	sbcs.w	r1, ip, r3
10003790:	bf3c      	itt	cc
10003792:	4672      	movcc	r2, lr
10003794:	4663      	movcc	r3, ip
10003796:	4813      	ldr	r0, [pc, #76]	@ (100037e4 <stdio_usb_in_chars+0x84>)
10003798:	f004 fcca 	bl	10008130 <__mutex_try_enter_block_until_veneer>
1000379c:	b1e8      	cbz	r0, 100037da <stdio_usb_in_chars+0x7a>
1000379e:	2000      	movs	r0, #0
100037a0:	f001 fae8 	bl	10004d74 <tud_cdc_n_connected>
100037a4:	b958      	cbnz	r0, 100037be <stdio_usb_in_chars+0x5e>
100037a6:	2100      	movs	r1, #0
100037a8:	f04f 30ff 	mov.w	r0, #4294967295	@ 0xffffffff
100037ac:	f000 fd0a 	bl	100041c4 <tud_task_ext>
100037b0:	f06f 0402 	mvn.w	r4, #2
100037b4:	480b      	ldr	r0, [pc, #44]	@ (100037e4 <stdio_usb_in_chars+0x84>)
100037b6:	f004 fcaf 	bl	10008118 <__mutex_exit_veneer>
100037ba:	4620      	mov	r0, r4
100037bc:	bd38      	pop	{r3, r4, r5, pc}
100037be:	2000      	movs	r0, #0
100037c0:	f001 faee 	bl	10004da0 <tud_cdc_n_available>
100037c4:	2800      	cmp	r0, #0
100037c6:	d0ee      	beq.n	100037a6 <stdio_usb_in_chars+0x46>
100037c8:	4621      	mov	r1, r4
100037ca:	462a      	mov	r2, r5
100037cc:	2000      	movs	r0, #0
100037ce:	f001 faf1 	bl	10004db4 <tud_cdc_n_read>
100037d2:	4604      	mov	r4, r0
100037d4:	2800      	cmp	r0, #0
100037d6:	d1ed      	bne.n	100037b4 <stdio_usb_in_chars+0x54>
100037d8:	e7ea      	b.n	100037b0 <stdio_usb_in_chars+0x50>
100037da:	f06f 0402 	mvn.w	r4, #2
100037de:	e7ec      	b.n	100037ba <stdio_usb_in_chars+0x5a>
100037e0:	000f4240 	.word	0x000f4240
100037e4:	20002978 	.word	0x20002978

100037e8 <stdio_usb_out_flush>:
100037e8:	b508      	push	{r3, lr}
100037ea:	f7fd fd77 	bl	100012dc <time_us_64>
100037ee:	f04f 3eff 	mov.w	lr, #4294967295	@ 0xffffffff
100037f2:	f06f 4c00 	mvn.w	ip, #2147483648	@ 0x80000000
100037f6:	4a0f      	ldr	r2, [pc, #60]	@ (10003834 <stdio_usb_out_flush+0x4c>)
100037f8:	1882      	adds	r2, r0, r2
100037fa:	f141 0300 	adc.w	r3, r1, #0
100037fe:	4596      	cmp	lr, r2
10003800:	eb7c 0103 	sbcs.w	r1, ip, r3
10003804:	bf3c      	itt	cc
10003806:	4672      	movcc	r2, lr
10003808:	4663      	movcc	r3, ip
1000380a:	480b      	ldr	r0, [pc, #44]	@ (10003838 <stdio_usb_out_flush+0x50>)
1000380c:	f004 fc90 	bl	10008130 <__mutex_try_enter_block_until_veneer>
10003810:	b170      	cbz	r0, 10003830 <stdio_usb_out_flush+0x48>
10003812:	f04f 30ff 	mov.w	r0, #4294967295	@ 0xffffffff
10003816:	2100      	movs	r1, #0
10003818:	f000 fcd4 	bl	100041c4 <tud_task_ext>
1000381c:	2000      	movs	r0, #0
1000381e:	f001 fb11 	bl	10004e44 <tud_cdc_n_write_flush>
10003822:	2800      	cmp	r0, #0
10003824:	d1f5      	bne.n	10003812 <stdio_usb_out_flush+0x2a>
10003826:	e8bd 4008 	ldmia.w	sp!, {r3, lr}
1000382a:	4803      	ldr	r0, [pc, #12]	@ (10003838 <stdio_usb_out_flush+0x50>)
1000382c:	f004 bc74 	b.w	10008118 <__mutex_exit_veneer>
10003830:	bd08      	pop	{r3, pc}
10003832:	bf00      	nop
10003834:	000f4240 	.word	0x000f4240
10003838:	20002978 	.word	0x20002978

1000383c <stdio_usb_out_chars>:
1000383c:	e92d 43f8 	stmdb	sp!, {r3, r4, r5, r6, r7, r8, r9, lr}
10003840:	4680      	mov	r8, r0
10003842:	460f      	mov	r7, r1
10003844:	f7fd fd4a 	bl	100012dc <time_us_64>
10003848:	f04f 35ff 	mov.w	r5, #4294967295	@ 0xffffffff
1000384c:	f06f 4400 	mvn.w	r4, #2147483648	@ 0x80000000
10003850:	4a33      	ldr	r2, [pc, #204]	@ (10003920 <stdio_usb_out_chars+0xe4>)
10003852:	1882      	adds	r2, r0, r2
10003854:	f141 0300 	adc.w	r3, r1, #0
10003858:	4295      	cmp	r5, r2
1000385a:	eb74 0103 	sbcs.w	r1, r4, r3
1000385e:	bf3c      	itt	cc
10003860:	462a      	movcc	r2, r5
10003862:	4623      	movcc	r3, r4
10003864:	482f      	ldr	r0, [pc, #188]	@ (10003924 <stdio_usb_out_chars+0xe8>)
10003866:	f004 fc63 	bl	10008130 <__mutex_try_enter_block_until_veneer>
1000386a:	b908      	cbnz	r0, 10003870 <stdio_usb_out_chars+0x34>
1000386c:	e8bd 83f8 	ldmia.w	sp!, {r3, r4, r5, r6, r7, r8, r9, pc}
10003870:	2000      	movs	r0, #0
10003872:	f001 fa7f 	bl	10004d74 <tud_cdc_n_connected>
10003876:	2800      	cmp	r0, #0
10003878:	d047      	beq.n	1000390a <stdio_usb_out_chars+0xce>
1000387a:	2f00      	cmp	r7, #0
1000387c:	dd40      	ble.n	10003900 <stdio_usb_out_chars+0xc4>
1000387e:	2500      	movs	r5, #0
10003880:	f8df 90a8 	ldr.w	r9, [pc, #168]	@ 1000392c <stdio_usb_out_chars+0xf0>
10003884:	4e28      	ldr	r6, [pc, #160]	@ (10003928 <stdio_usb_out_chars+0xec>)
10003886:	e013      	b.n	100038b0 <stdio_usb_out_chars+0x74>
10003888:	4622      	mov	r2, r4
1000388a:	2000      	movs	r0, #0
1000388c:	f001 fb20 	bl	10004ed0 <tud_cdc_n_write>
10003890:	2100      	movs	r1, #0
10003892:	4604      	mov	r4, r0
10003894:	f04f 30ff 	mov.w	r0, #4294967295	@ 0xffffffff
10003898:	f000 fc94 	bl	100041c4 <tud_task_ext>
1000389c:	2000      	movs	r0, #0
1000389e:	f001 fad1 	bl	10004e44 <tud_cdc_n_write_flush>
100038a2:	f7fd fd1b 	bl	100012dc <time_us_64>
100038a6:	e9c9 0100 	strd	r0, r1, [r9]
100038aa:	4425      	add	r5, r4
100038ac:	42af      	cmp	r7, r5
100038ae:	dd27      	ble.n	10003900 <stdio_usb_out_chars+0xc4>
100038b0:	2000      	movs	r0, #0
100038b2:	f001 fb2d 	bl	10004f10 <tud_cdc_n_write_available>
100038b6:	1b7c      	subs	r4, r7, r5
100038b8:	4284      	cmp	r4, r0
100038ba:	bfa8      	it	ge
100038bc:	4604      	movge	r4, r0
100038be:	eb08 0105 	add.w	r1, r8, r5
100038c2:	2c00      	cmp	r4, #0
100038c4:	d1e0      	bne.n	10003888 <stdio_usb_out_chars+0x4c>
100038c6:	4621      	mov	r1, r4
100038c8:	f04f 30ff 	mov.w	r0, #4294967295	@ 0xffffffff
100038cc:	f000 fc7a 	bl	100041c4 <tud_task_ext>
100038d0:	4620      	mov	r0, r4
100038d2:	f001 fab7 	bl	10004e44 <tud_cdc_n_write_flush>
100038d6:	4620      	mov	r0, r4
100038d8:	f001 fa4c 	bl	10004d74 <tud_cdc_n_connected>
100038dc:	b180      	cbz	r0, 10003900 <stdio_usb_out_chars+0xc4>
100038de:	4620      	mov	r0, r4
100038e0:	f001 fb16 	bl	10004f10 <tud_cdc_n_write_available>
100038e4:	2800      	cmp	r0, #0
100038e6:	d1e1      	bne.n	100038ac <stdio_usb_out_chars+0x70>
100038e8:	f7fd fcf8 	bl	100012dc <time_us_64>
100038ec:	f8d9 3000 	ldr.w	r3, [r9]
100038f0:	f8d9 2004 	ldr.w	r2, [r9, #4]
100038f4:	199b      	adds	r3, r3, r6
100038f6:	f142 0200 	adc.w	r2, r2, #0
100038fa:	4283      	cmp	r3, r0
100038fc:	418a      	sbcs	r2, r1
100038fe:	d2d5      	bcs.n	100038ac <stdio_usb_out_chars+0x70>
10003900:	4808      	ldr	r0, [pc, #32]	@ (10003924 <stdio_usb_out_chars+0xe8>)
10003902:	e8bd 43f8 	ldmia.w	sp!, {r3, r4, r5, r6, r7, r8, r9, lr}
10003906:	f004 bc07 	b.w	10008118 <__mutex_exit_veneer>
1000390a:	2000      	movs	r0, #0
1000390c:	2100      	movs	r1, #0
1000390e:	4b07      	ldr	r3, [pc, #28]	@ (1000392c <stdio_usb_out_chars+0xf0>)
10003910:	e9c3 0100 	strd	r0, r1, [r3]
10003914:	e8bd 43f8 	ldmia.w	sp!, {r3, r4, r5, r6, r7, r8, r9, lr}
10003918:	4802      	ldr	r0, [pc, #8]	@ (10003924 <stdio_usb_out_chars+0xe8>)
1000391a:	f004 bbfd 	b.w	10008118 <__mutex_exit_veneer>
1000391e:	bf00      	nop
10003920:	000f4240 	.word	0x000f4240
10003924:	20002978 	.word	0x20002978
10003928:	0007a120 	.word	0x0007a120
1000392c:	20001c78 	.word	0x20001c78

10003930 <low_priority_worker_irq>:
10003930:	b530      	push	{r4, r5, lr}
10003932:	2100      	movs	r1, #0
10003934:	b085      	sub	sp, #20
10003936:	482e      	ldr	r0, [pc, #184]	@ (100039f0 <low_priority_worker_irq+0xc0>)
10003938:	f004 fc06 	bl	10008148 <__mutex_try_enter_veneer>
1000393c:	b9f0      	cbnz	r0, 1000397c <low_priority_worker_irq+0x4c>
1000393e:	4b2d      	ldr	r3, [pc, #180]	@ (100039f4 <low_priority_worker_irq+0xc4>)
10003940:	681a      	ldr	r2, [r3, #0]
10003942:	b1ca      	cbz	r2, 10003978 <low_priority_worker_irq+0x48>
10003944:	f3ef 8110 	mrs	r1, PRIMASK
10003948:	b672      	cpsid	i
1000394a:	e8d2 5fcf 	ldaexb	r5, [r2]
1000394e:	2401      	movs	r4, #1
10003950:	2d00      	cmp	r5, #0
10003952:	d1fa      	bne.n	1000394a <low_priority_worker_irq+0x1a>
10003954:	e8c2 4f45 	strexb	r5, r4, [r2]
10003958:	2d00      	cmp	r5, #0
1000395a:	d1f6      	bne.n	1000394a <low_priority_worker_irq+0x1a>
1000395c:	f3bf 8f5f 	dmb	sy
10003960:	4c25      	ldr	r4, [pc, #148]	@ (100039f8 <low_priority_worker_irq+0xc8>)
10003962:	681d      	ldr	r5, [r3, #0]
10003964:	7822      	ldrb	r2, [r4, #0]
10003966:	6059      	str	r1, [r3, #4]
10003968:	b2d3      	uxtb	r3, r2
1000396a:	2201      	movs	r2, #1
1000396c:	7022      	strb	r2, [r4, #0]
1000396e:	e8c5 0f8f 	stlb	r0, [r5]
10003972:	f381 8810 	msr	PRIMASK, r1
10003976:	b1cb      	cbz	r3, 100039ac <low_priority_worker_irq+0x7c>
10003978:	b005      	add	sp, #20
1000397a:	bd30      	pop	{r4, r5, pc}
1000397c:	2100      	movs	r1, #0
1000397e:	f04f 30ff 	mov.w	r0, #4294967295	@ 0xffffffff
10003982:	f000 fc1f 	bl	100041c4 <tud_task_ext>
10003986:	2000      	movs	r0, #0
10003988:	f001 fa0a 	bl	10004da0 <tud_cdc_n_available>
1000398c:	4604      	mov	r4, r0
1000398e:	4818      	ldr	r0, [pc, #96]	@ (100039f0 <low_priority_worker_irq+0xc0>)
10003990:	f004 fbc2 	bl	10008118 <__mutex_exit_veneer>
10003994:	2c00      	cmp	r4, #0
10003996:	d0ef      	beq.n	10003978 <low_priority_worker_irq+0x48>
10003998:	4b18      	ldr	r3, [pc, #96]	@ (100039fc <low_priority_worker_irq+0xcc>)
1000399a:	681b      	ldr	r3, [r3, #0]
1000399c:	2b00      	cmp	r3, #0
1000399e:	d0eb      	beq.n	10003978 <low_priority_worker_irq+0x48>
100039a0:	4a17      	ldr	r2, [pc, #92]	@ (10003a00 <low_priority_worker_irq+0xd0>)
100039a2:	6810      	ldr	r0, [r2, #0]
100039a4:	b005      	add	sp, #20
100039a6:	e8bd 4030 	ldmia.w	sp!, {r4, r5, lr}
100039aa:	4718      	bx	r3
100039ac:	f7fd fa8c 	bl	10000ec8 <alarm_pool_get_default>
100039b0:	4604      	mov	r4, r0
100039b2:	f7fd fc93 	bl	100012dc <time_us_64>
100039b6:	f04f 3cff 	mov.w	ip, #4294967295	@ 0xffffffff
100039ba:	f06f 4500 	mvn.w	r5, #2147483648	@ 0x80000000
100039be:	f510 727a 	adds.w	r2, r0, #1000	@ 0x3e8
100039c2:	f141 0300 	adc.w	r3, r1, #0
100039c6:	4594      	cmp	ip, r2
100039c8:	eb75 0103 	sbcs.w	r1, r5, r3
100039cc:	bf38      	it	cc
100039ce:	462b      	movcc	r3, r5
100039d0:	f04f 0100 	mov.w	r1, #0
100039d4:	f04f 0501 	mov.w	r5, #1
100039d8:	4620      	mov	r0, r4
100039da:	4c0a      	ldr	r4, [pc, #40]	@ (10003a04 <low_priority_worker_irq+0xd4>)
100039dc:	bf38      	it	cc
100039de:	4662      	movcc	r2, ip
100039e0:	e9cd 1501 	strd	r1, r5, [sp, #4]
100039e4:	9400      	str	r4, [sp, #0]
100039e6:	f7fd fa73 	bl	10000ed0 <alarm_pool_add_alarm_at>
100039ea:	b005      	add	sp, #20
100039ec:	bd30      	pop	{r4, r5, pc}
100039ee:	bf00      	nop
100039f0:	20002978 	.word	0x20002978
100039f4:	200028b4 	.word	0x200028b4
100039f8:	20002a70 	.word	0x20002a70
100039fc:	20002418 	.word	0x20002418
10003a00:	2000241c 	.word	0x2000241c
10003a04:	100036e5 	.word	0x100036e5

10003a08 <stdio_usb_init>:
10003a08:	f04f 4350 	mov.w	r3, #3489660928	@ 0xd0000000
10003a0c:	b530      	push	{r4, r5, lr}
10003a0e:	b085      	sub	sp, #20
10003a10:	681c      	ldr	r4, [r3, #0]
10003a12:	f7fd fa59 	bl	10000ec8 <alarm_pool_get_default>
10003a16:	f7fd fb6d 	bl	100010f4 <alarm_pool_core_num>
10003a1a:	42a0      	cmp	r0, r4
10003a1c:	d002      	beq.n	10003a24 <stdio_usb_init+0x1c>
10003a1e:	2000      	movs	r0, #0
10003a20:	b005      	add	sp, #20
10003a22:	bd30      	pop	{r4, r5, pc}
10003a24:	2100      	movs	r1, #0
10003a26:	4b2a      	ldr	r3, [pc, #168]	@ (10003ad0 <stdio_usb_init+0xc8>)
10003a28:	4608      	mov	r0, r1
10003a2a:	781b      	ldrb	r3, [r3, #0]
10003a2c:	f001 fd38 	bl	100054a0 <tusb_rhport_init>
10003a30:	4828      	ldr	r0, [pc, #160]	@ (10003ad4 <stdio_usb_init+0xcc>)
10003a32:	6803      	ldr	r3, [r0, #0]
10003a34:	2b00      	cmp	r3, #0
10003a36:	d047      	beq.n	10003ac8 <stdio_usb_init+0xc0>
10003a38:	2001      	movs	r0, #1
10003a3a:	f7fc ffc9 	bl	100009d0 <user_irq_claim_unused>
10003a3e:	4603      	mov	r3, r0
10003a40:	4c25      	ldr	r4, [pc, #148]	@ (10003ad8 <stdio_usb_init+0xd0>)
10003a42:	4926      	ldr	r1, [pc, #152]	@ (10003adc <stdio_usb_init+0xd4>)
10003a44:	b2c0      	uxtb	r0, r0
10003a46:	7023      	strb	r3, [r4, #0]
10003a48:	f7fc fe40 	bl	100006cc <irq_set_exclusive_handler>
10003a4c:	7820      	ldrb	r0, [r4, #0]
10003a4e:	2101      	movs	r1, #1
10003a50:	f7fc fdfa 	bl	10000648 <irq_set_enabled>
10003a54:	200e      	movs	r0, #14
10003a56:	f7fc fe29 	bl	100006ac <irq_has_shared_handler>
10003a5a:	bb40      	cbnz	r0, 10003aae <stdio_usb_init+0xa6>
10003a5c:	4b20      	ldr	r3, [pc, #128]	@ (10003ae0 <stdio_usb_init+0xd8>)
10003a5e:	2501      	movs	r5, #1
10003a60:	e9c3 0000 	strd	r0, r0, [r3]
10003a64:	f7fd fa30 	bl	10000ec8 <alarm_pool_get_default>
10003a68:	4604      	mov	r4, r0
10003a6a:	f7fd fc37 	bl	100012dc <time_us_64>
10003a6e:	f04f 3eff 	mov.w	lr, #4294967295	@ 0xffffffff
10003a72:	f06f 4c00 	mvn.w	ip, #2147483648	@ 0x80000000
10003a76:	f510 727a 	adds.w	r2, r0, #1000	@ 0x3e8
10003a7a:	f141 0300 	adc.w	r3, r1, #0
10003a7e:	4596      	cmp	lr, r2
10003a80:	eb7c 0103 	sbcs.w	r1, ip, r3
10003a84:	f04f 0100 	mov.w	r1, #0
10003a88:	4620      	mov	r0, r4
10003a8a:	4c16      	ldr	r4, [pc, #88]	@ (10003ae4 <stdio_usb_init+0xdc>)
10003a8c:	bf3c      	itt	cc
10003a8e:	4672      	movcc	r2, lr
10003a90:	4663      	movcc	r3, ip
10003a92:	e9cd 1501 	strd	r1, r5, [sp, #4]
10003a96:	9400      	str	r4, [sp, #0]
10003a98:	f7fd fa1a 	bl	10000ed0 <alarm_pool_add_alarm_at>
10003a9c:	2800      	cmp	r0, #0
10003a9e:	dbbe      	blt.n	10003a1e <stdio_usb_init+0x16>
10003aa0:	2101      	movs	r1, #1
10003aa2:	4811      	ldr	r0, [pc, #68]	@ (10003ae8 <stdio_usb_init+0xe0>)
10003aa4:	f7ff fcbc 	bl	10003420 <stdio_set_driver_enabled>
10003aa8:	2001      	movs	r0, #1
10003aaa:	b005      	add	sp, #20
10003aac:	bd30      	pop	{r4, r5, pc}
10003aae:	2001      	movs	r0, #1
10003ab0:	f7fc fd86 	bl	100005c0 <spin_lock_claim_unused>
10003ab4:	4601      	mov	r1, r0
10003ab6:	480a      	ldr	r0, [pc, #40]	@ (10003ae0 <stdio_usb_init+0xd8>)
10003ab8:	f7fc ffe6 	bl	10000a88 <critical_section_init_with_lock_num>
10003abc:	2200      	movs	r2, #0
10003abe:	200e      	movs	r0, #14
10003ac0:	490a      	ldr	r1, [pc, #40]	@ (10003aec <stdio_usb_init+0xe4>)
10003ac2:	f7fc fe33 	bl	1000072c <irq_add_shared_handler>
10003ac6:	e7eb      	b.n	10003aa0 <stdio_usb_init+0x98>
10003ac8:	f7fc ffc2 	bl	10000a50 <mutex_init>
10003acc:	e7b4      	b.n	10003a38 <stdio_usb_init+0x30>
10003ace:	bf00      	nop
10003ad0:	10008640 	.word	0x10008640
10003ad4:	20002978 	.word	0x20002978
10003ad8:	20002a6f 	.word	0x20002a6f
10003adc:	10003931 	.word	0x10003931
10003ae0:	200028b4 	.word	0x200028b4
10003ae4:	100036e5 	.word	0x100036e5
10003ae8:	2000155c 	.word	0x2000155c
10003aec:	10003755 	.word	0x10003755

10003af0 <tud_descriptor_device_cb>:
10003af0:	4800      	ldr	r0, [pc, #0]	@ (10003af4 <tud_descriptor_device_cb+0x4>)
10003af2:	4770      	bx	lr
10003af4:	100085c0 	.word	0x100085c0

10003af8 <tud_descriptor_configuration_cb>:
10003af8:	4800      	ldr	r0, [pc, #0]	@ (10003afc <tud_descriptor_configuration_cb+0x4>)
10003afa:	4770      	bx	lr
10003afc:	1000856c 	.word	0x1000856c

10003b00 <tud_descriptor_string_cb>:
10003b00:	b538      	push	{r3, r4, r5, lr}
10003b02:	4b18      	ldr	r3, [pc, #96]	@ (10003b64 <tud_descriptor_string_cb+0x64>)
10003b04:	4604      	mov	r4, r0
10003b06:	781a      	ldrb	r2, [r3, #0]
10003b08:	b30a      	cbz	r2, 10003b4e <tud_descriptor_string_cb+0x4e>
10003b0a:	b944      	cbnz	r4, 10003b1e <tud_descriptor_string_cb+0x1e>
10003b0c:	f240 4209 	movw	r2, #1033	@ 0x409
10003b10:	f44f 7341 	mov.w	r3, #772	@ 0x304
10003b14:	4d14      	ldr	r5, [pc, #80]	@ (10003b68 <tud_descriptor_string_cb+0x68>)
10003b16:	806a      	strh	r2, [r5, #2]
10003b18:	4813      	ldr	r0, [pc, #76]	@ (10003b68 <tud_descriptor_string_cb+0x68>)
10003b1a:	802b      	strh	r3, [r5, #0]
10003b1c:	bd38      	pop	{r3, r4, r5, pc}
10003b1e:	2c05      	cmp	r4, #5
10003b20:	d81d      	bhi.n	10003b5e <tud_descriptor_string_cb+0x5e>
10003b22:	4b12      	ldr	r3, [pc, #72]	@ (10003b6c <tud_descriptor_string_cb+0x6c>)
10003b24:	4d10      	ldr	r5, [pc, #64]	@ (10003b68 <tud_descriptor_string_cb+0x68>)
10003b26:	f853 1024 	ldr.w	r1, [r3, r4, lsl #2]
10003b2a:	4628      	mov	r0, r5
10003b2c:	2300      	movs	r3, #0
10003b2e:	3901      	subs	r1, #1
10003b30:	e003      	b.n	10003b3a <tud_descriptor_string_cb+0x3a>
10003b32:	2b13      	cmp	r3, #19
10003b34:	f820 2f02 	strh.w	r2, [r0, #2]!
10003b38:	d00e      	beq.n	10003b58 <tud_descriptor_string_cb+0x58>
10003b3a:	f811 2f01 	ldrb.w	r2, [r1, #1]!
10003b3e:	3301      	adds	r3, #1
10003b40:	b2db      	uxtb	r3, r3
10003b42:	2a00      	cmp	r2, #0
10003b44:	d1f5      	bne.n	10003b32 <tud_descriptor_string_cb+0x32>
10003b46:	005b      	lsls	r3, r3, #1
10003b48:	f443 7340 	orr.w	r3, r3, #768	@ 0x300
10003b4c:	e7e4      	b.n	10003b18 <tud_descriptor_string_cb+0x18>
10003b4e:	2111      	movs	r1, #17
10003b50:	4618      	mov	r0, r3
10003b52:	f000 f825 	bl	10003ba0 <pico_get_unique_board_id_string>
10003b56:	e7d8      	b.n	10003b0a <tud_descriptor_string_cb+0xa>
10003b58:	f44f 734a 	mov.w	r3, #808	@ 0x328
10003b5c:	e7dc      	b.n	10003b18 <tud_descriptor_string_cb+0x18>
10003b5e:	2000      	movs	r0, #0
10003b60:	bd38      	pop	{r3, r4, r5, pc}
10003b62:	bf00      	nop
10003b64:	20002988 	.word	0x20002988
10003b68:	20002450 	.word	0x20002450
10003b6c:	10008554 	.word	0x10008554

10003b70 <_retrieve_unique_id_on_boot>:
10003b70:	b500      	push	{lr}
10003b72:	f245 3047 	movw	r0, #21319	@ 0x5347
10003b76:	b08b      	sub	sp, #44	@ 0x2c
10003b78:	f7fd fcf2 	bl	10001560 <rom_func_lookup>
10003b7c:	2201      	movs	r2, #1
10003b7e:	4603      	mov	r3, r0
10003b80:	2109      	movs	r1, #9
10003b82:	a801      	add	r0, sp, #4
10003b84:	4798      	blx	r3
10003b86:	e9dd 3203 	ldrd	r3, r2, [sp, #12]
10003b8a:	4904      	ldr	r1, [pc, #16]	@ (10003b9c <_retrieve_unique_id_on_boot+0x2c>)
10003b8c:	ba12      	rev	r2, r2
10003b8e:	ba1b      	rev	r3, r3
10003b90:	e9c1 2300 	strd	r2, r3, [r1]
10003b94:	b00b      	add	sp, #44	@ 0x2c
10003b96:	f85d fb04 	ldr.w	pc, [sp], #4
10003b9a:	bf00      	nop
10003b9c:	2000296c 	.word	0x2000296c

10003ba0 <pico_get_unique_board_id_string>:
10003ba0:	2901      	cmp	r1, #1
10003ba2:	f101 33ff 	add.w	r3, r1, #4294967295	@ 0xffffffff
10003ba6:	f000 80b3 	beq.w	10003d10 <pico_get_unique_board_id_string+0x170>
10003baa:	495d      	ldr	r1, [pc, #372]	@ (10003d20 <pico_get_unique_board_id_string+0x180>)
10003bac:	780a      	ldrb	r2, [r1, #0]
10003bae:	ea4f 1c12 	mov.w	ip, r2, lsr #4
10003bb2:	2a9f      	cmp	r2, #159	@ 0x9f
10003bb4:	bf8c      	ite	hi
10003bb6:	f10c 0c37 	addhi.w	ip, ip, #55	@ 0x37
10003bba:	f10c 0c30 	addls.w	ip, ip, #48	@ 0x30
10003bbe:	2b01      	cmp	r3, #1
10003bc0:	f880 c000 	strb.w	ip, [r0]
10003bc4:	f000 80a7 	beq.w	10003d16 <pico_get_unique_board_id_string+0x176>
10003bc8:	f002 020f 	and.w	r2, r2, #15
10003bcc:	2a09      	cmp	r2, #9
10003bce:	bf8c      	ite	hi
10003bd0:	3237      	addhi	r2, #55	@ 0x37
10003bd2:	3230      	addls	r2, #48	@ 0x30
10003bd4:	2b02      	cmp	r3, #2
10003bd6:	7042      	strb	r2, [r0, #1]
10003bd8:	f000 809d 	beq.w	10003d16 <pico_get_unique_board_id_string+0x176>
10003bdc:	784a      	ldrb	r2, [r1, #1]
10003bde:	ea4f 1c12 	mov.w	ip, r2, lsr #4
10003be2:	2a9f      	cmp	r2, #159	@ 0x9f
10003be4:	bf8c      	ite	hi
10003be6:	f10c 0c37 	addhi.w	ip, ip, #55	@ 0x37
10003bea:	f10c 0c30 	addls.w	ip, ip, #48	@ 0x30
10003bee:	2b03      	cmp	r3, #3
10003bf0:	f880 c002 	strb.w	ip, [r0, #2]
10003bf4:	f000 808f 	beq.w	10003d16 <pico_get_unique_board_id_string+0x176>
10003bf8:	f002 020f 	and.w	r2, r2, #15
10003bfc:	2a09      	cmp	r2, #9
10003bfe:	bf8c      	ite	hi
10003c00:	3237      	addhi	r2, #55	@ 0x37
10003c02:	3230      	addls	r2, #48	@ 0x30
10003c04:	2b04      	cmp	r3, #4
10003c06:	70c2      	strb	r2, [r0, #3]
10003c08:	f000 8085 	beq.w	10003d16 <pico_get_unique_board_id_string+0x176>
10003c0c:	788a      	ldrb	r2, [r1, #2]
10003c0e:	ea4f 1c12 	mov.w	ip, r2, lsr #4
10003c12:	2a9f      	cmp	r2, #159	@ 0x9f
10003c14:	bf8c      	ite	hi
10003c16:	f10c 0c37 	addhi.w	ip, ip, #55	@ 0x37
10003c1a:	f10c 0c30 	addls.w	ip, ip, #48	@ 0x30
10003c1e:	2b05      	cmp	r3, #5
10003c20:	f880 c004 	strb.w	ip, [r0, #4]
10003c24:	d077      	beq.n	10003d16 <pico_get_unique_board_id_string+0x176>
10003c26:	f002 020f 	and.w	r2, r2, #15
10003c2a:	2a09      	cmp	r2, #9
10003c2c:	bf8c      	ite	hi
10003c2e:	3237      	addhi	r2, #55	@ 0x37
10003c30:	3230      	addls	r2, #48	@ 0x30
10003c32:	2b06      	cmp	r3, #6
10003c34:	7142      	strb	r2, [r0, #5]
10003c36:	d06e      	beq.n	10003d16 <pico_get_unique_board_id_string+0x176>
10003c38:	78ca      	ldrb	r2, [r1, #3]
10003c3a:	ea4f 1c12 	mov.w	ip, r2, lsr #4
10003c3e:	2a9f      	cmp	r2, #159	@ 0x9f
10003c40:	bf8c      	ite	hi
10003c42:	f10c 0c37 	addhi.w	ip, ip, #55	@ 0x37
10003c46:	f10c 0c30 	addls.w	ip, ip, #48	@ 0x30
10003c4a:	2b07      	cmp	r3, #7
10003c4c:	f880 c006 	strb.w	ip, [r0, #6]
10003c50:	d061      	beq.n	10003d16 <pico_get_unique_board_id_string+0x176>
10003c52:	f002 020f 	and.w	r2, r2, #15
10003c56:	2a09      	cmp	r2, #9
10003c58:	bf8c      	ite	hi
10003c5a:	3237      	addhi	r2, #55	@ 0x37
10003c5c:	3230      	addls	r2, #48	@ 0x30
10003c5e:	2b08      	cmp	r3, #8
10003c60:	71c2      	strb	r2, [r0, #7]
10003c62:	d058      	beq.n	10003d16 <pico_get_unique_board_id_string+0x176>
10003c64:	790a      	ldrb	r2, [r1, #4]
10003c66:	ea4f 1c12 	mov.w	ip, r2, lsr #4
10003c6a:	2a9f      	cmp	r2, #159	@ 0x9f
10003c6c:	bf8c      	ite	hi
10003c6e:	f10c 0c37 	addhi.w	ip, ip, #55	@ 0x37
10003c72:	f10c 0c30 	addls.w	ip, ip, #48	@ 0x30
10003c76:	2b09      	cmp	r3, #9
10003c78:	f880 c008 	strb.w	ip, [r0, #8]
10003c7c:	d04b      	beq.n	10003d16 <pico_get_unique_board_id_string+0x176>
10003c7e:	f002 020f 	and.w	r2, r2, #15
10003c82:	2a09      	cmp	r2, #9
10003c84:	bf8c      	ite	hi
10003c86:	3237      	addhi	r2, #55	@ 0x37
10003c88:	3230      	addls	r2, #48	@ 0x30
10003c8a:	2b0a      	cmp	r3, #10
10003c8c:	7242      	strb	r2, [r0, #9]
10003c8e:	d042      	beq.n	10003d16 <pico_get_unique_board_id_string+0x176>
10003c90:	794a      	ldrb	r2, [r1, #5]
10003c92:	ea4f 1c12 	mov.w	ip, r2, lsr #4
10003c96:	2a9f      	cmp	r2, #159	@ 0x9f
10003c98:	bf8c      	ite	hi
10003c9a:	f10c 0c37 	addhi.w	ip, ip, #55	@ 0x37
10003c9e:	f10c 0c30 	addls.w	ip, ip, #48	@ 0x30
10003ca2:	2b0b      	cmp	r3, #11
10003ca4:	f880 c00a 	strb.w	ip, [r0, #10]
10003ca8:	d035      	beq.n	10003d16 <pico_get_unique_board_id_string+0x176>
10003caa:	f002 020f 	and.w	r2, r2, #15
10003cae:	2a09      	cmp	r2, #9
10003cb0:	bf8c      	ite	hi
10003cb2:	3237      	addhi	r2, #55	@ 0x37
10003cb4:	3230      	addls	r2, #48	@ 0x30
10003cb6:	2b0c      	cmp	r3, #12
10003cb8:	72c2      	strb	r2, [r0, #11]
10003cba:	d02c      	beq.n	10003d16 <pico_get_unique_board_id_string+0x176>
10003cbc:	798a      	ldrb	r2, [r1, #6]
10003cbe:	ea4f 1c12 	mov.w	ip, r2, lsr #4
10003cc2:	2a9f      	cmp	r2, #159	@ 0x9f
10003cc4:	bf8c      	ite	hi
10003cc6:	f10c 0c37 	addhi.w	ip, ip, #55	@ 0x37
10003cca:	f10c 0c30 	addls.w	ip, ip, #48	@ 0x30
10003cce:	2b0d      	cmp	r3, #13
10003cd0:	f880 c00c 	strb.w	ip, [r0, #12]
10003cd4:	d01f      	beq.n	10003d16 <pico_get_unique_board_id_string+0x176>
10003cd6:	f002 020f 	and.w	r2, r2, #15
10003cda:	2a09      	cmp	r2, #9
10003cdc:	bf8c      	ite	hi
10003cde:	3237      	addhi	r2, #55	@ 0x37
10003ce0:	3230      	addls	r2, #48	@ 0x30
10003ce2:	2b0e      	cmp	r3, #14
10003ce4:	7342      	strb	r2, [r0, #13]
10003ce6:	d016      	beq.n	10003d16 <pico_get_unique_board_id_string+0x176>
10003ce8:	79ca      	ldrb	r2, [r1, #7]
10003cea:	0911      	lsrs	r1, r2, #4
10003cec:	2a9f      	cmp	r2, #159	@ 0x9f
10003cee:	bf8c      	ite	hi
10003cf0:	3137      	addhi	r1, #55	@ 0x37
10003cf2:	3130      	addls	r1, #48	@ 0x30
10003cf4:	2b0f      	cmp	r3, #15
10003cf6:	7381      	strb	r1, [r0, #14]
10003cf8:	d00d      	beq.n	10003d16 <pico_get_unique_board_id_string+0x176>
10003cfa:	f002 020f 	and.w	r2, r2, #15
10003cfe:	2a09      	cmp	r2, #9
10003d00:	bf94      	ite	ls
10003d02:	3230      	addls	r2, #48	@ 0x30
10003d04:	3237      	addhi	r2, #55	@ 0x37
10003d06:	2b10      	cmp	r3, #16
10003d08:	73c2      	strb	r2, [r0, #15]
10003d0a:	bf18      	it	ne
10003d0c:	3010      	addne	r0, #16
10003d0e:	d002      	beq.n	10003d16 <pico_get_unique_board_id_string+0x176>
10003d10:	2300      	movs	r3, #0
10003d12:	7003      	strb	r3, [r0, #0]
10003d14:	4770      	bx	lr
10003d16:	4418      	add	r0, r3
10003d18:	2300      	movs	r3, #0
10003d1a:	7003      	strb	r3, [r0, #0]
10003d1c:	4770      	bx	lr
10003d1e:	bf00      	nop
10003d20:	2000296c 	.word	0x2000296c

10003d24 <dcd_init>:
10003d24:	b570      	push	{r4, r5, r6, lr}
10003d26:	f000 f92d 	bl	10003f84 <rp2040_usb_init>
10003d2a:	230c      	movs	r3, #12
10003d2c:	2640      	movs	r6, #64	@ 0x40
10003d2e:	4c19      	ldr	r4, [pc, #100]	@ (10003d94 <dcd_init+0x70>)
10003d30:	22ff      	movs	r2, #255	@ 0xff
10003d32:	67a3      	str	r3, [r4, #120]	@ 0x78
10003d34:	200e      	movs	r0, #14
10003d36:	4918      	ldr	r1, [pc, #96]	@ (10003d98 <dcd_init+0x74>)
10003d38:	f7fc fcf8 	bl	1000072c <irq_add_shared_handler>
10003d3c:	4632      	mov	r2, r6
10003d3e:	2100      	movs	r1, #0
10003d40:	4816      	ldr	r0, [pc, #88]	@ (10003d9c <dcd_init+0x78>)
10003d42:	f003 ff6b 	bl	10007c1c <memset>
10003d46:	2501      	movs	r5, #1
10003d48:	2300      	movs	r3, #0
10003d4a:	2180      	movs	r1, #128	@ 0x80
10003d4c:	4813      	ldr	r0, [pc, #76]	@ (10003d9c <dcd_init+0x78>)
10003d4e:	4a14      	ldr	r2, [pc, #80]	@ (10003da0 <dcd_init+0x7c>)
10003d50:	8441      	strh	r1, [r0, #34]	@ 0x22
10003d52:	7045      	strb	r5, [r0, #1]
10003d54:	8306      	strh	r6, [r0, #24]
10003d56:	8706      	strh	r6, [r0, #56]	@ 0x38
10003d58:	6082      	str	r2, [r0, #8]
10003d5a:	6043      	str	r3, [r0, #4]
10003d5c:	6013      	str	r3, [r2, #0]
10003d5e:	f842 3c04 	str.w	r3, [r2, #-4]
10003d62:	f880 3021 	strb.w	r3, [r0, #33]	@ 0x21
10003d66:	f880 303b 	strb.w	r3, [r0, #59]	@ 0x3b
10003d6a:	6243      	str	r3, [r0, #36]	@ 0x24
10003d6c:	4b0d      	ldr	r3, [pc, #52]	@ (10003da4 <dcd_init+0x80>)
10003d6e:	f04f 5600 	mov.w	r6, #536870912	@ 0x20000000
10003d72:	60c3      	str	r3, [r0, #12]
10003d74:	62c3      	str	r3, [r0, #44]	@ 0x2c
10003d76:	3b80      	subs	r3, #128	@ 0x80
10003d78:	6283      	str	r3, [r0, #40]	@ 0x28
10003d7a:	f004 f9e1 	bl	10008140 <__reset_non_control_endpoints_veneer>
10003d7e:	f44f 3280 	mov.w	r2, #65536	@ 0x10000
10003d82:	4909      	ldr	r1, [pc, #36]	@ (10003da8 <dcd_init+0x84>)
10003d84:	4b09      	ldr	r3, [pc, #36]	@ (10003dac <dcd_init+0x88>)
10003d86:	6425      	str	r5, [r4, #64]	@ 0x40
10003d88:	4628      	mov	r0, r5
10003d8a:	64e6      	str	r6, [r4, #76]	@ 0x4c
10003d8c:	f8c4 1090 	str.w	r1, [r4, #144]	@ 0x90
10003d90:	64da      	str	r2, [r3, #76]	@ 0x4c
10003d92:	bd70      	pop	{r4, r5, r6, pc}
10003d94:	50110000 	.word	0x50110000
10003d98:	2000039d 	.word	0x2000039d
10003d9c:	20002490 	.word	0x20002490
10003da0:	50100084 	.word	0x50100084
10003da4:	50100100 	.word	0x50100100
10003da8:	0001d010 	.word	0x0001d010
10003dac:	50112000 	.word	0x50112000

10003db0 <dcd_int_enable>:
10003db0:	2101      	movs	r1, #1
10003db2:	200e      	movs	r0, #14
10003db4:	f7fc bc48 	b.w	10000648 <irq_set_enabled>

10003db8 <dcd_set_address>:
10003db8:	2200      	movs	r2, #0
10003dba:	4802      	ldr	r0, [pc, #8]	@ (10003dc4 <dcd_set_address+0xc>)
10003dbc:	4611      	mov	r1, r2
10003dbe:	f000 b901 	b.w	10003fc4 <hw_endpoint_xfer_start>
10003dc2:	bf00      	nop
10003dc4:	200024b0 	.word	0x200024b0

10003dc8 <dcd_sof_enable>:
10003dc8:	4b04      	ldr	r3, [pc, #16]	@ (10003ddc <dcd_sof_enable+0x14>)
10003dca:	7019      	strb	r1, [r3, #0]
10003dcc:	b121      	cbz	r1, 10003dd8 <dcd_sof_enable+0x10>
10003dce:	f44f 3200 	mov.w	r2, #131072	@ 0x20000
10003dd2:	4b03      	ldr	r3, [pc, #12]	@ (10003de0 <dcd_sof_enable+0x18>)
10003dd4:	f8c3 2090 	str.w	r2, [r3, #144]	@ 0x90
10003dd8:	4770      	bx	lr
10003dda:	bf00      	nop
10003ddc:	20002a6b 	.word	0x20002a6b
10003de0:	50112000 	.word	0x50112000

10003de4 <dcd_edpt0_status_complete>:
10003de4:	780b      	ldrb	r3, [r1, #0]
10003de6:	065b      	lsls	r3, r3, #25
10003de8:	d102      	bne.n	10003df0 <dcd_edpt0_status_complete+0xc>
10003dea:	784b      	ldrb	r3, [r1, #1]
10003dec:	2b05      	cmp	r3, #5
10003dee:	d000      	beq.n	10003df2 <dcd_edpt0_status_complete+0xe>
10003df0:	4770      	bx	lr
10003df2:	884b      	ldrh	r3, [r1, #2]
10003df4:	4a01      	ldr	r2, [pc, #4]	@ (10003dfc <dcd_edpt0_status_complete+0x18>)
10003df6:	b2db      	uxtb	r3, r3
10003df8:	6013      	str	r3, [r2, #0]
10003dfa:	4770      	bx	lr
10003dfc:	50110000 	.word	0x50110000

10003e00 <dcd_edpt_open>:
10003e00:	78cb      	ldrb	r3, [r1, #3]
10003e02:	e92d 41f0 	stmdb	sp!, {r4, r5, r6, r7, r8, lr}
10003e06:	f003 0e03 	and.w	lr, r3, #3
10003e0a:	f1be 0f01 	cmp.w	lr, #1
10003e0e:	f3c3 0001 	ubfx	r0, r3, #0, #2
10003e12:	d05b      	beq.n	10003ecc <dcd_edpt_open+0xcc>
10003e14:	2700      	movs	r7, #0
10003e16:	f891 c002 	ldrb.w	ip, [r1, #2]
10003e1a:	4c34      	ldr	r4, [pc, #208]	@ (10003eec <dcd_edpt_open+0xec>)
10003e1c:	f00c 027f 	and.w	r2, ip, #127	@ 0x7f
10003e20:	0056      	lsls	r6, r2, #1
10003e22:	8889      	ldrh	r1, [r1, #4]
10003e24:	eb06 13dc 	add.w	r3, r6, ip, lsr #7
10003e28:	eb04 1343 	add.w	r3, r4, r3, lsl #5
10003e2c:	ea4f 15dc 	mov.w	r5, ip, lsr #7
10003e30:	76d8      	strb	r0, [r3, #27]
10003e32:	f3c1 010a 	ubfx	r1, r1, #0, #11
10003e36:	f085 0001 	eor.w	r0, r5, #1
10003e3a:	f883 c002 	strb.w	ip, [r3, #2]
10003e3e:	8319      	strh	r1, [r3, #24]
10003e40:	7058      	strb	r0, [r3, #1]
10003e42:	70df      	strb	r7, [r3, #3]
10003e44:	00d3      	lsls	r3, r2, #3
10003e46:	bb8d      	cbnz	r5, 10003eac <dcd_edpt_open+0xac>
10003e48:	4829      	ldr	r0, [pc, #164]	@ (10003ef0 <dcd_edpt_open+0xf0>)
10003e4a:	3304      	adds	r3, #4
10003e4c:	eb04 1c82 	add.w	ip, r4, r2, lsl #6
10003e50:	eb03 0800 	add.w	r8, r3, r0
10003e54:	f8cc 8008 	str.w	r8, [ip, #8]
10003e58:	501f      	str	r7, [r3, r0]
10003e5a:	b382      	cbz	r2, 10003ebe <dcd_edpt_open+0xbe>
10003e5c:	4b25      	ldr	r3, [pc, #148]	@ (10003ef4 <dcd_edpt_open+0xf4>)
10003e5e:	00d2      	lsls	r2, r2, #3
10003e60:	4413      	add	r3, r2
10003e62:	f8cc 3004 	str.w	r3, [ip, #4]
10003e66:	4b24      	ldr	r3, [pc, #144]	@ (10003ef8 <dcd_edpt_open+0xf8>)
10003e68:	313f      	adds	r1, #63	@ 0x3f
10003e6a:	681a      	ldr	r2, [r3, #0]
10003e6c:	f021 013f 	bic.w	r1, r1, #63	@ 0x3f
10003e70:	f1be 0f02 	cmp.w	lr, #2
10003e74:	bf08      	it	eq
10003e76:	0049      	lsleq	r1, r1, #1
10003e78:	4411      	add	r1, r2
10003e7a:	6019      	str	r1, [r3, #0]
10003e7c:	4b1f      	ldr	r3, [pc, #124]	@ (10003efc <dcd_edpt_open+0xfc>)
10003e7e:	1977      	adds	r7, r6, r5
10003e80:	eb04 1747 	add.w	r7, r4, r7, lsl #5
10003e84:	4299      	cmp	r1, r3
10003e86:	60fa      	str	r2, [r7, #12]
10003e88:	d82b      	bhi.n	10003ee2 <dcd_edpt_open+0xe2>
10003e8a:	442e      	add	r6, r5
10003e8c:	eb04 1346 	add.w	r3, r4, r6, lsl #5
10003e90:	7ed9      	ldrb	r1, [r3, #27]
10003e92:	f082 42a0 	eor.w	r2, r2, #1342177280	@ 0x50000000
10003e96:	f482 1280 	eor.w	r2, r2, #1048576	@ 0x100000
10003e9a:	685b      	ldr	r3, [r3, #4]
10003e9c:	ea42 6281 	orr.w	r2, r2, r1, lsl #26
10003ea0:	f042 4200 	orr.w	r2, r2, #2147483648	@ 0x80000000
10003ea4:	601a      	str	r2, [r3, #0]
10003ea6:	2001      	movs	r0, #1
10003ea8:	e8bd 81f0 	ldmia.w	sp!, {r4, r5, r6, r7, r8, pc}
10003eac:	4810      	ldr	r0, [pc, #64]	@ (10003ef0 <dcd_edpt_open+0xf0>)
10003eae:	eb04 1c82 	add.w	ip, r4, r2, lsl #6
10003eb2:	4403      	add	r3, r0
10003eb4:	f8cc 3028 	str.w	r3, [ip, #40]	@ 0x28
10003eb8:	f840 7032 	str.w	r7, [r0, r2, lsl #3]
10003ebc:	b94a      	cbnz	r2, 10003ed2 <dcd_edpt_open+0xd2>
10003ebe:	2200      	movs	r2, #0
10003ec0:	490f      	ldr	r1, [pc, #60]	@ (10003f00 <dcd_edpt_open+0x100>)
10003ec2:	eb04 1345 	add.w	r3, r4, r5, lsl #5
10003ec6:	60d9      	str	r1, [r3, #12]
10003ec8:	605a      	str	r2, [r3, #4]
10003eca:	e7ec      	b.n	10003ea6 <dcd_edpt_open+0xa6>
10003ecc:	2000      	movs	r0, #0
10003ece:	e8bd 81f0 	ldmia.w	sp!, {r4, r5, r6, r7, r8, pc}
10003ed2:	00d2      	lsls	r2, r2, #3
10003ed4:	f102 42a0 	add.w	r2, r2, #1342177280	@ 0x50000000
10003ed8:	f502 1280 	add.w	r2, r2, #1048576	@ 0x100000
10003edc:	f8cc 2024 	str.w	r2, [ip, #36]	@ 0x24
10003ee0:	e7c1      	b.n	10003e66 <dcd_edpt_open+0x66>
10003ee2:	f7fd fb89 	bl	100015f8 <hard_assertion_failure>
10003ee6:	68fa      	ldr	r2, [r7, #12]
10003ee8:	e7cf      	b.n	10003e8a <dcd_edpt_open+0x8a>
10003eea:	bf00      	nop
10003eec:	20002490 	.word	0x20002490
10003ef0:	50100080 	.word	0x50100080
10003ef4:	50100004 	.word	0x50100004
10003ef8:	20002898 	.word	0x20002898
10003efc:	50100fff 	.word	0x50100fff
10003f00:	50100100 	.word	0x50100100

10003f04 <dcd_edpt_close_all>:
10003f04:	f004 b91c 	b.w	10008140 <__reset_non_control_endpoints_veneer>

10003f08 <dcd_edpt_xfer>:
10003f08:	468c      	mov	ip, r1
10003f0a:	b508      	push	{r3, lr}
10003f0c:	4611      	mov	r1, r2
10003f0e:	4807      	ldr	r0, [pc, #28]	@ (10003f2c <dcd_edpt_xfer+0x24>)
10003f10:	461a      	mov	r2, r3
10003f12:	f00c 037f 	and.w	r3, ip, #127	@ 0x7f
10003f16:	ea4f 1cdc 	mov.w	ip, ip, lsr #7
10003f1a:	eb0c 0c43 	add.w	ip, ip, r3, lsl #1
10003f1e:	eb00 104c 	add.w	r0, r0, ip, lsl #5
10003f22:	f000 f84f 	bl	10003fc4 <hw_endpoint_xfer_start>
10003f26:	2001      	movs	r0, #1
10003f28:	bd08      	pop	{r3, pc}
10003f2a:	bf00      	nop
10003f2c:	20002490 	.word	0x20002490

10003f30 <dcd_edpt_stall>:
10003f30:	f011 027f 	ands.w	r2, r1, #127	@ 0x7f
10003f34:	d105      	bne.n	10003f42 <dcd_edpt_stall+0x12>
10003f36:	2900      	cmp	r1, #0
10003f38:	bf0c      	ite	eq
10003f3a:	2002      	moveq	r0, #2
10003f3c:	2001      	movne	r0, #1
10003f3e:	4b06      	ldr	r3, [pc, #24]	@ (10003f58 <dcd_edpt_stall+0x28>)
10003f40:	6698      	str	r0, [r3, #104]	@ 0x68
10003f42:	09c9      	lsrs	r1, r1, #7
10003f44:	4b05      	ldr	r3, [pc, #20]	@ (10003f5c <dcd_edpt_stall+0x2c>)
10003f46:	eb01 0042 	add.w	r0, r1, r2, lsl #1
10003f4a:	eb03 1040 	add.w	r0, r3, r0, lsl #5
10003f4e:	f44f 6200 	mov.w	r2, #2048	@ 0x800
10003f52:	2100      	movs	r1, #0
10003f54:	f004 b8e8 	b.w	10008128 <___hw_endpoint_buffer_control_update32_veneer>
10003f58:	50112000 	.word	0x50112000
10003f5c:	20002490 	.word	0x20002490

10003f60 <dcd_edpt_clear_stall>:
10003f60:	f011 037f 	ands.w	r3, r1, #127	@ 0x7f
10003f64:	d100      	bne.n	10003f68 <dcd_edpt_clear_stall+0x8>
10003f66:	4770      	bx	lr
10003f68:	2200      	movs	r2, #0
10003f6a:	4805      	ldr	r0, [pc, #20]	@ (10003f80 <dcd_edpt_clear_stall+0x20>)
10003f6c:	005b      	lsls	r3, r3, #1
10003f6e:	eb03 13d1 	add.w	r3, r3, r1, lsr #7
10003f72:	eb00 1043 	add.w	r0, r0, r3, lsl #5
10003f76:	f46f 6100 	mvn.w	r1, #2048	@ 0x800
10003f7a:	70c2      	strb	r2, [r0, #3]
10003f7c:	f004 b8d4 	b.w	10008128 <___hw_endpoint_buffer_control_update32_veneer>
10003f80:	20002490 	.word	0x20002490

10003f84 <rp2040_usb_init>:
10003f84:	f04f 5280 	mov.w	r2, #268435456	@ 0x10000000
10003f88:	4809      	ldr	r0, [pc, #36]	@ (10003fb0 <rp2040_usb_init+0x2c>)
10003f8a:	490a      	ldr	r1, [pc, #40]	@ (10003fb4 <rp2040_usb_init+0x30>)
10003f8c:	b508      	push	{r3, lr}
10003f8e:	4b0a      	ldr	r3, [pc, #40]	@ (10003fb8 <rp2040_usb_init+0x34>)
10003f90:	6002      	str	r2, [r0, #0]
10003f92:	600a      	str	r2, [r1, #0]
10003f94:	6899      	ldr	r1, [r3, #8]
10003f96:	43c9      	mvns	r1, r1
10003f98:	f011 5180 	ands.w	r1, r1, #268435456	@ 0x10000000
10003f9c:	d1fa      	bne.n	10003f94 <rp2040_usb_init+0x10>
10003f9e:	f44f 5280 	mov.w	r2, #4096	@ 0x1000
10003fa2:	4806      	ldr	r0, [pc, #24]	@ (10003fbc <rp2040_usb_init+0x38>)
10003fa4:	f003 fe3a 	bl	10007c1c <memset>
10003fa8:	2209      	movs	r2, #9
10003faa:	4b05      	ldr	r3, [pc, #20]	@ (10003fc0 <rp2040_usb_init+0x3c>)
10003fac:	675a      	str	r2, [r3, #116]	@ 0x74
10003fae:	bd08      	pop	{r3, pc}
10003fb0:	40022000 	.word	0x40022000
10003fb4:	40023000 	.word	0x40023000
10003fb8:	40020000 	.word	0x40020000
10003fbc:	50100000 	.word	0x50100000
10003fc0:	50110000 	.word	0x50110000

10003fc4 <hw_endpoint_xfer_start>:
10003fc4:	2300      	movs	r3, #0
10003fc6:	f04f 0c01 	mov.w	ip, #1
10003fca:	b510      	push	{r4, lr}
10003fcc:	f880 c01a 	strb.w	ip, [r0, #26]
10003fd0:	8282      	strh	r2, [r0, #20]
10003fd2:	82c3      	strh	r3, [r0, #22]
10003fd4:	6101      	str	r1, [r0, #16]
10003fd6:	4604      	mov	r4, r0
10003fd8:	f004 f8a2 	bl	10008120 <__e15_is_bulkin_ep_veneer>
10003fdc:	b120      	cbz	r0, 10003fe8 <hw_endpoint_xfer_start+0x24>
10003fde:	f44f 3200 	mov.w	r2, #131072	@ 0x20000
10003fe2:	4b07      	ldr	r3, [pc, #28]	@ (10004000 <hw_endpoint_xfer_start+0x3c>)
10003fe4:	f8c3 2090 	str.w	r2, [r3, #144]	@ 0x90
10003fe8:	4620      	mov	r0, r4
10003fea:	f004 f8a5 	bl	10008138 <__e15_is_critical_frame_period_veneer>
10003fee:	b110      	cbz	r0, 10003ff6 <hw_endpoint_xfer_start+0x32>
10003ff0:	2301      	movs	r3, #1
10003ff2:	7723      	strb	r3, [r4, #28]
10003ff4:	bd10      	pop	{r4, pc}
10003ff6:	4620      	mov	r0, r4
10003ff8:	e8bd 4010 	ldmia.w	sp!, {r4, lr}
10003ffc:	f004 b880 	b.w	10008100 <__hw_endpoint_start_next_buffer_veneer>
10004000:	50112000 	.word	0x50112000

10004004 <configuration_reset>:
10004004:	e92d 41f0 	stmdb	sp!, {r4, r5, r6, r7, r8, lr}
10004008:	2400      	movs	r4, #0
1000400a:	4e1d      	ldr	r6, [pc, #116]	@ (10004080 <configuration_reset+0x7c>)
1000400c:	4605      	mov	r5, r0
1000400e:	4623      	mov	r3, r4
10004010:	7832      	ldrb	r2, [r6, #0]
10004012:	f8df 8078 	ldr.w	r8, [pc, #120]	@ 1000408c <configuration_reset+0x88>
10004016:	4f1b      	ldr	r7, [pc, #108]	@ (10004084 <configuration_reset+0x80>)
10004018:	e00d      	b.n	10004036 <configuration_reset+0x32>
1000401a:	683b      	ldr	r3, [r7, #0]
1000401c:	eb13 1344 	adds.w	r3, r3, r4, lsl #5
10004020:	d024      	beq.n	1000406c <configuration_reset+0x68>
10004022:	68db      	ldr	r3, [r3, #12]
10004024:	4628      	mov	r0, r5
10004026:	4798      	blx	r3
10004028:	7832      	ldrb	r2, [r6, #0]
1000402a:	3401      	adds	r4, #1
1000402c:	b2e4      	uxtb	r4, r4
1000402e:	1c51      	adds	r1, r2, #1
10004030:	42a1      	cmp	r1, r4
10004032:	4623      	mov	r3, r4
10004034:	db06      	blt.n	10004044 <configuration_reset+0x40>
10004036:	42a2      	cmp	r2, r4
10004038:	eba3 0302 	sub.w	r3, r3, r2
1000403c:	d8ed      	bhi.n	1000401a <configuration_reset+0x16>
1000403e:	eb08 1343 	add.w	r3, r8, r3, lsl #5
10004042:	e7ee      	b.n	10004022 <configuration_reset+0x1e>
10004044:	2254      	movs	r2, #84	@ 0x54
10004046:	2100      	movs	r1, #0
10004048:	480f      	ldr	r0, [pc, #60]	@ (10004088 <configuration_reset+0x84>)
1000404a:	f003 fde7 	bl	10007c1c <memset>
1000404e:	f04f 33ff 	mov.w	r3, #4294967295	@ 0xffffffff
10004052:	480d      	ldr	r0, [pc, #52]	@ (10004088 <configuration_reset+0x84>)
10004054:	2220      	movs	r2, #32
10004056:	1d04      	adds	r4, r0, #4
10004058:	6043      	str	r3, [r0, #4]
1000405a:	e9c4 3301 	strd	r3, r3, [r4, #4]
1000405e:	60e3      	str	r3, [r4, #12]
10004060:	21ff      	movs	r1, #255	@ 0xff
10004062:	e8bd 41f0 	ldmia.w	sp!, {r4, r5, r6, r7, r8, lr}
10004066:	3014      	adds	r0, #20
10004068:	f003 bdd8 	b.w	10007c1c <memset>
1000406c:	f04f 23e0 	mov.w	r3, #3758153728	@ 0xe000e000
10004070:	f8d3 3df0 	ldr.w	r3, [r3, #3568]	@ 0xdf0
10004074:	07db      	lsls	r3, r3, #31
10004076:	d500      	bpl.n	1000407a <configuration_reset+0x76>
10004078:	be00      	bkpt	0x0000
1000407a:	e8bd 81f0 	ldmia.w	sp!, {r4, r5, r6, r7, r8, pc}
1000407e:	bf00      	nop
10004080:	20002a6a 	.word	0x20002a6a
10004084:	20001e40 	.word	0x20001e40
10004088:	20002010 	.word	0x20002010
1000408c:	100085d4 	.word	0x100085d4

10004090 <tud_event_hook_cb>:
10004090:	4770      	bx	lr
10004092:	bf00      	nop

10004094 <tud_sof_cb>:
10004094:	4770      	bx	lr
10004096:	bf00      	nop

10004098 <tud_descriptor_device_qualifier_cb>:
10004098:	2000      	movs	r0, #0
1000409a:	4770      	bx	lr

1000409c <tud_descriptor_other_speed_configuration_cb>:
1000409c:	2000      	movs	r0, #0
1000409e:	4770      	bx	lr

100040a0 <tud_mount_cb>:
100040a0:	4770      	bx	lr
100040a2:	bf00      	nop

100040a4 <tud_umount_cb>:
100040a4:	4770      	bx	lr
100040a6:	bf00      	nop

100040a8 <tud_suspend_cb>:
100040a8:	4770      	bx	lr
100040aa:	bf00      	nop

100040ac <tud_resume_cb>:
100040ac:	4770      	bx	lr
100040ae:	bf00      	nop

100040b0 <tud_mounted>:
100040b0:	4b02      	ldr	r3, [pc, #8]	@ (100040bc <tud_mounted+0xc>)
100040b2:	7858      	ldrb	r0, [r3, #1]
100040b4:	3800      	subs	r0, #0
100040b6:	bf18      	it	ne
100040b8:	2001      	movne	r0, #1
100040ba:	4770      	bx	lr
100040bc:	20002010 	.word	0x20002010

100040c0 <tud_suspended>:
100040c0:	4b02      	ldr	r3, [pc, #8]	@ (100040cc <tud_suspended+0xc>)
100040c2:	7818      	ldrb	r0, [r3, #0]
100040c4:	f3c0 0080 	ubfx	r0, r0, #2, #1
100040c8:	4770      	bx	lr
100040ca:	bf00      	nop
100040cc:	20002010 	.word	0x20002010

100040d0 <tud_rhport_init>:
100040d0:	e92d 47f0 	stmdb	sp!, {r4, r5, r6, r7, r8, r9, sl, lr}
100040d4:	f8df a0e4 	ldr.w	sl, [pc, #228]	@ 100041bc <tud_rhport_init+0xec>
100040d8:	f89a 3000 	ldrb.w	r3, [sl]
100040dc:	2bff      	cmp	r3, #255	@ 0xff
100040de:	d156      	bne.n	1000418e <tud_rhport_init+0xbe>
100040e0:	460e      	mov	r6, r1
100040e2:	2900      	cmp	r1, #0
100040e4:	d03e      	beq.n	10004164 <tud_rhport_init+0x94>
100040e6:	2100      	movs	r1, #0
100040e8:	2254      	movs	r2, #84	@ 0x54
100040ea:	4607      	mov	r7, r0
100040ec:	4829      	ldr	r0, [pc, #164]	@ (10004194 <tud_rhport_init+0xc4>)
100040ee:	f003 fd95 	bl	10007c1c <memset>
100040f2:	2200      	movs	r2, #0
100040f4:	4c28      	ldr	r4, [pc, #160]	@ (10004198 <tud_rhport_init+0xc8>)
100040f6:	4b29      	ldr	r3, [pc, #164]	@ (1000419c <tud_rhport_init+0xcc>)
100040f8:	4620      	mov	r0, r4
100040fa:	701a      	strb	r2, [r3, #0]
100040fc:	f7fc fca8 	bl	10000a50 <mutex_init>
10004100:	4b27      	ldr	r3, [pc, #156]	@ (100041a0 <tud_rhport_init+0xd0>)
10004102:	4828      	ldr	r0, [pc, #160]	@ (100041a4 <tud_rhport_init+0xd4>)
10004104:	601c      	str	r4, [r3, #0]
10004106:	4c28      	ldr	r4, [pc, #160]	@ (100041a8 <tud_rhport_init+0xd8>)
10004108:	f7fc fcb0 	bl	10000a6c <critical_section_init>
1000410c:	4620      	mov	r0, r4
1000410e:	f001 fdab 	bl	10005c68 <tu_fifo_clear>
10004112:	4a26      	ldr	r2, [pc, #152]	@ (100041ac <tud_rhport_init+0xdc>)
10004114:	4b26      	ldr	r3, [pc, #152]	@ (100041b0 <tud_rhport_init+0xe0>)
10004116:	6014      	str	r4, [r2, #0]
10004118:	b123      	cbz	r3, 10004124 <tud_rhport_init+0x54>
1000411a:	4826      	ldr	r0, [pc, #152]	@ (100041b4 <tud_rhport_init+0xe4>)
1000411c:	f7ff fac4 	bl	100036a8 <usbd_app_driver_get_cb>
10004120:	4b25      	ldr	r3, [pc, #148]	@ (100041b8 <tud_rhport_init+0xe8>)
10004122:	6018      	str	r0, [r3, #0]
10004124:	2400      	movs	r4, #0
10004126:	4d23      	ldr	r5, [pc, #140]	@ (100041b4 <tud_rhport_init+0xe4>)
10004128:	4623      	mov	r3, r4
1000412a:	782a      	ldrb	r2, [r5, #0]
1000412c:	f8df 9090 	ldr.w	r9, [pc, #144]	@ 100041c0 <tud_rhport_init+0xf0>
10004130:	f8df 8084 	ldr.w	r8, [pc, #132]	@ 100041b8 <tud_rhport_init+0xe8>
10004134:	e00e      	b.n	10004154 <tud_rhport_init+0x84>
10004136:	f8d8 3000 	ldr.w	r3, [r8]
1000413a:	eb13 1344 	adds.w	r3, r3, r4, lsl #5
1000413e:	d011      	beq.n	10004164 <tud_rhport_init+0x94>
10004140:	685b      	ldr	r3, [r3, #4]
10004142:	b17b      	cbz	r3, 10004164 <tud_rhport_init+0x94>
10004144:	4798      	blx	r3
10004146:	782a      	ldrb	r2, [r5, #0]
10004148:	3401      	adds	r4, #1
1000414a:	b2e4      	uxtb	r4, r4
1000414c:	1c51      	adds	r1, r2, #1
1000414e:	42a1      	cmp	r1, r4
10004150:	4623      	mov	r3, r4
10004152:	db11      	blt.n	10004178 <tud_rhport_init+0xa8>
10004154:	42a2      	cmp	r2, r4
10004156:	d8ee      	bhi.n	10004136 <tud_rhport_init+0x66>
10004158:	1a9b      	subs	r3, r3, r2
1000415a:	eb09 1343 	add.w	r3, r9, r3, lsl #5
1000415e:	685b      	ldr	r3, [r3, #4]
10004160:	2b00      	cmp	r3, #0
10004162:	d1ef      	bne.n	10004144 <tud_rhport_init+0x74>
10004164:	f04f 23e0 	mov.w	r3, #3758153728	@ 0xe000e000
10004168:	f8d3 3df0 	ldr.w	r3, [r3, #3568]	@ 0xdf0
1000416c:	07db      	lsls	r3, r3, #31
1000416e:	d500      	bpl.n	10004172 <tud_rhport_init+0xa2>
10004170:	be00      	bkpt	0x0000
10004172:	2000      	movs	r0, #0
10004174:	e8bd 87f0 	ldmia.w	sp!, {r4, r5, r6, r7, r8, r9, sl, pc}
10004178:	4631      	mov	r1, r6
1000417a:	4638      	mov	r0, r7
1000417c:	f88a 7000 	strb.w	r7, [sl]
10004180:	f7ff fdd0 	bl	10003d24 <dcd_init>
10004184:	2800      	cmp	r0, #0
10004186:	d0ed      	beq.n	10004164 <tud_rhport_init+0x94>
10004188:	4638      	mov	r0, r7
1000418a:	f7ff fe11 	bl	10003db0 <dcd_int_enable>
1000418e:	2001      	movs	r0, #1
10004190:	e8bd 87f0 	ldmia.w	sp!, {r4, r5, r6, r7, r8, r9, sl, pc}
10004194:	20002010 	.word	0x20002010
10004198:	20002008 	.word	0x20002008
1000419c:	20002a6c 	.word	0x20002a6c
100041a0:	20002064 	.word	0x20002064
100041a4:	20001588 	.word	0x20001588
100041a8:	20001574 	.word	0x20001574
100041ac:	20002068 	.word	0x20002068
100041b0:	100036a9 	.word	0x100036a9
100041b4:	20002a6a 	.word	0x20002a6a
100041b8:	20001e40 	.word	0x20001e40
100041bc:	20001590 	.word	0x20001590
100041c0:	100085d4 	.word	0x100085d4

100041c4 <tud_task_ext>:
100041c4:	e92d 4ff0 	stmdb	sp!, {r4, r5, r6, r7, r8, r9, sl, fp, lr}
100041c8:	f8df 92c8 	ldr.w	r9, [pc, #712]	@ 10004494 <tud_task_ext+0x2d0>
100041cc:	b08b      	sub	sp, #44	@ 0x2c
100041ce:	f899 3000 	ldrb.w	r3, [r9]
100041d2:	2bff      	cmp	r3, #255	@ 0xff
100041d4:	f000 80f1 	beq.w	100043ba <tud_task_ext+0x1f6>
100041d8:	4ca8      	ldr	r4, [pc, #672]	@ (1000447c <tud_task_ext+0x2b8>)
100041da:	4da9      	ldr	r5, [pc, #676]	@ (10004480 <tud_task_ext+0x2bc>)
100041dc:	f8df a2b0 	ldr.w	sl, [pc, #688]	@ 10004490 <tud_task_ext+0x2cc>
100041e0:	f8df b2b4 	ldr.w	fp, [pc, #692]	@ 10004498 <tud_task_ext+0x2d4>
100041e4:	6826      	ldr	r6, [r4, #0]
100041e6:	6973      	ldr	r3, [r6, #20]
100041e8:	f3ef 8210 	mrs	r2, PRIMASK
100041ec:	b672      	cpsid	i
100041ee:	e8d3 0fcf 	ldaexb	r0, [r3]
100041f2:	2101      	movs	r1, #1
100041f4:	2800      	cmp	r0, #0
100041f6:	d1fa      	bne.n	100041ee <tud_task_ext+0x2a>
100041f8:	e8c3 1f40 	strexb	r0, r1, [r3]
100041fc:	2800      	cmp	r0, #0
100041fe:	d1f6      	bne.n	100041ee <tud_task_ext+0x2a>
10004200:	f3bf 8f5f 	dmb	sy
10004204:	61b2      	str	r2, [r6, #24]
10004206:	4630      	mov	r0, r6
10004208:	a907      	add	r1, sp, #28
1000420a:	f001 fb77 	bl	100058fc <tu_fifo_read>
1000420e:	2300      	movs	r3, #0
10004210:	6972      	ldr	r2, [r6, #20]
10004212:	e8c2 3f8f 	stlb	r3, [r2]
10004216:	69b3      	ldr	r3, [r6, #24]
10004218:	f383 8810 	msr	PRIMASK, r3
1000421c:	2800      	cmp	r0, #0
1000421e:	f000 80cc 	beq.w	100043ba <tud_task_ext+0x1f6>
10004222:	f89d 301d 	ldrb.w	r3, [sp, #29]
10004226:	3b01      	subs	r3, #1
10004228:	2b07      	cmp	r3, #7
1000422a:	f200 837d 	bhi.w	10004928 <tud_task_ext+0x764>
1000422e:	e8df f003 	tbb	[pc, r3]
10004232:	b1a7      	.short	0xb1a7
10004234:	358e9d95 	.word	0x358e9d95
10004238:	040a      	.short	0x040a
1000423a:	9b08      	ldr	r3, [sp, #32]
1000423c:	2b00      	cmp	r3, #0
1000423e:	d0d1      	beq.n	100041e4 <tud_task_ext+0x20>
10004240:	9809      	ldr	r0, [sp, #36]	@ 0x24
10004242:	4798      	blx	r3
10004244:	e7ce      	b.n	100041e4 <tud_task_ext+0x20>
10004246:	f89d 1020 	ldrb.w	r1, [sp, #32]
1000424a:	f001 067f 	and.w	r6, r1, #127	@ 0x7f
1000424e:	eb05 0046 	add.w	r0, r5, r6, lsl #1
10004252:	eb00 10d1 	add.w	r0, r0, r1, lsr #7
10004256:	f890 3034 	ldrb.w	r3, [r0, #52]	@ 0x34
1000425a:	f023 0301 	bic.w	r3, r3, #1
1000425e:	f880 3034 	strb.w	r3, [r0, #52]	@ 0x34
10004262:	f890 3034 	ldrb.w	r3, [r0, #52]	@ 0x34
10004266:	f023 0304 	bic.w	r3, r3, #4
1000426a:	f880 3034 	strb.w	r3, [r0, #52]	@ 0x34
1000426e:	2e00      	cmp	r6, #0
10004270:	f000 80a6 	beq.w	100043c0 <tud_task_ext+0x1fc>
10004274:	7d03      	ldrb	r3, [r0, #20]
10004276:	f89a 2000 	ldrb.w	r2, [sl]
1000427a:	4293      	cmp	r3, r2
1000427c:	f080 8093 	bcs.w	100043a6 <tud_task_ext+0x1e2>
10004280:	4a80      	ldr	r2, [pc, #512]	@ (10004484 <tud_task_ext+0x2c0>)
10004282:	6812      	ldr	r2, [r2, #0]
10004284:	eb12 1343 	adds.w	r3, r2, r3, lsl #5
10004288:	f000 8090 	beq.w	100043ac <tud_task_ext+0x1e8>
1000428c:	699e      	ldr	r6, [r3, #24]
1000428e:	f89d 2021 	ldrb.w	r2, [sp, #33]	@ 0x21
10004292:	9b09      	ldr	r3, [sp, #36]	@ 0x24
10004294:	f89d 001c 	ldrb.w	r0, [sp, #28]
10004298:	47b0      	blx	r6
1000429a:	e7a3      	b.n	100041e4 <tud_task_ext+0x20>
1000429c:	f89b 3000 	ldrb.w	r3, [fp]
100042a0:	2b00      	cmp	r3, #0
100042a2:	f000 8083 	beq.w	100043ac <tud_task_ext+0x1e8>
100042a6:	f89b 3000 	ldrb.w	r3, [fp]
100042aa:	3b01      	subs	r3, #1
100042ac:	b2db      	uxtb	r3, r3
100042ae:	f88b 3000 	strb.w	r3, [fp]
100042b2:	f89b 3000 	ldrb.w	r3, [fp]
100042b6:	f003 00ff 	and.w	r0, r3, #255	@ 0xff
100042ba:	2b00      	cmp	r3, #0
100042bc:	d192      	bne.n	100041e4 <tud_task_ext+0x20>
100042be:	4f70      	ldr	r7, [pc, #448]	@ (10004480 <tud_task_ext+0x2bc>)
100042c0:	f89d 801c 	ldrb.w	r8, [sp, #28]
100042c4:	783b      	ldrb	r3, [r7, #0]
100042c6:	f043 0301 	orr.w	r3, r3, #1
100042ca:	703b      	strb	r3, [r7, #0]
100042cc:	f897 3034 	ldrb.w	r3, [r7, #52]	@ 0x34
100042d0:	f360 0300 	bfi	r3, r0, #0, #1
100042d4:	f887 3034 	strb.w	r3, [r7, #52]	@ 0x34
100042d8:	f897 3034 	ldrb.w	r3, [r7, #52]	@ 0x34
100042dc:	f360 0382 	bfi	r3, r0, #2, #1
100042e0:	f887 3034 	strb.w	r3, [r7, #52]	@ 0x34
100042e4:	f897 3035 	ldrb.w	r3, [r7, #53]	@ 0x35
100042e8:	f360 0300 	bfi	r3, r0, #0, #1
100042ec:	f887 3035 	strb.w	r3, [r7, #53]	@ 0x35
100042f0:	f897 3035 	ldrb.w	r3, [r7, #53]	@ 0x35
100042f4:	f360 0382 	bfi	r3, r0, #2, #1
100042f8:	f887 3035 	strb.w	r3, [r7, #53]	@ 0x35
100042fc:	f000 fc6c 	bl	10004bd8 <usbd_control_set_complete_callback>
10004300:	f89d 3020 	ldrb.w	r3, [sp, #32]
10004304:	f003 0260 	and.w	r2, r3, #96	@ 0x60
10004308:	2a60      	cmp	r2, #96	@ 0x60
1000430a:	d06c      	beq.n	100043e6 <tud_task_ext+0x222>
1000430c:	2a40      	cmp	r2, #64	@ 0x40
1000430e:	d07c      	beq.n	1000440a <tud_task_ext+0x246>
10004310:	f003 031f 	and.w	r3, r3, #31
10004314:	2b01      	cmp	r3, #1
10004316:	f000 80c1 	beq.w	1000449c <tud_task_ext+0x2d8>
1000431a:	2b02      	cmp	r3, #2
1000431c:	f000 8081 	beq.w	10004422 <tud_task_ext+0x25e>
10004320:	2b00      	cmp	r3, #0
10004322:	d160      	bne.n	100043e6 <tud_task_ext+0x222>
10004324:	2a20      	cmp	r2, #32
10004326:	f000 81e9 	beq.w	100046fc <tud_task_ext+0x538>
1000432a:	2a00      	cmp	r2, #0
1000432c:	d15b      	bne.n	100043e6 <tud_task_ext+0x222>
1000432e:	f89d 3021 	ldrb.w	r3, [sp, #33]	@ 0x21
10004332:	2b09      	cmp	r3, #9
10004334:	d857      	bhi.n	100043e6 <tud_task_ext+0x222>
10004336:	e8df f013 	tbh	[pc, r3, lsl #1]
1000433a:	01b0      	.short	0x01b0
1000433c:	005601a2 	.word	0x005601a2
10004340:	005601c1 	.word	0x005601c1
10004344:	016b0195 	.word	0x016b0195
10004348:	01600056 	.word	0x01600056
1000434c:	00f4      	.short	0x00f4
1000434e:	782b      	ldrb	r3, [r5, #0]
10004350:	07d9      	lsls	r1, r3, #31
10004352:	f57f af47 	bpl.w	100041e4 <tud_task_ext+0x20>
10004356:	f7ff fea9 	bl	100040ac <tud_resume_cb>
1000435a:	e743      	b.n	100041e4 <tud_task_ext+0x20>
1000435c:	78eb      	ldrb	r3, [r5, #3]
1000435e:	07da      	lsls	r2, r3, #31
10004360:	f57f af40 	bpl.w	100041e4 <tud_task_ext+0x20>
10004364:	9808      	ldr	r0, [sp, #32]
10004366:	f7ff fe95 	bl	10004094 <tud_sof_cb>
1000436a:	e73b      	b.n	100041e4 <tud_task_ext+0x20>
1000436c:	782b      	ldrb	r3, [r5, #0]
1000436e:	07d8      	lsls	r0, r3, #31
10004370:	f57f af38 	bpl.w	100041e4 <tud_task_ext+0x20>
10004374:	7828      	ldrb	r0, [r5, #0]
10004376:	f3c0 00c0 	ubfx	r0, r0, #3, #1
1000437a:	f7ff fe95 	bl	100040a8 <tud_suspend_cb>
1000437e:	e731      	b.n	100041e4 <tud_task_ext+0x20>
10004380:	f89d 001c 	ldrb.w	r0, [sp, #28]
10004384:	f7ff fe3e 	bl	10004004 <configuration_reset>
10004388:	f000 fc1c 	bl	10004bc4 <usbd_control_reset>
1000438c:	f89d 3020 	ldrb.w	r3, [sp, #32]
10004390:	70ab      	strb	r3, [r5, #2]
10004392:	e727      	b.n	100041e4 <tud_task_ext+0x20>
10004394:	f89d 001c 	ldrb.w	r0, [sp, #28]
10004398:	f7ff fe34 	bl	10004004 <configuration_reset>
1000439c:	f000 fc12 	bl	10004bc4 <usbd_control_reset>
100043a0:	f7ff fe80 	bl	100040a4 <tud_umount_cb>
100043a4:	e71e      	b.n	100041e4 <tud_task_ext+0x20>
100043a6:	1c50      	adds	r0, r2, #1
100043a8:	4298      	cmp	r0, r3
100043aa:	da11      	bge.n	100043d0 <tud_task_ext+0x20c>
100043ac:	f04f 23e0 	mov.w	r3, #3758153728	@ 0xe000e000
100043b0:	f8d3 3df0 	ldr.w	r3, [r3, #3568]	@ 0xdf0
100043b4:	07dc      	lsls	r4, r3, #31
100043b6:	d500      	bpl.n	100043ba <tud_task_ext+0x1f6>
100043b8:	be00      	bkpt	0x0000
100043ba:	b00b      	add	sp, #44	@ 0x2c
100043bc:	e8bd 8ff0 	ldmia.w	sp!, {r4, r5, r6, r7, r8, r9, sl, fp, pc}
100043c0:	9b09      	ldr	r3, [sp, #36]	@ 0x24
100043c2:	f89d 2021 	ldrb.w	r2, [sp, #33]	@ 0x21
100043c6:	f89d 001c 	ldrb.w	r0, [sp, #28]
100043ca:	f000 fc19 	bl	10004c00 <usbd_control_xfer_cb>
100043ce:	e709      	b.n	100041e4 <tud_task_ext+0x20>
100043d0:	1a9b      	subs	r3, r3, r2
100043d2:	4a2d      	ldr	r2, [pc, #180]	@ (10004488 <tud_task_ext+0x2c4>)
100043d4:	eb02 1343 	add.w	r3, r2, r3, lsl #5
100043d8:	e758      	b.n	1000428c <tud_task_ext+0xc8>
100043da:	f7ff fb8d 	bl	10003af8 <tud_descriptor_configuration_cb>
100043de:	4602      	mov	r2, r0
100043e0:	2800      	cmp	r0, #0
100043e2:	f040 8182 	bne.w	100046ea <tud_task_ext+0x526>
100043e6:	f04f 23e0 	mov.w	r3, #3758153728	@ 0xe000e000
100043ea:	f8d3 3df0 	ldr.w	r3, [r3, #3568]	@ 0xdf0
100043ee:	07de      	lsls	r6, r3, #31
100043f0:	d500      	bpl.n	100043f4 <tud_task_ext+0x230>
100043f2:	be00      	bkpt	0x0000
100043f4:	f89d 001c 	ldrb.w	r0, [sp, #28]
100043f8:	2100      	movs	r1, #0
100043fa:	f7ff fd99 	bl	10003f30 <dcd_edpt_stall>
100043fe:	2180      	movs	r1, #128	@ 0x80
10004400:	f89d 001c 	ldrb.w	r0, [sp, #28]
10004404:	f7ff fd94 	bl	10003f30 <dcd_edpt_stall>
10004408:	e6ec      	b.n	100041e4 <tud_task_ext+0x20>
1000440a:	4820      	ldr	r0, [pc, #128]	@ (1000448c <tud_task_ext+0x2c8>)
1000440c:	f000 fbe4 	bl	10004bd8 <usbd_control_set_complete_callback>
10004410:	2101      	movs	r1, #1
10004412:	4640      	mov	r0, r8
10004414:	aa08      	add	r2, sp, #32
10004416:	f7ff f933 	bl	10003680 <tud_vendor_control_xfer_cb>
1000441a:	2800      	cmp	r0, #0
1000441c:	f47f aee2 	bne.w	100041e4 <tud_task_ext+0x20>
10004420:	e7e8      	b.n	100043f4 <tud_task_ext+0x230>
10004422:	f89d 1024 	ldrb.w	r1, [sp, #36]	@ 0x24
10004426:	f011 0f70 	tst.w	r1, #112	@ 0x70
1000442a:	d1dc      	bne.n	100043e6 <tud_task_ext+0x222>
1000442c:	f001 067f 	and.w	r6, r1, #127	@ 0x7f
10004430:	eb07 0046 	add.w	r0, r7, r6, lsl #1
10004434:	4b16      	ldr	r3, [pc, #88]	@ (10004490 <tud_task_ext+0x2cc>)
10004436:	eb00 10d1 	add.w	r0, r0, r1, lsr #7
1000443a:	781b      	ldrb	r3, [r3, #0]
1000443c:	7d00      	ldrb	r0, [r0, #20]
1000443e:	0076      	lsls	r6, r6, #1
10004440:	9601      	str	r6, [sp, #4]
10004442:	4298      	cmp	r0, r3
10004444:	ea4f 16d1 	mov.w	r6, r1, lsr #7
10004448:	9600      	str	r6, [sp, #0]
1000444a:	d359      	bcc.n	10004500 <tud_task_ext+0x33c>
1000444c:	1c5e      	adds	r6, r3, #1
1000444e:	4286      	cmp	r6, r0
10004450:	f2c0 8166 	blt.w	10004720 <tud_task_ext+0x55c>
10004454:	1ac0      	subs	r0, r0, r3
10004456:	4b0c      	ldr	r3, [pc, #48]	@ (10004488 <tud_task_ext+0x2c4>)
10004458:	eb03 1640 	add.w	r6, r3, r0, lsl #5
1000445c:	2a00      	cmp	r2, #0
1000445e:	f000 8163 	beq.w	10004728 <tud_task_ext+0x564>
10004462:	6970      	ldr	r0, [r6, #20]
10004464:	f000 fbb8 	bl	10004bd8 <usbd_control_set_complete_callback>
10004468:	2101      	movs	r1, #1
1000446a:	4640      	mov	r0, r8
1000446c:	6973      	ldr	r3, [r6, #20]
1000446e:	aa08      	add	r2, sp, #32
10004470:	4798      	blx	r3
10004472:	2800      	cmp	r0, #0
10004474:	f47f aeb6 	bne.w	100041e4 <tud_task_ext+0x20>
10004478:	e7bc      	b.n	100043f4 <tud_task_ext+0x230>
1000447a:	bf00      	nop
1000447c:	20002068 	.word	0x20002068
10004480:	20002010 	.word	0x20002010
10004484:	20001e40 	.word	0x20001e40
10004488:	100085d4 	.word	0x100085d4
1000448c:	10003681 	.word	0x10003681
10004490:	20002a6a 	.word	0x20002a6a
10004494:	20001590 	.word	0x20001590
10004498:	20002a6c 	.word	0x20002a6c
1000449c:	f89d 3024 	ldrb.w	r3, [sp, #36]	@ 0x24
100044a0:	2b0f      	cmp	r3, #15
100044a2:	d8a7      	bhi.n	100043f4 <tud_task_ext+0x230>
100044a4:	4aae      	ldr	r2, [pc, #696]	@ (10004760 <tud_task_ext+0x59c>)
100044a6:	443b      	add	r3, r7
100044a8:	791b      	ldrb	r3, [r3, #4]
100044aa:	7812      	ldrb	r2, [r2, #0]
100044ac:	4293      	cmp	r3, r2
100044ae:	d332      	bcc.n	10004516 <tud_task_ext+0x352>
100044b0:	1c51      	adds	r1, r2, #1
100044b2:	4299      	cmp	r1, r3
100044b4:	db9e      	blt.n	100043f4 <tud_task_ext+0x230>
100044b6:	4eab      	ldr	r6, [pc, #684]	@ (10004764 <tud_task_ext+0x5a0>)
100044b8:	1a9b      	subs	r3, r3, r2
100044ba:	eb06 1643 	add.w	r6, r6, r3, lsl #5
100044be:	6970      	ldr	r0, [r6, #20]
100044c0:	f000 fb8a 	bl	10004bd8 <usbd_control_set_complete_callback>
100044c4:	2101      	movs	r1, #1
100044c6:	4640      	mov	r0, r8
100044c8:	6973      	ldr	r3, [r6, #20]
100044ca:	aa08      	add	r2, sp, #32
100044cc:	4798      	blx	r3
100044ce:	2800      	cmp	r0, #0
100044d0:	f47f ae88 	bne.w	100041e4 <tud_task_ext+0x20>
100044d4:	f89d 3020 	ldrb.w	r3, [sp, #32]
100044d8:	f013 0660 	ands.w	r6, r3, #96	@ 0x60
100044dc:	d18a      	bne.n	100043f4 <tud_task_ext+0x230>
100044de:	f89d 3021 	ldrb.w	r3, [sp, #33]	@ 0x21
100044e2:	3b0a      	subs	r3, #10
100044e4:	2b01      	cmp	r3, #1
100044e6:	d885      	bhi.n	100043f4 <tud_task_ext+0x230>
100044e8:	f000 fb76 	bl	10004bd8 <usbd_control_set_complete_callback>
100044ec:	f89d 3021 	ldrb.w	r3, [sp, #33]	@ 0x21
100044f0:	2b0a      	cmp	r3, #10
100044f2:	f000 81f2 	beq.w	100048da <tud_task_ext+0x716>
100044f6:	4640      	mov	r0, r8
100044f8:	a908      	add	r1, sp, #32
100044fa:	f000 faf1 	bl	10004ae0 <tud_control_status>
100044fe:	e671      	b.n	100041e4 <tud_task_ext+0x20>
10004500:	4b99      	ldr	r3, [pc, #612]	@ (10004768 <tud_task_ext+0x5a4>)
10004502:	681b      	ldr	r3, [r3, #0]
10004504:	eb03 1640 	add.w	r6, r3, r0, lsl #5
10004508:	2a00      	cmp	r2, #0
1000450a:	f000 810d 	beq.w	10004728 <tud_task_ext+0x564>
1000450e:	2e00      	cmp	r6, #0
10004510:	f43f af70 	beq.w	100043f4 <tud_task_ext+0x230>
10004514:	e7a5      	b.n	10004462 <tud_task_ext+0x29e>
10004516:	4a94      	ldr	r2, [pc, #592]	@ (10004768 <tud_task_ext+0x5a4>)
10004518:	6816      	ldr	r6, [r2, #0]
1000451a:	eb16 1643 	adds.w	r6, r6, r3, lsl #5
1000451e:	d1ce      	bne.n	100044be <tud_task_ext+0x2fa>
10004520:	e768      	b.n	100043f4 <tud_task_ext+0x230>
10004522:	787b      	ldrb	r3, [r7, #1]
10004524:	f89d 6022 	ldrb.w	r6, [sp, #34]	@ 0x22
10004528:	429e      	cmp	r6, r3
1000452a:	f000 814f 	beq.w	100047cc <tud_task_ext+0x608>
1000452e:	787b      	ldrb	r3, [r7, #1]
10004530:	2b00      	cmp	r3, #0
10004532:	f040 81be 	bne.w	100048b2 <tud_task_ext+0x6ee>
10004536:	707e      	strb	r6, [r7, #1]
10004538:	2e00      	cmp	r6, #0
1000453a:	f000 8145 	beq.w	100047c8 <tud_task_ext+0x604>
1000453e:	1e70      	subs	r0, r6, #1
10004540:	b2c0      	uxtb	r0, r0
10004542:	f7ff fad9 	bl	10003af8 <tud_descriptor_configuration_cb>
10004546:	4603      	mov	r3, r0
10004548:	2800      	cmp	r0, #0
1000454a:	f000 815f 	beq.w	1000480c <tud_task_ext+0x648>
1000454e:	7842      	ldrb	r2, [r0, #1]
10004550:	2a02      	cmp	r2, #2
10004552:	f040 815b 	bne.w	1000480c <tud_task_ext+0x648>
10004556:	79c1      	ldrb	r1, [r0, #7]
10004558:	f103 0609 	add.w	r6, r3, #9
1000455c:	f3c1 1240 	ubfx	r2, r1, #5, #1
10004560:	0112      	lsls	r2, r2, #4
10004562:	f3c1 1180 	ubfx	r1, r1, #6, #1
10004566:	ea42 1241 	orr.w	r2, r2, r1, lsl #5
1000456a:	4631      	mov	r1, r6
1000456c:	7838      	ldrb	r0, [r7, #0]
1000456e:	f020 0030 	bic.w	r0, r0, #48	@ 0x30
10004572:	4302      	orrs	r2, r0
10004574:	703a      	strb	r2, [r7, #0]
10004576:	885a      	ldrh	r2, [r3, #2]
10004578:	f8cd 800c 	str.w	r8, [sp, #12]
1000457c:	189a      	adds	r2, r3, r2
1000457e:	9201      	str	r2, [sp, #4]
10004580:	9b01      	ldr	r3, [sp, #4]
10004582:	428b      	cmp	r3, r1
10004584:	f240 81a4 	bls.w	100048d0 <tud_task_ext+0x70c>
10004588:	784a      	ldrb	r2, [r1, #1]
1000458a:	2a0b      	cmp	r2, #11
1000458c:	f000 81af 	beq.w	100048ee <tud_task_ext+0x72a>
10004590:	2301      	movs	r3, #1
10004592:	2a04      	cmp	r2, #4
10004594:	f040 813a 	bne.w	1000480c <tud_task_ext+0x648>
10004598:	2600      	movs	r6, #0
1000459a:	9a01      	ldr	r2, [sp, #4]
1000459c:	9600      	str	r6, [sp, #0]
1000459e:	1a52      	subs	r2, r2, r1
100045a0:	b292      	uxth	r2, r2
100045a2:	9202      	str	r2, [sp, #8]
100045a4:	4a6e      	ldr	r2, [pc, #440]	@ (10004760 <tud_task_ext+0x59c>)
100045a6:	9304      	str	r3, [sp, #16]
100045a8:	7812      	ldrb	r2, [r2, #0]
100045aa:	e01d      	b.n	100045e8 <tud_task_ext+0x424>
100045ac:	4b6e      	ldr	r3, [pc, #440]	@ (10004768 <tud_task_ext+0x5a4>)
100045ae:	681b      	ldr	r3, [r3, #0]
100045b0:	eb13 1846 	adds.w	r8, r3, r6, lsl #5
100045b4:	f000 812a 	beq.w	1000480c <tud_task_ext+0x648>
100045b8:	9a02      	ldr	r2, [sp, #8]
100045ba:	f8d8 3010 	ldr.w	r3, [r8, #16]
100045be:	9803      	ldr	r0, [sp, #12]
100045c0:	9105      	str	r1, [sp, #20]
100045c2:	4798      	blx	r3
100045c4:	2808      	cmp	r0, #8
100045c6:	4602      	mov	r2, r0
100045c8:	9905      	ldr	r1, [sp, #20]
100045ca:	f106 0301 	add.w	r3, r6, #1
100045ce:	d903      	bls.n	100045d8 <tud_task_ext+0x414>
100045d0:	9802      	ldr	r0, [sp, #8]
100045d2:	4290      	cmp	r0, r2
100045d4:	f080 80ff 	bcs.w	100047d6 <tud_task_ext+0x612>
100045d8:	b2de      	uxtb	r6, r3
100045da:	4b61      	ldr	r3, [pc, #388]	@ (10004760 <tud_task_ext+0x59c>)
100045dc:	9600      	str	r6, [sp, #0]
100045de:	781a      	ldrb	r2, [r3, #0]
100045e0:	1c53      	adds	r3, r2, #1
100045e2:	429e      	cmp	r6, r3
100045e4:	f300 8112 	bgt.w	1000480c <tud_task_ext+0x648>
100045e8:	9b00      	ldr	r3, [sp, #0]
100045ea:	42b2      	cmp	r2, r6
100045ec:	eba3 0202 	sub.w	r2, r3, r2
100045f0:	d8dc      	bhi.n	100045ac <tud_task_ext+0x3e8>
100045f2:	4b5c      	ldr	r3, [pc, #368]	@ (10004764 <tud_task_ext+0x5a0>)
100045f4:	eb03 1842 	add.w	r8, r3, r2, lsl #5
100045f8:	e7de      	b.n	100045b8 <tud_task_ext+0x3f4>
100045fa:	787b      	ldrb	r3, [r7, #1]
100045fc:	4640      	mov	r0, r8
100045fe:	f88d 301a 	strb.w	r3, [sp, #26]
10004602:	f10d 021a 	add.w	r2, sp, #26
10004606:	2301      	movs	r3, #1
10004608:	a908      	add	r1, sp, #32
1000460a:	f000 fa83 	bl	10004b14 <tud_control_xfer>
1000460e:	e5e9      	b.n	100041e4 <tud_task_ext+0x20>
10004610:	f8bd 0022 	ldrh.w	r0, [sp, #34]	@ 0x22
10004614:	0a03      	lsrs	r3, r0, #8
10004616:	3b01      	subs	r3, #1
10004618:	0a02      	lsrs	r2, r0, #8
1000461a:	b2c0      	uxtb	r0, r0
1000461c:	2b0e      	cmp	r3, #14
1000461e:	f63f aee9 	bhi.w	100043f4 <tud_task_ext+0x230>
10004622:	a101      	add	r1, pc, #4	@ (adr r1, 10004628 <tud_task_ext+0x464>)
10004624:	f851 f023 	ldr.w	pc, [r1, r3, lsl #2]
10004628:	1000483d 	.word	0x1000483d
1000462c:	100046d9 	.word	0x100046d9
10004630:	10004879 	.word	0x10004879
10004634:	100043f5 	.word	0x100043f5
10004638:	100043f5 	.word	0x100043f5
1000463c:	1000485b 	.word	0x1000485b
10004640:	100046d9 	.word	0x100046d9
10004644:	100043f5 	.word	0x100043f5
10004648:	100043f5 	.word	0x100043f5
1000464c:	100043f5 	.word	0x100043f5
10004650:	100043f5 	.word	0x100043f5
10004654:	100043f5 	.word	0x100043f5
10004658:	100043f5 	.word	0x100043f5
1000465c:	100043f5 	.word	0x100043f5
10004660:	1000482f 	.word	0x1000482f
10004664:	a808      	add	r0, sp, #32
10004666:	f000 fabd 	bl	10004be4 <usbd_control_set_request>
1000466a:	4640      	mov	r0, r8
1000466c:	f89d 1022 	ldrb.w	r1, [sp, #34]	@ 0x22
10004670:	f7ff fba2 	bl	10003db8 <dcd_set_address>
10004674:	783b      	ldrb	r3, [r7, #0]
10004676:	f043 0302 	orr.w	r3, r3, #2
1000467a:	703b      	strb	r3, [r7, #0]
1000467c:	e5b2      	b.n	100041e4 <tud_task_ext+0x20>
1000467e:	f8bd 3022 	ldrh.w	r3, [sp, #34]	@ 0x22
10004682:	2b01      	cmp	r3, #1
10004684:	f47f aeb6 	bne.w	100043f4 <tud_task_ext+0x230>
10004688:	783b      	ldrb	r3, [r7, #0]
1000468a:	4640      	mov	r0, r8
1000468c:	f023 0308 	bic.w	r3, r3, #8
10004690:	a908      	add	r1, sp, #32
10004692:	703b      	strb	r3, [r7, #0]
10004694:	f000 fa24 	bl	10004ae0 <tud_control_status>
10004698:	e5a4      	b.n	100041e4 <tud_task_ext+0x20>
1000469a:	4640      	mov	r0, r8
1000469c:	783b      	ldrb	r3, [r7, #0]
1000469e:	089a      	lsrs	r2, r3, #2
100046a0:	f002 0202 	and.w	r2, r2, #2
100046a4:	f3c3 1340 	ubfx	r3, r3, #5, #1
100046a8:	4313      	orrs	r3, r2
100046aa:	f8ad 301a 	strh.w	r3, [sp, #26]
100046ae:	f10d 021a 	add.w	r2, sp, #26
100046b2:	2302      	movs	r3, #2
100046b4:	a908      	add	r1, sp, #32
100046b6:	f000 fa2d 	bl	10004b14 <tud_control_xfer>
100046ba:	e593      	b.n	100041e4 <tud_task_ext+0x20>
100046bc:	f8bd 3022 	ldrh.w	r3, [sp, #34]	@ 0x22
100046c0:	2b01      	cmp	r3, #1
100046c2:	f47f ae97 	bne.w	100043f4 <tud_task_ext+0x230>
100046c6:	783b      	ldrb	r3, [r7, #0]
100046c8:	4640      	mov	r0, r8
100046ca:	f043 0308 	orr.w	r3, r3, #8
100046ce:	a908      	add	r1, sp, #32
100046d0:	703b      	strb	r3, [r7, #0]
100046d2:	f000 fa05 	bl	10004ae0 <tud_control_status>
100046d6:	e585      	b.n	100041e4 <tud_task_ext+0x20>
100046d8:	2a02      	cmp	r2, #2
100046da:	f43f ae7e 	beq.w	100043da <tud_task_ext+0x216>
100046de:	f7ff fcdd 	bl	1000409c <tud_descriptor_other_speed_configuration_cb>
100046e2:	4602      	mov	r2, r0
100046e4:	2800      	cmp	r0, #0
100046e6:	f43f ae85 	beq.w	100043f4 <tud_task_ext+0x230>
100046ea:	4640      	mov	r0, r8
100046ec:	8853      	ldrh	r3, [r2, #2]
100046ee:	a908      	add	r1, sp, #32
100046f0:	f000 fa10 	bl	10004b14 <tud_control_xfer>
100046f4:	2800      	cmp	r0, #0
100046f6:	f47f ad75 	bne.w	100041e4 <tud_task_ext+0x20>
100046fa:	e67b      	b.n	100043f4 <tud_task_ext+0x230>
100046fc:	f89d 3024 	ldrb.w	r3, [sp, #36]	@ 0x24
10004700:	2b0f      	cmp	r3, #15
10004702:	f63f ae77 	bhi.w	100043f4 <tud_task_ext+0x230>
10004706:	4a16      	ldr	r2, [pc, #88]	@ (10004760 <tud_task_ext+0x59c>)
10004708:	443b      	add	r3, r7
1000470a:	791b      	ldrb	r3, [r3, #4]
1000470c:	7812      	ldrb	r2, [r2, #0]
1000470e:	4293      	cmp	r3, r2
10004710:	d21d      	bcs.n	1000474e <tud_task_ext+0x58a>
10004712:	4a15      	ldr	r2, [pc, #84]	@ (10004768 <tud_task_ext+0x5a4>)
10004714:	6816      	ldr	r6, [r2, #0]
10004716:	eb16 1643 	adds.w	r6, r6, r3, lsl #5
1000471a:	f47f aea2 	bne.w	10004462 <tud_task_ext+0x29e>
1000471e:	e669      	b.n	100043f4 <tud_task_ext+0x230>
10004720:	2a00      	cmp	r2, #0
10004722:	f47f ae67 	bne.w	100043f4 <tud_task_ext+0x230>
10004726:	2600      	movs	r6, #0
10004728:	f89d 2021 	ldrb.w	r2, [sp, #33]	@ 0x21
1000472c:	f002 03fd 	and.w	r3, r2, #253	@ 0xfd
10004730:	2b01      	cmp	r3, #1
10004732:	d01b      	beq.n	1000476c <tud_task_ext+0x5a8>
10004734:	2a00      	cmp	r2, #0
10004736:	f47f ae56 	bne.w	100043e6 <tud_task_ext+0x222>
1000473a:	9b01      	ldr	r3, [sp, #4]
1000473c:	9a00      	ldr	r2, [sp, #0]
1000473e:	443b      	add	r3, r7
10004740:	4413      	add	r3, r2
10004742:	f893 3034 	ldrb.w	r3, [r3, #52]	@ 0x34
10004746:	4640      	mov	r0, r8
10004748:	f3c3 0340 	ubfx	r3, r3, #1, #1
1000474c:	e7ad      	b.n	100046aa <tud_task_ext+0x4e6>
1000474e:	1c51      	adds	r1, r2, #1
10004750:	4299      	cmp	r1, r3
10004752:	f6ff ae4f 	blt.w	100043f4 <tud_task_ext+0x230>
10004756:	4e03      	ldr	r6, [pc, #12]	@ (10004764 <tud_task_ext+0x5a0>)
10004758:	1a9b      	subs	r3, r3, r2
1000475a:	eb06 1643 	add.w	r6, r6, r3, lsl #5
1000475e:	e680      	b.n	10004462 <tud_task_ext+0x29e>
10004760:	20002a6a 	.word	0x20002a6a
10004764:	100085d4 	.word	0x100085d4
10004768:	20001e40 	.word	0x20001e40
1000476c:	f8bd 3022 	ldrh.w	r3, [sp, #34]	@ 0x22
10004770:	b9b3      	cbnz	r3, 100047a0 <tud_task_ext+0x5dc>
10004772:	2a01      	cmp	r2, #1
10004774:	f899 0000 	ldrb.w	r0, [r9]
10004778:	f000 8086 	beq.w	10004888 <tud_task_ext+0x6c4>
1000477c:	f7ff fbd8 	bl	10003f30 <dcd_edpt_stall>
10004780:	9b01      	ldr	r3, [sp, #4]
10004782:	9a00      	ldr	r2, [sp, #0]
10004784:	443b      	add	r3, r7
10004786:	4413      	add	r3, r2
10004788:	f893 2034 	ldrb.w	r2, [r3, #52]	@ 0x34
1000478c:	f042 0202 	orr.w	r2, r2, #2
10004790:	f883 2034 	strb.w	r2, [r3, #52]	@ 0x34
10004794:	f893 2034 	ldrb.w	r2, [r3, #52]	@ 0x34
10004798:	f042 0201 	orr.w	r2, r2, #1
1000479c:	f883 2034 	strb.w	r2, [r3, #52]	@ 0x34
100047a0:	2e00      	cmp	r6, #0
100047a2:	f43f ad1f 	beq.w	100041e4 <tud_task_ext+0x20>
100047a6:	6970      	ldr	r0, [r6, #20]
100047a8:	f000 fa16 	bl	10004bd8 <usbd_control_set_complete_callback>
100047ac:	6973      	ldr	r3, [r6, #20]
100047ae:	2101      	movs	r1, #1
100047b0:	aa08      	add	r2, sp, #32
100047b2:	4640      	mov	r0, r8
100047b4:	4798      	blx	r3
100047b6:	2000      	movs	r0, #0
100047b8:	f000 fa0e 	bl	10004bd8 <usbd_control_set_complete_callback>
100047bc:	f897 3035 	ldrb.w	r3, [r7, #53]	@ 0x35
100047c0:	07df      	lsls	r7, r3, #31
100047c2:	f53f ad0f 	bmi.w	100041e4 <tud_task_ext+0x20>
100047c6:	e696      	b.n	100044f6 <tud_task_ext+0x332>
100047c8:	f7ff fc6c 	bl	100040a4 <tud_umount_cb>
100047cc:	4640      	mov	r0, r8
100047ce:	a908      	add	r1, sp, #32
100047d0:	f000 f986 	bl	10004ae0 <tud_control_status>
100047d4:	e506      	b.n	100041e4 <tud_task_ext+0x20>
100047d6:	9b04      	ldr	r3, [sp, #16]
100047d8:	2b01      	cmp	r3, #1
100047da:	f000 809e 	beq.w	1000491a <tud_task_ext+0x756>
100047de:	2b00      	cmp	r3, #0
100047e0:	f000 808a 	beq.w	100048f8 <tud_task_ext+0x734>
100047e4:	2000      	movs	r0, #0
100047e6:	f891 8002 	ldrb.w	r8, [r1, #2]
100047ea:	e005      	b.n	100047f8 <tud_task_ext+0x634>
100047ec:	f88c 6004 	strb.w	r6, [ip, #4]
100047f0:	fa5f fc80 	uxtb.w	ip, r0
100047f4:	4563      	cmp	r3, ip
100047f6:	d97f      	bls.n	100048f8 <tud_task_ext+0x734>
100047f8:	eb08 0c00 	add.w	ip, r8, r0
100047fc:	fa57 fc8c 	uxtab	ip, r7, ip
10004800:	f89c e004 	ldrb.w	lr, [ip, #4]
10004804:	3001      	adds	r0, #1
10004806:	f1be 0fff 	cmp.w	lr, #255	@ 0xff
1000480a:	d0ef      	beq.n	100047ec <tud_task_ext+0x628>
1000480c:	f04f 23e0 	mov.w	r3, #3758153728	@ 0xe000e000
10004810:	f8d3 3df0 	ldr.w	r3, [r3, #3568]	@ 0xdf0
10004814:	07da      	lsls	r2, r3, #31
10004816:	d500      	bpl.n	1000481a <tud_task_ext+0x656>
10004818:	be00      	bkpt	0x0000
1000481a:	f04f 23e0 	mov.w	r3, #3758153728	@ 0xe000e000
1000481e:	f8d3 3df0 	ldr.w	r3, [r3, #3568]	@ 0xdf0
10004822:	07db      	lsls	r3, r3, #31
10004824:	d500      	bpl.n	10004828 <tud_task_ext+0x664>
10004826:	be00      	bkpt	0x0000
10004828:	2300      	movs	r3, #0
1000482a:	707b      	strb	r3, [r7, #1]
1000482c:	e5e2      	b.n	100043f4 <tud_task_ext+0x230>
1000482e:	f7fe ff23 	bl	10003678 <tud_descriptor_bos_cb>
10004832:	4602      	mov	r2, r0
10004834:	2800      	cmp	r0, #0
10004836:	f47f af58 	bne.w	100046ea <tud_task_ext+0x526>
1000483a:	e5db      	b.n	100043f4 <tud_task_ext+0x230>
1000483c:	f7ff f958 	bl	10003af0 <tud_descriptor_device_cb>
10004840:	4602      	mov	r2, r0
10004842:	2800      	cmp	r0, #0
10004844:	f43f adcf 	beq.w	100043e6 <tud_task_ext+0x222>
10004848:	4640      	mov	r0, r8
1000484a:	2312      	movs	r3, #18
1000484c:	a908      	add	r1, sp, #32
1000484e:	f000 f961 	bl	10004b14 <tud_control_xfer>
10004852:	2800      	cmp	r0, #0
10004854:	f47f acc6 	bne.w	100041e4 <tud_task_ext+0x20>
10004858:	e5cc      	b.n	100043f4 <tud_task_ext+0x230>
1000485a:	f7ff fc1d 	bl	10004098 <tud_descriptor_device_qualifier_cb>
1000485e:	4602      	mov	r2, r0
10004860:	2800      	cmp	r0, #0
10004862:	f43f adc7 	beq.w	100043f4 <tud_task_ext+0x230>
10004866:	4640      	mov	r0, r8
10004868:	7813      	ldrb	r3, [r2, #0]
1000486a:	a908      	add	r1, sp, #32
1000486c:	f000 f952 	bl	10004b14 <tud_control_xfer>
10004870:	2800      	cmp	r0, #0
10004872:	f47f acb7 	bne.w	100041e4 <tud_task_ext+0x20>
10004876:	e5bd      	b.n	100043f4 <tud_task_ext+0x230>
10004878:	f8bd 1024 	ldrh.w	r1, [sp, #36]	@ 0x24
1000487c:	f7ff f940 	bl	10003b00 <tud_descriptor_string_cb>
10004880:	4602      	mov	r2, r0
10004882:	2800      	cmp	r0, #0
10004884:	d1ef      	bne.n	10004866 <tud_task_ext+0x6a2>
10004886:	e5b5      	b.n	100043f4 <tud_task_ext+0x230>
10004888:	9302      	str	r3, [sp, #8]
1000488a:	f7ff fb69 	bl	10003f60 <dcd_edpt_clear_stall>
1000488e:	9a01      	ldr	r2, [sp, #4]
10004890:	9b00      	ldr	r3, [sp, #0]
10004892:	443a      	add	r2, r7
10004894:	441a      	add	r2, r3
10004896:	f892 1034 	ldrb.w	r1, [r2, #52]	@ 0x34
1000489a:	9b02      	ldr	r3, [sp, #8]
1000489c:	f363 0141 	bfi	r1, r3, #1, #1
100048a0:	f882 1034 	strb.w	r1, [r2, #52]	@ 0x34
100048a4:	f892 1034 	ldrb.w	r1, [r2, #52]	@ 0x34
100048a8:	f363 0100 	bfi	r1, r3, #0, #1
100048ac:	f882 1034 	strb.w	r1, [r2, #52]	@ 0x34
100048b0:	e776      	b.n	100047a0 <tud_task_ext+0x5dc>
100048b2:	2100      	movs	r1, #0
100048b4:	4640      	mov	r0, r8
100048b6:	f7ff fa87 	bl	10003dc8 <dcd_sof_enable>
100048ba:	4640      	mov	r0, r8
100048bc:	f7ff fb22 	bl	10003f04 <dcd_edpt_close_all>
100048c0:	78bb      	ldrb	r3, [r7, #2]
100048c2:	4640      	mov	r0, r8
100048c4:	9300      	str	r3, [sp, #0]
100048c6:	f7ff fb9d 	bl	10004004 <configuration_reset>
100048ca:	9b00      	ldr	r3, [sp, #0]
100048cc:	70bb      	strb	r3, [r7, #2]
100048ce:	e632      	b.n	10004536 <tud_task_ext+0x372>
100048d0:	f8dd 800c 	ldr.w	r8, [sp, #12]
100048d4:	f7ff fbe4 	bl	100040a0 <tud_mount_cb>
100048d8:	e778      	b.n	100047cc <tud_task_ext+0x608>
100048da:	4640      	mov	r0, r8
100048dc:	2301      	movs	r3, #1
100048de:	a908      	add	r1, sp, #32
100048e0:	f10d 021a 	add.w	r2, sp, #26
100048e4:	f88d 601a 	strb.w	r6, [sp, #26]
100048e8:	f000 f914 	bl	10004b14 <tud_control_xfer>
100048ec:	e47a      	b.n	100041e4 <tud_task_ext+0x20>
100048ee:	780a      	ldrb	r2, [r1, #0]
100048f0:	78cb      	ldrb	r3, [r1, #3]
100048f2:	4411      	add	r1, r2
100048f4:	784a      	ldrb	r2, [r1, #1]
100048f6:	e64c      	b.n	10004592 <tud_task_ext+0x3ce>
100048f8:	4633      	mov	r3, r6
100048fa:	4810      	ldr	r0, [pc, #64]	@ (1000493c <tud_task_ext+0x778>)
100048fc:	9204      	str	r2, [sp, #16]
100048fe:	9102      	str	r1, [sp, #8]
10004900:	f000 fe76 	bl	100055f0 <tu_edpt_bind_driver>
10004904:	4b0e      	ldr	r3, [pc, #56]	@ (10004940 <tud_task_ext+0x77c>)
10004906:	9a04      	ldr	r2, [sp, #16]
10004908:	9902      	ldr	r1, [sp, #8]
1000490a:	781b      	ldrb	r3, [r3, #0]
1000490c:	4411      	add	r1, r2
1000490e:	9a00      	ldr	r2, [sp, #0]
10004910:	3301      	adds	r3, #1
10004912:	4293      	cmp	r3, r2
10004914:	f6bf ae34 	bge.w	10004580 <tud_task_ext+0x3bc>
10004918:	e778      	b.n	1000480c <tud_task_ext+0x648>
1000491a:	f8d8 c010 	ldr.w	ip, [r8, #16]
1000491e:	4809      	ldr	r0, [pc, #36]	@ (10004944 <tud_task_ext+0x780>)
10004920:	4584      	cmp	ip, r0
10004922:	bf08      	it	eq
10004924:	2302      	moveq	r3, #2
10004926:	e75d      	b.n	100047e4 <tud_task_ext+0x620>
10004928:	f04f 23e0 	mov.w	r3, #3758153728	@ 0xe000e000
1000492c:	f8d3 3df0 	ldr.w	r3, [r3, #3568]	@ 0xdf0
10004930:	07db      	lsls	r3, r3, #31
10004932:	f57f ac57 	bpl.w	100041e4 <tud_task_ext+0x20>
10004936:	be00      	bkpt	0x0000
10004938:	e454      	b.n	100041e4 <tud_task_ext+0x20>
1000493a:	bf00      	nop
1000493c:	20002024 	.word	0x20002024
10004940:	20002a6a 	.word	0x20002a6a
10004944:	10005011 	.word	0x10005011

10004948 <usbd_open_edpt_pair>:
10004948:	e92d 4ff8 	stmdb	sp!, {r3, r4, r5, r6, r7, r8, r9, sl, fp, lr}
1000494c:	9f0a      	ldr	r7, [sp, #40]	@ 0x28
1000494e:	2a00      	cmp	r2, #0
10004950:	d040      	beq.n	100049d4 <usbd_open_edpt_pair+0x8c>
10004952:	460c      	mov	r4, r1
10004954:	461e      	mov	r6, r3
10004956:	4615      	mov	r5, r2
10004958:	f04f 0a00 	mov.w	sl, #0
1000495c:	f8df 907c 	ldr.w	r9, [pc, #124]	@ 100049dc <usbd_open_edpt_pair+0x94>
10004960:	f8df 807c 	ldr.w	r8, [pc, #124]	@ 100049e0 <usbd_open_edpt_pair+0x98>
10004964:	e018      	b.n	10004998 <usbd_open_edpt_pair+0x50>
10004966:	4620      	mov	r0, r4
10004968:	f898 1002 	ldrb.w	r1, [r8, #2]
1000496c:	f899 b000 	ldrb.w	fp, [r9]
10004970:	f000 fe0e 	bl	10005590 <tu_edpt_validate>
10004974:	b1e0      	cbz	r0, 100049b0 <usbd_open_edpt_pair+0x68>
10004976:	4621      	mov	r1, r4
10004978:	4658      	mov	r0, fp
1000497a:	f7ff fa41 	bl	10003e00 <dcd_edpt_open>
1000497e:	b1f0      	cbz	r0, 100049be <usbd_open_edpt_pair+0x76>
10004980:	78a2      	ldrb	r2, [r4, #2]
10004982:	f10a 0a01 	add.w	sl, sl, #1
10004986:	09d1      	lsrs	r1, r2, #7
10004988:	bf16      	itet	ne
1000498a:	9b0b      	ldrne	r3, [sp, #44]	@ 0x2c
1000498c:	703a      	strbeq	r2, [r7, #0]
1000498e:	701a      	strbne	r2, [r3, #0]
10004990:	7822      	ldrb	r2, [r4, #0]
10004992:	45aa      	cmp	sl, r5
10004994:	4414      	add	r4, r2
10004996:	d01d      	beq.n	100049d4 <usbd_open_edpt_pair+0x8c>
10004998:	7862      	ldrb	r2, [r4, #1]
1000499a:	2a05      	cmp	r2, #5
1000499c:	d10f      	bne.n	100049be <usbd_open_edpt_pair+0x76>
1000499e:	78e1      	ldrb	r1, [r4, #3]
100049a0:	f001 0103 	and.w	r1, r1, #3
100049a4:	42b1      	cmp	r1, r6
100049a6:	d10a      	bne.n	100049be <usbd_open_edpt_pair+0x76>
100049a8:	78a2      	ldrb	r2, [r4, #2]
100049aa:	f012 0f70 	tst.w	r2, #112	@ 0x70
100049ae:	d0da      	beq.n	10004966 <usbd_open_edpt_pair+0x1e>
100049b0:	f04f 23e0 	mov.w	r3, #3758153728	@ 0xe000e000
100049b4:	f8d3 3df0 	ldr.w	r3, [r3, #3568]	@ 0xdf0
100049b8:	07da      	lsls	r2, r3, #31
100049ba:	d500      	bpl.n	100049be <usbd_open_edpt_pair+0x76>
100049bc:	be00      	bkpt	0x0000
100049be:	f04f 23e0 	mov.w	r3, #3758153728	@ 0xe000e000
100049c2:	f8d3 3df0 	ldr.w	r3, [r3, #3568]	@ 0xdf0
100049c6:	07db      	lsls	r3, r3, #31
100049c8:	d402      	bmi.n	100049d0 <usbd_open_edpt_pair+0x88>
100049ca:	2000      	movs	r0, #0
100049cc:	e8bd 8ff8 	ldmia.w	sp!, {r3, r4, r5, r6, r7, r8, r9, sl, fp, pc}
100049d0:	be00      	bkpt	0x0000
100049d2:	e7fa      	b.n	100049ca <usbd_open_edpt_pair+0x82>
100049d4:	2001      	movs	r0, #1
100049d6:	e8bd 8ff8 	ldmia.w	sp!, {r3, r4, r5, r6, r7, r8, r9, sl, fp, pc}
100049da:	bf00      	nop
100049dc:	20001590 	.word	0x20001590
100049e0:	20002010 	.word	0x20002010

100049e4 <usbd_edpt_open>:
100049e4:	b538      	push	{r3, r4, r5, lr}
100049e6:	788b      	ldrb	r3, [r1, #2]
100049e8:	f013 0f70 	tst.w	r3, #112	@ 0x70
100049ec:	d008      	beq.n	10004a00 <usbd_edpt_open+0x1c>
100049ee:	f04f 23e0 	mov.w	r3, #3758153728	@ 0xe000e000
100049f2:	f8d3 3df0 	ldr.w	r3, [r3, #3568]	@ 0xdf0
100049f6:	07db      	lsls	r3, r3, #31
100049f8:	d500      	bpl.n	100049fc <usbd_edpt_open+0x18>
100049fa:	be00      	bkpt	0x0000
100049fc:	2000      	movs	r0, #0
100049fe:	bd38      	pop	{r3, r4, r5, pc}
10004a00:	4a07      	ldr	r2, [pc, #28]	@ (10004a20 <usbd_edpt_open+0x3c>)
10004a02:	4b08      	ldr	r3, [pc, #32]	@ (10004a24 <usbd_edpt_open+0x40>)
10004a04:	460c      	mov	r4, r1
10004a06:	4608      	mov	r0, r1
10004a08:	7891      	ldrb	r1, [r2, #2]
10004a0a:	781d      	ldrb	r5, [r3, #0]
10004a0c:	f000 fdc0 	bl	10005590 <tu_edpt_validate>
10004a10:	2800      	cmp	r0, #0
10004a12:	d0ec      	beq.n	100049ee <usbd_edpt_open+0xa>
10004a14:	4621      	mov	r1, r4
10004a16:	4628      	mov	r0, r5
10004a18:	e8bd 4038 	ldmia.w	sp!, {r3, r4, r5, lr}
10004a1c:	f7ff b9f0 	b.w	10003e00 <dcd_edpt_open>
10004a20:	20002010 	.word	0x20002010
10004a24:	20001590 	.word	0x20001590

10004a28 <usbd_edpt_claim>:
10004a28:	460b      	mov	r3, r1
10004a2a:	4a06      	ldr	r2, [pc, #24]	@ (10004a44 <usbd_edpt_claim+0x1c>)
10004a2c:	4806      	ldr	r0, [pc, #24]	@ (10004a48 <usbd_edpt_claim+0x20>)
10004a2e:	6811      	ldr	r1, [r2, #0]
10004a30:	09da      	lsrs	r2, r3, #7
10004a32:	3234      	adds	r2, #52	@ 0x34
10004a34:	f003 037f 	and.w	r3, r3, #127	@ 0x7f
10004a38:	eb02 0343 	add.w	r3, r2, r3, lsl #1
10004a3c:	4418      	add	r0, r3
10004a3e:	f000 bd61 	b.w	10005504 <tu_edpt_claim>
10004a42:	bf00      	nop
10004a44:	20002064 	.word	0x20002064
10004a48:	20002010 	.word	0x20002010

10004a4c <usbd_edpt_release>:
10004a4c:	460b      	mov	r3, r1
10004a4e:	4a06      	ldr	r2, [pc, #24]	@ (10004a68 <usbd_edpt_release+0x1c>)
10004a50:	4806      	ldr	r0, [pc, #24]	@ (10004a6c <usbd_edpt_release+0x20>)
10004a52:	6811      	ldr	r1, [r2, #0]
10004a54:	09da      	lsrs	r2, r3, #7
10004a56:	3234      	adds	r2, #52	@ 0x34
10004a58:	f003 037f 	and.w	r3, r3, #127	@ 0x7f
10004a5c:	eb02 0343 	add.w	r3, r2, r3, lsl #1
10004a60:	4418      	add	r0, r3
10004a62:	f000 bd79 	b.w	10005558 <tu_edpt_release>
10004a66:	bf00      	nop
10004a68:	20002064 	.word	0x20002064
10004a6c:	20002010 	.word	0x20002010

10004a70 <usbd_edpt_xfer>:
10004a70:	b510      	push	{r4, lr}
10004a72:	4819      	ldr	r0, [pc, #100]	@ (10004ad8 <usbd_edpt_xfer+0x68>)
10004a74:	f001 0c7f 	and.w	ip, r1, #127	@ 0x7f
10004a78:	eb00 004c 	add.w	r0, r0, ip, lsl #1
10004a7c:	eb00 10d1 	add.w	r0, r0, r1, lsr #7
10004a80:	f890 c034 	ldrb.w	ip, [r0, #52]	@ 0x34
10004a84:	f01c 0f01 	tst.w	ip, #1
10004a88:	d008      	beq.n	10004a9c <usbd_edpt_xfer+0x2c>
10004a8a:	f04f 23e0 	mov.w	r3, #3758153728	@ 0xe000e000
10004a8e:	f8d3 3df0 	ldr.w	r3, [r3, #3568]	@ 0xdf0
10004a92:	07da      	lsls	r2, r3, #31
10004a94:	d500      	bpl.n	10004a98 <usbd_edpt_xfer+0x28>
10004a96:	be00      	bkpt	0x0000
10004a98:	2000      	movs	r0, #0
10004a9a:	bd10      	pop	{r4, pc}
10004a9c:	f100 0430 	add.w	r4, r0, #48	@ 0x30
10004aa0:	f894 c004 	ldrb.w	ip, [r4, #4]
10004aa4:	480d      	ldr	r0, [pc, #52]	@ (10004adc <usbd_edpt_xfer+0x6c>)
10004aa6:	f04c 0c01 	orr.w	ip, ip, #1
10004aaa:	7800      	ldrb	r0, [r0, #0]
10004aac:	f884 c004 	strb.w	ip, [r4, #4]
10004ab0:	f7ff fa2a 	bl	10003f08 <dcd_edpt_xfer>
10004ab4:	2800      	cmp	r0, #0
10004ab6:	d1f0      	bne.n	10004a9a <usbd_edpt_xfer+0x2a>
10004ab8:	f04f 21e0 	mov.w	r1, #3758153728	@ 0xe000e000
10004abc:	7922      	ldrb	r2, [r4, #4]
10004abe:	f360 0200 	bfi	r2, r0, #0, #1
10004ac2:	7122      	strb	r2, [r4, #4]
10004ac4:	7922      	ldrb	r2, [r4, #4]
10004ac6:	f360 0282 	bfi	r2, r0, #2, #1
10004aca:	7122      	strb	r2, [r4, #4]
10004acc:	f8d1 3df0 	ldr.w	r3, [r1, #3568]	@ 0xdf0
10004ad0:	07db      	lsls	r3, r3, #31
10004ad2:	d5e1      	bpl.n	10004a98 <usbd_edpt_xfer+0x28>
10004ad4:	be00      	bkpt	0x0000
10004ad6:	e7df      	b.n	10004a98 <usbd_edpt_xfer+0x28>
10004ad8:	20002010 	.word	0x20002010
10004adc:	20001590 	.word	0x20001590

10004ae0 <tud_control_status>:
10004ae0:	b530      	push	{r4, r5, lr}
10004ae2:	4c0b      	ldr	r4, [pc, #44]	@ (10004b10 <tud_control_status+0x30>)
10004ae4:	468c      	mov	ip, r1
10004ae6:	46a6      	mov	lr, r4
10004ae8:	4605      	mov	r5, r0
10004aea:	6808      	ldr	r0, [r1, #0]
10004aec:	6849      	ldr	r1, [r1, #4]
10004aee:	2300      	movs	r3, #0
10004af0:	e8ae 0003 	stmia.w	lr!, {r0, r1}
10004af4:	f89c 1000 	ldrb.w	r1, [ip]
10004af8:	4628      	mov	r0, r5
10004afa:	43c9      	mvns	r1, r1
10004afc:	e9c4 3302 	strd	r3, r3, [r4, #8]
10004b00:	e8bd 4030 	ldmia.w	sp!, {r4, r5, lr}
10004b04:	461a      	mov	r2, r3
10004b06:	f001 0180 	and.w	r1, r1, #128	@ 0x80
10004b0a:	f7ff bfb1 	b.w	10004a70 <usbd_edpt_xfer>
10004b0e:	bf00      	nop
10004b10:	20001fd0 	.word	0x20001fd0

10004b14 <tud_control_xfer>:
10004b14:	e92d 41f0 	stmdb	sp!, {r4, r5, r6, r7, r8, lr}
10004b18:	4f28      	ldr	r7, [pc, #160]	@ (10004bbc <tud_control_xfer+0xa8>)
10004b1a:	f04f 0800 	mov.w	r8, #0
10004b1e:	46be      	mov	lr, r7
10004b20:	468c      	mov	ip, r1
10004b22:	4606      	mov	r6, r0
10004b24:	6808      	ldr	r0, [r1, #0]
10004b26:	6849      	ldr	r1, [r1, #4]
10004b28:	60ba      	str	r2, [r7, #8]
10004b2a:	e8ae 0003 	stmia.w	lr!, {r0, r1}
10004b2e:	f8a7 800e 	strh.w	r8, [r7, #14]
10004b32:	4615      	mov	r5, r2
10004b34:	f8bc 2006 	ldrh.w	r2, [ip, #6]
10004b38:	4293      	cmp	r3, r2
10004b3a:	bf28      	it	cs
10004b3c:	4613      	movcs	r3, r2
10004b3e:	81bb      	strh	r3, [r7, #12]
10004b40:	b19a      	cbz	r2, 10004b6a <tud_control_xfer+0x56>
10004b42:	461c      	mov	r4, r3
10004b44:	b333      	cbz	r3, 10004b94 <tud_control_xfer+0x80>
10004b46:	b1dd      	cbz	r5, 10004b80 <tud_control_xfer+0x6c>
10004b48:	f997 3000 	ldrsb.w	r3, [r7]
10004b4c:	2c40      	cmp	r4, #64	@ 0x40
10004b4e:	bf28      	it	cs
10004b50:	2440      	movcs	r4, #64	@ 0x40
10004b52:	2b00      	cmp	r3, #0
10004b54:	db29      	blt.n	10004baa <tud_control_xfer+0x96>
10004b56:	4641      	mov	r1, r8
10004b58:	4623      	mov	r3, r4
10004b5a:	4630      	mov	r0, r6
10004b5c:	4a18      	ldr	r2, [pc, #96]	@ (10004bc0 <tud_control_xfer+0xac>)
10004b5e:	f7ff ff87 	bl	10004a70 <usbd_edpt_xfer>
10004b62:	b168      	cbz	r0, 10004b80 <tud_control_xfer+0x6c>
10004b64:	2001      	movs	r0, #1
10004b66:	e8bd 81f0 	ldmia.w	sp!, {r4, r5, r6, r7, r8, pc}
10004b6a:	f89c 1000 	ldrb.w	r1, [ip]
10004b6e:	4613      	mov	r3, r2
10004b70:	43c9      	mvns	r1, r1
10004b72:	4630      	mov	r0, r6
10004b74:	f001 0180 	and.w	r1, r1, #128	@ 0x80
10004b78:	f7ff ff7a 	bl	10004a70 <usbd_edpt_xfer>
10004b7c:	2800      	cmp	r0, #0
10004b7e:	d1f1      	bne.n	10004b64 <tud_control_xfer+0x50>
10004b80:	f04f 23e0 	mov.w	r3, #3758153728	@ 0xe000e000
10004b84:	f8d3 3df0 	ldr.w	r3, [r3, #3568]	@ 0xdf0
10004b88:	07db      	lsls	r3, r3, #31
10004b8a:	d500      	bpl.n	10004b8e <tud_control_xfer+0x7a>
10004b8c:	be00      	bkpt	0x0000
10004b8e:	2000      	movs	r0, #0
10004b90:	e8bd 81f0 	ldmia.w	sp!, {r4, r5, r6, r7, r8, pc}
10004b94:	461a      	mov	r2, r3
10004b96:	7839      	ldrb	r1, [r7, #0]
10004b98:	f001 0180 	and.w	r1, r1, #128	@ 0x80
10004b9c:	4623      	mov	r3, r4
10004b9e:	4630      	mov	r0, r6
10004ba0:	f7ff ff66 	bl	10004a70 <usbd_edpt_xfer>
10004ba4:	2800      	cmp	r0, #0
10004ba6:	d1dd      	bne.n	10004b64 <tud_control_xfer+0x50>
10004ba8:	e7ea      	b.n	10004b80 <tud_control_xfer+0x6c>
10004baa:	4622      	mov	r2, r4
10004bac:	4629      	mov	r1, r5
10004bae:	4804      	ldr	r0, [pc, #16]	@ (10004bc0 <tud_control_xfer+0xac>)
10004bb0:	f003 f8ac 	bl	10007d0c <memcpy>
10004bb4:	2180      	movs	r1, #128	@ 0x80
10004bb6:	4a02      	ldr	r2, [pc, #8]	@ (10004bc0 <tud_control_xfer+0xac>)
10004bb8:	e7f0      	b.n	10004b9c <tud_control_xfer+0x88>
10004bba:	bf00      	nop
10004bbc:	20001fd0 	.word	0x20001fd0
10004bc0:	20001f90 	.word	0x20001f90

10004bc4 <usbd_control_reset>:
10004bc4:	2200      	movs	r2, #0
10004bc6:	4b03      	ldr	r3, [pc, #12]	@ (10004bd4 <usbd_control_reset+0x10>)
10004bc8:	e9c3 2200 	strd	r2, r2, [r3]
10004bcc:	e9c3 2202 	strd	r2, r2, [r3, #8]
10004bd0:	611a      	str	r2, [r3, #16]
10004bd2:	4770      	bx	lr
10004bd4:	20001fd0 	.word	0x20001fd0

10004bd8 <usbd_control_set_complete_callback>:
10004bd8:	4b01      	ldr	r3, [pc, #4]	@ (10004be0 <usbd_control_set_complete_callback+0x8>)
10004bda:	6118      	str	r0, [r3, #16]
10004bdc:	4770      	bx	lr
10004bde:	bf00      	nop
10004be0:	20001fd0 	.word	0x20001fd0

10004be4 <usbd_control_set_request>:
10004be4:	b430      	push	{r4, r5}
10004be6:	4602      	mov	r2, r0
10004be8:	4c04      	ldr	r4, [pc, #16]	@ (10004bfc <usbd_control_set_request+0x18>)
10004bea:	2500      	movs	r5, #0
10004bec:	4623      	mov	r3, r4
10004bee:	6800      	ldr	r0, [r0, #0]
10004bf0:	6851      	ldr	r1, [r2, #4]
10004bf2:	e9c4 5502 	strd	r5, r5, [r4, #8]
10004bf6:	bc30      	pop	{r4, r5}
10004bf8:	c303      	stmia	r3!, {r0, r1}
10004bfa:	4770      	bx	lr
10004bfc:	20001fd0 	.word	0x20001fd0

10004c00 <usbd_control_xfer_cb>:
10004c00:	b570      	push	{r4, r5, r6, lr}
10004c02:	4c3d      	ldr	r4, [pc, #244]	@ (10004cf8 <usbd_control_xfer_cb+0xf8>)
10004c04:	09c9      	lsrs	r1, r1, #7
10004c06:	7822      	ldrb	r2, [r4, #0]
10004c08:	4606      	mov	r6, r0
10004c0a:	ebb1 1fd2 	cmp.w	r1, r2, lsr #7
10004c0e:	461d      	mov	r5, r3
10004c10:	b082      	sub	sp, #8
10004c12:	d017      	beq.n	10004c44 <usbd_control_xfer_cb+0x44>
10004c14:	b153      	cbz	r3, 10004c2c <usbd_control_xfer_cb+0x2c>
10004c16:	f04f 23e0 	mov.w	r3, #3758153728	@ 0xe000e000
10004c1a:	f8d3 3df0 	ldr.w	r3, [r3, #3568]	@ 0xdf0
10004c1e:	07db      	lsls	r3, r3, #31
10004c20:	d402      	bmi.n	10004c28 <usbd_control_xfer_cb+0x28>
10004c22:	2000      	movs	r0, #0
10004c24:	b002      	add	sp, #8
10004c26:	bd70      	pop	{r4, r5, r6, pc}
10004c28:	be00      	bkpt	0x0000
10004c2a:	e7fa      	b.n	10004c22 <usbd_control_xfer_cb+0x22>
10004c2c:	4621      	mov	r1, r4
10004c2e:	f7ff f8d9 	bl	10003de4 <dcd_edpt0_status_complete>
10004c32:	6923      	ldr	r3, [r4, #16]
10004c34:	b11b      	cbz	r3, 10004c3e <usbd_control_xfer_cb+0x3e>
10004c36:	4622      	mov	r2, r4
10004c38:	2103      	movs	r1, #3
10004c3a:	4630      	mov	r0, r6
10004c3c:	4798      	blx	r3
10004c3e:	2001      	movs	r0, #1
10004c40:	b002      	add	sp, #8
10004c42:	bd70      	pop	{r4, r5, r6, pc}
10004c44:	f994 3000 	ldrsb.w	r3, [r4]
10004c48:	2b00      	cmp	r3, #0
10004c4a:	db06      	blt.n	10004c5a <usbd_control_xfer_cb+0x5a>
10004c4c:	68a0      	ldr	r0, [r4, #8]
10004c4e:	2800      	cmp	r0, #0
10004c50:	d0e7      	beq.n	10004c22 <usbd_control_xfer_cb+0x22>
10004c52:	462a      	mov	r2, r5
10004c54:	4929      	ldr	r1, [pc, #164]	@ (10004cfc <usbd_control_xfer_cb+0xfc>)
10004c56:	f003 f859 	bl	10007d0c <memcpy>
10004c5a:	89e0      	ldrh	r0, [r4, #14]
10004c5c:	68a1      	ldr	r1, [r4, #8]
10004c5e:	88e3      	ldrh	r3, [r4, #6]
10004c60:	4428      	add	r0, r5
10004c62:	b280      	uxth	r0, r0
10004c64:	4429      	add	r1, r5
10004c66:	4283      	cmp	r3, r0
10004c68:	81e0      	strh	r0, [r4, #14]
10004c6a:	60a1      	str	r1, [r4, #8]
10004c6c:	d016      	beq.n	10004c9c <usbd_control_xfer_cb+0x9c>
10004c6e:	2d3f      	cmp	r5, #63	@ 0x3f
10004c70:	d914      	bls.n	10004c9c <usbd_control_xfer_cb+0x9c>
10004c72:	89a2      	ldrh	r2, [r4, #12]
10004c74:	f994 4000 	ldrsb.w	r4, [r4]
10004c78:	1a13      	subs	r3, r2, r0
10004c7a:	b29b      	uxth	r3, r3
10004c7c:	2b40      	cmp	r3, #64	@ 0x40
10004c7e:	bf28      	it	cs
10004c80:	2340      	movcs	r3, #64	@ 0x40
10004c82:	2c00      	cmp	r4, #0
10004c84:	db27      	blt.n	10004cd6 <usbd_control_xfer_cb+0xd6>
10004c86:	4290      	cmp	r0, r2
10004c88:	f04f 0100 	mov.w	r1, #0
10004c8c:	d031      	beq.n	10004cf2 <usbd_control_xfer_cb+0xf2>
10004c8e:	4a1b      	ldr	r2, [pc, #108]	@ (10004cfc <usbd_control_xfer_cb+0xfc>)
10004c90:	4630      	mov	r0, r6
10004c92:	f7ff feed 	bl	10004a70 <usbd_edpt_xfer>
10004c96:	2800      	cmp	r0, #0
10004c98:	d1d1      	bne.n	10004c3e <usbd_control_xfer_cb+0x3e>
10004c9a:	e7bc      	b.n	10004c16 <usbd_control_xfer_cb+0x16>
10004c9c:	6923      	ldr	r3, [r4, #16]
10004c9e:	b123      	cbz	r3, 10004caa <usbd_control_xfer_cb+0xaa>
10004ca0:	2102      	movs	r1, #2
10004ca2:	4630      	mov	r0, r6
10004ca4:	4a14      	ldr	r2, [pc, #80]	@ (10004cf8 <usbd_control_xfer_cb+0xf8>)
10004ca6:	4798      	blx	r3
10004ca8:	b160      	cbz	r0, 10004cc4 <usbd_control_xfer_cb+0xc4>
10004caa:	7821      	ldrb	r1, [r4, #0]
10004cac:	2300      	movs	r3, #0
10004cae:	43c9      	mvns	r1, r1
10004cb0:	4630      	mov	r0, r6
10004cb2:	461a      	mov	r2, r3
10004cb4:	f001 0180 	and.w	r1, r1, #128	@ 0x80
10004cb8:	f7ff feda 	bl	10004a70 <usbd_edpt_xfer>
10004cbc:	2800      	cmp	r0, #0
10004cbe:	d0aa      	beq.n	10004c16 <usbd_control_xfer_cb+0x16>
10004cc0:	2001      	movs	r0, #1
10004cc2:	e7bd      	b.n	10004c40 <usbd_control_xfer_cb+0x40>
10004cc4:	4601      	mov	r1, r0
10004cc6:	4630      	mov	r0, r6
10004cc8:	f7ff f932 	bl	10003f30 <dcd_edpt_stall>
10004ccc:	2180      	movs	r1, #128	@ 0x80
10004cce:	4630      	mov	r0, r6
10004cd0:	f7ff f92e 	bl	10003f30 <dcd_edpt_stall>
10004cd4:	e7b3      	b.n	10004c3e <usbd_control_xfer_cb+0x3e>
10004cd6:	4290      	cmp	r0, r2
10004cd8:	d008      	beq.n	10004cec <usbd_control_xfer_cb+0xec>
10004cda:	461a      	mov	r2, r3
10004cdc:	4807      	ldr	r0, [pc, #28]	@ (10004cfc <usbd_control_xfer_cb+0xfc>)
10004cde:	9301      	str	r3, [sp, #4]
10004ce0:	f003 f814 	bl	10007d0c <memcpy>
10004ce4:	2180      	movs	r1, #128	@ 0x80
10004ce6:	4a05      	ldr	r2, [pc, #20]	@ (10004cfc <usbd_control_xfer_cb+0xfc>)
10004ce8:	9b01      	ldr	r3, [sp, #4]
10004cea:	e7d1      	b.n	10004c90 <usbd_control_xfer_cb+0x90>
10004cec:	2180      	movs	r1, #128	@ 0x80
10004cee:	2200      	movs	r2, #0
10004cf0:	e7ce      	b.n	10004c90 <usbd_control_xfer_cb+0x90>
10004cf2:	460a      	mov	r2, r1
10004cf4:	e7cc      	b.n	10004c90 <usbd_control_xfer_cb+0x90>
10004cf6:	bf00      	nop
10004cf8:	20001fd0 	.word	0x20001fd0
10004cfc:	20001f90 	.word	0x20001f90

10004d00 <_prep_out_transaction.isra.0>:
10004d00:	e92d 41f0 	stmdb	sp!, {r4, r5, r6, r7, r8, lr}
10004d04:	4604      	mov	r4, r0
10004d06:	f7ff f9d3 	bl	100040b0 <tud_mounted>
10004d0a:	b908      	cbnz	r0, 10004d10 <_prep_out_transaction.isra.0+0x10>
10004d0c:	e8bd 81f0 	ldmia.w	sp!, {r4, r5, r6, r7, r8, pc}
10004d10:	f7ff f9d6 	bl	100040c0 <tud_suspended>
10004d14:	4605      	mov	r5, r0
10004d16:	2800      	cmp	r0, #0
10004d18:	d1f8      	bne.n	10004d0c <_prep_out_transaction.isra.0+0xc>
10004d1a:	23c8      	movs	r3, #200	@ 0xc8
10004d1c:	fb04 f303 	mul.w	r3, r4, r3
10004d20:	4e12      	ldr	r6, [pc, #72]	@ (10004d6c <_prep_out_transaction.isra.0+0x6c>)
10004d22:	18f7      	adds	r7, r6, r3
10004d24:	78f9      	ldrb	r1, [r7, #3]
10004d26:	2900      	cmp	r1, #0
10004d28:	d0f0      	beq.n	10004d0c <_prep_out_transaction.isra.0+0xc>
10004d2a:	3310      	adds	r3, #16
10004d2c:	441e      	add	r6, r3
10004d2e:	4630      	mov	r0, r6
10004d30:	f000 fdd2 	bl	100058d8 <tu_fifo_remaining>
10004d34:	283f      	cmp	r0, #63	@ 0x3f
10004d36:	d9e9      	bls.n	10004d0c <_prep_out_transaction.isra.0+0xc>
10004d38:	4628      	mov	r0, r5
10004d3a:	78f9      	ldrb	r1, [r7, #3]
10004d3c:	f7ff fe74 	bl	10004a28 <usbd_edpt_claim>
10004d40:	2800      	cmp	r0, #0
10004d42:	d0e3      	beq.n	10004d0c <_prep_out_transaction.isra.0+0xc>
10004d44:	4630      	mov	r0, r6
10004d46:	f000 fdc7 	bl	100058d8 <tu_fifo_remaining>
10004d4a:	283f      	cmp	r0, #63	@ 0x3f
10004d4c:	78f9      	ldrb	r1, [r7, #3]
10004d4e:	d908      	bls.n	10004d62 <_prep_out_transaction.isra.0+0x62>
10004d50:	4a07      	ldr	r2, [pc, #28]	@ (10004d70 <_prep_out_transaction.isra.0+0x70>)
10004d52:	4628      	mov	r0, r5
10004d54:	eb02 12c4 	add.w	r2, r2, r4, lsl #7
10004d58:	2340      	movs	r3, #64	@ 0x40
10004d5a:	e8bd 41f0 	ldmia.w	sp!, {r4, r5, r6, r7, r8, lr}
10004d5e:	f7ff be87 	b.w	10004a70 <usbd_edpt_xfer>
10004d62:	4628      	mov	r0, r5
10004d64:	e8bd 41f0 	ldmia.w	sp!, {r4, r5, r6, r7, r8, lr}
10004d68:	f7ff be70 	b.w	10004a4c <usbd_edpt_release>
10004d6c:	20001ec8 	.word	0x20001ec8
10004d70:	20001e44 	.word	0x20001e44

10004d74 <tud_cdc_n_connected>:
10004d74:	b510      	push	{r4, lr}
10004d76:	4604      	mov	r4, r0
10004d78:	f7ff f99a 	bl	100040b0 <tud_mounted>
10004d7c:	b908      	cbnz	r0, 10004d82 <tud_cdc_n_connected+0xe>
10004d7e:	2000      	movs	r0, #0
10004d80:	bd10      	pop	{r4, pc}
10004d82:	f7ff f99d 	bl	100040c0 <tud_suspended>
10004d86:	2800      	cmp	r0, #0
10004d88:	d1f9      	bne.n	10004d7e <tud_cdc_n_connected+0xa>
10004d8a:	22c8      	movs	r2, #200	@ 0xc8
10004d8c:	4b03      	ldr	r3, [pc, #12]	@ (10004d9c <tud_cdc_n_connected+0x28>)
10004d8e:	fb02 3304 	mla	r3, r2, r4, r3
10004d92:	7918      	ldrb	r0, [r3, #4]
10004d94:	f000 0001 	and.w	r0, r0, #1
10004d98:	bd10      	pop	{r4, pc}
10004d9a:	bf00      	nop
10004d9c:	20001ec8 	.word	0x20001ec8

10004da0 <tud_cdc_n_available>:
10004da0:	22c8      	movs	r2, #200	@ 0xc8
10004da2:	b508      	push	{r3, lr}
10004da4:	4b02      	ldr	r3, [pc, #8]	@ (10004db0 <tud_cdc_n_available+0x10>)
10004da6:	fb02 3000 	mla	r0, r2, r0, r3
10004daa:	f000 fd7b 	bl	100058a4 <tu_fifo_count>
10004dae:	bd08      	pop	{r3, pc}
10004db0:	20001ed8 	.word	0x20001ed8

10004db4 <tud_cdc_n_read>:
10004db4:	e92d 43f8 	stmdb	sp!, {r3, r4, r5, r6, r7, r8, r9, lr}
10004db8:	f64f 73ff 	movw	r3, #65535	@ 0xffff
10004dbc:	24c8      	movs	r4, #200	@ 0xc8
10004dbe:	429a      	cmp	r2, r3
10004dc0:	bf28      	it	cs
10004dc2:	461a      	movcs	r2, r3
10004dc4:	fb00 f404 	mul.w	r4, r0, r4
10004dc8:	f8df 8074 	ldr.w	r8, [pc, #116]	@ 10004e40 <tud_cdc_n_read+0x8c>
10004dcc:	f104 0510 	add.w	r5, r4, #16
10004dd0:	4445      	add	r5, r8
10004dd2:	4606      	mov	r6, r0
10004dd4:	b292      	uxth	r2, r2
10004dd6:	4628      	mov	r0, r5
10004dd8:	f000 fdda 	bl	10005990 <tu_fifo_read_n>
10004ddc:	4607      	mov	r7, r0
10004dde:	f7ff f967 	bl	100040b0 <tud_mounted>
10004de2:	b910      	cbnz	r0, 10004dea <tud_cdc_n_read+0x36>
10004de4:	4638      	mov	r0, r7
10004de6:	e8bd 83f8 	ldmia.w	sp!, {r3, r4, r5, r6, r7, r8, r9, pc}
10004dea:	f7ff f969 	bl	100040c0 <tud_suspended>
10004dee:	4681      	mov	r9, r0
10004df0:	2800      	cmp	r0, #0
10004df2:	d1f7      	bne.n	10004de4 <tud_cdc_n_read+0x30>
10004df4:	44a0      	add	r8, r4
10004df6:	f898 3003 	ldrb.w	r3, [r8, #3]
10004dfa:	2b00      	cmp	r3, #0
10004dfc:	d0f2      	beq.n	10004de4 <tud_cdc_n_read+0x30>
10004dfe:	4628      	mov	r0, r5
10004e00:	f000 fd6a 	bl	100058d8 <tu_fifo_remaining>
10004e04:	283f      	cmp	r0, #63	@ 0x3f
10004e06:	d9ed      	bls.n	10004de4 <tud_cdc_n_read+0x30>
10004e08:	4648      	mov	r0, r9
10004e0a:	f898 1003 	ldrb.w	r1, [r8, #3]
10004e0e:	f7ff fe0b 	bl	10004a28 <usbd_edpt_claim>
10004e12:	2800      	cmp	r0, #0
10004e14:	d0e6      	beq.n	10004de4 <tud_cdc_n_read+0x30>
10004e16:	4628      	mov	r0, r5
10004e18:	f000 fd5e 	bl	100058d8 <tu_fifo_remaining>
10004e1c:	283f      	cmp	r0, #63	@ 0x3f
10004e1e:	f898 1003 	ldrb.w	r1, [r8, #3]
10004e22:	d907      	bls.n	10004e34 <tud_cdc_n_read+0x80>
10004e24:	4a05      	ldr	r2, [pc, #20]	@ (10004e3c <tud_cdc_n_read+0x88>)
10004e26:	4648      	mov	r0, r9
10004e28:	2340      	movs	r3, #64	@ 0x40
10004e2a:	eb02 12c6 	add.w	r2, r2, r6, lsl #7
10004e2e:	f7ff fe1f 	bl	10004a70 <usbd_edpt_xfer>
10004e32:	e7d7      	b.n	10004de4 <tud_cdc_n_read+0x30>
10004e34:	4648      	mov	r0, r9
10004e36:	f7ff fe09 	bl	10004a4c <usbd_edpt_release>
10004e3a:	e7d3      	b.n	10004de4 <tud_cdc_n_read+0x30>
10004e3c:	20001e44 	.word	0x20001e44
10004e40:	20001ec8 	.word	0x20001ec8

10004e44 <tud_cdc_n_write_flush>:
10004e44:	e92d 41f0 	stmdb	sp!, {r4, r5, r6, r7, r8, lr}
10004e48:	4604      	mov	r4, r0
10004e4a:	f7ff f931 	bl	100040b0 <tud_mounted>
10004e4e:	b910      	cbnz	r0, 10004e56 <tud_cdc_n_write_flush+0x12>
10004e50:	2000      	movs	r0, #0
10004e52:	e8bd 81f0 	ldmia.w	sp!, {r4, r5, r6, r7, r8, pc}
10004e56:	f7ff f933 	bl	100040c0 <tud_suspended>
10004e5a:	4605      	mov	r5, r0
10004e5c:	2800      	cmp	r0, #0
10004e5e:	d1f7      	bne.n	10004e50 <tud_cdc_n_write_flush+0xc>
10004e60:	26c8      	movs	r6, #200	@ 0xc8
10004e62:	fb04 f606 	mul.w	r6, r4, r6
10004e66:	f8df 8064 	ldr.w	r8, [pc, #100]	@ 10004ecc <tud_cdc_n_write_flush+0x88>
10004e6a:	f106 0724 	add.w	r7, r6, #36	@ 0x24
10004e6e:	4447      	add	r7, r8
10004e70:	4638      	mov	r0, r7
10004e72:	f000 fd17 	bl	100058a4 <tu_fifo_count>
10004e76:	2800      	cmp	r0, #0
10004e78:	d0ea      	beq.n	10004e50 <tud_cdc_n_write_flush+0xc>
10004e7a:	44b0      	add	r8, r6
10004e7c:	4628      	mov	r0, r5
10004e7e:	f898 1002 	ldrb.w	r1, [r8, #2]
10004e82:	f7ff fdd1 	bl	10004a28 <usbd_edpt_claim>
10004e86:	2800      	cmp	r0, #0
10004e88:	d0e2      	beq.n	10004e50 <tud_cdc_n_write_flush+0xc>
10004e8a:	4e0f      	ldr	r6, [pc, #60]	@ (10004ec8 <tud_cdc_n_write_flush+0x84>)
10004e8c:	4638      	mov	r0, r7
10004e8e:	eb06 16c4 	add.w	r6, r6, r4, lsl #7
10004e92:	4631      	mov	r1, r6
10004e94:	2240      	movs	r2, #64	@ 0x40
10004e96:	f000 fd7b 	bl	10005990 <tu_fifo_read_n>
10004e9a:	f898 1002 	ldrb.w	r1, [r8, #2]
10004e9e:	4604      	mov	r4, r0
10004ea0:	b168      	cbz	r0, 10004ebe <tud_cdc_n_write_flush+0x7a>
10004ea2:	4603      	mov	r3, r0
10004ea4:	4632      	mov	r2, r6
10004ea6:	4628      	mov	r0, r5
10004ea8:	f7ff fde2 	bl	10004a70 <usbd_edpt_xfer>
10004eac:	b950      	cbnz	r0, 10004ec4 <tud_cdc_n_write_flush+0x80>
10004eae:	f04f 23e0 	mov.w	r3, #3758153728	@ 0xe000e000
10004eb2:	f8d3 3df0 	ldr.w	r3, [r3, #3568]	@ 0xdf0
10004eb6:	07db      	lsls	r3, r3, #31
10004eb8:	d5ca      	bpl.n	10004e50 <tud_cdc_n_write_flush+0xc>
10004eba:	be00      	bkpt	0x0000
10004ebc:	e7c8      	b.n	10004e50 <tud_cdc_n_write_flush+0xc>
10004ebe:	f7ff fdc5 	bl	10004a4c <usbd_edpt_release>
10004ec2:	e7c5      	b.n	10004e50 <tud_cdc_n_write_flush+0xc>
10004ec4:	4620      	mov	r0, r4
10004ec6:	e7c4      	b.n	10004e52 <tud_cdc_n_write_flush+0xe>
10004ec8:	20001e84 	.word	0x20001e84
10004ecc:	20001ec8 	.word	0x20001ec8

10004ed0 <tud_cdc_n_write>:
10004ed0:	b538      	push	{r3, r4, r5, lr}
10004ed2:	f64f 75ff 	movw	r5, #65535	@ 0xffff
10004ed6:	23c8      	movs	r3, #200	@ 0xc8
10004ed8:	42aa      	cmp	r2, r5
10004eda:	bf28      	it	cs
10004edc:	462a      	movcs	r2, r5
10004ede:	4c0b      	ldr	r4, [pc, #44]	@ (10004f0c <tud_cdc_n_write+0x3c>)
10004ee0:	b292      	uxth	r2, r2
10004ee2:	fb03 4400 	mla	r4, r3, r0, r4
10004ee6:	4605      	mov	r5, r0
10004ee8:	4620      	mov	r0, r4
10004eea:	f000 fe0f 	bl	10005b0c <tu_fifo_write_n>
10004eee:	4603      	mov	r3, r0
10004ef0:	4620      	mov	r0, r4
10004ef2:	461c      	mov	r4, r3
10004ef4:	f000 fcd6 	bl	100058a4 <tu_fifo_count>
10004ef8:	283f      	cmp	r0, #63	@ 0x3f
10004efa:	d801      	bhi.n	10004f00 <tud_cdc_n_write+0x30>
10004efc:	4620      	mov	r0, r4
10004efe:	bd38      	pop	{r3, r4, r5, pc}
10004f00:	4628      	mov	r0, r5
10004f02:	f7ff ff9f 	bl	10004e44 <tud_cdc_n_write_flush>
10004f06:	4620      	mov	r0, r4
10004f08:	bd38      	pop	{r3, r4, r5, pc}
10004f0a:	bf00      	nop
10004f0c:	20001eec 	.word	0x20001eec

10004f10 <tud_cdc_n_write_available>:
10004f10:	22c8      	movs	r2, #200	@ 0xc8
10004f12:	b508      	push	{r3, lr}
10004f14:	4b02      	ldr	r3, [pc, #8]	@ (10004f20 <tud_cdc_n_write_available+0x10>)
10004f16:	fb02 3000 	mla	r0, r2, r0, r3
10004f1a:	f000 fcdd 	bl	100058d8 <tu_fifo_remaining>
10004f1e:	bd08      	pop	{r3, pc}
10004f20:	20001eec 	.word	0x20001eec

10004f24 <cdcd_init>:
10004f24:	b5f0      	push	{r4, r5, r6, r7, lr}
10004f26:	2400      	movs	r4, #0
10004f28:	b083      	sub	sp, #12
10004f2a:	22c8      	movs	r2, #200	@ 0xc8
10004f2c:	2100      	movs	r1, #0
10004f2e:	4817      	ldr	r0, [pc, #92]	@ (10004f8c <cdcd_init+0x68>)
10004f30:	f002 fe74 	bl	10007c1c <memset>
10004f34:	23ff      	movs	r3, #255	@ 0xff
10004f36:	f44f 31e1 	mov.w	r1, #115200	@ 0x1c200
10004f3a:	2208      	movs	r2, #8
10004f3c:	4814      	ldr	r0, [pc, #80]	@ (10004f90 <cdcd_init+0x6c>)
10004f3e:	7004      	strb	r4, [r0, #0]
10004f40:	4812      	ldr	r0, [pc, #72]	@ (10004f8c <cdcd_init+0x68>)
10004f42:	9400      	str	r4, [sp, #0]
10004f44:	4607      	mov	r7, r0
10004f46:	7143      	strb	r3, [r0, #5]
10004f48:	6081      	str	r1, [r0, #8]
10004f4a:	7382      	strb	r2, [r0, #14]
10004f4c:	f100 0138 	add.w	r1, r0, #56	@ 0x38
10004f50:	2301      	movs	r3, #1
10004f52:	2240      	movs	r2, #64	@ 0x40
10004f54:	3010      	adds	r0, #16
10004f56:	f000 fc75 	bl	10005844 <tu_fifo_config>
10004f5a:	2301      	movs	r3, #1
10004f5c:	2240      	movs	r2, #64	@ 0x40
10004f5e:	f107 0178 	add.w	r1, r7, #120	@ 0x78
10004f62:	9300      	str	r3, [sp, #0]
10004f64:	f107 06b8 	add.w	r6, r7, #184	@ 0xb8
10004f68:	f107 0024 	add.w	r0, r7, #36	@ 0x24
10004f6c:	f000 fc6a 	bl	10005844 <tu_fifo_config>
10004f70:	f107 05c0 	add.w	r5, r7, #192	@ 0xc0
10004f74:	4630      	mov	r0, r6
10004f76:	f7fb fd6b 	bl	10000a50 <mutex_init>
10004f7a:	4628      	mov	r0, r5
10004f7c:	f7fb fd68 	bl	10000a50 <mutex_init>
10004f80:	e9c7 4607 	strd	r4, r6, [r7, #28]
10004f84:	e9c7 540c 	strd	r5, r4, [r7, #48]	@ 0x30
10004f88:	b003      	add	sp, #12
10004f8a:	bdf0      	pop	{r4, r5, r6, r7, pc}
10004f8c:	20001ec8 	.word	0x20001ec8
10004f90:	20001ec4 	.word	0x20001ec4

10004f94 <cdcd_deinit>:
10004f94:	4a0a      	ldr	r2, [pc, #40]	@ (10004fc0 <cdcd_deinit+0x2c>)
10004f96:	6b11      	ldr	r1, [r2, #48]	@ 0x30
10004f98:	6a13      	ldr	r3, [r2, #32]
10004f9a:	b161      	cbz	r1, 10004fb6 <cdcd_deinit+0x22>
10004f9c:	b13b      	cbz	r3, 10004fae <cdcd_deinit+0x1a>
10004f9e:	2300      	movs	r3, #0
10004fa0:	e9c2 330c 	strd	r3, r3, [r2, #48]	@ 0x30
10004fa4:	61d3      	str	r3, [r2, #28]
10004fa6:	2300      	movs	r3, #0
10004fa8:	6213      	str	r3, [r2, #32]
10004faa:	2001      	movs	r0, #1
10004fac:	4770      	bx	lr
10004fae:	2001      	movs	r0, #1
10004fb0:	e9c2 330c 	strd	r3, r3, [r2, #48]	@ 0x30
10004fb4:	4770      	bx	lr
10004fb6:	2b00      	cmp	r3, #0
10004fb8:	d0f7      	beq.n	10004faa <cdcd_deinit+0x16>
10004fba:	61d1      	str	r1, [r2, #28]
10004fbc:	e7f3      	b.n	10004fa6 <cdcd_deinit+0x12>
10004fbe:	bf00      	nop
10004fc0:	20001ec8 	.word	0x20001ec8

10004fc4 <cdcd_reset>:
10004fc4:	2200      	movs	r2, #0
10004fc6:	b510      	push	{r4, lr}
10004fc8:	4c0e      	ldr	r4, [pc, #56]	@ (10005004 <cdcd_reset+0x40>)
10004fca:	480f      	ldr	r0, [pc, #60]	@ (10005008 <cdcd_reset+0x44>)
10004fcc:	7823      	ldrb	r3, [r4, #0]
10004fce:	6002      	str	r2, [r0, #0]
10004fd0:	7102      	strb	r2, [r0, #4]
10004fd2:	07da      	lsls	r2, r3, #31
10004fd4:	d507      	bpl.n	10004fe6 <cdcd_reset+0x22>
10004fd6:	079b      	lsls	r3, r3, #30
10004fd8:	d50b      	bpl.n	10004ff2 <cdcd_reset+0x2e>
10004fda:	e8bd 4010 	ldmia.w	sp!, {r4, lr}
10004fde:	2101      	movs	r1, #1
10004fe0:	480a      	ldr	r0, [pc, #40]	@ (1000500c <cdcd_reset+0x48>)
10004fe2:	f000 be5d 	b.w	10005ca0 <tu_fifo_set_overwritable>
10004fe6:	3010      	adds	r0, #16
10004fe8:	f000 fe3e 	bl	10005c68 <tu_fifo_clear>
10004fec:	7823      	ldrb	r3, [r4, #0]
10004fee:	079b      	lsls	r3, r3, #30
10004ff0:	d4f3      	bmi.n	10004fda <cdcd_reset+0x16>
10004ff2:	4806      	ldr	r0, [pc, #24]	@ (1000500c <cdcd_reset+0x48>)
10004ff4:	f000 fe38 	bl	10005c68 <tu_fifo_clear>
10004ff8:	e8bd 4010 	ldmia.w	sp!, {r4, lr}
10004ffc:	2101      	movs	r1, #1
10004ffe:	4803      	ldr	r0, [pc, #12]	@ (1000500c <cdcd_reset+0x48>)
10005000:	f000 be4e 	b.w	10005ca0 <tu_fifo_set_overwritable>
10005004:	20001ec4 	.word	0x20001ec4
10005008:	20001ec8 	.word	0x20001ec8
1000500c:	20001eec 	.word	0x20001eec

10005010 <cdcd_open>:
10005010:	b5f0      	push	{r4, r5, r6, r7, lr}
10005012:	794b      	ldrb	r3, [r1, #5]
10005014:	b083      	sub	sp, #12
10005016:	2b02      	cmp	r3, #2
10005018:	d102      	bne.n	10005020 <cdcd_open+0x10>
1000501a:	798b      	ldrb	r3, [r1, #6]
1000501c:	2b02      	cmp	r3, #2
1000501e:	d003      	beq.n	10005028 <cdcd_open+0x18>
10005020:	2500      	movs	r5, #0
10005022:	4628      	mov	r0, r5
10005024:	b003      	add	sp, #12
10005026:	bdf0      	pop	{r4, r5, r6, r7, pc}
10005028:	4f27      	ldr	r7, [pc, #156]	@ (100050c8 <cdcd_open+0xb8>)
1000502a:	78bb      	ldrb	r3, [r7, #2]
1000502c:	b13b      	cbz	r3, 1000503e <cdcd_open+0x2e>
1000502e:	f04f 23e0 	mov.w	r3, #3758153728	@ 0xe000e000
10005032:	f8d3 3df0 	ldr.w	r3, [r3, #3568]	@ 0xdf0
10005036:	07db      	lsls	r3, r3, #31
10005038:	d5f2      	bpl.n	10005020 <cdcd_open+0x10>
1000503a:	be00      	bkpt	0x0000
1000503c:	e7f0      	b.n	10005020 <cdcd_open+0x10>
1000503e:	788b      	ldrb	r3, [r1, #2]
10005040:	4606      	mov	r6, r0
10005042:	703b      	strb	r3, [r7, #0]
10005044:	780b      	ldrb	r3, [r1, #0]
10005046:	18cc      	adds	r4, r1, r3
10005048:	7861      	ldrb	r1, [r4, #1]
1000504a:	2924      	cmp	r1, #36	@ 0x24
1000504c:	bf08      	it	eq
1000504e:	2509      	moveq	r5, #9
10005050:	d007      	beq.n	10005062 <cdcd_open+0x52>
10005052:	e036      	b.n	100050c2 <cdcd_open+0xb2>
10005054:	7823      	ldrb	r3, [r4, #0]
10005056:	441c      	add	r4, r3
10005058:	7861      	ldrb	r1, [r4, #1]
1000505a:	442b      	add	r3, r5
1000505c:	2924      	cmp	r1, #36	@ 0x24
1000505e:	b29d      	uxth	r5, r3
10005060:	d107      	bne.n	10005072 <cdcd_open+0x62>
10005062:	42aa      	cmp	r2, r5
10005064:	d2f6      	bcs.n	10005054 <cdcd_open+0x44>
10005066:	2000      	movs	r0, #0
10005068:	f7ff fe4a 	bl	10004d00 <_prep_out_transaction.isra.0>
1000506c:	4628      	mov	r0, r5
1000506e:	b003      	add	sp, #12
10005070:	bdf0      	pop	{r4, r5, r6, r7, pc}
10005072:	460b      	mov	r3, r1
10005074:	2905      	cmp	r1, #5
10005076:	d016      	beq.n	100050a6 <cdcd_open+0x96>
10005078:	2b04      	cmp	r3, #4
1000507a:	d1f4      	bne.n	10005066 <cdcd_open+0x56>
1000507c:	7963      	ldrb	r3, [r4, #5]
1000507e:	2b0a      	cmp	r3, #10
10005080:	d1f1      	bne.n	10005066 <cdcd_open+0x56>
10005082:	4b12      	ldr	r3, [pc, #72]	@ (100050cc <cdcd_open+0xbc>)
10005084:	7827      	ldrb	r7, [r4, #0]
10005086:	9301      	str	r3, [sp, #4]
10005088:	3301      	adds	r3, #1
1000508a:	9300      	str	r3, [sp, #0]
1000508c:	2302      	movs	r3, #2
1000508e:	4630      	mov	r0, r6
10005090:	461a      	mov	r2, r3
10005092:	19e1      	adds	r1, r4, r7
10005094:	f7ff fc58 	bl	10004948 <usbd_open_edpt_pair>
10005098:	2800      	cmp	r0, #0
1000509a:	d0c8      	beq.n	1000502e <cdcd_open+0x1e>
1000509c:	350e      	adds	r5, #14
1000509e:	fa17 f585 	uxtah	r5, r7, r5
100050a2:	b2ad      	uxth	r5, r5
100050a4:	e7df      	b.n	10005066 <cdcd_open+0x56>
100050a6:	4621      	mov	r1, r4
100050a8:	4630      	mov	r0, r6
100050aa:	f7ff fc9b 	bl	100049e4 <usbd_edpt_open>
100050ae:	2800      	cmp	r0, #0
100050b0:	d0bd      	beq.n	1000502e <cdcd_open+0x1e>
100050b2:	78a3      	ldrb	r3, [r4, #2]
100050b4:	707b      	strb	r3, [r7, #1]
100050b6:	7823      	ldrb	r3, [r4, #0]
100050b8:	195a      	adds	r2, r3, r5
100050ba:	441c      	add	r4, r3
100050bc:	7863      	ldrb	r3, [r4, #1]
100050be:	b295      	uxth	r5, r2
100050c0:	e7da      	b.n	10005078 <cdcd_open+0x68>
100050c2:	460b      	mov	r3, r1
100050c4:	2509      	movs	r5, #9
100050c6:	e7d5      	b.n	10005074 <cdcd_open+0x64>
100050c8:	20001ec8 	.word	0x20001ec8
100050cc:	20001eca 	.word	0x20001eca

100050d0 <cdcd_control_xfer_cb>:
100050d0:	7813      	ldrb	r3, [r2, #0]
100050d2:	f003 0360 	and.w	r3, r3, #96	@ 0x60
100050d6:	2b20      	cmp	r3, #32
100050d8:	d108      	bne.n	100050ec <cdcd_control_xfer_cb+0x1c>
100050da:	b570      	push	{r4, r5, r6, lr}
100050dc:	4c26      	ldr	r4, [pc, #152]	@ (10005178 <cdcd_control_xfer_cb+0xa8>)
100050de:	8893      	ldrh	r3, [r2, #4]
100050e0:	f894 c000 	ldrb.w	ip, [r4]
100050e4:	459c      	cmp	ip, r3
100050e6:	d003      	beq.n	100050f0 <cdcd_control_xfer_cb+0x20>
100050e8:	2000      	movs	r0, #0
100050ea:	bd70      	pop	{r4, r5, r6, pc}
100050ec:	2000      	movs	r0, #0
100050ee:	4770      	bx	lr
100050f0:	7853      	ldrb	r3, [r2, #1]
100050f2:	3b20      	subs	r3, #32
100050f4:	2b03      	cmp	r3, #3
100050f6:	d8f7      	bhi.n	100050e8 <cdcd_control_xfer_cb+0x18>
100050f8:	e8df f003 	tbb	[pc, r3]
100050fc:	020d2327 	.word	0x020d2327
10005100:	2901      	cmp	r1, #1
10005102:	d02e      	beq.n	10005162 <cdcd_control_xfer_cb+0x92>
10005104:	2903      	cmp	r1, #3
10005106:	d11e      	bne.n	10005146 <cdcd_control_xfer_cb+0x76>
10005108:	4b1c      	ldr	r3, [pc, #112]	@ (1000517c <cdcd_control_xfer_cb+0xac>)
1000510a:	b1e3      	cbz	r3, 10005146 <cdcd_control_xfer_cb+0x76>
1000510c:	2000      	movs	r0, #0
1000510e:	8851      	ldrh	r1, [r2, #2]
10005110:	f3af 8000 	nop.w
10005114:	e017      	b.n	10005146 <cdcd_control_xfer_cb+0x76>
10005116:	2901      	cmp	r1, #1
10005118:	d023      	beq.n	10005162 <cdcd_control_xfer_cb+0x92>
1000511a:	2903      	cmp	r1, #3
1000511c:	d113      	bne.n	10005146 <cdcd_control_xfer_cb+0x76>
1000511e:	8855      	ldrh	r5, [r2, #2]
10005120:	4817      	ldr	r0, [pc, #92]	@ (10005180 <cdcd_control_xfer_cb+0xb0>)
10005122:	f005 0601 	and.w	r6, r5, #1
10005126:	f086 0101 	eor.w	r1, r6, #1
1000512a:	7125      	strb	r5, [r4, #4]
1000512c:	f000 fdb8 	bl	10005ca0 <tu_fifo_set_overwritable>
10005130:	4b14      	ldr	r3, [pc, #80]	@ (10005184 <cdcd_control_xfer_cb+0xb4>)
10005132:	b143      	cbz	r3, 10005146 <cdcd_control_xfer_cb+0x76>
10005134:	4631      	mov	r1, r6
10005136:	2000      	movs	r0, #0
10005138:	f3c5 0240 	ubfx	r2, r5, #1, #1
1000513c:	f3af 8000 	nop.w
10005140:	e001      	b.n	10005146 <cdcd_control_xfer_cb+0x76>
10005142:	2901      	cmp	r1, #1
10005144:	d011      	beq.n	1000516a <cdcd_control_xfer_cb+0x9a>
10005146:	2001      	movs	r0, #1
10005148:	bd70      	pop	{r4, r5, r6, pc}
1000514a:	2901      	cmp	r1, #1
1000514c:	d00d      	beq.n	1000516a <cdcd_control_xfer_cb+0x9a>
1000514e:	2903      	cmp	r1, #3
10005150:	d1f9      	bne.n	10005146 <cdcd_control_xfer_cb+0x76>
10005152:	4b0d      	ldr	r3, [pc, #52]	@ (10005188 <cdcd_control_xfer_cb+0xb8>)
10005154:	2b00      	cmp	r3, #0
10005156:	d0f6      	beq.n	10005146 <cdcd_control_xfer_cb+0x76>
10005158:	2000      	movs	r0, #0
1000515a:	490c      	ldr	r1, [pc, #48]	@ (1000518c <cdcd_control_xfer_cb+0xbc>)
1000515c:	f7fe faac 	bl	100036b8 <tud_cdc_line_coding_cb>
10005160:	e7f1      	b.n	10005146 <cdcd_control_xfer_cb+0x76>
10005162:	4611      	mov	r1, r2
10005164:	f7ff fcbc 	bl	10004ae0 <tud_control_status>
10005168:	e7ed      	b.n	10005146 <cdcd_control_xfer_cb+0x76>
1000516a:	4611      	mov	r1, r2
1000516c:	2307      	movs	r3, #7
1000516e:	4a07      	ldr	r2, [pc, #28]	@ (1000518c <cdcd_control_xfer_cb+0xbc>)
10005170:	f7ff fcd0 	bl	10004b14 <tud_control_xfer>
10005174:	e7e7      	b.n	10005146 <cdcd_control_xfer_cb+0x76>
10005176:	bf00      	nop
10005178:	20001ec8 	.word	0x20001ec8
1000517c:	00000000 	.word	0x00000000
10005180:	20001eec 	.word	0x20001eec
10005184:	00000000 	.word	0x00000000
10005188:	100036b9 	.word	0x100036b9
1000518c:	20001ed0 	.word	0x20001ed0

10005190 <cdcd_xfer_cb>:
10005190:	e92d 43f8 	stmdb	sp!, {r3, r4, r5, r6, r7, r8, r9, lr}
10005194:	4e35      	ldr	r6, [pc, #212]	@ (1000526c <cdcd_xfer_cb+0xdc>)
10005196:	460c      	mov	r4, r1
10005198:	78f2      	ldrb	r2, [r6, #3]
1000519a:	4607      	mov	r7, r0
1000519c:	428a      	cmp	r2, r1
1000519e:	461d      	mov	r5, r3
100051a0:	d03d      	beq.n	1000521e <cdcd_xfer_cb+0x8e>
100051a2:	78b3      	ldrb	r3, [r6, #2]
100051a4:	428b      	cmp	r3, r1
100051a6:	d012      	beq.n	100051ce <cdcd_xfer_cb+0x3e>
100051a8:	f04f 23e0 	mov.w	r3, #3758153728	@ 0xe000e000
100051ac:	f8d3 3df0 	ldr.w	r3, [r3, #3568]	@ 0xdf0
100051b0:	07db      	lsls	r3, r3, #31
100051b2:	d432      	bmi.n	1000521a <cdcd_xfer_cb+0x8a>
100051b4:	2000      	movs	r0, #0
100051b6:	e8bd 83f8 	ldmia.w	sp!, {r3, r4, r5, r6, r7, r8, r9, pc}
100051ba:	4b2d      	ldr	r3, [pc, #180]	@ (10005270 <cdcd_xfer_cb+0xe0>)
100051bc:	b123      	cbz	r3, 100051c8 <cdcd_xfer_cb+0x38>
100051be:	482d      	ldr	r0, [pc, #180]	@ (10005274 <cdcd_xfer_cb+0xe4>)
100051c0:	f000 fb80 	bl	100058c4 <tu_fifo_empty>
100051c4:	2800      	cmp	r0, #0
100051c6:	d04d      	beq.n	10005264 <cdcd_xfer_cb+0xd4>
100051c8:	2000      	movs	r0, #0
100051ca:	f7ff fd99 	bl	10004d00 <_prep_out_transaction.isra.0>
100051ce:	78b3      	ldrb	r3, [r6, #2]
100051d0:	42a3      	cmp	r3, r4
100051d2:	d001      	beq.n	100051d8 <cdcd_xfer_cb+0x48>
100051d4:	2001      	movs	r0, #1
100051d6:	e7ee      	b.n	100051b6 <cdcd_xfer_cb+0x26>
100051d8:	4b27      	ldr	r3, [pc, #156]	@ (10005278 <cdcd_xfer_cb+0xe8>)
100051da:	b113      	cbz	r3, 100051e2 <cdcd_xfer_cb+0x52>
100051dc:	2000      	movs	r0, #0
100051de:	f3af 8000 	nop.w
100051e2:	2000      	movs	r0, #0
100051e4:	f7ff fe2e 	bl	10004e44 <tud_cdc_n_write_flush>
100051e8:	2800      	cmp	r0, #0
100051ea:	d1f3      	bne.n	100051d4 <cdcd_xfer_cb+0x44>
100051ec:	4823      	ldr	r0, [pc, #140]	@ (1000527c <cdcd_xfer_cb+0xec>)
100051ee:	f000 fb59 	bl	100058a4 <tu_fifo_count>
100051f2:	2800      	cmp	r0, #0
100051f4:	d1ee      	bne.n	100051d4 <cdcd_xfer_cb+0x44>
100051f6:	2d00      	cmp	r5, #0
100051f8:	d0ec      	beq.n	100051d4 <cdcd_xfer_cb+0x44>
100051fa:	f015 053f 	ands.w	r5, r5, #63	@ 0x3f
100051fe:	d1e9      	bne.n	100051d4 <cdcd_xfer_cb+0x44>
10005200:	4638      	mov	r0, r7
10005202:	78b1      	ldrb	r1, [r6, #2]
10005204:	f7ff fc10 	bl	10004a28 <usbd_edpt_claim>
10005208:	2800      	cmp	r0, #0
1000520a:	d0e3      	beq.n	100051d4 <cdcd_xfer_cb+0x44>
1000520c:	462b      	mov	r3, r5
1000520e:	462a      	mov	r2, r5
10005210:	4638      	mov	r0, r7
10005212:	78b1      	ldrb	r1, [r6, #2]
10005214:	f7ff fc2c 	bl	10004a70 <usbd_edpt_xfer>
10005218:	e7dc      	b.n	100051d4 <cdcd_xfer_cb+0x44>
1000521a:	be00      	bkpt	0x0000
1000521c:	e7ca      	b.n	100051b4 <cdcd_xfer_cb+0x24>
1000521e:	b29a      	uxth	r2, r3
10005220:	4917      	ldr	r1, [pc, #92]	@ (10005280 <cdcd_xfer_cb+0xf0>)
10005222:	f106 0010 	add.w	r0, r6, #16
10005226:	f000 fc71 	bl	10005b0c <tu_fifo_write_n>
1000522a:	4b16      	ldr	r3, [pc, #88]	@ (10005284 <cdcd_xfer_cb+0xf4>)
1000522c:	2b00      	cmp	r3, #0
1000522e:	d0c4      	beq.n	100051ba <cdcd_xfer_cb+0x2a>
10005230:	7973      	ldrb	r3, [r6, #5]
10005232:	2bff      	cmp	r3, #255	@ 0xff
10005234:	d0c1      	beq.n	100051ba <cdcd_xfer_cb+0x2a>
10005236:	2d00      	cmp	r5, #0
10005238:	d0bf      	beq.n	100051ba <cdcd_xfer_cb+0x2a>
1000523a:	f8df 8044 	ldr.w	r8, [pc, #68]	@ 10005280 <cdcd_xfer_cb+0xf0>
1000523e:	eb08 0905 	add.w	r9, r8, r5
10005242:	e002      	b.n	1000524a <cdcd_xfer_cb+0xba>
10005244:	45c8      	cmp	r8, r9
10005246:	d0b8      	beq.n	100051ba <cdcd_xfer_cb+0x2a>
10005248:	7973      	ldrb	r3, [r6, #5]
1000524a:	f818 2b01 	ldrb.w	r2, [r8], #1
1000524e:	429a      	cmp	r2, r3
10005250:	d1f8      	bne.n	10005244 <cdcd_xfer_cb+0xb4>
10005252:	4808      	ldr	r0, [pc, #32]	@ (10005274 <cdcd_xfer_cb+0xe4>)
10005254:	f000 fb36 	bl	100058c4 <tu_fifo_empty>
10005258:	2800      	cmp	r0, #0
1000525a:	d1f3      	bne.n	10005244 <cdcd_xfer_cb+0xb4>
1000525c:	7971      	ldrb	r1, [r6, #5]
1000525e:	f3af 8000 	nop.w
10005262:	e7ef      	b.n	10005244 <cdcd_xfer_cb+0xb4>
10005264:	f3af 8000 	nop.w
10005268:	e7ae      	b.n	100051c8 <cdcd_xfer_cb+0x38>
1000526a:	bf00      	nop
1000526c:	20001ec8 	.word	0x20001ec8
10005270:	00000000 	.word	0x00000000
10005274:	20001ed8 	.word	0x20001ed8
10005278:	00000000 	.word	0x00000000
1000527c:	20001eec 	.word	0x20001eec
10005280:	20001e44 	.word	0x20001e44
10005284:	00000000 	.word	0x00000000

10005288 <vendord_init>:
10005288:	b5f0      	push	{r4, r5, r6, r7, lr}
1000528a:	f44f 7213 	mov.w	r2, #588	@ 0x24c
1000528e:	b085      	sub	sp, #20
10005290:	2100      	movs	r1, #0
10005292:	4812      	ldr	r0, [pc, #72]	@ (100052dc <vendord_init+0x54>)
10005294:	f002 fcc2 	bl	10007c1c <memset>
10005298:	2640      	movs	r6, #64	@ 0x40
1000529a:	2300      	movs	r3, #0
1000529c:	f44f 7580 	mov.w	r5, #256	@ 0x100
100052a0:	4f0e      	ldr	r7, [pc, #56]	@ (100052dc <vendord_init+0x54>)
100052a2:	4c0f      	ldr	r4, [pc, #60]	@ (100052e0 <vendord_init+0x58>)
100052a4:	f507 72a6 	add.w	r2, r7, #332	@ 0x14c
100052a8:	4619      	mov	r1, r3
100052aa:	e9cd 4602 	strd	r4, r6, [sp, #8]
100052ae:	9200      	str	r2, [sp, #0]
100052b0:	9501      	str	r5, [sp, #4]
100052b2:	461a      	mov	r2, r3
100052b4:	f507 7094 	add.w	r0, r7, #296	@ 0x128
100052b8:	f000 f9c6 	bl	10005648 <tu_edpt_stream_init>
100052bc:	2300      	movs	r3, #0
100052be:	4638      	mov	r0, r7
100052c0:	f107 0128 	add.w	r1, r7, #40	@ 0x28
100052c4:	4434      	add	r4, r6
100052c6:	9100      	str	r1, [sp, #0]
100052c8:	2201      	movs	r2, #1
100052ca:	4619      	mov	r1, r3
100052cc:	e9cd 4602 	strd	r4, r6, [sp, #8]
100052d0:	9501      	str	r5, [sp, #4]
100052d2:	3004      	adds	r0, #4
100052d4:	f000 f9b8 	bl	10005648 <tu_edpt_stream_init>
100052d8:	b005      	add	sp, #20
100052da:	bdf0      	pop	{r4, r5, r6, r7, pc}
100052dc:	200021ac 	.word	0x200021ac
100052e0:	2000212c 	.word	0x2000212c

100052e4 <vendord_deinit>:
100052e4:	b508      	push	{r3, lr}
100052e6:	4805      	ldr	r0, [pc, #20]	@ (100052fc <vendord_deinit+0x18>)
100052e8:	f000 f9da 	bl	100056a0 <tu_edpt_stream_deinit>
100052ec:	4b03      	ldr	r3, [pc, #12]	@ (100052fc <vendord_deinit+0x18>)
100052ee:	f5a3 7092 	sub.w	r0, r3, #292	@ 0x124
100052f2:	f000 f9d5 	bl	100056a0 <tu_edpt_stream_deinit>
100052f6:	2001      	movs	r0, #1
100052f8:	bd08      	pop	{r3, pc}
100052fa:	bf00      	nop
100052fc:	200022d4 	.word	0x200022d4

10005300 <vendord_reset>:
10005300:	b538      	push	{r3, r4, r5, lr}
10005302:	2500      	movs	r5, #0
10005304:	4c06      	ldr	r4, [pc, #24]	@ (10005320 <vendord_reset+0x20>)
10005306:	f504 7098 	add.w	r0, r4, #304	@ 0x130
1000530a:	7025      	strb	r5, [r4, #0]
1000530c:	f000 fcac 	bl	10005c68 <tu_fifo_clear>
10005310:	f104 000c 	add.w	r0, r4, #12
10005314:	f000 fca8 	bl	10005c68 <tu_fifo_clear>
10005318:	f884 5129 	strb.w	r5, [r4, #297]	@ 0x129
1000531c:	7165      	strb	r5, [r4, #5]
1000531e:	bd38      	pop	{r3, r4, r5, pc}
10005320:	200021ac 	.word	0x200021ac

10005324 <vendord_open>:
10005324:	e92d 43f8 	stmdb	sp!, {r3, r4, r5, r6, r7, r8, r9, lr}
10005328:	794b      	ldrb	r3, [r1, #5]
1000532a:	2bff      	cmp	r3, #255	@ 0xff
1000532c:	d151      	bne.n	100053d2 <vendord_open+0xae>
1000532e:	4e35      	ldr	r6, [pc, #212]	@ (10005404 <vendord_open+0xe0>)
10005330:	f896 3129 	ldrb.w	r3, [r6, #297]	@ 0x129
10005334:	2b00      	cmp	r3, #0
10005336:	d14c      	bne.n	100053d2 <vendord_open+0xae>
10005338:	f896 8005 	ldrb.w	r8, [r6, #5]
1000533c:	f1b8 0f00 	cmp.w	r8, #0
10005340:	d147      	bne.n	100053d2 <vendord_open+0xae>
10005342:	788b      	ldrb	r3, [r1, #2]
10005344:	780c      	ldrb	r4, [r1, #0]
10005346:	7033      	strb	r3, [r6, #0]
10005348:	790b      	ldrb	r3, [r1, #4]
1000534a:	460f      	mov	r7, r1
1000534c:	440c      	add	r4, r1
1000534e:	b3ab      	cbz	r3, 100053bc <vendord_open+0x98>
10005350:	4681      	mov	r9, r0
10005352:	18a5      	adds	r5, r4, r2
10005354:	e003      	b.n	1000535e <vendord_open+0x3a>
10005356:	42a5      	cmp	r5, r4
10005358:	d930      	bls.n	100053bc <vendord_open+0x98>
1000535a:	7823      	ldrb	r3, [r4, #0]
1000535c:	441c      	add	r4, r3
1000535e:	7863      	ldrb	r3, [r4, #1]
10005360:	2b05      	cmp	r3, #5
10005362:	d1f8      	bne.n	10005356 <vendord_open+0x32>
10005364:	42ac      	cmp	r4, r5
10005366:	d229      	bcs.n	100053bc <vendord_open+0x98>
10005368:	4621      	mov	r1, r4
1000536a:	4648      	mov	r0, r9
1000536c:	f7ff fb3a 	bl	100049e4 <usbd_edpt_open>
10005370:	b340      	cbz	r0, 100053c4 <vendord_open+0xa0>
10005372:	78a3      	ldrb	r3, [r4, #2]
10005374:	09db      	lsrs	r3, r3, #7
10005376:	d12f      	bne.n	100053d8 <vendord_open+0xb4>
10005378:	4823      	ldr	r0, [pc, #140]	@ (10005408 <vendord_open+0xe4>)
1000537a:	f000 fc75 	bl	10005c68 <tu_fifo_clear>
1000537e:	78a3      	ldrb	r3, [r4, #2]
10005380:	f896 2128 	ldrb.w	r2, [r6, #296]	@ 0x128
10005384:	f886 3129 	strb.w	r3, [r6, #297]	@ 0x129
10005388:	88a3      	ldrh	r3, [r4, #4]
1000538a:	4648      	mov	r0, r9
1000538c:	f3c3 030a 	ubfx	r3, r3, #0, #11
10005390:	f5a3 7300 	sub.w	r3, r3, #512	@ 0x200
10005394:	fab3 f383 	clz	r3, r3
10005398:	095b      	lsrs	r3, r3, #5
1000539a:	f363 0241 	bfi	r2, r3, #1, #1
1000539e:	491b      	ldr	r1, [pc, #108]	@ (1000540c <vendord_open+0xe8>)
100053a0:	f886 2128 	strb.w	r2, [r6, #296]	@ 0x128
100053a4:	f000 f9ea 	bl	1000577c <tu_edpt_stream_read_xfer>
100053a8:	b160      	cbz	r0, 100053c4 <vendord_open+0xa0>
100053aa:	7823      	ldrb	r3, [r4, #0]
100053ac:	793a      	ldrb	r2, [r7, #4]
100053ae:	f108 0801 	add.w	r8, r8, #1
100053b2:	441c      	add	r4, r3
100053b4:	fa5f f388 	uxtb.w	r3, r8
100053b8:	429a      	cmp	r2, r3
100053ba:	d8d0      	bhi.n	1000535e <vendord_open+0x3a>
100053bc:	1be1      	subs	r1, r4, r7
100053be:	b288      	uxth	r0, r1
100053c0:	e8bd 83f8 	ldmia.w	sp!, {r3, r4, r5, r6, r7, r8, r9, pc}
100053c4:	f04f 23e0 	mov.w	r3, #3758153728	@ 0xe000e000
100053c8:	f8d3 3df0 	ldr.w	r3, [r3, #3568]	@ 0xdf0
100053cc:	07db      	lsls	r3, r3, #31
100053ce:	d500      	bpl.n	100053d2 <vendord_open+0xae>
100053d0:	be00      	bkpt	0x0000
100053d2:	2000      	movs	r0, #0
100053d4:	e8bd 83f8 	ldmia.w	sp!, {r3, r4, r5, r6, r7, r8, r9, pc}
100053d8:	480d      	ldr	r0, [pc, #52]	@ (10005410 <vendord_open+0xec>)
100053da:	f000 fc45 	bl	10005c68 <tu_fifo_clear>
100053de:	78a3      	ldrb	r3, [r4, #2]
100053e0:	7932      	ldrb	r2, [r6, #4]
100053e2:	7173      	strb	r3, [r6, #5]
100053e4:	88a3      	ldrh	r3, [r4, #4]
100053e6:	490b      	ldr	r1, [pc, #44]	@ (10005414 <vendord_open+0xf0>)
100053e8:	f3c3 030a 	ubfx	r3, r3, #0, #11
100053ec:	f5a3 7300 	sub.w	r3, r3, #512	@ 0x200
100053f0:	fab3 f383 	clz	r3, r3
100053f4:	095b      	lsrs	r3, r3, #5
100053f6:	f363 0241 	bfi	r2, r3, #1, #1
100053fa:	2000      	movs	r0, #0
100053fc:	7132      	strb	r2, [r6, #4]
100053fe:	f000 f985 	bl	1000570c <tu_edpt_stream_write_xfer>
10005402:	e7d2      	b.n	100053aa <vendord_open+0x86>
10005404:	200021ac 	.word	0x200021ac
10005408:	200022dc 	.word	0x200022dc
1000540c:	200022d4 	.word	0x200022d4
10005410:	200021b8 	.word	0x200021b8
10005414:	200021b0 	.word	0x200021b0

10005418 <vendord_xfer_cb>:
10005418:	b570      	push	{r4, r5, r6, lr}
1000541a:	4c1b      	ldr	r4, [pc, #108]	@ (10005488 <vendord_xfer_cb+0x70>)
1000541c:	4606      	mov	r6, r0
1000541e:	f894 c129 	ldrb.w	ip, [r4, #297]	@ 0x129
10005422:	461d      	mov	r5, r3
10005424:	458c      	cmp	ip, r1
10005426:	d011      	beq.n	1000544c <vendord_xfer_cb+0x34>
10005428:	7963      	ldrb	r3, [r4, #5]
1000542a:	428b      	cmp	r3, r1
1000542c:	d001      	beq.n	10005432 <vendord_xfer_cb+0x1a>
1000542e:	2000      	movs	r0, #0
10005430:	bd70      	pop	{r4, r5, r6, pc}
10005432:	4b16      	ldr	r3, [pc, #88]	@ (1000548c <vendord_xfer_cb+0x74>)
10005434:	b11b      	cbz	r3, 1000543e <vendord_xfer_cb+0x26>
10005436:	2000      	movs	r0, #0
10005438:	b2a9      	uxth	r1, r5
1000543a:	f3af 8000 	nop.w
1000543e:	4630      	mov	r0, r6
10005440:	4913      	ldr	r1, [pc, #76]	@ (10005490 <vendord_xfer_cb+0x78>)
10005442:	f000 f963 	bl	1000570c <tu_edpt_stream_write_xfer>
10005446:	b1c8      	cbz	r0, 1000547c <vendord_xfer_cb+0x64>
10005448:	2001      	movs	r0, #1
1000544a:	bd70      	pop	{r4, r5, r6, pc}
1000544c:	f8b4 3134 	ldrh.w	r3, [r4, #308]	@ 0x134
10005450:	b963      	cbnz	r3, 1000546c <vendord_xfer_cb+0x54>
10005452:	4b10      	ldr	r3, [pc, #64]	@ (10005494 <vendord_xfer_cb+0x7c>)
10005454:	b123      	cbz	r3, 10005460 <vendord_xfer_cb+0x48>
10005456:	2000      	movs	r0, #0
10005458:	490f      	ldr	r1, [pc, #60]	@ (10005498 <vendord_xfer_cb+0x80>)
1000545a:	b2aa      	uxth	r2, r5
1000545c:	f3af 8000 	nop.w
10005460:	4630      	mov	r0, r6
10005462:	490e      	ldr	r1, [pc, #56]	@ (1000549c <vendord_xfer_cb+0x84>)
10005464:	f000 f98a 	bl	1000577c <tu_edpt_stream_read_xfer>
10005468:	2001      	movs	r0, #1
1000546a:	e7ee      	b.n	1000544a <vendord_xfer_cb+0x32>
1000546c:	f8d4 112c 	ldr.w	r1, [r4, #300]	@ 0x12c
10005470:	b2aa      	uxth	r2, r5
10005472:	f504 7098 	add.w	r0, r4, #304	@ 0x130
10005476:	f000 fb49 	bl	10005b0c <tu_fifo_write_n>
1000547a:	e7ea      	b.n	10005452 <vendord_xfer_cb+0x3a>
1000547c:	462a      	mov	r2, r5
1000547e:	4630      	mov	r0, r6
10005480:	4903      	ldr	r1, [pc, #12]	@ (10005490 <vendord_xfer_cb+0x78>)
10005482:	f000 f90f 	bl	100056a4 <tu_edpt_stream_write_zlp_if_needed>
10005486:	e7df      	b.n	10005448 <vendord_xfer_cb+0x30>
10005488:	200021ac 	.word	0x200021ac
1000548c:	00000000 	.word	0x00000000
10005490:	200021b0 	.word	0x200021b0
10005494:	00000000 	.word	0x00000000
10005498:	2000212c 	.word	0x2000212c
1000549c:	200022d4 	.word	0x200022d4

100054a0 <tusb_rhport_init>:
100054a0:	b510      	push	{r4, lr}
100054a2:	b082      	sub	sp, #8
100054a4:	b1c9      	cbz	r1, 100054da <tusb_rhport_init+0x3a>
100054a6:	2801      	cmp	r0, #1
100054a8:	d80c      	bhi.n	100054c4 <tusb_rhport_init+0x24>
100054aa:	780b      	ldrb	r3, [r1, #0]
100054ac:	b153      	cbz	r3, 100054c4 <tusb_rhport_init+0x24>
100054ae:	4c14      	ldr	r4, [pc, #80]	@ (10005500 <tusb_rhport_init+0x60>)
100054b0:	2b01      	cmp	r3, #1
100054b2:	5423      	strb	r3, [r4, r0]
100054b4:	d002      	beq.n	100054bc <tusb_rhport_init+0x1c>
100054b6:	2001      	movs	r0, #1
100054b8:	b002      	add	sp, #8
100054ba:	bd10      	pop	{r4, pc}
100054bc:	f7fe fe08 	bl	100040d0 <tud_rhport_init>
100054c0:	2800      	cmp	r0, #0
100054c2:	d1f8      	bne.n	100054b6 <tusb_rhport_init+0x16>
100054c4:	f04f 23e0 	mov.w	r3, #3758153728	@ 0xe000e000
100054c8:	f8d3 3df0 	ldr.w	r3, [r3, #3568]	@ 0xdf0
100054cc:	07db      	lsls	r3, r3, #31
100054ce:	d402      	bmi.n	100054d6 <tusb_rhport_init+0x36>
100054d0:	2000      	movs	r0, #0
100054d2:	b002      	add	sp, #8
100054d4:	bd10      	pop	{r4, pc}
100054d6:	be00      	bkpt	0x0000
100054d8:	e7fa      	b.n	100054d0 <tusb_rhport_init+0x30>
100054da:	2401      	movs	r4, #1
100054dc:	4608      	mov	r0, r1
100054de:	a901      	add	r1, sp, #4
100054e0:	f8ad 4004 	strh.w	r4, [sp, #4]
100054e4:	f7fe fdf4 	bl	100040d0 <tud_rhport_init>
100054e8:	b938      	cbnz	r0, 100054fa <tusb_rhport_init+0x5a>
100054ea:	f04f 23e0 	mov.w	r3, #3758153728	@ 0xe000e000
100054ee:	f8d3 3df0 	ldr.w	r3, [r3, #3568]	@ 0xdf0
100054f2:	07da      	lsls	r2, r3, #31
100054f4:	d5ed      	bpl.n	100054d2 <tusb_rhport_init+0x32>
100054f6:	be00      	bkpt	0x0000
100054f8:	e7eb      	b.n	100054d2 <tusb_rhport_init+0x32>
100054fa:	4b01      	ldr	r3, [pc, #4]	@ (10005500 <tusb_rhport_init+0x60>)
100054fc:	701c      	strb	r4, [r3, #0]
100054fe:	e7e8      	b.n	100054d2 <tusb_rhport_init+0x32>
10005500:	20002004 	.word	0x20002004

10005504 <tu_edpt_claim>:
10005504:	b5f8      	push	{r3, r4, r5, r6, r7, lr}
10005506:	7803      	ldrb	r3, [r0, #0]
10005508:	f013 0401 	ands.w	r4, r3, #1
1000550c:	d11a      	bne.n	10005544 <tu_edpt_claim+0x40>
1000550e:	7803      	ldrb	r3, [r0, #0]
10005510:	4605      	mov	r5, r0
10005512:	075a      	lsls	r2, r3, #29
10005514:	f3c3 0780 	ubfx	r7, r3, #2, #1
10005518:	d501      	bpl.n	1000551e <tu_edpt_claim+0x1a>
1000551a:	4620      	mov	r0, r4
1000551c:	bdf8      	pop	{r3, r4, r5, r6, r7, pc}
1000551e:	460e      	mov	r6, r1
10005520:	f04f 31ff 	mov.w	r1, #4294967295	@ 0xffffffff
10005524:	4630      	mov	r0, r6
10005526:	f002 fde7 	bl	100080f8 <__mutex_enter_timeout_ms_veneer>
1000552a:	782b      	ldrb	r3, [r5, #0]
1000552c:	f013 0401 	ands.w	r4, r3, #1
10005530:	d10b      	bne.n	1000554a <tu_edpt_claim+0x46>
10005532:	782b      	ldrb	r3, [r5, #0]
10005534:	075b      	lsls	r3, r3, #29
10005536:	d409      	bmi.n	1000554c <tu_edpt_claim+0x48>
10005538:	782b      	ldrb	r3, [r5, #0]
1000553a:	2401      	movs	r4, #1
1000553c:	f043 0304 	orr.w	r3, r3, #4
10005540:	702b      	strb	r3, [r5, #0]
10005542:	e003      	b.n	1000554c <tu_edpt_claim+0x48>
10005544:	2400      	movs	r4, #0
10005546:	4620      	mov	r0, r4
10005548:	bdf8      	pop	{r3, r4, r5, r6, r7, pc}
1000554a:	463c      	mov	r4, r7
1000554c:	4630      	mov	r0, r6
1000554e:	f002 fde3 	bl	10008118 <__mutex_exit_veneer>
10005552:	4620      	mov	r0, r4
10005554:	bdf8      	pop	{r3, r4, r5, r6, r7, pc}
10005556:	bf00      	nop

10005558 <tu_edpt_release>:
10005558:	b570      	push	{r4, r5, r6, lr}
1000555a:	460c      	mov	r4, r1
1000555c:	4605      	mov	r5, r0
1000555e:	f04f 31ff 	mov.w	r1, #4294967295	@ 0xffffffff
10005562:	4620      	mov	r0, r4
10005564:	f002 fdc8 	bl	100080f8 <__mutex_enter_timeout_ms_veneer>
10005568:	782b      	ldrb	r3, [r5, #0]
1000556a:	f3c3 0680 	ubfx	r6, r3, #2, #1
1000556e:	075b      	lsls	r3, r3, #29
10005570:	d508      	bpl.n	10005584 <tu_edpt_release+0x2c>
10005572:	782b      	ldrb	r3, [r5, #0]
10005574:	f013 0301 	ands.w	r3, r3, #1
10005578:	bf11      	iteee	ne
1000557a:	2600      	movne	r6, #0
1000557c:	782a      	ldrbeq	r2, [r5, #0]
1000557e:	f363 0282 	bfieq	r2, r3, #2, #1
10005582:	702a      	strbeq	r2, [r5, #0]
10005584:	4620      	mov	r0, r4
10005586:	f002 fdc7 	bl	10008118 <__mutex_exit_veneer>
1000558a:	4630      	mov	r0, r6
1000558c:	bd70      	pop	{r4, r5, r6, pc}
1000558e:	bf00      	nop

10005590 <tu_edpt_validate>:
10005590:	78c3      	ldrb	r3, [r0, #3]
10005592:	8882      	ldrh	r2, [r0, #4]
10005594:	f003 0003 	and.w	r0, r3, #3
10005598:	2802      	cmp	r0, #2
1000559a:	f3c2 020a 	ubfx	r2, r2, #0, #11
1000559e:	d015      	beq.n	100055cc <tu_edpt_validate+0x3c>
100055a0:	2803      	cmp	r0, #3
100055a2:	d00a      	beq.n	100055ba <tu_edpt_validate+0x2a>
100055a4:	2801      	cmp	r0, #1
100055a6:	d11c      	bne.n	100055e2 <tu_edpt_validate+0x52>
100055a8:	2902      	cmp	r1, #2
100055aa:	f240 33ff 	movw	r3, #1023	@ 0x3ff
100055ae:	bf08      	it	eq
100055b0:	f44f 6380 	moveq.w	r3, #1024	@ 0x400
100055b4:	4293      	cmp	r3, r2
100055b6:	d30d      	bcc.n	100055d4 <tu_edpt_validate+0x44>
100055b8:	4770      	bx	lr
100055ba:	2902      	cmp	r1, #2
100055bc:	bf14      	ite	ne
100055be:	2340      	movne	r3, #64	@ 0x40
100055c0:	f44f 6380 	moveq.w	r3, #1024	@ 0x400
100055c4:	4293      	cmp	r3, r2
100055c6:	d305      	bcc.n	100055d4 <tu_edpt_validate+0x44>
100055c8:	2001      	movs	r0, #1
100055ca:	4770      	bx	lr
100055cc:	2902      	cmp	r1, #2
100055ce:	d00a      	beq.n	100055e6 <tu_edpt_validate+0x56>
100055d0:	2a40      	cmp	r2, #64	@ 0x40
100055d2:	d9f9      	bls.n	100055c8 <tu_edpt_validate+0x38>
100055d4:	f04f 23e0 	mov.w	r3, #3758153728	@ 0xe000e000
100055d8:	f8d3 3df0 	ldr.w	r3, [r3, #3568]	@ 0xdf0
100055dc:	07db      	lsls	r3, r3, #31
100055de:	d500      	bpl.n	100055e2 <tu_edpt_validate+0x52>
100055e0:	be00      	bkpt	0x0000
100055e2:	2000      	movs	r0, #0
100055e4:	4770      	bx	lr
100055e6:	f5b2 7f00 	cmp.w	r2, #512	@ 0x200
100055ea:	d0ed      	beq.n	100055c8 <tu_edpt_validate+0x38>
100055ec:	e7f2      	b.n	100055d4 <tu_edpt_validate+0x44>
100055ee:	bf00      	nop

100055f0 <tu_edpt_bind_driver>:
100055f0:	440a      	add	r2, r1
100055f2:	4291      	cmp	r1, r2
100055f4:	d226      	bcs.n	10005644 <tu_edpt_bind_driver+0x54>
100055f6:	f891 c001 	ldrb.w	ip, [r1, #1]
100055fa:	f1bc 0f05 	cmp.w	ip, #5
100055fe:	d005      	beq.n	1000560c <tu_edpt_bind_driver+0x1c>
10005600:	f891 c000 	ldrb.w	ip, [r1]
10005604:	4461      	add	r1, ip
10005606:	428a      	cmp	r2, r1
10005608:	d8f5      	bhi.n	100055f6 <tu_edpt_bind_driver+0x6>
1000560a:	4770      	bx	lr
1000560c:	b500      	push	{lr}
1000560e:	f891 c002 	ldrb.w	ip, [r1, #2]
10005612:	f00c 0e7f 	and.w	lr, ip, #127	@ 0x7f
10005616:	eb00 0e4e 	add.w	lr, r0, lr, lsl #1
1000561a:	ea4f 1cdc 	mov.w	ip, ip, lsr #7
1000561e:	f80e 300c 	strb.w	r3, [lr, ip]
10005622:	f891 c000 	ldrb.w	ip, [r1]
10005626:	4461      	add	r1, ip
10005628:	428a      	cmp	r2, r1
1000562a:	d909      	bls.n	10005640 <tu_edpt_bind_driver+0x50>
1000562c:	f891 c001 	ldrb.w	ip, [r1, #1]
10005630:	f1bc 0f05 	cmp.w	ip, #5
10005634:	d0eb      	beq.n	1000560e <tu_edpt_bind_driver+0x1e>
10005636:	f891 c000 	ldrb.w	ip, [r1]
1000563a:	4461      	add	r1, ip
1000563c:	428a      	cmp	r2, r1
1000563e:	d8f5      	bhi.n	1000562c <tu_edpt_bind_driver+0x3c>
10005640:	f85d fb04 	ldr.w	pc, [sp], #4
10005644:	4770      	bx	lr
10005646:	bf00      	nop

10005648 <tu_edpt_stream_init>:
10005648:	e92d 41f0 	stmdb	sp!, {r4, r5, r6, r7, r8, lr}
1000564c:	468e      	mov	lr, r1
1000564e:	b082      	sub	sp, #8
10005650:	9300      	str	r3, [sp, #0]
10005652:	f890 c000 	ldrb.w	ip, [r0]
10005656:	9e08      	ldr	r6, [sp, #32]
10005658:	f8bd 7024 	ldrh.w	r7, [sp, #36]	@ 0x24
1000565c:	f36e 0c00 	bfi	ip, lr, #0, #1
10005660:	4604      	mov	r4, r0
10005662:	4615      	mov	r5, r2
10005664:	2301      	movs	r3, #1
10005666:	4631      	mov	r1, r6
10005668:	463a      	mov	r2, r7
1000566a:	f800 cb08 	strb.w	ip, [r0], #8
1000566e:	f8bd 802c 	ldrh.w	r8, [sp, #44]	@ 0x2c
10005672:	f000 f8e7 	bl	10005844 <tu_fifo_config>
10005676:	b106      	cbz	r6, 1000567a <tu_edpt_stream_init+0x32>
10005678:	b93f      	cbnz	r7, 1000568a <tu_edpt_stream_init+0x42>
1000567a:	2001      	movs	r0, #1
1000567c:	9b0a      	ldr	r3, [sp, #40]	@ 0x28
1000567e:	f8a4 8002 	strh.w	r8, [r4, #2]
10005682:	6063      	str	r3, [r4, #4]
10005684:	b002      	add	sp, #8
10005686:	e8bd 81f0 	ldmia.w	sp!, {r4, r5, r6, r7, r8, pc}
1000568a:	f104 061c 	add.w	r6, r4, #28
1000568e:	4630      	mov	r0, r6
10005690:	f7fb f9de 	bl	10000a50 <mutex_init>
10005694:	b10d      	cbz	r5, 1000569a <tu_edpt_stream_init+0x52>
10005696:	4635      	mov	r5, r6
10005698:	2600      	movs	r6, #0
1000569a:	e9c4 5605 	strd	r5, r6, [r4, #20]
1000569e:	e7ec      	b.n	1000567a <tu_edpt_stream_init+0x32>

100056a0 <tu_edpt_stream_deinit>:
100056a0:	2001      	movs	r0, #1
100056a2:	4770      	bx	lr

100056a4 <tu_edpt_stream_write_zlp_if_needed>:
100056a4:	b5f8      	push	{r3, r4, r5, r6, r7, lr}
100056a6:	4607      	mov	r7, r0
100056a8:	4608      	mov	r0, r1
100056aa:	f240 13ff 	movw	r3, #511	@ 0x1ff
100056ae:	4615      	mov	r5, r2
100056b0:	f810 2b08 	ldrb.w	r2, [r0], #8
100056b4:	460c      	mov	r4, r1
100056b6:	f012 0f02 	tst.w	r2, #2
100056ba:	bf0c      	ite	eq
100056bc:	263f      	moveq	r6, #63	@ 0x3f
100056be:	461e      	movne	r6, r3
100056c0:	f000 f8f0 	bl	100058a4 <tu_fifo_count>
100056c4:	b928      	cbnz	r0, 100056d2 <tu_edpt_stream_write_zlp_if_needed+0x2e>
100056c6:	b125      	cbz	r5, 100056d2 <tu_edpt_stream_write_zlp_if_needed+0x2e>
100056c8:	422e      	tst	r6, r5
100056ca:	d102      	bne.n	100056d2 <tu_edpt_stream_write_zlp_if_needed+0x2e>
100056cc:	7823      	ldrb	r3, [r4, #0]
100056ce:	07da      	lsls	r2, r3, #31
100056d0:	d501      	bpl.n	100056d6 <tu_edpt_stream_write_zlp_if_needed+0x32>
100056d2:	2000      	movs	r0, #0
100056d4:	bdf8      	pop	{r3, r4, r5, r6, r7, pc}
100056d6:	4638      	mov	r0, r7
100056d8:	7861      	ldrb	r1, [r4, #1]
100056da:	f7ff f9a5 	bl	10004a28 <usbd_edpt_claim>
100056de:	2800      	cmp	r0, #0
100056e0:	d0f7      	beq.n	100056d2 <tu_edpt_stream_write_zlp_if_needed+0x2e>
100056e2:	7823      	ldrb	r3, [r4, #0]
100056e4:	f013 0301 	ands.w	r3, r3, #1
100056e8:	d007      	beq.n	100056fa <tu_edpt_stream_write_zlp_if_needed+0x56>
100056ea:	f04f 23e0 	mov.w	r3, #3758153728	@ 0xe000e000
100056ee:	f8d3 3df0 	ldr.w	r3, [r3, #3568]	@ 0xdf0
100056f2:	07db      	lsls	r3, r3, #31
100056f4:	d5ed      	bpl.n	100056d2 <tu_edpt_stream_write_zlp_if_needed+0x2e>
100056f6:	be00      	bkpt	0x0000
100056f8:	e7eb      	b.n	100056d2 <tu_edpt_stream_write_zlp_if_needed+0x2e>
100056fa:	461a      	mov	r2, r3
100056fc:	4638      	mov	r0, r7
100056fe:	7861      	ldrb	r1, [r4, #1]
10005700:	f7ff f9b6 	bl	10004a70 <usbd_edpt_xfer>
10005704:	2800      	cmp	r0, #0
10005706:	d0f0      	beq.n	100056ea <tu_edpt_stream_write_zlp_if_needed+0x46>
10005708:	bdf8      	pop	{r3, r4, r5, r6, r7, pc}
1000570a:	bf00      	nop

1000570c <tu_edpt_stream_write_xfer>:
1000570c:	b570      	push	{r4, r5, r6, lr}
1000570e:	f101 0508 	add.w	r5, r1, #8
10005712:	4606      	mov	r6, r0
10005714:	4628      	mov	r0, r5
10005716:	460c      	mov	r4, r1
10005718:	f000 f8c4 	bl	100058a4 <tu_fifo_count>
1000571c:	b110      	cbz	r0, 10005724 <tu_edpt_stream_write_xfer+0x18>
1000571e:	7823      	ldrb	r3, [r4, #0]
10005720:	07da      	lsls	r2, r3, #31
10005722:	d501      	bpl.n	10005728 <tu_edpt_stream_write_xfer+0x1c>
10005724:	2000      	movs	r0, #0
10005726:	bd70      	pop	{r4, r5, r6, pc}
10005728:	4630      	mov	r0, r6
1000572a:	7861      	ldrb	r1, [r4, #1]
1000572c:	f7ff f97c 	bl	10004a28 <usbd_edpt_claim>
10005730:	2800      	cmp	r0, #0
10005732:	d0f7      	beq.n	10005724 <tu_edpt_stream_write_xfer+0x18>
10005734:	4628      	mov	r0, r5
10005736:	8862      	ldrh	r2, [r4, #2]
10005738:	6861      	ldr	r1, [r4, #4]
1000573a:	f000 f929 	bl	10005990 <tu_fifo_read_n>
1000573e:	7823      	ldrb	r3, [r4, #0]
10005740:	4605      	mov	r5, r0
10005742:	f003 0301 	and.w	r3, r3, #1
10005746:	b140      	cbz	r0, 1000575a <tu_edpt_stream_write_xfer+0x4e>
10005748:	b173      	cbz	r3, 10005768 <tu_edpt_stream_write_xfer+0x5c>
1000574a:	f04f 23e0 	mov.w	r3, #3758153728	@ 0xe000e000
1000574e:	f8d3 3df0 	ldr.w	r3, [r3, #3568]	@ 0xdf0
10005752:	07db      	lsls	r3, r3, #31
10005754:	d5e6      	bpl.n	10005724 <tu_edpt_stream_write_xfer+0x18>
10005756:	be00      	bkpt	0x0000
10005758:	e7e4      	b.n	10005724 <tu_edpt_stream_write_xfer+0x18>
1000575a:	2b00      	cmp	r3, #0
1000575c:	d1e2      	bne.n	10005724 <tu_edpt_stream_write_xfer+0x18>
1000575e:	4630      	mov	r0, r6
10005760:	7861      	ldrb	r1, [r4, #1]
10005762:	f7ff f973 	bl	10004a4c <usbd_edpt_release>
10005766:	e7dd      	b.n	10005724 <tu_edpt_stream_write_xfer+0x18>
10005768:	4603      	mov	r3, r0
1000576a:	6862      	ldr	r2, [r4, #4]
1000576c:	4630      	mov	r0, r6
1000576e:	7861      	ldrb	r1, [r4, #1]
10005770:	f7ff f97e 	bl	10004a70 <usbd_edpt_xfer>
10005774:	2800      	cmp	r0, #0
10005776:	d0e8      	beq.n	1000574a <tu_edpt_stream_write_xfer+0x3e>
10005778:	4628      	mov	r0, r5
1000577a:	bd70      	pop	{r4, r5, r6, pc}

1000577c <tu_edpt_stream_read_xfer>:
1000577c:	898a      	ldrh	r2, [r1, #12]
1000577e:	e92d 41f0 	stmdb	sp!, {r4, r5, r6, r7, r8, lr}
10005782:	780b      	ldrb	r3, [r1, #0]
10005784:	460c      	mov	r4, r1
10005786:	4606      	mov	r6, r0
10005788:	b922      	cbnz	r2, 10005794 <tu_edpt_stream_read_xfer+0x18>
1000578a:	07dd      	lsls	r5, r3, #31
1000578c:	d534      	bpl.n	100057f8 <tu_edpt_stream_read_xfer+0x7c>
1000578e:	2000      	movs	r0, #0
10005790:	e8bd 81f0 	ldmia.w	sp!, {r4, r5, r6, r7, r8, pc}
10005794:	f104 0708 	add.w	r7, r4, #8
10005798:	0799      	lsls	r1, r3, #30
1000579a:	4638      	mov	r0, r7
1000579c:	bf47      	ittee	mi
1000579e:	f44f 487e 	movmi.w	r8, #65024	@ 0xfe00
100057a2:	f44f 7500 	movmi.w	r5, #512	@ 0x200
100057a6:	f64f 78c0 	movwpl	r8, #65472	@ 0xffc0
100057aa:	2540      	movpl	r5, #64	@ 0x40
100057ac:	f000 f894 	bl	100058d8 <tu_fifo_remaining>
100057b0:	4285      	cmp	r5, r0
100057b2:	d8ec      	bhi.n	1000578e <tu_edpt_stream_read_xfer+0x12>
100057b4:	7823      	ldrb	r3, [r4, #0]
100057b6:	07da      	lsls	r2, r3, #31
100057b8:	d4e9      	bmi.n	1000578e <tu_edpt_stream_read_xfer+0x12>
100057ba:	4630      	mov	r0, r6
100057bc:	7861      	ldrb	r1, [r4, #1]
100057be:	f7ff f933 	bl	10004a28 <usbd_edpt_claim>
100057c2:	2800      	cmp	r0, #0
100057c4:	d0e3      	beq.n	1000578e <tu_edpt_stream_read_xfer+0x12>
100057c6:	4638      	mov	r0, r7
100057c8:	f000 f886 	bl	100058d8 <tu_fifo_remaining>
100057cc:	7823      	ldrb	r3, [r4, #0]
100057ce:	4285      	cmp	r5, r0
100057d0:	f003 0301 	and.w	r3, r3, #1
100057d4:	d82d      	bhi.n	10005832 <tu_edpt_stream_read_xfer+0xb6>
100057d6:	b9bb      	cbnz	r3, 10005808 <tu_edpt_stream_read_xfer+0x8c>
100057d8:	8865      	ldrh	r5, [r4, #2]
100057da:	ea08 0800 	and.w	r8, r8, r0
100057de:	4545      	cmp	r5, r8
100057e0:	bf28      	it	cs
100057e2:	4645      	movcs	r5, r8
100057e4:	7861      	ldrb	r1, [r4, #1]
100057e6:	b35d      	cbz	r5, 10005840 <tu_edpt_stream_read_xfer+0xc4>
100057e8:	6862      	ldr	r2, [r4, #4]
100057ea:	462b      	mov	r3, r5
100057ec:	4630      	mov	r0, r6
100057ee:	f7ff f93f 	bl	10004a70 <usbd_edpt_xfer>
100057f2:	b148      	cbz	r0, 10005808 <tu_edpt_stream_read_xfer+0x8c>
100057f4:	4628      	mov	r0, r5
100057f6:	e7cb      	b.n	10005790 <tu_edpt_stream_read_xfer+0x14>
100057f8:	7849      	ldrb	r1, [r1, #1]
100057fa:	f7ff f915 	bl	10004a28 <usbd_edpt_claim>
100057fe:	2800      	cmp	r0, #0
10005800:	d0c5      	beq.n	1000578e <tu_edpt_stream_read_xfer+0x12>
10005802:	7823      	ldrb	r3, [r4, #0]
10005804:	07d8      	lsls	r0, r3, #31
10005806:	d507      	bpl.n	10005818 <tu_edpt_stream_read_xfer+0x9c>
10005808:	f04f 23e0 	mov.w	r3, #3758153728	@ 0xe000e000
1000580c:	f8d3 3df0 	ldr.w	r3, [r3, #3568]	@ 0xdf0
10005810:	07db      	lsls	r3, r3, #31
10005812:	d5bc      	bpl.n	1000578e <tu_edpt_stream_read_xfer+0x12>
10005814:	be00      	bkpt	0x0000
10005816:	e7ba      	b.n	1000578e <tu_edpt_stream_read_xfer+0x12>
10005818:	8863      	ldrh	r3, [r4, #2]
1000581a:	7861      	ldrb	r1, [r4, #1]
1000581c:	b13b      	cbz	r3, 1000582e <tu_edpt_stream_read_xfer+0xb2>
1000581e:	6862      	ldr	r2, [r4, #4]
10005820:	4630      	mov	r0, r6
10005822:	f7ff f925 	bl	10004a70 <usbd_edpt_xfer>
10005826:	2800      	cmp	r0, #0
10005828:	d0ee      	beq.n	10005808 <tu_edpt_stream_read_xfer+0x8c>
1000582a:	8860      	ldrh	r0, [r4, #2]
1000582c:	e7b0      	b.n	10005790 <tu_edpt_stream_read_xfer+0x14>
1000582e:	461a      	mov	r2, r3
10005830:	e7f6      	b.n	10005820 <tu_edpt_stream_read_xfer+0xa4>
10005832:	2b00      	cmp	r3, #0
10005834:	d1ab      	bne.n	1000578e <tu_edpt_stream_read_xfer+0x12>
10005836:	4630      	mov	r0, r6
10005838:	7861      	ldrb	r1, [r4, #1]
1000583a:	f7ff f907 	bl	10004a4c <usbd_edpt_release>
1000583e:	e7a6      	b.n	1000578e <tu_edpt_stream_read_xfer+0x12>
10005840:	462a      	mov	r2, r5
10005842:	e7d2      	b.n	100057ea <tu_edpt_stream_read_xfer+0x6e>

10005844 <tu_fifo_config>:
10005844:	e92d 41f0 	stmdb	sp!, {r4, r5, r6, r7, r8, lr}
10005848:	f5b2 4f00 	cmp.w	r2, #32768	@ 0x8000
1000584c:	f89d 8018 	ldrb.w	r8, [sp, #24]
10005850:	d824      	bhi.n	1000589c <tu_fifo_config+0x58>
10005852:	4604      	mov	r4, r0
10005854:	68c0      	ldr	r0, [r0, #12]
10005856:	4617      	mov	r7, r2
10005858:	460e      	mov	r6, r1
1000585a:	461d      	mov	r5, r3
1000585c:	b118      	cbz	r0, 10005866 <tu_fifo_config+0x22>
1000585e:	f04f 31ff 	mov.w	r1, #4294967295	@ 0xffffffff
10005862:	f002 fc49 	bl	100080f8 <__mutex_enter_timeout_ms_veneer>
10005866:	6920      	ldr	r0, [r4, #16]
10005868:	b118      	cbz	r0, 10005872 <tu_fifo_config+0x2e>
1000586a:	f04f 31ff 	mov.w	r1, #4294967295	@ 0xffffffff
1000586e:	f002 fc43 	bl	100080f8 <__mutex_enter_timeout_ms_veneer>
10005872:	2200      	movs	r2, #0
10005874:	f3c5 030e 	ubfx	r3, r5, #0, #15
10005878:	68e0      	ldr	r0, [r4, #12]
1000587a:	ea43 33c8 	orr.w	r3, r3, r8, lsl #15
1000587e:	8162      	strh	r2, [r4, #10]
10005880:	6026      	str	r6, [r4, #0]
10005882:	80a7      	strh	r7, [r4, #4]
10005884:	80e3      	strh	r3, [r4, #6]
10005886:	8122      	strh	r2, [r4, #8]
10005888:	b108      	cbz	r0, 1000588e <tu_fifo_config+0x4a>
1000588a:	f002 fc45 	bl	10008118 <__mutex_exit_veneer>
1000588e:	6920      	ldr	r0, [r4, #16]
10005890:	b108      	cbz	r0, 10005896 <tu_fifo_config+0x52>
10005892:	f002 fc41 	bl	10008118 <__mutex_exit_veneer>
10005896:	2001      	movs	r0, #1
10005898:	e8bd 81f0 	ldmia.w	sp!, {r4, r5, r6, r7, r8, pc}
1000589c:	2000      	movs	r0, #0
1000589e:	e8bd 81f0 	ldmia.w	sp!, {r4, r5, r6, r7, r8, pc}
100058a2:	bf00      	nop

100058a4 <tu_fifo_count>:
100058a4:	8903      	ldrh	r3, [r0, #8]
100058a6:	8942      	ldrh	r2, [r0, #10]
100058a8:	b29b      	uxth	r3, r3
100058aa:	b292      	uxth	r2, r2
100058ac:	8880      	ldrh	r0, [r0, #4]
100058ae:	4293      	cmp	r3, r2
100058b0:	bf36      	itet	cc
100058b2:	ebc2 0240 	rsbcc	r2, r2, r0, lsl #1
100058b6:	1a9b      	subcs	r3, r3, r2
100058b8:	189b      	addcc	r3, r3, r2
100058ba:	b29b      	uxth	r3, r3
100058bc:	4298      	cmp	r0, r3
100058be:	bf28      	it	cs
100058c0:	4618      	movcs	r0, r3
100058c2:	4770      	bx	lr

100058c4 <tu_fifo_empty>:
100058c4:	8902      	ldrh	r2, [r0, #8]
100058c6:	8943      	ldrh	r3, [r0, #10]
100058c8:	b290      	uxth	r0, r2
100058ca:	b29b      	uxth	r3, r3
100058cc:	1ac0      	subs	r0, r0, r3
100058ce:	fab0 f080 	clz	r0, r0
100058d2:	0940      	lsrs	r0, r0, #5
100058d4:	4770      	bx	lr
100058d6:	bf00      	nop

100058d8 <tu_fifo_remaining>:
100058d8:	8903      	ldrh	r3, [r0, #8]
100058da:	8942      	ldrh	r2, [r0, #10]
100058dc:	b29b      	uxth	r3, r3
100058de:	8880      	ldrh	r0, [r0, #4]
100058e0:	b292      	uxth	r2, r2
100058e2:	4293      	cmp	r3, r2
100058e4:	bf36      	itet	cc
100058e6:	ebc2 0240 	rsbcc	r2, r2, r0, lsl #1
100058ea:	1a9b      	subcs	r3, r3, r2
100058ec:	189b      	addcc	r3, r3, r2
100058ee:	b29b      	uxth	r3, r3
100058f0:	4298      	cmp	r0, r3
100058f2:	bf86      	itte	hi
100058f4:	1ac0      	subhi	r0, r0, r3
100058f6:	b280      	uxthhi	r0, r0
100058f8:	2000      	movls	r0, #0
100058fa:	4770      	bx	lr

100058fc <tu_fifo_read>:
100058fc:	b538      	push	{r3, r4, r5, lr}
100058fe:	4604      	mov	r4, r0
10005900:	6900      	ldr	r0, [r0, #16]
10005902:	460d      	mov	r5, r1
10005904:	b118      	cbz	r0, 1000590e <tu_fifo_read+0x12>
10005906:	f04f 31ff 	mov.w	r1, #4294967295	@ 0xffffffff
1000590a:	f002 fbf5 	bl	100080f8 <__mutex_enter_timeout_ms_veneer>
1000590e:	8921      	ldrh	r1, [r4, #8]
10005910:	8963      	ldrh	r3, [r4, #10]
10005912:	b289      	uxth	r1, r1
10005914:	b29b      	uxth	r3, r3
10005916:	88a2      	ldrh	r2, [r4, #4]
10005918:	4299      	cmp	r1, r3
1000591a:	bf36      	itet	cc
1000591c:	ebc3 0042 	rsbcc	r0, r3, r2, lsl #1
10005920:	1ac8      	subcs	r0, r1, r3
10005922:	1840      	addcc	r0, r0, r1
10005924:	b280      	uxth	r0, r0
10005926:	b350      	cbz	r0, 1000597e <tu_fifo_read+0x82>
10005928:	4282      	cmp	r2, r0
1000592a:	d209      	bcs.n	10005940 <tu_fifo_read+0x44>
1000592c:	4291      	cmp	r1, r2
1000592e:	bf2c      	ite	cs
10005930:	1a89      	subcs	r1, r1, r2
10005932:	1889      	addcc	r1, r1, r2
10005934:	b28b      	uxth	r3, r1
10005936:	429a      	cmp	r2, r3
10005938:	8163      	strh	r3, [r4, #10]
1000593a:	d803      	bhi.n	10005944 <tu_fifo_read+0x48>
1000593c:	1a9b      	subs	r3, r3, r2
1000593e:	b29b      	uxth	r3, r3
10005940:	429a      	cmp	r2, r3
10005942:	d9fb      	bls.n	1000593c <tu_fifo_read+0x40>
10005944:	88e2      	ldrh	r2, [r4, #6]
10005946:	6821      	ldr	r1, [r4, #0]
10005948:	f3c2 020e 	ubfx	r2, r2, #0, #15
1000594c:	fb02 1103 	mla	r1, r2, r3, r1
10005950:	4628      	mov	r0, r5
10005952:	f002 f9db 	bl	10007d0c <memcpy>
10005956:	8961      	ldrh	r1, [r4, #10]
10005958:	2501      	movs	r5, #1
1000595a:	b289      	uxth	r1, r1
1000595c:	1c4b      	adds	r3, r1, #1
1000595e:	b29b      	uxth	r3, r3
10005960:	4299      	cmp	r1, r3
10005962:	88a2      	ldrh	r2, [r4, #4]
10005964:	d90e      	bls.n	10005984 <tu_fifo_read+0x88>
10005966:	2300      	movs	r3, #0
10005968:	fa02 f105 	lsl.w	r1, r2, r5
1000596c:	1a5b      	subs	r3, r3, r1
1000596e:	b29b      	uxth	r3, r3
10005970:	6920      	ldr	r0, [r4, #16]
10005972:	8163      	strh	r3, [r4, #10]
10005974:	b108      	cbz	r0, 1000597a <tu_fifo_read+0x7e>
10005976:	f002 fbcf 	bl	10008118 <__mutex_exit_veneer>
1000597a:	4628      	mov	r0, r5
1000597c:	bd38      	pop	{r3, r4, r5, pc}
1000597e:	4605      	mov	r5, r0
10005980:	8963      	ldrh	r3, [r4, #10]
10005982:	b29b      	uxth	r3, r3
10005984:	ebb3 0f42 	cmp.w	r3, r2, lsl #1
10005988:	ea4f 0142 	mov.w	r1, r2, lsl #1
1000598c:	dbf0      	blt.n	10005970 <tu_fifo_read+0x74>
1000598e:	e7ed      	b.n	1000596c <tu_fifo_read+0x70>

10005990 <tu_fifo_read_n>:
10005990:	e92d 47f0 	stmdb	sp!, {r4, r5, r6, r7, r8, r9, sl, lr}
10005994:	4606      	mov	r6, r0
10005996:	6900      	ldr	r0, [r0, #16]
10005998:	4688      	mov	r8, r1
1000599a:	4691      	mov	r9, r2
1000599c:	b118      	cbz	r0, 100059a6 <tu_fifo_read_n+0x16>
1000599e:	f04f 31ff 	mov.w	r1, #4294967295	@ 0xffffffff
100059a2:	f002 fba9 	bl	100080f8 <__mutex_enter_timeout_ms_veneer>
100059a6:	8933      	ldrh	r3, [r6, #8]
100059a8:	8974      	ldrh	r4, [r6, #10]
100059aa:	b29b      	uxth	r3, r3
100059ac:	b2a4      	uxth	r4, r4
100059ae:	88b5      	ldrh	r5, [r6, #4]
100059b0:	42a3      	cmp	r3, r4
100059b2:	bf36      	itet	cc
100059b4:	ebc4 0745 	rsbcc	r7, r4, r5, lsl #1
100059b8:	1b1f      	subcs	r7, r3, r4
100059ba:	18ff      	addcc	r7, r7, r3
100059bc:	b2bf      	uxth	r7, r7
100059be:	2f00      	cmp	r7, #0
100059c0:	d04a      	beq.n	10005a58 <tu_fifo_read_n+0xc8>
100059c2:	42bd      	cmp	r5, r7
100059c4:	d340      	bcc.n	10005a48 <tu_fifo_read_n+0xb8>
100059c6:	45b9      	cmp	r9, r7
100059c8:	bf28      	it	cs
100059ca:	46b9      	movcs	r9, r7
100059cc:	42a5      	cmp	r5, r4
100059ce:	fa1f f789 	uxth.w	r7, r9
100059d2:	d803      	bhi.n	100059dc <tu_fifo_read_n+0x4c>
100059d4:	1b64      	subs	r4, r4, r5
100059d6:	b2a4      	uxth	r4, r4
100059d8:	42a5      	cmp	r5, r4
100059da:	d9fb      	bls.n	100059d4 <tu_fifo_read_n+0x44>
100059dc:	f8b6 a006 	ldrh.w	sl, [r6, #6]
100059e0:	1b2b      	subs	r3, r5, r4
100059e2:	6831      	ldr	r1, [r6, #0]
100059e4:	b29b      	uxth	r3, r3
100059e6:	f3ca 020e 	ubfx	r2, sl, #0, #15
100059ea:	429f      	cmp	r7, r3
100059ec:	4692      	mov	sl, r2
100059ee:	fb02 1104 	mla	r1, r2, r4, r1
100059f2:	d923      	bls.n	10005a3c <tu_fifo_read_n+0xac>
100059f4:	fb13 f302 	smulbb	r3, r3, r2
100059f8:	fa1f f983 	uxth.w	r9, r3
100059fc:	464a      	mov	r2, r9
100059fe:	4640      	mov	r0, r8
10005a00:	1b7d      	subs	r5, r7, r5
10005a02:	f002 f983 	bl	10007d0c <memcpy>
10005a06:	1962      	adds	r2, r4, r5
10005a08:	fb12 f20a 	smulbb	r2, r2, sl
10005a0c:	6831      	ldr	r1, [r6, #0]
10005a0e:	eb08 0009 	add.w	r0, r8, r9
10005a12:	b292      	uxth	r2, r2
10005a14:	f002 f97a 	bl	10007d0c <memcpy>
10005a18:	8972      	ldrh	r2, [r6, #10]
10005a1a:	88b5      	ldrh	r5, [r6, #4]
10005a1c:	b292      	uxth	r2, r2
10005a1e:	19d3      	adds	r3, r2, r7
10005a20:	b29b      	uxth	r3, r3
10005a22:	429a      	cmp	r2, r3
10005a24:	d91a      	bls.n	10005a5c <tu_fifo_read_n+0xcc>
10005a26:	006a      	lsls	r2, r5, #1
10005a28:	1a9b      	subs	r3, r3, r2
10005a2a:	b29b      	uxth	r3, r3
10005a2c:	6930      	ldr	r0, [r6, #16]
10005a2e:	8173      	strh	r3, [r6, #10]
10005a30:	b108      	cbz	r0, 10005a36 <tu_fifo_read_n+0xa6>
10005a32:	f002 fb71 	bl	10008118 <__mutex_exit_veneer>
10005a36:	4638      	mov	r0, r7
10005a38:	e8bd 87f0 	ldmia.w	sp!, {r4, r5, r6, r7, r8, r9, sl, pc}
10005a3c:	4640      	mov	r0, r8
10005a3e:	fb07 f202 	mul.w	r2, r7, r2
10005a42:	f002 f963 	bl	10007d0c <memcpy>
10005a46:	e7e7      	b.n	10005a18 <tu_fifo_read_n+0x88>
10005a48:	42ab      	cmp	r3, r5
10005a4a:	bf2c      	ite	cs
10005a4c:	1b5b      	subcs	r3, r3, r5
10005a4e:	195b      	addcc	r3, r3, r5
10005a50:	b29c      	uxth	r4, r3
10005a52:	462f      	mov	r7, r5
10005a54:	8174      	strh	r4, [r6, #10]
10005a56:	e7b6      	b.n	100059c6 <tu_fifo_read_n+0x36>
10005a58:	8973      	ldrh	r3, [r6, #10]
10005a5a:	b29b      	uxth	r3, r3
10005a5c:	ebb3 0f45 	cmp.w	r3, r5, lsl #1
10005a60:	ea4f 0245 	mov.w	r2, r5, lsl #1
10005a64:	dbe2      	blt.n	10005a2c <tu_fifo_read_n+0x9c>
10005a66:	e7df      	b.n	10005a28 <tu_fifo_read_n+0x98>

10005a68 <tu_fifo_write>:
10005a68:	b5f8      	push	{r3, r4, r5, r6, r7, lr}
10005a6a:	4604      	mov	r4, r0
10005a6c:	68c0      	ldr	r0, [r0, #12]
10005a6e:	460e      	mov	r6, r1
10005a70:	b118      	cbz	r0, 10005a7a <tu_fifo_write+0x12>
10005a72:	f04f 31ff 	mov.w	r1, #4294967295	@ 0xffffffff
10005a76:	f002 fb3f 	bl	100080f8 <__mutex_enter_timeout_ms_veneer>
10005a7a:	8925      	ldrh	r5, [r4, #8]
10005a7c:	8923      	ldrh	r3, [r4, #8]
10005a7e:	8961      	ldrh	r1, [r4, #10]
10005a80:	b29b      	uxth	r3, r3
10005a82:	b289      	uxth	r1, r1
10005a84:	88a2      	ldrh	r2, [r4, #4]
10005a86:	428b      	cmp	r3, r1
10005a88:	bf36      	itet	cc
10005a8a:	ebc1 0142 	rsbcc	r1, r1, r2, lsl #1
10005a8e:	1a5b      	subcs	r3, r3, r1
10005a90:	185b      	addcc	r3, r3, r1
10005a92:	b29b      	uxth	r3, r3
10005a94:	429a      	cmp	r2, r3
10005a96:	b2ad      	uxth	r5, r5
10005a98:	d808      	bhi.n	10005aac <tu_fifo_write+0x44>
10005a9a:	79e7      	ldrb	r7, [r4, #7]
10005a9c:	09ff      	lsrs	r7, r7, #7
10005a9e:	d105      	bne.n	10005aac <tu_fifo_write+0x44>
10005aa0:	68e0      	ldr	r0, [r4, #12]
10005aa2:	b108      	cbz	r0, 10005aa8 <tu_fifo_write+0x40>
10005aa4:	f002 fb38 	bl	10008118 <__mutex_exit_veneer>
10005aa8:	4638      	mov	r0, r7
10005aaa:	bdf8      	pop	{r3, r4, r5, r6, r7, pc}
10005aac:	4295      	cmp	r5, r2
10005aae:	bf28      	it	cs
10005ab0:	462b      	movcs	r3, r5
10005ab2:	d318      	bcc.n	10005ae6 <tu_fifo_write+0x7e>
10005ab4:	1a9b      	subs	r3, r3, r2
10005ab6:	b29b      	uxth	r3, r3
10005ab8:	4293      	cmp	r3, r2
10005aba:	d2fb      	bcs.n	10005ab4 <tu_fifo_write+0x4c>
10005abc:	88e2      	ldrh	r2, [r4, #6]
10005abe:	6820      	ldr	r0, [r4, #0]
10005ac0:	f3c2 020e 	ubfx	r2, r2, #0, #15
10005ac4:	fb02 0003 	mla	r0, r2, r3, r0
10005ac8:	4631      	mov	r1, r6
10005aca:	f002 f91f 	bl	10007d0c <memcpy>
10005ace:	1c6b      	adds	r3, r5, #1
10005ad0:	b29b      	uxth	r3, r3
10005ad2:	429d      	cmp	r5, r3
10005ad4:	88a2      	ldrh	r2, [r4, #4]
10005ad6:	d912      	bls.n	10005afe <tu_fifo_write+0x96>
10005ad8:	2300      	movs	r3, #0
10005ada:	0051      	lsls	r1, r2, #1
10005adc:	1a5b      	subs	r3, r3, r1
10005ade:	b29b      	uxth	r3, r3
10005ae0:	2701      	movs	r7, #1
10005ae2:	8123      	strh	r3, [r4, #8]
10005ae4:	e7dc      	b.n	10005aa0 <tu_fifo_write+0x38>
10005ae6:	88e2      	ldrh	r2, [r4, #6]
10005ae8:	6820      	ldr	r0, [r4, #0]
10005aea:	f3c2 020e 	ubfx	r2, r2, #0, #15
10005aee:	fb05 0002 	mla	r0, r5, r2, r0
10005af2:	4631      	mov	r1, r6
10005af4:	f002 f90a 	bl	10007d0c <memcpy>
10005af8:	3501      	adds	r5, #1
10005afa:	88a2      	ldrh	r2, [r4, #4]
10005afc:	b2ab      	uxth	r3, r5
10005afe:	ebb3 0f42 	cmp.w	r3, r2, lsl #1
10005b02:	ea4f 0142 	mov.w	r1, r2, lsl #1
10005b06:	dbeb      	blt.n	10005ae0 <tu_fifo_write+0x78>
10005b08:	e7e8      	b.n	10005adc <tu_fifo_write+0x74>
10005b0a:	bf00      	nop

10005b0c <tu_fifo_write_n>:
10005b0c:	e92d 4ff0 	stmdb	sp!, {r4, r5, r6, r7, r8, r9, sl, fp, lr}
10005b10:	4617      	mov	r7, r2
10005b12:	b083      	sub	sp, #12
10005b14:	2a00      	cmp	r2, #0
10005b16:	d075      	beq.n	10005c04 <tu_fifo_write_n+0xf8>
10005b18:	4606      	mov	r6, r0
10005b1a:	68c0      	ldr	r0, [r0, #12]
10005b1c:	4689      	mov	r9, r1
10005b1e:	b118      	cbz	r0, 10005b28 <tu_fifo_write_n+0x1c>
10005b20:	f04f 31ff 	mov.w	r1, #4294967295	@ 0xffffffff
10005b24:	f002 fae8 	bl	100080f8 <__mutex_enter_timeout_ms_veneer>
10005b28:	79f3      	ldrb	r3, [r6, #7]
10005b2a:	f8b6 8008 	ldrh.w	r8, [r6, #8]
10005b2e:	8972      	ldrh	r2, [r6, #10]
10005b30:	09db      	lsrs	r3, r3, #7
10005b32:	88b5      	ldrh	r5, [r6, #4]
10005b34:	fa1f f888 	uxth.w	r8, r8
10005b38:	b292      	uxth	r2, r2
10005b3a:	d13c      	bne.n	10005bb6 <tu_fifo_write_n+0xaa>
10005b3c:	4590      	cmp	r8, r2
10005b3e:	bf36      	itet	cc
10005b40:	ebc2 0245 	rsbcc	r2, r2, r5, lsl #1
10005b44:	eba8 0202 	subcs.w	r2, r8, r2
10005b48:	4442      	addcc	r2, r8
10005b4a:	b292      	uxth	r2, r2
10005b4c:	42aa      	cmp	r2, r5
10005b4e:	d25e      	bcs.n	10005c0e <tu_fifo_write_n+0x102>
10005b50:	1aaa      	subs	r2, r5, r2
10005b52:	b292      	uxth	r2, r2
10005b54:	42ba      	cmp	r2, r7
10005b56:	bf28      	it	cs
10005b58:	463a      	movcs	r2, r7
10005b5a:	f8b6 b006 	ldrh.w	fp, [r6, #6]
10005b5e:	b297      	uxth	r7, r2
10005b60:	1b7b      	subs	r3, r7, r5
10005b62:	eb08 0a07 	add.w	sl, r8, r7
10005b66:	f3cb 0b0e 	ubfx	fp, fp, #0, #15
10005b6a:	b29b      	uxth	r3, r3
10005b6c:	fa1f fa8a 	uxth.w	sl, sl
10005b70:	45a8      	cmp	r8, r5
10005b72:	4644      	mov	r4, r8
10005b74:	d303      	bcc.n	10005b7e <tu_fifo_write_n+0x72>
10005b76:	1b64      	subs	r4, r4, r5
10005b78:	b2a4      	uxth	r4, r4
10005b7a:	42ac      	cmp	r4, r5
10005b7c:	d2fb      	bcs.n	10005b76 <tu_fifo_write_n+0x6a>
10005b7e:	1b2d      	subs	r5, r5, r4
10005b80:	6830      	ldr	r0, [r6, #0]
10005b82:	b2ad      	uxth	r5, r5
10005b84:	42bd      	cmp	r5, r7
10005b86:	fb0b 0004 	mla	r0, fp, r4, r0
10005b8a:	d357      	bcc.n	10005c3c <tu_fifo_write_n+0x130>
10005b8c:	4649      	mov	r1, r9
10005b8e:	fb0b f207 	mul.w	r2, fp, r7
10005b92:	f002 f8bb 	bl	10007d0c <memcpy>
10005b96:	88b2      	ldrh	r2, [r6, #4]
10005b98:	45d0      	cmp	r8, sl
10005b9a:	ea4f 0342 	mov.w	r3, r2, lsl #1
10005b9e:	d802      	bhi.n	10005ba6 <tu_fifo_write_n+0x9a>
10005ba0:	ebba 0f42 	cmp.w	sl, r2, lsl #1
10005ba4:	db03      	blt.n	10005bae <tu_fifo_write_n+0xa2>
10005ba6:	ebaa 0303 	sub.w	r3, sl, r3
10005baa:	fa1f fa83 	uxth.w	sl, r3
10005bae:	463d      	mov	r5, r7
10005bb0:	f8a6 a008 	strh.w	sl, [r6, #8]
10005bb4:	e02c      	b.n	10005c10 <tu_fifo_write_n+0x104>
10005bb6:	f8b6 b006 	ldrh.w	fp, [r6, #6]
10005bba:	42af      	cmp	r7, r5
10005bbc:	f3cb 0b0e 	ubfx	fp, fp, #0, #15
10005bc0:	d22f      	bcs.n	10005c22 <tu_fifo_write_n+0x116>
10005bc2:	4590      	cmp	r8, r2
10005bc4:	bf36      	itet	cc
10005bc6:	ebc2 0145 	rsbcc	r1, r2, r5, lsl #1
10005bca:	eba8 0102 	subcs.w	r1, r8, r2
10005bce:	4441      	addcc	r1, r8
10005bd0:	b289      	uxth	r1, r1
10005bd2:	0068      	lsls	r0, r5, #1
10005bd4:	4439      	add	r1, r7
10005bd6:	1b7b      	subs	r3, r7, r5
10005bd8:	4281      	cmp	r1, r0
10005bda:	b29b      	uxth	r3, r3
10005bdc:	db0d      	blt.n	10005bfa <tu_fifo_write_n+0xee>
10005bde:	eb02 0a05 	add.w	sl, r2, r5
10005be2:	fa1f fa8a 	uxth.w	sl, sl
10005be6:	ebaa 0807 	sub.w	r8, sl, r7
10005bea:	fa1f f888 	uxth.w	r8, r8
10005bee:	4542      	cmp	r2, r8
10005bf0:	d937      	bls.n	10005c62 <tu_fifo_write_n+0x156>
10005bf2:	eba8 0000 	sub.w	r0, r8, r0
10005bf6:	fa1f f880 	uxth.w	r8, r0
10005bfa:	eb07 0a08 	add.w	sl, r7, r8
10005bfe:	fa1f fa8a 	uxth.w	sl, sl
10005c02:	e7b5      	b.n	10005b70 <tu_fifo_write_n+0x64>
10005c04:	4615      	mov	r5, r2
10005c06:	4628      	mov	r0, r5
10005c08:	b003      	add	sp, #12
10005c0a:	e8bd 8ff0 	ldmia.w	sp!, {r4, r5, r6, r7, r8, r9, sl, fp, pc}
10005c0e:	2500      	movs	r5, #0
10005c10:	68f0      	ldr	r0, [r6, #12]
10005c12:	2800      	cmp	r0, #0
10005c14:	d0f7      	beq.n	10005c06 <tu_fifo_write_n+0xfa>
10005c16:	f002 fa7f 	bl	10008118 <__mutex_exit_veneer>
10005c1a:	4628      	mov	r0, r5
10005c1c:	b003      	add	sp, #12
10005c1e:	e8bd 8ff0 	ldmia.w	sp!, {r4, r5, r6, r7, r8, r9, sl, fp, pc}
10005c22:	2d00      	cmp	r5, #0
10005c24:	d0f4      	beq.n	10005c10 <tu_fifo_write_n+0x104>
10005c26:	1b7f      	subs	r7, r7, r5
10005c28:	eb02 0a05 	add.w	sl, r2, r5
10005c2c:	fb0b 9907 	mla	r9, fp, r7, r9
10005c30:	4690      	mov	r8, r2
10005c32:	462f      	mov	r7, r5
10005c34:	2300      	movs	r3, #0
10005c36:	fa1f fa8a 	uxth.w	sl, sl
10005c3a:	e799      	b.n	10005b70 <tu_fifo_write_n+0x64>
10005c3c:	fb15 f50b 	smulbb	r5, r5, fp
10005c40:	b2ad      	uxth	r5, r5
10005c42:	462a      	mov	r2, r5
10005c44:	4649      	mov	r1, r9
10005c46:	9301      	str	r3, [sp, #4]
10005c48:	f002 f860 	bl	10007d0c <memcpy>
10005c4c:	9b01      	ldr	r3, [sp, #4]
10005c4e:	6830      	ldr	r0, [r6, #0]
10005c50:	18e2      	adds	r2, r4, r3
10005c52:	fb12 f20b 	smulbb	r2, r2, fp
10005c56:	eb09 0105 	add.w	r1, r9, r5
10005c5a:	b292      	uxth	r2, r2
10005c5c:	f002 f856 	bl	10007d0c <memcpy>
10005c60:	e799      	b.n	10005b96 <tu_fifo_write_n+0x8a>
10005c62:	4540      	cmp	r0, r8
10005c64:	dc84      	bgt.n	10005b70 <tu_fifo_write_n+0x64>
10005c66:	e7c4      	b.n	10005bf2 <tu_fifo_write_n+0xe6>

10005c68 <tu_fifo_clear>:
10005c68:	b510      	push	{r4, lr}
10005c6a:	4604      	mov	r4, r0
10005c6c:	68c0      	ldr	r0, [r0, #12]
10005c6e:	b118      	cbz	r0, 10005c78 <tu_fifo_clear+0x10>
10005c70:	f04f 31ff 	mov.w	r1, #4294967295	@ 0xffffffff
10005c74:	f002 fa40 	bl	100080f8 <__mutex_enter_timeout_ms_veneer>
10005c78:	6920      	ldr	r0, [r4, #16]
10005c7a:	b118      	cbz	r0, 10005c84 <tu_fifo_clear+0x1c>
10005c7c:	f04f 31ff 	mov.w	r1, #4294967295	@ 0xffffffff
10005c80:	f002 fa3a 	bl	100080f8 <__mutex_enter_timeout_ms_veneer>
10005c84:	2300      	movs	r3, #0
10005c86:	68e0      	ldr	r0, [r4, #12]
10005c88:	8163      	strh	r3, [r4, #10]
10005c8a:	8123      	strh	r3, [r4, #8]
10005c8c:	b108      	cbz	r0, 10005c92 <tu_fifo_clear+0x2a>
10005c8e:	f002 fa43 	bl	10008118 <__mutex_exit_veneer>
10005c92:	6920      	ldr	r0, [r4, #16]
10005c94:	b108      	cbz	r0, 10005c9a <tu_fifo_clear+0x32>
10005c96:	f002 fa3f 	bl	10008118 <__mutex_exit_veneer>
10005c9a:	2001      	movs	r0, #1
10005c9c:	bd10      	pop	{r4, pc}
10005c9e:	bf00      	nop

10005ca0 <tu_fifo_set_overwritable>:
10005ca0:	b538      	push	{r3, r4, r5, lr}
10005ca2:	4604      	mov	r4, r0
10005ca4:	68c0      	ldr	r0, [r0, #12]
10005ca6:	460d      	mov	r5, r1
10005ca8:	b118      	cbz	r0, 10005cb2 <tu_fifo_set_overwritable+0x12>
10005caa:	f04f 31ff 	mov.w	r1, #4294967295	@ 0xffffffff
10005cae:	f002 fa23 	bl	100080f8 <__mutex_enter_timeout_ms_veneer>
10005cb2:	6920      	ldr	r0, [r4, #16]
10005cb4:	b118      	cbz	r0, 10005cbe <tu_fifo_set_overwritable+0x1e>
10005cb6:	f04f 31ff 	mov.w	r1, #4294967295	@ 0xffffffff
10005cba:	f002 fa1d 	bl	100080f8 <__mutex_enter_timeout_ms_veneer>
10005cbe:	79e3      	ldrb	r3, [r4, #7]
10005cc0:	68e0      	ldr	r0, [r4, #12]
10005cc2:	f365 13c7 	bfi	r3, r5, #7, #1
10005cc6:	71e3      	strb	r3, [r4, #7]
10005cc8:	b108      	cbz	r0, 10005cce <tu_fifo_set_overwritable+0x2e>
10005cca:	f002 fa25 	bl	10008118 <__mutex_exit_veneer>
10005cce:	6920      	ldr	r0, [r4, #16]
10005cd0:	b108      	cbz	r0, 10005cd6 <tu_fifo_set_overwritable+0x36>
10005cd2:	f002 fa21 	bl	10008118 <__mutex_exit_veneer>
10005cd6:	2001      	movs	r0, #1
10005cd8:	bd38      	pop	{r3, r4, r5, pc}
10005cda:	bf00      	nop

10005cdc <exception_set_exclusive_handler>:
10005cdc:	b5f8      	push	{r3, r4, r5, r6, r7, lr}
10005cde:	4604      	mov	r4, r0
10005ce0:	460d      	mov	r5, r1
10005ce2:	f3ef 8710 	mrs	r7, PRIMASK
10005ce6:	b672      	cpsid	i
10005ce8:	4b0c      	ldr	r3, [pc, #48]	@ (10005d1c <exception_set_exclusive_handler+0x40>)
10005cea:	689b      	ldr	r3, [r3, #8]
10005cec:	f853 6020 	ldr.w	r6, [r3, r0, lsl #2]
10005cf0:	42b1      	cmp	r1, r6
10005cf2:	d004      	beq.n	10005cfe <exception_set_exclusive_handler+0x22>
10005cf4:	4b0a      	ldr	r3, [pc, #40]	@ (10005d20 <exception_set_exclusive_handler+0x44>)
10005cf6:	429e      	cmp	r6, r3
10005cf8:	d20b      	bcs.n	10005d12 <exception_set_exclusive_handler+0x36>
10005cfa:	f7fb fc7d 	bl	100015f8 <hard_assertion_failure>
10005cfe:	4b07      	ldr	r3, [pc, #28]	@ (10005d1c <exception_set_exclusive_handler+0x40>)
10005d00:	689b      	ldr	r3, [r3, #8]
10005d02:	f843 5024 	str.w	r5, [r3, r4, lsl #2]
10005d06:	f3bf 8f5f 	dmb	sy
10005d0a:	f387 8810 	msr	PRIMASK, r7
10005d0e:	4630      	mov	r0, r6
10005d10:	bdf8      	pop	{r3, r4, r5, r6, r7, pc}
10005d12:	4b04      	ldr	r3, [pc, #16]	@ (10005d24 <exception_set_exclusive_handler+0x48>)
10005d14:	429e      	cmp	r6, r3
10005d16:	d3f2      	bcc.n	10005cfe <exception_set_exclusive_handler+0x22>
10005d18:	e7ef      	b.n	10005cfa <exception_set_exclusive_handler+0x1e>
10005d1a:	bf00      	nop
10005d1c:	e000ed00 	.word	0xe000ed00
10005d20:	10000110 	.word	0x10000110
10005d24:	1000011c 	.word	0x1000011c

10005d28 <adc_init>:
10005d28:	2301      	movs	r3, #1
10005d2a:	4807      	ldr	r0, [pc, #28]	@ (10005d48 <adc_init+0x20>)
10005d2c:	4907      	ldr	r1, [pc, #28]	@ (10005d4c <adc_init+0x24>)
10005d2e:	4a08      	ldr	r2, [pc, #32]	@ (10005d50 <adc_init+0x28>)
10005d30:	6003      	str	r3, [r0, #0]
10005d32:	600b      	str	r3, [r1, #0]
10005d34:	6893      	ldr	r3, [r2, #8]
10005d36:	07d9      	lsls	r1, r3, #31
10005d38:	d5fc      	bpl.n	10005d34 <adc_init+0xc>
10005d3a:	2301      	movs	r3, #1
10005d3c:	4a05      	ldr	r2, [pc, #20]	@ (10005d54 <adc_init+0x2c>)
10005d3e:	6013      	str	r3, [r2, #0]
10005d40:	6813      	ldr	r3, [r2, #0]
10005d42:	05db      	lsls	r3, r3, #23
10005d44:	d5fc      	bpl.n	10005d40 <adc_init+0x18>
10005d46:	4770      	bx	lr
10005d48:	40022000 	.word	0x40022000
10005d4c:	40023000 	.word	0x40023000
10005d50:	40020000 	.word	0x40020000
10005d54:	400a0000 	.word	0x400a0000

10005d58 <dma_claim_unused_channel>:
10005d58:	b510      	push	{r4, lr}
10005d5a:	4c05      	ldr	r4, [pc, #20]	@ (10005d70 <dma_claim_unused_channel+0x18>)
10005d5c:	b082      	sub	sp, #8
10005d5e:	4601      	mov	r1, r0
10005d60:	230f      	movs	r3, #15
10005d62:	2200      	movs	r2, #0
10005d64:	9400      	str	r4, [sp, #0]
10005d66:	4803      	ldr	r0, [pc, #12]	@ (10005d74 <dma_claim_unused_channel+0x1c>)
10005d68:	f7fa fbde 	bl	10000528 <hw_claim_unused_from_range>
10005d6c:	b002      	add	sp, #8
10005d6e:	bd10      	pop	{r4, pc}
10005d70:	10008378 	.word	0x10008378
10005d74:	20002a68 	.word	0x20002a68

10005d78 <prvCopyDataToQueue>:
10005d78:	b570      	push	{r4, r5, r6, lr}
10005d7a:	4616      	mov	r6, r2
10005d7c:	6c02      	ldr	r2, [r0, #64]	@ 0x40
10005d7e:	4604      	mov	r4, r0
10005d80:	6b85      	ldr	r5, [r0, #56]	@ 0x38
10005d82:	b92a      	cbnz	r2, 10005d90 <prvCopyDataToQueue+0x18>
10005d84:	6806      	ldr	r6, [r0, #0]
10005d86:	3501      	adds	r5, #1
10005d88:	b34e      	cbz	r6, 10005dde <prvCopyDataToQueue+0x66>
10005d8a:	4610      	mov	r0, r2
10005d8c:	63a5      	str	r5, [r4, #56]	@ 0x38
10005d8e:	bd70      	pop	{r4, r5, r6, pc}
10005d90:	b98e      	cbnz	r6, 10005db6 <prvCopyDataToQueue+0x3e>
10005d92:	6840      	ldr	r0, [r0, #4]
10005d94:	f001 ffba 	bl	10007d0c <memcpy>
10005d98:	6863      	ldr	r3, [r4, #4]
10005d9a:	6c21      	ldr	r1, [r4, #64]	@ 0x40
10005d9c:	68a2      	ldr	r2, [r4, #8]
10005d9e:	440b      	add	r3, r1
10005da0:	4293      	cmp	r3, r2
10005da2:	6063      	str	r3, [r4, #4]
10005da4:	bf28      	it	cs
10005da6:	6823      	ldrcs	r3, [r4, #0]
10005da8:	f105 0501 	add.w	r5, r5, #1
10005dac:	bf28      	it	cs
10005dae:	6063      	strcs	r3, [r4, #4]
10005db0:	2000      	movs	r0, #0
10005db2:	63a5      	str	r5, [r4, #56]	@ 0x38
10005db4:	bd70      	pop	{r4, r5, r6, pc}
10005db6:	68c0      	ldr	r0, [r0, #12]
10005db8:	f001 ffa8 	bl	10007d0c <memcpy>
10005dbc:	6c22      	ldr	r2, [r4, #64]	@ 0x40
10005dbe:	68e3      	ldr	r3, [r4, #12]
10005dc0:	4251      	negs	r1, r2
10005dc2:	1a9b      	subs	r3, r3, r2
10005dc4:	6822      	ldr	r2, [r4, #0]
10005dc6:	60e3      	str	r3, [r4, #12]
10005dc8:	4293      	cmp	r3, r2
10005dca:	d202      	bcs.n	10005dd2 <prvCopyDataToQueue+0x5a>
10005dcc:	68a3      	ldr	r3, [r4, #8]
10005dce:	440b      	add	r3, r1
10005dd0:	60e3      	str	r3, [r4, #12]
10005dd2:	2e02      	cmp	r6, #2
10005dd4:	d008      	beq.n	10005de8 <prvCopyDataToQueue+0x70>
10005dd6:	3501      	adds	r5, #1
10005dd8:	2000      	movs	r0, #0
10005dda:	63a5      	str	r5, [r4, #56]	@ 0x38
10005ddc:	bd70      	pop	{r4, r5, r6, pc}
10005dde:	6880      	ldr	r0, [r0, #8]
10005de0:	f001 f80c 	bl	10006dfc <xTaskPriorityDisinherit>
10005de4:	60a6      	str	r6, [r4, #8]
10005de6:	e7d1      	b.n	10005d8c <prvCopyDataToQueue+0x14>
10005de8:	2d01      	cmp	r5, #1
10005dea:	bf38      	it	cc
10005dec:	2501      	movcc	r5, #1
10005dee:	e7df      	b.n	10005db0 <prvCopyDataToQueue+0x38>

10005df0 <xQueueGenericCreate>:
10005df0:	b570      	push	{r4, r5, r6, lr}
10005df2:	b3a0      	cbz	r0, 10005e5e <xQueueGenericCreate+0x6e>
10005df4:	fba1 2300 	umull	r2, r3, r1, r0
10005df8:	4605      	mov	r5, r0
10005dfa:	460e      	mov	r6, r1
10005dfc:	bb7b      	cbnz	r3, 10005e5e <xQueueGenericCreate+0x6e>
10005dfe:	fb01 f000 	mul.w	r0, r1, r0
10005e02:	f110 0f49 	cmn.w	r0, #73	@ 0x49
10005e06:	d82a      	bhi.n	10005e5e <xQueueGenericCreate+0x6e>
10005e08:	3048      	adds	r0, #72	@ 0x48
10005e0a:	f001 fa17 	bl	1000723c <pvPortMalloc>
10005e0e:	4604      	mov	r4, r0
10005e10:	b328      	cbz	r0, 10005e5e <xQueueGenericCreate+0x6e>
10005e12:	b33e      	cbz	r6, 10005e64 <xQueueGenericCreate+0x74>
10005e14:	f100 0348 	add.w	r3, r0, #72	@ 0x48
10005e18:	6023      	str	r3, [r4, #0]
10005e1a:	e9c4 560f 	strd	r5, r6, [r4, #60]	@ 0x3c
10005e1e:	f001 fa67 	bl	100072f0 <vPortEnterCritical>
10005e22:	2300      	movs	r3, #0
10005e24:	20ff      	movs	r0, #255	@ 0xff
10005e26:	63a3      	str	r3, [r4, #56]	@ 0x38
10005e28:	6c21      	ldr	r1, [r4, #64]	@ 0x40
10005e2a:	6be3      	ldr	r3, [r4, #60]	@ 0x3c
10005e2c:	6822      	ldr	r2, [r4, #0]
10005e2e:	fb01 f303 	mul.w	r3, r1, r3
10005e32:	1a59      	subs	r1, r3, r1
10005e34:	6062      	str	r2, [r4, #4]
10005e36:	4413      	add	r3, r2
10005e38:	440a      	add	r2, r1
10005e3a:	e9c4 3202 	strd	r3, r2, [r4, #8]
10005e3e:	f884 0044 	strb.w	r0, [r4, #68]	@ 0x44
10005e42:	f884 0045 	strb.w	r0, [r4, #69]	@ 0x45
10005e46:	f104 0010 	add.w	r0, r4, #16
10005e4a:	f001 fbd3 	bl	100075f4 <vListInitialise>
10005e4e:	f104 0024 	add.w	r0, r4, #36	@ 0x24
10005e52:	f001 fbcf 	bl	100075f4 <vListInitialise>
10005e56:	f001 fa59 	bl	1000730c <vPortExitCritical>
10005e5a:	4620      	mov	r0, r4
10005e5c:	bd70      	pop	{r4, r5, r6, pc}
10005e5e:	2400      	movs	r4, #0
10005e60:	4620      	mov	r0, r4
10005e62:	bd70      	pop	{r4, r5, r6, pc}
10005e64:	4603      	mov	r3, r0
10005e66:	e7d7      	b.n	10005e18 <xQueueGenericCreate+0x28>

10005e68 <xQueueGenericSendFromISR>:
10005e68:	e92d 41f0 	stmdb	sp!, {r4, r5, r6, r7, r8, lr}
10005e6c:	4604      	mov	r4, r0
10005e6e:	4690      	mov	r8, r2
10005e70:	461d      	mov	r5, r3
10005e72:	460f      	mov	r7, r1
10005e74:	f001 fb16 	bl	100074a4 <vPortValidateInterruptPriority>
10005e78:	f001 fb4e 	bl	10007518 <ulSetInterruptMask>
10005e7c:	6ba2      	ldr	r2, [r4, #56]	@ 0x38
10005e7e:	6be3      	ldr	r3, [r4, #60]	@ 0x3c
10005e80:	4606      	mov	r6, r0
10005e82:	429a      	cmp	r2, r3
10005e84:	d308      	bcc.n	10005e98 <xQueueGenericSendFromISR+0x30>
10005e86:	2d02      	cmp	r5, #2
10005e88:	d006      	beq.n	10005e98 <xQueueGenericSendFromISR+0x30>
10005e8a:	2400      	movs	r4, #0
10005e8c:	4630      	mov	r0, r6
10005e8e:	f001 fb4f 	bl	10007530 <vClearInterruptMask>
10005e92:	4620      	mov	r0, r4
10005e94:	e8bd 81f0 	ldmia.w	sp!, {r4, r5, r6, r7, r8, pc}
10005e98:	462a      	mov	r2, r5
10005e9a:	f894 5045 	ldrb.w	r5, [r4, #69]	@ 0x45
10005e9e:	4639      	mov	r1, r7
10005ea0:	4620      	mov	r0, r4
10005ea2:	b26d      	sxtb	r5, r5
10005ea4:	6ba3      	ldr	r3, [r4, #56]	@ 0x38
10005ea6:	f7ff ff67 	bl	10005d78 <prvCopyDataToQueue>
10005eaa:	1c6b      	adds	r3, r5, #1
10005eac:	d108      	bne.n	10005ec0 <xQueueGenericSendFromISR+0x58>
10005eae:	6a63      	ldr	r3, [r4, #36]	@ 0x24
10005eb0:	b983      	cbnz	r3, 10005ed4 <xQueueGenericSendFromISR+0x6c>
10005eb2:	2401      	movs	r4, #1
10005eb4:	4630      	mov	r0, r6
10005eb6:	f001 fb3b 	bl	10007530 <vClearInterruptMask>
10005eba:	4620      	mov	r0, r4
10005ebc:	e8bd 81f0 	ldmia.w	sp!, {r4, r5, r6, r7, r8, pc}
10005ec0:	f000 fdd8 	bl	10006a74 <uxTaskGetNumberOfTasks>
10005ec4:	4285      	cmp	r5, r0
10005ec6:	d2f4      	bcs.n	10005eb2 <xQueueGenericSendFromISR+0x4a>
10005ec8:	3501      	adds	r5, #1
10005eca:	b26d      	sxtb	r5, r5
10005ecc:	f884 5045 	strb.w	r5, [r4, #69]	@ 0x45
10005ed0:	2401      	movs	r4, #1
10005ed2:	e7ef      	b.n	10005eb4 <xQueueGenericSendFromISR+0x4c>
10005ed4:	f104 0024 	add.w	r0, r4, #36	@ 0x24
10005ed8:	f000 fee6 	bl	10006ca8 <xTaskRemoveFromEventList>
10005edc:	2800      	cmp	r0, #0
10005ede:	d0e8      	beq.n	10005eb2 <xQueueGenericSendFromISR+0x4a>
10005ee0:	f1b8 0f00 	cmp.w	r8, #0
10005ee4:	d0e5      	beq.n	10005eb2 <xQueueGenericSendFromISR+0x4a>
10005ee6:	2301      	movs	r3, #1
10005ee8:	f8c8 3000 	str.w	r3, [r8]
10005eec:	e7e1      	b.n	10005eb2 <xQueueGenericSendFromISR+0x4a>
10005eee:	bf00      	nop

10005ef0 <xQueueReceive>:
10005ef0:	e92d 43f0 	stmdb	sp!, {r4, r5, r6, r7, r8, r9, lr}
10005ef4:	4604      	mov	r4, r0
10005ef6:	b085      	sub	sp, #20
10005ef8:	4688      	mov	r8, r1
10005efa:	9201      	str	r2, [sp, #4]
10005efc:	f001 f9f8 	bl	100072f0 <vPortEnterCritical>
10005f00:	6ba5      	ldr	r5, [r4, #56]	@ 0x38
10005f02:	2d00      	cmp	r5, #0
10005f04:	f040 8117 	bne.w	10006136 <xQueueReceive+0x246>
10005f08:	9b01      	ldr	r3, [sp, #4]
10005f0a:	2b00      	cmp	r3, #0
10005f0c:	f000 80c6 	beq.w	1000609c <xQueueReceive+0x1ac>
10005f10:	a802      	add	r0, sp, #8
10005f12:	f000 ff31 	bl	10006d78 <vTaskInternalSetTimeOutState>
10005f16:	462f      	mov	r7, r5
10005f18:	f104 0624 	add.w	r6, r4, #36	@ 0x24
10005f1c:	f001 f9f6 	bl	1000730c <vPortExitCritical>
10005f20:	f000 fc98 	bl	10006854 <vTaskSuspendAll>
10005f24:	f001 f9e4 	bl	100072f0 <vPortEnterCritical>
10005f28:	f894 3044 	ldrb.w	r3, [r4, #68]	@ 0x44
10005f2c:	2bff      	cmp	r3, #255	@ 0xff
10005f2e:	bf08      	it	eq
10005f30:	f884 7044 	strbeq.w	r7, [r4, #68]	@ 0x44
10005f34:	f894 3045 	ldrb.w	r3, [r4, #69]	@ 0x45
10005f38:	2bff      	cmp	r3, #255	@ 0xff
10005f3a:	bf08      	it	eq
10005f3c:	f884 7045 	strbeq.w	r7, [r4, #69]	@ 0x45
10005f40:	f001 f9e4 	bl	1000730c <vPortExitCritical>
10005f44:	a901      	add	r1, sp, #4
10005f46:	a802      	add	r0, sp, #8
10005f48:	f000 ff22 	bl	10006d90 <xTaskCheckForTimeOut>
10005f4c:	2800      	cmp	r0, #0
10005f4e:	d154      	bne.n	10005ffa <xQueueReceive+0x10a>
10005f50:	f001 f9ce 	bl	100072f0 <vPortEnterCritical>
10005f54:	6ba3      	ldr	r3, [r4, #56]	@ 0x38
10005f56:	2b00      	cmp	r3, #0
10005f58:	f040 80a6 	bne.w	100060a8 <xQueueReceive+0x1b8>
10005f5c:	f104 0924 	add.w	r9, r4, #36	@ 0x24
10005f60:	f001 f9d4 	bl	1000730c <vPortExitCritical>
10005f64:	4648      	mov	r0, r9
10005f66:	9901      	ldr	r1, [sp, #4]
10005f68:	f000 fdec 	bl	10006b44 <vTaskPlaceOnEventList>
10005f6c:	f001 f9c0 	bl	100072f0 <vPortEnterCritical>
10005f70:	f894 3045 	ldrb.w	r3, [r4, #69]	@ 0x45
10005f74:	b25d      	sxtb	r5, r3
10005f76:	2d00      	cmp	r5, #0
10005f78:	dc04      	bgt.n	10005f84 <xQueueReceive+0x94>
10005f7a:	e011      	b.n	10005fa0 <xQueueReceive+0xb0>
10005f7c:	1e6b      	subs	r3, r5, #1
10005f7e:	b2da      	uxtb	r2, r3
10005f80:	b25d      	sxtb	r5, r3
10005f82:	b16a      	cbz	r2, 10005fa0 <xQueueReceive+0xb0>
10005f84:	6a63      	ldr	r3, [r4, #36]	@ 0x24
10005f86:	b15b      	cbz	r3, 10005fa0 <xQueueReceive+0xb0>
10005f88:	4648      	mov	r0, r9
10005f8a:	f000 fe8d 	bl	10006ca8 <xTaskRemoveFromEventList>
10005f8e:	2800      	cmp	r0, #0
10005f90:	d0f4      	beq.n	10005f7c <xQueueReceive+0x8c>
10005f92:	f000 ff2d 	bl	10006df0 <vTaskMissedYield>
10005f96:	1e6b      	subs	r3, r5, #1
10005f98:	b2da      	uxtb	r2, r3
10005f9a:	b25d      	sxtb	r5, r3
10005f9c:	2a00      	cmp	r2, #0
10005f9e:	d1f1      	bne.n	10005f84 <xQueueReceive+0x94>
10005fa0:	23ff      	movs	r3, #255	@ 0xff
10005fa2:	f884 3045 	strb.w	r3, [r4, #69]	@ 0x45
10005fa6:	f001 f9b1 	bl	1000730c <vPortExitCritical>
10005faa:	f001 f9a1 	bl	100072f0 <vPortEnterCritical>
10005fae:	f894 3044 	ldrb.w	r3, [r4, #68]	@ 0x44
10005fb2:	b25d      	sxtb	r5, r3
10005fb4:	2d00      	cmp	r5, #0
10005fb6:	dd14      	ble.n	10005fe2 <xQueueReceive+0xf2>
10005fb8:	f104 0910 	add.w	r9, r4, #16
10005fbc:	e003      	b.n	10005fc6 <xQueueReceive+0xd6>
10005fbe:	1e6b      	subs	r3, r5, #1
10005fc0:	b2da      	uxtb	r2, r3
10005fc2:	b25d      	sxtb	r5, r3
10005fc4:	b16a      	cbz	r2, 10005fe2 <xQueueReceive+0xf2>
10005fc6:	6923      	ldr	r3, [r4, #16]
10005fc8:	b15b      	cbz	r3, 10005fe2 <xQueueReceive+0xf2>
10005fca:	4648      	mov	r0, r9
10005fcc:	f000 fe6c 	bl	10006ca8 <xTaskRemoveFromEventList>
10005fd0:	2800      	cmp	r0, #0
10005fd2:	d0f4      	beq.n	10005fbe <xQueueReceive+0xce>
10005fd4:	f000 ff0c 	bl	10006df0 <vTaskMissedYield>
10005fd8:	1e6b      	subs	r3, r5, #1
10005fda:	b2da      	uxtb	r2, r3
10005fdc:	b25d      	sxtb	r5, r3
10005fde:	2a00      	cmp	r2, #0
10005fe0:	d1f1      	bne.n	10005fc6 <xQueueReceive+0xd6>
10005fe2:	23ff      	movs	r3, #255	@ 0xff
10005fe4:	f884 3044 	strb.w	r3, [r4, #68]	@ 0x44
10005fe8:	f001 f990 	bl	1000730c <vPortExitCritical>
10005fec:	f000 fc3a 	bl	10006864 <xTaskResumeAll>
10005ff0:	2800      	cmp	r0, #0
10005ff2:	d14a      	bne.n	1000608a <xQueueReceive+0x19a>
10005ff4:	f001 f970 	bl	100072d8 <vPortYield>
10005ff8:	e047      	b.n	1000608a <xQueueReceive+0x19a>
10005ffa:	f001 f979 	bl	100072f0 <vPortEnterCritical>
10005ffe:	f894 3045 	ldrb.w	r3, [r4, #69]	@ 0x45
10006002:	b25d      	sxtb	r5, r3
10006004:	2d00      	cmp	r5, #0
10006006:	dc04      	bgt.n	10006012 <xQueueReceive+0x122>
10006008:	e011      	b.n	1000602e <xQueueReceive+0x13e>
1000600a:	1e6b      	subs	r3, r5, #1
1000600c:	b2da      	uxtb	r2, r3
1000600e:	b25d      	sxtb	r5, r3
10006010:	b16a      	cbz	r2, 1000602e <xQueueReceive+0x13e>
10006012:	6a63      	ldr	r3, [r4, #36]	@ 0x24
10006014:	b15b      	cbz	r3, 1000602e <xQueueReceive+0x13e>
10006016:	4630      	mov	r0, r6
10006018:	f000 fe46 	bl	10006ca8 <xTaskRemoveFromEventList>
1000601c:	2800      	cmp	r0, #0
1000601e:	d0f4      	beq.n	1000600a <xQueueReceive+0x11a>
10006020:	f000 fee6 	bl	10006df0 <vTaskMissedYield>
10006024:	1e6b      	subs	r3, r5, #1
10006026:	b2da      	uxtb	r2, r3
10006028:	b25d      	sxtb	r5, r3
1000602a:	2a00      	cmp	r2, #0
1000602c:	d1f1      	bne.n	10006012 <xQueueReceive+0x122>
1000602e:	23ff      	movs	r3, #255	@ 0xff
10006030:	f884 3045 	strb.w	r3, [r4, #69]	@ 0x45
10006034:	f001 f96a 	bl	1000730c <vPortExitCritical>
10006038:	f001 f95a 	bl	100072f0 <vPortEnterCritical>
1000603c:	f894 3044 	ldrb.w	r3, [r4, #68]	@ 0x44
10006040:	b25d      	sxtb	r5, r3
10006042:	2d00      	cmp	r5, #0
10006044:	dd14      	ble.n	10006070 <xQueueReceive+0x180>
10006046:	f104 0910 	add.w	r9, r4, #16
1000604a:	e003      	b.n	10006054 <xQueueReceive+0x164>
1000604c:	1e6b      	subs	r3, r5, #1
1000604e:	b2da      	uxtb	r2, r3
10006050:	b25d      	sxtb	r5, r3
10006052:	b16a      	cbz	r2, 10006070 <xQueueReceive+0x180>
10006054:	6923      	ldr	r3, [r4, #16]
10006056:	b15b      	cbz	r3, 10006070 <xQueueReceive+0x180>
10006058:	4648      	mov	r0, r9
1000605a:	f000 fe25 	bl	10006ca8 <xTaskRemoveFromEventList>
1000605e:	2800      	cmp	r0, #0
10006060:	d0f4      	beq.n	1000604c <xQueueReceive+0x15c>
10006062:	f000 fec5 	bl	10006df0 <vTaskMissedYield>
10006066:	1e6b      	subs	r3, r5, #1
10006068:	b2da      	uxtb	r2, r3
1000606a:	b25d      	sxtb	r5, r3
1000606c:	2a00      	cmp	r2, #0
1000606e:	d1f1      	bne.n	10006054 <xQueueReceive+0x164>
10006070:	23ff      	movs	r3, #255	@ 0xff
10006072:	f884 3044 	strb.w	r3, [r4, #68]	@ 0x44
10006076:	f001 f949 	bl	1000730c <vPortExitCritical>
1000607a:	f000 fbf3 	bl	10006864 <xTaskResumeAll>
1000607e:	f001 f937 	bl	100072f0 <vPortEnterCritical>
10006082:	6ba3      	ldr	r3, [r4, #56]	@ 0x38
10006084:	b153      	cbz	r3, 1000609c <xQueueReceive+0x1ac>
10006086:	f001 f941 	bl	1000730c <vPortExitCritical>
1000608a:	f001 f931 	bl	100072f0 <vPortEnterCritical>
1000608e:	6ba5      	ldr	r5, [r4, #56]	@ 0x38
10006090:	2d00      	cmp	r5, #0
10006092:	d150      	bne.n	10006136 <xQueueReceive+0x246>
10006094:	9b01      	ldr	r3, [sp, #4]
10006096:	2b00      	cmp	r3, #0
10006098:	f47f af40 	bne.w	10005f1c <xQueueReceive+0x2c>
1000609c:	f001 f936 	bl	1000730c <vPortExitCritical>
100060a0:	2000      	movs	r0, #0
100060a2:	b005      	add	sp, #20
100060a4:	e8bd 83f0 	ldmia.w	sp!, {r4, r5, r6, r7, r8, r9, pc}
100060a8:	f001 f930 	bl	1000730c <vPortExitCritical>
100060ac:	f001 f920 	bl	100072f0 <vPortEnterCritical>
100060b0:	f894 3045 	ldrb.w	r3, [r4, #69]	@ 0x45
100060b4:	b25d      	sxtb	r5, r3
100060b6:	2d00      	cmp	r5, #0
100060b8:	dd14      	ble.n	100060e4 <xQueueReceive+0x1f4>
100060ba:	f104 0924 	add.w	r9, r4, #36	@ 0x24
100060be:	e003      	b.n	100060c8 <xQueueReceive+0x1d8>
100060c0:	1e6b      	subs	r3, r5, #1
100060c2:	b2da      	uxtb	r2, r3
100060c4:	b25d      	sxtb	r5, r3
100060c6:	b16a      	cbz	r2, 100060e4 <xQueueReceive+0x1f4>
100060c8:	6a63      	ldr	r3, [r4, #36]	@ 0x24
100060ca:	b15b      	cbz	r3, 100060e4 <xQueueReceive+0x1f4>
100060cc:	4648      	mov	r0, r9
100060ce:	f000 fdeb 	bl	10006ca8 <xTaskRemoveFromEventList>
100060d2:	2800      	cmp	r0, #0
100060d4:	d0f4      	beq.n	100060c0 <xQueueReceive+0x1d0>
100060d6:	f000 fe8b 	bl	10006df0 <vTaskMissedYield>
100060da:	1e6b      	subs	r3, r5, #1
100060dc:	b2da      	uxtb	r2, r3
100060de:	b25d      	sxtb	r5, r3
100060e0:	2a00      	cmp	r2, #0
100060e2:	d1f1      	bne.n	100060c8 <xQueueReceive+0x1d8>
100060e4:	23ff      	movs	r3, #255	@ 0xff
100060e6:	f884 3045 	strb.w	r3, [r4, #69]	@ 0x45
100060ea:	f001 f90f 	bl	1000730c <vPortExitCritical>
100060ee:	f001 f8ff 	bl	100072f0 <vPortEnterCritical>
100060f2:	f894 3044 	ldrb.w	r3, [r4, #68]	@ 0x44
100060f6:	b25d      	sxtb	r5, r3
100060f8:	2d00      	cmp	r5, #0
100060fa:	dd14      	ble.n	10006126 <xQueueReceive+0x236>
100060fc:	f104 0910 	add.w	r9, r4, #16
10006100:	e003      	b.n	1000610a <xQueueReceive+0x21a>
10006102:	1e6b      	subs	r3, r5, #1
10006104:	b2da      	uxtb	r2, r3
10006106:	b25d      	sxtb	r5, r3
10006108:	b16a      	cbz	r2, 10006126 <xQueueReceive+0x236>
1000610a:	6923      	ldr	r3, [r4, #16]
1000610c:	b15b      	cbz	r3, 10006126 <xQueueReceive+0x236>
1000610e:	4648      	mov	r0, r9
10006110:	f000 fdca 	bl	10006ca8 <xTaskRemoveFromEventList>
10006114:	2800      	cmp	r0, #0
10006116:	d0f4      	beq.n	10006102 <xQueueReceive+0x212>
10006118:	f000 fe6a 	bl	10006df0 <vTaskMissedYield>
1000611c:	1e6b      	subs	r3, r5, #1
1000611e:	b2da      	uxtb	r2, r3
10006120:	b25d      	sxtb	r5, r3
10006122:	2a00      	cmp	r2, #0
10006124:	d1f1      	bne.n	1000610a <xQueueReceive+0x21a>
10006126:	23ff      	movs	r3, #255	@ 0xff
10006128:	f884 3044 	strb.w	r3, [r4, #68]	@ 0x44
1000612c:	f001 f8ee 	bl	1000730c <vPortExitCritical>
10006130:	f000 fb98 	bl	10006864 <xTaskResumeAll>
10006134:	e7a9      	b.n	1000608a <xQueueReceive+0x19a>
10006136:	6c22      	ldr	r2, [r4, #64]	@ 0x40
10006138:	b15a      	cbz	r2, 10006152 <xQueueReceive+0x262>
1000613a:	68e1      	ldr	r1, [r4, #12]
1000613c:	68a3      	ldr	r3, [r4, #8]
1000613e:	4411      	add	r1, r2
10006140:	4299      	cmp	r1, r3
10006142:	60e1      	str	r1, [r4, #12]
10006144:	bf28      	it	cs
10006146:	6821      	ldrcs	r1, [r4, #0]
10006148:	4640      	mov	r0, r8
1000614a:	bf28      	it	cs
1000614c:	60e1      	strcs	r1, [r4, #12]
1000614e:	f001 fddd 	bl	10007d0c <memcpy>
10006152:	6923      	ldr	r3, [r4, #16]
10006154:	3d01      	subs	r5, #1
10006156:	63a5      	str	r5, [r4, #56]	@ 0x38
10006158:	b92b      	cbnz	r3, 10006166 <xQueueReceive+0x276>
1000615a:	f001 f8d7 	bl	1000730c <vPortExitCritical>
1000615e:	2001      	movs	r0, #1
10006160:	b005      	add	sp, #20
10006162:	e8bd 83f0 	ldmia.w	sp!, {r4, r5, r6, r7, r8, r9, pc}
10006166:	f104 0010 	add.w	r0, r4, #16
1000616a:	f000 fd9d 	bl	10006ca8 <xTaskRemoveFromEventList>
1000616e:	2800      	cmp	r0, #0
10006170:	d0f3      	beq.n	1000615a <xQueueReceive+0x26a>
10006172:	f001 f8b1 	bl	100072d8 <vPortYield>
10006176:	e7f0      	b.n	1000615a <xQueueReceive+0x26a>

10006178 <vQueueAddToRegistry>:
10006178:	2900      	cmp	r1, #0
1000617a:	d06b      	beq.n	10006254 <vQueueAddToRegistry+0xdc>
1000617c:	4b56      	ldr	r3, [pc, #344]	@ (100062d8 <vQueueAddToRegistry+0x160>)
1000617e:	685a      	ldr	r2, [r3, #4]
10006180:	4290      	cmp	r0, r2
10006182:	f000 808b 	beq.w	1000629c <vQueueAddToRegistry+0x124>
10006186:	681a      	ldr	r2, [r3, #0]
10006188:	b410      	push	{r4}
1000618a:	2a00      	cmp	r2, #0
1000618c:	d03b      	beq.n	10006206 <vQueueAddToRegistry+0x8e>
1000618e:	68da      	ldr	r2, [r3, #12]
10006190:	4290      	cmp	r0, r2
10006192:	f000 809e 	beq.w	100062d2 <vQueueAddToRegistry+0x15a>
10006196:	689a      	ldr	r2, [r3, #8]
10006198:	2a00      	cmp	r2, #0
1000619a:	d055      	beq.n	10006248 <vQueueAddToRegistry+0xd0>
1000619c:	695a      	ldr	r2, [r3, #20]
1000619e:	4290      	cmp	r0, r2
100061a0:	f000 8095 	beq.w	100062ce <vQueueAddToRegistry+0x156>
100061a4:	691a      	ldr	r2, [r3, #16]
100061a6:	2a00      	cmp	r2, #0
100061a8:	d055      	beq.n	10006256 <vQueueAddToRegistry+0xde>
100061aa:	69da      	ldr	r2, [r3, #28]
100061ac:	4290      	cmp	r0, r2
100061ae:	f000 8082 	beq.w	100062b6 <vQueueAddToRegistry+0x13e>
100061b2:	699a      	ldr	r2, [r3, #24]
100061b4:	2a00      	cmp	r2, #0
100061b6:	d054      	beq.n	10006262 <vQueueAddToRegistry+0xea>
100061b8:	6a5a      	ldr	r2, [r3, #36]	@ 0x24
100061ba:	4290      	cmp	r0, r2
100061bc:	d056      	beq.n	1000626c <vQueueAddToRegistry+0xf4>
100061be:	6a1a      	ldr	r2, [r3, #32]
100061c0:	2a00      	cmp	r2, #0
100061c2:	d057      	beq.n	10006274 <vQueueAddToRegistry+0xfc>
100061c4:	6ada      	ldr	r2, [r3, #44]	@ 0x2c
100061c6:	4290      	cmp	r0, r2
100061c8:	d077      	beq.n	100062ba <vQueueAddToRegistry+0x142>
100061ca:	6a9a      	ldr	r2, [r3, #40]	@ 0x28
100061cc:	2a00      	cmp	r2, #0
100061ce:	d056      	beq.n	1000627e <vQueueAddToRegistry+0x106>
100061d0:	6b5a      	ldr	r2, [r3, #52]	@ 0x34
100061d2:	4290      	cmp	r0, r2
100061d4:	d073      	beq.n	100062be <vQueueAddToRegistry+0x146>
100061d6:	6b1a      	ldr	r2, [r3, #48]	@ 0x30
100061d8:	2a00      	cmp	r2, #0
100061da:	d055      	beq.n	10006288 <vQueueAddToRegistry+0x110>
100061dc:	6bda      	ldr	r2, [r3, #60]	@ 0x3c
100061de:	4290      	cmp	r0, r2
100061e0:	d06f      	beq.n	100062c2 <vQueueAddToRegistry+0x14a>
100061e2:	6b9a      	ldr	r2, [r3, #56]	@ 0x38
100061e4:	2a00      	cmp	r2, #0
100061e6:	d054      	beq.n	10006292 <vQueueAddToRegistry+0x11a>
100061e8:	6c5a      	ldr	r2, [r3, #68]	@ 0x44
100061ea:	4290      	cmp	r0, r2
100061ec:	d06b      	beq.n	100062c6 <vQueueAddToRegistry+0x14e>
100061ee:	6c1a      	ldr	r2, [r3, #64]	@ 0x40
100061f0:	2a00      	cmp	r2, #0
100061f2:	d059      	beq.n	100062a8 <vQueueAddToRegistry+0x130>
100061f4:	6cda      	ldr	r2, [r3, #76]	@ 0x4c
100061f6:	4290      	cmp	r0, r2
100061f8:	d067      	beq.n	100062ca <vQueueAddToRegistry+0x152>
100061fa:	6c9b      	ldr	r3, [r3, #72]	@ 0x48
100061fc:	2b00      	cmp	r3, #0
100061fe:	d058      	beq.n	100062b2 <vQueueAddToRegistry+0x13a>
10006200:	f85d 4b04 	ldr.w	r4, [sp], #4
10006204:	4770      	bx	lr
10006206:	68da      	ldr	r2, [r3, #12]
10006208:	4290      	cmp	r0, r2
1000620a:	d062      	beq.n	100062d2 <vQueueAddToRegistry+0x15a>
1000620c:	695a      	ldr	r2, [r3, #20]
1000620e:	4290      	cmp	r0, r2
10006210:	d05d      	beq.n	100062ce <vQueueAddToRegistry+0x156>
10006212:	461a      	mov	r2, r3
10006214:	69dc      	ldr	r4, [r3, #28]
10006216:	42a0      	cmp	r0, r4
10006218:	d04d      	beq.n	100062b6 <vQueueAddToRegistry+0x13e>
1000621a:	6a5c      	ldr	r4, [r3, #36]	@ 0x24
1000621c:	42a0      	cmp	r0, r4
1000621e:	d025      	beq.n	1000626c <vQueueAddToRegistry+0xf4>
10006220:	6adc      	ldr	r4, [r3, #44]	@ 0x2c
10006222:	42a0      	cmp	r0, r4
10006224:	d049      	beq.n	100062ba <vQueueAddToRegistry+0x142>
10006226:	6b5c      	ldr	r4, [r3, #52]	@ 0x34
10006228:	42a0      	cmp	r0, r4
1000622a:	d048      	beq.n	100062be <vQueueAddToRegistry+0x146>
1000622c:	6bdc      	ldr	r4, [r3, #60]	@ 0x3c
1000622e:	42a0      	cmp	r0, r4
10006230:	d047      	beq.n	100062c2 <vQueueAddToRegistry+0x14a>
10006232:	6c5c      	ldr	r4, [r3, #68]	@ 0x44
10006234:	42a0      	cmp	r0, r4
10006236:	d046      	beq.n	100062c6 <vQueueAddToRegistry+0x14e>
10006238:	6cdc      	ldr	r4, [r3, #76]	@ 0x4c
1000623a:	42a0      	cmp	r0, r4
1000623c:	d045      	beq.n	100062ca <vQueueAddToRegistry+0x152>
1000623e:	e9c2 1000 	strd	r1, r0, [r2]
10006242:	f85d 4b04 	ldr.w	r4, [sp], #4
10006246:	4770      	bx	lr
10006248:	695a      	ldr	r2, [r3, #20]
1000624a:	4290      	cmp	r0, r2
1000624c:	d03f      	beq.n	100062ce <vQueueAddToRegistry+0x156>
1000624e:	f103 0208 	add.w	r2, r3, #8
10006252:	e7df      	b.n	10006214 <vQueueAddToRegistry+0x9c>
10006254:	4770      	bx	lr
10006256:	69da      	ldr	r2, [r3, #28]
10006258:	4290      	cmp	r0, r2
1000625a:	d02c      	beq.n	100062b6 <vQueueAddToRegistry+0x13e>
1000625c:	f103 0210 	add.w	r2, r3, #16
10006260:	e7db      	b.n	1000621a <vQueueAddToRegistry+0xa2>
10006262:	6a5a      	ldr	r2, [r3, #36]	@ 0x24
10006264:	4290      	cmp	r0, r2
10006266:	d001      	beq.n	1000626c <vQueueAddToRegistry+0xf4>
10006268:	4a1c      	ldr	r2, [pc, #112]	@ (100062dc <vQueueAddToRegistry+0x164>)
1000626a:	e7d9      	b.n	10006220 <vQueueAddToRegistry+0xa8>
1000626c:	2204      	movs	r2, #4
1000626e:	eb03 02c2 	add.w	r2, r3, r2, lsl #3
10006272:	e7e4      	b.n	1000623e <vQueueAddToRegistry+0xc6>
10006274:	6ada      	ldr	r2, [r3, #44]	@ 0x2c
10006276:	4290      	cmp	r0, r2
10006278:	d01f      	beq.n	100062ba <vQueueAddToRegistry+0x142>
1000627a:	4a19      	ldr	r2, [pc, #100]	@ (100062e0 <vQueueAddToRegistry+0x168>)
1000627c:	e7d3      	b.n	10006226 <vQueueAddToRegistry+0xae>
1000627e:	6b5a      	ldr	r2, [r3, #52]	@ 0x34
10006280:	4290      	cmp	r0, r2
10006282:	d01c      	beq.n	100062be <vQueueAddToRegistry+0x146>
10006284:	4a17      	ldr	r2, [pc, #92]	@ (100062e4 <vQueueAddToRegistry+0x16c>)
10006286:	e7d1      	b.n	1000622c <vQueueAddToRegistry+0xb4>
10006288:	6bda      	ldr	r2, [r3, #60]	@ 0x3c
1000628a:	4290      	cmp	r0, r2
1000628c:	d019      	beq.n	100062c2 <vQueueAddToRegistry+0x14a>
1000628e:	4a16      	ldr	r2, [pc, #88]	@ (100062e8 <vQueueAddToRegistry+0x170>)
10006290:	e7cf      	b.n	10006232 <vQueueAddToRegistry+0xba>
10006292:	6c5a      	ldr	r2, [r3, #68]	@ 0x44
10006294:	4290      	cmp	r0, r2
10006296:	d016      	beq.n	100062c6 <vQueueAddToRegistry+0x14e>
10006298:	4a14      	ldr	r2, [pc, #80]	@ (100062ec <vQueueAddToRegistry+0x174>)
1000629a:	e7cd      	b.n	10006238 <vQueueAddToRegistry+0xc0>
1000629c:	2200      	movs	r2, #0
1000629e:	eb03 02c2 	add.w	r2, r3, r2, lsl #3
100062a2:	e9c2 1000 	strd	r1, r0, [r2]
100062a6:	4770      	bx	lr
100062a8:	6cda      	ldr	r2, [r3, #76]	@ 0x4c
100062aa:	4290      	cmp	r0, r2
100062ac:	d00d      	beq.n	100062ca <vQueueAddToRegistry+0x152>
100062ae:	4a10      	ldr	r2, [pc, #64]	@ (100062f0 <vQueueAddToRegistry+0x178>)
100062b0:	e7c5      	b.n	1000623e <vQueueAddToRegistry+0xc6>
100062b2:	4a10      	ldr	r2, [pc, #64]	@ (100062f4 <vQueueAddToRegistry+0x17c>)
100062b4:	e7c3      	b.n	1000623e <vQueueAddToRegistry+0xc6>
100062b6:	2203      	movs	r2, #3
100062b8:	e7d9      	b.n	1000626e <vQueueAddToRegistry+0xf6>
100062ba:	2205      	movs	r2, #5
100062bc:	e7d7      	b.n	1000626e <vQueueAddToRegistry+0xf6>
100062be:	2206      	movs	r2, #6
100062c0:	e7d5      	b.n	1000626e <vQueueAddToRegistry+0xf6>
100062c2:	2207      	movs	r2, #7
100062c4:	e7d3      	b.n	1000626e <vQueueAddToRegistry+0xf6>
100062c6:	2208      	movs	r2, #8
100062c8:	e7d1      	b.n	1000626e <vQueueAddToRegistry+0xf6>
100062ca:	2209      	movs	r2, #9
100062cc:	e7cf      	b.n	1000626e <vQueueAddToRegistry+0xf6>
100062ce:	2202      	movs	r2, #2
100062d0:	e7cd      	b.n	1000626e <vQueueAddToRegistry+0xf6>
100062d2:	2201      	movs	r2, #1
100062d4:	e7cb      	b.n	1000626e <vQueueAddToRegistry+0xf6>
100062d6:	bf00      	nop
100062d8:	20001c80 	.word	0x20001c80
100062dc:	20001c98 	.word	0x20001c98
100062e0:	20001ca0 	.word	0x20001ca0
100062e4:	20001ca8 	.word	0x20001ca8
100062e8:	20001cb0 	.word	0x20001cb0
100062ec:	20001cb8 	.word	0x20001cb8
100062f0:	20001cc0 	.word	0x20001cc0
100062f4:	20001cc8 	.word	0x20001cc8

100062f8 <vQueueWaitForMessageRestricted>:
100062f8:	b570      	push	{r4, r5, r6, lr}
100062fa:	4605      	mov	r5, r0
100062fc:	460e      	mov	r6, r1
100062fe:	4614      	mov	r4, r2
10006300:	f000 fff6 	bl	100072f0 <vPortEnterCritical>
10006304:	f895 3044 	ldrb.w	r3, [r5, #68]	@ 0x44
10006308:	2bff      	cmp	r3, #255	@ 0xff
1000630a:	bf04      	itt	eq
1000630c:	2300      	moveq	r3, #0
1000630e:	f885 3044 	strbeq.w	r3, [r5, #68]	@ 0x44
10006312:	f895 3045 	ldrb.w	r3, [r5, #69]	@ 0x45
10006316:	2bff      	cmp	r3, #255	@ 0xff
10006318:	bf04      	itt	eq
1000631a:	2300      	moveq	r3, #0
1000631c:	f885 3045 	strbeq.w	r3, [r5, #69]	@ 0x45
10006320:	f000 fff4 	bl	1000730c <vPortExitCritical>
10006324:	6bab      	ldr	r3, [r5, #56]	@ 0x38
10006326:	2b00      	cmp	r3, #0
10006328:	d043      	beq.n	100063b2 <vQueueWaitForMessageRestricted+0xba>
1000632a:	f000 ffe1 	bl	100072f0 <vPortEnterCritical>
1000632e:	f895 3045 	ldrb.w	r3, [r5, #69]	@ 0x45
10006332:	b25c      	sxtb	r4, r3
10006334:	2c00      	cmp	r4, #0
10006336:	dd14      	ble.n	10006362 <vQueueWaitForMessageRestricted+0x6a>
10006338:	f105 0624 	add.w	r6, r5, #36	@ 0x24
1000633c:	e003      	b.n	10006346 <vQueueWaitForMessageRestricted+0x4e>
1000633e:	1e63      	subs	r3, r4, #1
10006340:	b2da      	uxtb	r2, r3
10006342:	b25c      	sxtb	r4, r3
10006344:	b16a      	cbz	r2, 10006362 <vQueueWaitForMessageRestricted+0x6a>
10006346:	6a6b      	ldr	r3, [r5, #36]	@ 0x24
10006348:	b15b      	cbz	r3, 10006362 <vQueueWaitForMessageRestricted+0x6a>
1000634a:	4630      	mov	r0, r6
1000634c:	f000 fcac 	bl	10006ca8 <xTaskRemoveFromEventList>
10006350:	2800      	cmp	r0, #0
10006352:	d0f4      	beq.n	1000633e <vQueueWaitForMessageRestricted+0x46>
10006354:	f000 fd4c 	bl	10006df0 <vTaskMissedYield>
10006358:	1e63      	subs	r3, r4, #1
1000635a:	b2da      	uxtb	r2, r3
1000635c:	b25c      	sxtb	r4, r3
1000635e:	2a00      	cmp	r2, #0
10006360:	d1f1      	bne.n	10006346 <vQueueWaitForMessageRestricted+0x4e>
10006362:	23ff      	movs	r3, #255	@ 0xff
10006364:	f885 3045 	strb.w	r3, [r5, #69]	@ 0x45
10006368:	f000 ffd0 	bl	1000730c <vPortExitCritical>
1000636c:	f000 ffc0 	bl	100072f0 <vPortEnterCritical>
10006370:	f895 3044 	ldrb.w	r3, [r5, #68]	@ 0x44
10006374:	b25c      	sxtb	r4, r3
10006376:	2c00      	cmp	r4, #0
10006378:	dd14      	ble.n	100063a4 <vQueueWaitForMessageRestricted+0xac>
1000637a:	f105 0610 	add.w	r6, r5, #16
1000637e:	e003      	b.n	10006388 <vQueueWaitForMessageRestricted+0x90>
10006380:	1e63      	subs	r3, r4, #1
10006382:	b2da      	uxtb	r2, r3
10006384:	b25c      	sxtb	r4, r3
10006386:	b16a      	cbz	r2, 100063a4 <vQueueWaitForMessageRestricted+0xac>
10006388:	692b      	ldr	r3, [r5, #16]
1000638a:	b15b      	cbz	r3, 100063a4 <vQueueWaitForMessageRestricted+0xac>
1000638c:	4630      	mov	r0, r6
1000638e:	f000 fc8b 	bl	10006ca8 <xTaskRemoveFromEventList>
10006392:	2800      	cmp	r0, #0
10006394:	d0f4      	beq.n	10006380 <vQueueWaitForMessageRestricted+0x88>
10006396:	f000 fd2b 	bl	10006df0 <vTaskMissedYield>
1000639a:	1e63      	subs	r3, r4, #1
1000639c:	b2da      	uxtb	r2, r3
1000639e:	b25c      	sxtb	r4, r3
100063a0:	2a00      	cmp	r2, #0
100063a2:	d1f1      	bne.n	10006388 <vQueueWaitForMessageRestricted+0x90>
100063a4:	23ff      	movs	r3, #255	@ 0xff
100063a6:	f885 3044 	strb.w	r3, [r5, #68]	@ 0x44
100063aa:	e8bd 4070 	ldmia.w	sp!, {r4, r5, r6, lr}
100063ae:	f000 bfad 	b.w	1000730c <vPortExitCritical>
100063b2:	4622      	mov	r2, r4
100063b4:	4631      	mov	r1, r6
100063b6:	f105 0024 	add.w	r0, r5, #36	@ 0x24
100063ba:	f000 fc0f 	bl	10006bdc <vTaskPlaceOnEventListRestricted>
100063be:	e7b4      	b.n	1000632a <vQueueWaitForMessageRestricted+0x32>

100063c0 <prvAddNewTaskToReadyList>:
100063c0:	e92d 41f0 	stmdb	sp!, {r4, r5, r6, r7, r8, lr}
100063c4:	4604      	mov	r4, r0
100063c6:	f000 ff93 	bl	100072f0 <vPortEnterCritical>
100063ca:	4a36      	ldr	r2, [pc, #216]	@ (100064a4 <prvAddNewTaskToReadyList+0xe4>)
100063cc:	4e36      	ldr	r6, [pc, #216]	@ (100064a8 <prvAddNewTaskToReadyList+0xe8>)
100063ce:	6813      	ldr	r3, [r2, #0]
100063d0:	3301      	adds	r3, #1
100063d2:	6013      	str	r3, [r2, #0]
100063d4:	6833      	ldr	r3, [r6, #0]
100063d6:	2b00      	cmp	r3, #0
100063d8:	d034      	beq.n	10006444 <prvAddNewTaskToReadyList+0x84>
100063da:	4f34      	ldr	r7, [pc, #208]	@ (100064ac <prvAddNewTaskToReadyList+0xec>)
100063dc:	6ae3      	ldr	r3, [r4, #44]	@ 0x2c
100063de:	683a      	ldr	r2, [r7, #0]
100063e0:	b34a      	cbz	r2, 10006436 <prvAddNewTaskToReadyList+0x76>
100063e2:	4d33      	ldr	r5, [pc, #204]	@ (100064b0 <prvAddNewTaskToReadyList+0xf0>)
100063e4:	4933      	ldr	r1, [pc, #204]	@ (100064b4 <prvAddNewTaskToReadyList+0xf4>)
100063e6:	4834      	ldr	r0, [pc, #208]	@ (100064b8 <prvAddNewTaskToReadyList+0xf8>)
100063e8:	680a      	ldr	r2, [r1, #0]
100063ea:	f104 0c04 	add.w	ip, r4, #4
100063ee:	3201      	adds	r2, #1
100063f0:	600a      	str	r2, [r1, #0]
100063f2:	6802      	ldr	r2, [r0, #0]
100063f4:	429a      	cmp	r2, r3
100063f6:	bf38      	it	cc
100063f8:	6003      	strcc	r3, [r0, #0]
100063fa:	eb03 0383 	add.w	r3, r3, r3, lsl #2
100063fe:	eb05 0083 	add.w	r0, r5, r3, lsl #2
10006402:	6841      	ldr	r1, [r0, #4]
10006404:	009b      	lsls	r3, r3, #2
10006406:	58ea      	ldr	r2, [r5, r3]
10006408:	f8d1 e008 	ldr.w	lr, [r1, #8]
1000640c:	60a1      	str	r1, [r4, #8]
1000640e:	f8c4 e00c 	str.w	lr, [r4, #12]
10006412:	3201      	adds	r2, #1
10006414:	f8ce c004 	str.w	ip, [lr, #4]
10006418:	f8c1 c008 	str.w	ip, [r1, #8]
1000641c:	6160      	str	r0, [r4, #20]
1000641e:	50ea      	str	r2, [r5, r3]
10006420:	f000 ff74 	bl	1000730c <vPortExitCritical>
10006424:	683b      	ldr	r3, [r7, #0]
10006426:	b123      	cbz	r3, 10006432 <prvAddNewTaskToReadyList+0x72>
10006428:	6832      	ldr	r2, [r6, #0]
1000642a:	6ae3      	ldr	r3, [r4, #44]	@ 0x2c
1000642c:	6ad2      	ldr	r2, [r2, #44]	@ 0x2c
1000642e:	429a      	cmp	r2, r3
10006430:	d310      	bcc.n	10006454 <prvAddNewTaskToReadyList+0x94>
10006432:	e8bd 81f0 	ldmia.w	sp!, {r4, r5, r6, r7, r8, pc}
10006436:	6832      	ldr	r2, [r6, #0]
10006438:	4d1d      	ldr	r5, [pc, #116]	@ (100064b0 <prvAddNewTaskToReadyList+0xf0>)
1000643a:	6ad2      	ldr	r2, [r2, #44]	@ 0x2c
1000643c:	429a      	cmp	r2, r3
1000643e:	bf98      	it	ls
10006440:	6034      	strls	r4, [r6, #0]
10006442:	e7cf      	b.n	100063e4 <prvAddNewTaskToReadyList+0x24>
10006444:	6034      	str	r4, [r6, #0]
10006446:	6813      	ldr	r3, [r2, #0]
10006448:	2b01      	cmp	r3, #1
1000644a:	d007      	beq.n	1000645c <prvAddNewTaskToReadyList+0x9c>
1000644c:	6ae3      	ldr	r3, [r4, #44]	@ 0x2c
1000644e:	4d18      	ldr	r5, [pc, #96]	@ (100064b0 <prvAddNewTaskToReadyList+0xf0>)
10006450:	4f16      	ldr	r7, [pc, #88]	@ (100064ac <prvAddNewTaskToReadyList+0xec>)
10006452:	e7c7      	b.n	100063e4 <prvAddNewTaskToReadyList+0x24>
10006454:	e8bd 41f0 	ldmia.w	sp!, {r4, r5, r6, r7, r8, lr}
10006458:	f000 bf3e 	b.w	100072d8 <vPortYield>
1000645c:	4d14      	ldr	r5, [pc, #80]	@ (100064b0 <prvAddNewTaskToReadyList+0xf0>)
1000645e:	462f      	mov	r7, r5
10006460:	f105 0878 	add.w	r8, r5, #120	@ 0x78
10006464:	4638      	mov	r0, r7
10006466:	3714      	adds	r7, #20
10006468:	f001 f8c4 	bl	100075f4 <vListInitialise>
1000646c:	4547      	cmp	r7, r8
1000646e:	d1f9      	bne.n	10006464 <prvAddNewTaskToReadyList+0xa4>
10006470:	f8df 8060 	ldr.w	r8, [pc, #96]	@ 100064d4 <prvAddNewTaskToReadyList+0x114>
10006474:	4f11      	ldr	r7, [pc, #68]	@ (100064bc <prvAddNewTaskToReadyList+0xfc>)
10006476:	4640      	mov	r0, r8
10006478:	f001 f8bc 	bl	100075f4 <vListInitialise>
1000647c:	4638      	mov	r0, r7
1000647e:	f001 f8b9 	bl	100075f4 <vListInitialise>
10006482:	480f      	ldr	r0, [pc, #60]	@ (100064c0 <prvAddNewTaskToReadyList+0x100>)
10006484:	f001 f8b6 	bl	100075f4 <vListInitialise>
10006488:	480e      	ldr	r0, [pc, #56]	@ (100064c4 <prvAddNewTaskToReadyList+0x104>)
1000648a:	f001 f8b3 	bl	100075f4 <vListInitialise>
1000648e:	480e      	ldr	r0, [pc, #56]	@ (100064c8 <prvAddNewTaskToReadyList+0x108>)
10006490:	f001 f8b0 	bl	100075f4 <vListInitialise>
10006494:	4b0d      	ldr	r3, [pc, #52]	@ (100064cc <prvAddNewTaskToReadyList+0x10c>)
10006496:	f8c3 8000 	str.w	r8, [r3]
1000649a:	4b0d      	ldr	r3, [pc, #52]	@ (100064d0 <prvAddNewTaskToReadyList+0x110>)
1000649c:	601f      	str	r7, [r3, #0]
1000649e:	6ae3      	ldr	r3, [r4, #44]	@ 0x2c
100064a0:	4f02      	ldr	r7, [pc, #8]	@ (100064ac <prvAddNewTaskToReadyList+0xec>)
100064a2:	e79f      	b.n	100063e4 <prvAddNewTaskToReadyList+0x24>
100064a4:	2000299c 	.word	0x2000299c
100064a8:	200028e0 	.word	0x200028e0
100064ac:	20002a2c 	.word	0x20002a2c
100064b0:	200028f4 	.word	0x200028f4
100064b4:	200029a8 	.word	0x200029a8
100064b8:	200029ac 	.word	0x200029ac
100064bc:	200029ec 	.word	0x200029ec
100064c0:	20002a18 	.word	0x20002a18
100064c4:	20002a44 	.word	0x20002a44
100064c8:	20002a30 	.word	0x20002a30
100064cc:	200028e8 	.word	0x200028e8
100064d0:	200028ec 	.word	0x200028ec
100064d4:	200029d8 	.word	0x200029d8

100064d8 <prvIdleTask>:
100064d8:	b580      	push	{r7, lr}
100064da:	4d12      	ldr	r5, [pc, #72]	@ (10006524 <prvIdleTask+0x4c>)
100064dc:	4f12      	ldr	r7, [pc, #72]	@ (10006528 <prvIdleTask+0x50>)
100064de:	4e13      	ldr	r6, [pc, #76]	@ (1000652c <prvIdleTask+0x54>)
100064e0:	f8df 804c 	ldr.w	r8, [pc, #76]	@ 10006530 <prvIdleTask+0x58>
100064e4:	e014      	b.n	10006510 <prvIdleTask+0x38>
100064e6:	f000 ff03 	bl	100072f0 <vPortEnterCritical>
100064ea:	68fb      	ldr	r3, [r7, #12]
100064ec:	68dc      	ldr	r4, [r3, #12]
100064ee:	1d20      	adds	r0, r4, #4
100064f0:	f001 f8a8 	bl	10007644 <uxListRemove>
100064f4:	6833      	ldr	r3, [r6, #0]
100064f6:	3b01      	subs	r3, #1
100064f8:	6033      	str	r3, [r6, #0]
100064fa:	682b      	ldr	r3, [r5, #0]
100064fc:	3b01      	subs	r3, #1
100064fe:	602b      	str	r3, [r5, #0]
10006500:	f000 ff04 	bl	1000730c <vPortExitCritical>
10006504:	6b20      	ldr	r0, [r4, #48]	@ 0x30
10006506:	f000 fea5 	bl	10007254 <vPortFree>
1000650a:	4620      	mov	r0, r4
1000650c:	f000 fea2 	bl	10007254 <vPortFree>
10006510:	682b      	ldr	r3, [r5, #0]
10006512:	2b00      	cmp	r3, #0
10006514:	d1e7      	bne.n	100064e6 <prvIdleTask+0xe>
10006516:	f8d8 3000 	ldr.w	r3, [r8]
1000651a:	2b01      	cmp	r3, #1
1000651c:	d9f8      	bls.n	10006510 <prvIdleTask+0x38>
1000651e:	f000 fedb 	bl	100072d8 <vPortYield>
10006522:	e7f5      	b.n	10006510 <prvIdleTask+0x38>
10006524:	200029a0 	.word	0x200029a0
10006528:	20002a44 	.word	0x20002a44
1000652c:	2000299c 	.word	0x2000299c
10006530:	200028f4 	.word	0x200028f4

10006534 <xTaskIncrementTick.part.0>:
10006534:	e92d 4ff0 	stmdb	sp!, {r4, r5, r6, r7, r8, r9, sl, fp, lr}
10006538:	4b4c      	ldr	r3, [pc, #304]	@ (1000666c <xTaskIncrementTick.part.0+0x138>)
1000653a:	b083      	sub	sp, #12
1000653c:	681d      	ldr	r5, [r3, #0]
1000653e:	3501      	adds	r5, #1
10006540:	601d      	str	r5, [r3, #0]
10006542:	2d00      	cmp	r5, #0
10006544:	d067      	beq.n	10006616 <xTaskIncrementTick.part.0+0xe2>
10006546:	494a      	ldr	r1, [pc, #296]	@ (10006670 <xTaskIncrementTick.part.0+0x13c>)
10006548:	680b      	ldr	r3, [r1, #0]
1000654a:	429d      	cmp	r5, r3
1000654c:	d377      	bcc.n	1000663e <xTaskIncrementTick.part.0+0x10a>
1000654e:	4e49      	ldr	r6, [pc, #292]	@ (10006674 <xTaskIncrementTick.part.0+0x140>)
10006550:	6833      	ldr	r3, [r6, #0]
10006552:	6818      	ldr	r0, [r3, #0]
10006554:	2800      	cmp	r0, #0
10006556:	f000 8084 	beq.w	10006662 <xTaskIncrementTick.part.0+0x12e>
1000655a:	2000      	movs	r0, #0
1000655c:	46aa      	mov	sl, r5
1000655e:	4607      	mov	r7, r0
10006560:	4681      	mov	r9, r0
10006562:	f8df e128 	ldr.w	lr, [pc, #296]	@ 1000668c <xTaskIncrementTick.part.0+0x158>
10006566:	4c44      	ldr	r4, [pc, #272]	@ (10006678 <xTaskIncrementTick.part.0+0x144>)
10006568:	9101      	str	r1, [sp, #4]
1000656a:	e047      	b.n	100065fc <xTaskIncrementTick.part.0+0xc8>
1000656c:	6958      	ldr	r0, [r3, #20]
1000656e:	e9d3 2c02 	ldrd	r2, ip, [r3, #8]
10006572:	f8c2 c008 	str.w	ip, [r2, #8]
10006576:	f8cc 2004 	str.w	r2, [ip, #4]
1000657a:	6842      	ldr	r2, [r0, #4]
1000657c:	428a      	cmp	r2, r1
1000657e:	6802      	ldr	r2, [r0, #0]
10006580:	bf08      	it	eq
10006582:	f8c0 c004 	streq.w	ip, [r0, #4]
10006586:	3a01      	subs	r2, #1
10006588:	615f      	str	r7, [r3, #20]
1000658a:	6002      	str	r2, [r0, #0]
1000658c:	6a98      	ldr	r0, [r3, #40]	@ 0x28
1000658e:	b170      	cbz	r0, 100065ae <xTaskIncrementTick.part.0+0x7a>
10006590:	e9d3 2c07 	ldrd	r2, ip, [r3, #28]
10006594:	f8c2 c008 	str.w	ip, [r2, #8]
10006598:	f8cc 2004 	str.w	r2, [ip, #4]
1000659c:	6842      	ldr	r2, [r0, #4]
1000659e:	42aa      	cmp	r2, r5
100065a0:	6802      	ldr	r2, [r0, #0]
100065a2:	bf08      	it	eq
100065a4:	f8c0 c004 	streq.w	ip, [r0, #4]
100065a8:	3a01      	subs	r2, #1
100065aa:	629f      	str	r7, [r3, #40]	@ 0x28
100065ac:	6002      	str	r2, [r0, #0]
100065ae:	6ada      	ldr	r2, [r3, #44]	@ 0x2c
100065b0:	f8de 0000 	ldr.w	r0, [lr]
100065b4:	eb02 0c82 	add.w	ip, r2, r2, lsl #2
100065b8:	eb04 088c 	add.w	r8, r4, ip, lsl #2
100065bc:	4282      	cmp	r2, r0
100065be:	f8d8 0004 	ldr.w	r0, [r8, #4]
100065c2:	f854 502c 	ldr.w	r5, [r4, ip, lsl #2]
100065c6:	f8d0 b008 	ldr.w	fp, [r0, #8]
100065ca:	6098      	str	r0, [r3, #8]
100065cc:	f8c3 b00c 	str.w	fp, [r3, #12]
100065d0:	f8cb 1004 	str.w	r1, [fp, #4]
100065d4:	6081      	str	r1, [r0, #8]
100065d6:	f8c3 8014 	str.w	r8, [r3, #20]
100065da:	4b28      	ldr	r3, [pc, #160]	@ (1000667c <xTaskIncrementTick.part.0+0x148>)
100065dc:	bf88      	it	hi
100065de:	f8ce 2000 	strhi.w	r2, [lr]
100065e2:	6819      	ldr	r1, [r3, #0]
100065e4:	3501      	adds	r5, #1
100065e6:	6833      	ldr	r3, [r6, #0]
100065e8:	f844 502c 	str.w	r5, [r4, ip, lsl #2]
100065ec:	6ac9      	ldr	r1, [r1, #44]	@ 0x2c
100065ee:	681b      	ldr	r3, [r3, #0]
100065f0:	428a      	cmp	r2, r1
100065f2:	bf88      	it	hi
100065f4:	f049 0901 	orrhi.w	r9, r9, #1
100065f8:	2b00      	cmp	r3, #0
100065fa:	d030      	beq.n	1000665e <xTaskIncrementTick.part.0+0x12a>
100065fc:	6833      	ldr	r3, [r6, #0]
100065fe:	68db      	ldr	r3, [r3, #12]
10006600:	68db      	ldr	r3, [r3, #12]
10006602:	685a      	ldr	r2, [r3, #4]
10006604:	1d19      	adds	r1, r3, #4
10006606:	4592      	cmp	sl, r2
10006608:	f103 0518 	add.w	r5, r3, #24
1000660c:	d2ae      	bcs.n	1000656c <xTaskIncrementTick.part.0+0x38>
1000660e:	9901      	ldr	r1, [sp, #4]
10006610:	4648      	mov	r0, r9
10006612:	600a      	str	r2, [r1, #0]
10006614:	e014      	b.n	10006640 <xTaskIncrementTick.part.0+0x10c>
10006616:	4b17      	ldr	r3, [pc, #92]	@ (10006674 <xTaskIncrementTick.part.0+0x140>)
10006618:	4a19      	ldr	r2, [pc, #100]	@ (10006680 <xTaskIncrementTick.part.0+0x14c>)
1000661a:	6818      	ldr	r0, [r3, #0]
1000661c:	6811      	ldr	r1, [r2, #0]
1000661e:	6019      	str	r1, [r3, #0]
10006620:	4918      	ldr	r1, [pc, #96]	@ (10006684 <xTaskIncrementTick.part.0+0x150>)
10006622:	6010      	str	r0, [r2, #0]
10006624:	680a      	ldr	r2, [r1, #0]
10006626:	3201      	adds	r2, #1
10006628:	600a      	str	r2, [r1, #0]
1000662a:	681a      	ldr	r2, [r3, #0]
1000662c:	6812      	ldr	r2, [r2, #0]
1000662e:	b982      	cbnz	r2, 10006652 <xTaskIncrementTick.part.0+0x11e>
10006630:	f04f 33ff 	mov.w	r3, #4294967295	@ 0xffffffff
10006634:	490e      	ldr	r1, [pc, #56]	@ (10006670 <xTaskIncrementTick.part.0+0x13c>)
10006636:	600b      	str	r3, [r1, #0]
10006638:	680b      	ldr	r3, [r1, #0]
1000663a:	429d      	cmp	r5, r3
1000663c:	d287      	bcs.n	1000654e <xTaskIncrementTick.part.0+0x1a>
1000663e:	2000      	movs	r0, #0
10006640:	4b11      	ldr	r3, [pc, #68]	@ (10006688 <xTaskIncrementTick.part.0+0x154>)
10006642:	681b      	ldr	r3, [r3, #0]
10006644:	2b00      	cmp	r3, #0
10006646:	bf18      	it	ne
10006648:	f040 0001 	orrne.w	r0, r0, #1
1000664c:	b003      	add	sp, #12
1000664e:	e8bd 8ff0 	ldmia.w	sp!, {r4, r5, r6, r7, r8, r9, sl, fp, pc}
10006652:	681b      	ldr	r3, [r3, #0]
10006654:	4906      	ldr	r1, [pc, #24]	@ (10006670 <xTaskIncrementTick.part.0+0x13c>)
10006656:	68db      	ldr	r3, [r3, #12]
10006658:	681b      	ldr	r3, [r3, #0]
1000665a:	600b      	str	r3, [r1, #0]
1000665c:	e774      	b.n	10006548 <xTaskIncrementTick.part.0+0x14>
1000665e:	4648      	mov	r0, r9
10006660:	9901      	ldr	r1, [sp, #4]
10006662:	f04f 33ff 	mov.w	r3, #4294967295	@ 0xffffffff
10006666:	600b      	str	r3, [r1, #0]
10006668:	e7ea      	b.n	10006640 <xTaskIncrementTick.part.0+0x10c>
1000666a:	bf00      	nop
1000666c:	20002a58 	.word	0x20002a58
10006670:	20002a0c 	.word	0x20002a0c
10006674:	200028e8 	.word	0x200028e8
10006678:	200028f4 	.word	0x200028f4
1000667c:	200028e0 	.word	0x200028e0
10006680:	200028ec 	.word	0x200028ec
10006684:	20002a10 	.word	0x20002a10
10006688:	20002a64 	.word	0x20002a64
1000668c:	200029ac 	.word	0x200029ac

10006690 <xTaskCreate>:
10006690:	e92d 43f8 	stmdb	sp!, {r3, r4, r5, r6, r7, r8, r9, lr}
10006694:	0095      	lsls	r5, r2, #2
10006696:	4680      	mov	r8, r0
10006698:	4628      	mov	r0, r5
1000669a:	460f      	mov	r7, r1
1000669c:	4699      	mov	r9, r3
1000669e:	f000 fdcd 	bl	1000723c <pvPortMalloc>
100066a2:	2800      	cmp	r0, #0
100066a4:	d072      	beq.n	1000678c <xTaskCreate+0xfc>
100066a6:	4606      	mov	r6, r0
100066a8:	2070      	movs	r0, #112	@ 0x70
100066aa:	f000 fdc7 	bl	1000723c <pvPortMalloc>
100066ae:	4604      	mov	r4, r0
100066b0:	2800      	cmp	r0, #0
100066b2:	d068      	beq.n	10006786 <xTaskCreate+0xf6>
100066b4:	3d04      	subs	r5, #4
100066b6:	2270      	movs	r2, #112	@ 0x70
100066b8:	2100      	movs	r1, #0
100066ba:	4435      	add	r5, r6
100066bc:	f001 faae 	bl	10007c1c <memset>
100066c0:	f025 0507 	bic.w	r5, r5, #7
100066c4:	6326      	str	r6, [r4, #48]	@ 0x30
100066c6:	2f00      	cmp	r7, #0
100066c8:	d03b      	beq.n	10006742 <xTaskCreate+0xb2>
100066ca:	783b      	ldrb	r3, [r7, #0]
100066cc:	f884 3034 	strb.w	r3, [r4, #52]	@ 0x34
100066d0:	2b00      	cmp	r3, #0
100066d2:	d036      	beq.n	10006742 <xTaskCreate+0xb2>
100066d4:	787b      	ldrb	r3, [r7, #1]
100066d6:	f884 3035 	strb.w	r3, [r4, #53]	@ 0x35
100066da:	b393      	cbz	r3, 10006742 <xTaskCreate+0xb2>
100066dc:	78bb      	ldrb	r3, [r7, #2]
100066de:	f884 3036 	strb.w	r3, [r4, #54]	@ 0x36
100066e2:	b373      	cbz	r3, 10006742 <xTaskCreate+0xb2>
100066e4:	78fb      	ldrb	r3, [r7, #3]
100066e6:	f884 3037 	strb.w	r3, [r4, #55]	@ 0x37
100066ea:	b353      	cbz	r3, 10006742 <xTaskCreate+0xb2>
100066ec:	793b      	ldrb	r3, [r7, #4]
100066ee:	f884 3038 	strb.w	r3, [r4, #56]	@ 0x38
100066f2:	b333      	cbz	r3, 10006742 <xTaskCreate+0xb2>
100066f4:	797b      	ldrb	r3, [r7, #5]
100066f6:	f884 3039 	strb.w	r3, [r4, #57]	@ 0x39
100066fa:	b313      	cbz	r3, 10006742 <xTaskCreate+0xb2>
100066fc:	79bb      	ldrb	r3, [r7, #6]
100066fe:	f884 303a 	strb.w	r3, [r4, #58]	@ 0x3a
10006702:	b1f3      	cbz	r3, 10006742 <xTaskCreate+0xb2>
10006704:	79fb      	ldrb	r3, [r7, #7]
10006706:	f884 303b 	strb.w	r3, [r4, #59]	@ 0x3b
1000670a:	b1d3      	cbz	r3, 10006742 <xTaskCreate+0xb2>
1000670c:	7a3b      	ldrb	r3, [r7, #8]
1000670e:	f884 303c 	strb.w	r3, [r4, #60]	@ 0x3c
10006712:	b1b3      	cbz	r3, 10006742 <xTaskCreate+0xb2>
10006714:	7a7b      	ldrb	r3, [r7, #9]
10006716:	f884 303d 	strb.w	r3, [r4, #61]	@ 0x3d
1000671a:	b193      	cbz	r3, 10006742 <xTaskCreate+0xb2>
1000671c:	7abb      	ldrb	r3, [r7, #10]
1000671e:	f884 303e 	strb.w	r3, [r4, #62]	@ 0x3e
10006722:	b173      	cbz	r3, 10006742 <xTaskCreate+0xb2>
10006724:	7afb      	ldrb	r3, [r7, #11]
10006726:	f884 303f 	strb.w	r3, [r4, #63]	@ 0x3f
1000672a:	b153      	cbz	r3, 10006742 <xTaskCreate+0xb2>
1000672c:	7b3b      	ldrb	r3, [r7, #12]
1000672e:	f884 3040 	strb.w	r3, [r4, #64]	@ 0x40
10006732:	b133      	cbz	r3, 10006742 <xTaskCreate+0xb2>
10006734:	7b7b      	ldrb	r3, [r7, #13]
10006736:	f884 3041 	strb.w	r3, [r4, #65]	@ 0x41
1000673a:	b113      	cbz	r3, 10006742 <xTaskCreate+0xb2>
1000673c:	7bbb      	ldrb	r3, [r7, #14]
1000673e:	f884 3042 	strb.w	r3, [r4, #66]	@ 0x42
10006742:	9f08      	ldr	r7, [sp, #32]
10006744:	1d20      	adds	r0, r4, #4
10006746:	2f05      	cmp	r7, #5
10006748:	bf28      	it	cs
1000674a:	2705      	movcs	r7, #5
1000674c:	62e7      	str	r7, [r4, #44]	@ 0x2c
1000674e:	6467      	str	r7, [r4, #68]	@ 0x44
10006750:	f000 ff5c 	bl	1000760c <vListInitialiseItem>
10006754:	f1c7 0706 	rsb	r7, r7, #6
10006758:	f104 0018 	add.w	r0, r4, #24
1000675c:	f000 ff56 	bl	1000760c <vListInitialiseItem>
10006760:	464b      	mov	r3, r9
10006762:	4642      	mov	r2, r8
10006764:	4628      	mov	r0, r5
10006766:	6b21      	ldr	r1, [r4, #48]	@ 0x30
10006768:	61a7      	str	r7, [r4, #24]
1000676a:	6124      	str	r4, [r4, #16]
1000676c:	6264      	str	r4, [r4, #36]	@ 0x24
1000676e:	f000 fdef 	bl	10007350 <pxPortInitialiseStack>
10006772:	9b09      	ldr	r3, [sp, #36]	@ 0x24
10006774:	6020      	str	r0, [r4, #0]
10006776:	b103      	cbz	r3, 1000677a <xTaskCreate+0xea>
10006778:	601c      	str	r4, [r3, #0]
1000677a:	4620      	mov	r0, r4
1000677c:	f7ff fe20 	bl	100063c0 <prvAddNewTaskToReadyList>
10006780:	2001      	movs	r0, #1
10006782:	e8bd 83f8 	ldmia.w	sp!, {r3, r4, r5, r6, r7, r8, r9, pc}
10006786:	4630      	mov	r0, r6
10006788:	f000 fd64 	bl	10007254 <vPortFree>
1000678c:	f04f 30ff 	mov.w	r0, #4294967295	@ 0xffffffff
10006790:	e8bd 83f8 	ldmia.w	sp!, {r3, r4, r5, r6, r7, r8, r9, pc}

10006794 <vTaskStartScheduler>:
10006794:	e92d 43f8 	stmdb	sp!, {r3, r4, r5, r6, r7, r8, r9, lr}
10006798:	f44f 7000 	mov.w	r0, #512	@ 0x200
1000679c:	f000 fd4e 	bl	1000723c <pvPortMalloc>
100067a0:	b388      	cbz	r0, 10006806 <vTaskStartScheduler+0x72>
100067a2:	4606      	mov	r6, r0
100067a4:	2070      	movs	r0, #112	@ 0x70
100067a6:	f000 fd49 	bl	1000723c <pvPortMalloc>
100067aa:	4604      	mov	r4, r0
100067ac:	b378      	cbz	r0, 1000680e <vTaskStartScheduler+0x7a>
100067ae:	2700      	movs	r7, #0
100067b0:	f8df 9098 	ldr.w	r9, [pc, #152]	@ 1000684c <vTaskStartScheduler+0xb8>
100067b4:	4639      	mov	r1, r7
100067b6:	2270      	movs	r2, #112	@ 0x70
100067b8:	f001 fa30 	bl	10007c1c <memset>
100067bc:	f506 75fe 	add.w	r5, r6, #508	@ 0x1fc
100067c0:	e9c4 690c 	strd	r6, r9, [r4, #48]	@ 0x30
100067c4:	2606      	movs	r6, #6
100067c6:	1d20      	adds	r0, r4, #4
100067c8:	f000 ff20 	bl	1000760c <vListInitialiseItem>
100067cc:	f025 0507 	bic.w	r5, r5, #7
100067d0:	f104 0018 	add.w	r0, r4, #24
100067d4:	f000 ff1a 	bl	1000760c <vListInitialiseItem>
100067d8:	463b      	mov	r3, r7
100067da:	4a17      	ldr	r2, [pc, #92]	@ (10006838 <vTaskStartScheduler+0xa4>)
100067dc:	6b21      	ldr	r1, [r4, #48]	@ 0x30
100067de:	4628      	mov	r0, r5
100067e0:	6124      	str	r4, [r4, #16]
100067e2:	61a6      	str	r6, [r4, #24]
100067e4:	6264      	str	r4, [r4, #36]	@ 0x24
100067e6:	f000 fdb3 	bl	10007350 <pxPortInitialiseStack>
100067ea:	4603      	mov	r3, r0
100067ec:	f8df 8060 	ldr.w	r8, [pc, #96]	@ 10006850 <vTaskStartScheduler+0xbc>
100067f0:	6023      	str	r3, [r4, #0]
100067f2:	4620      	mov	r0, r4
100067f4:	2701      	movs	r7, #1
100067f6:	f8c8 4000 	str.w	r4, [r8]
100067fa:	f7ff fde1 	bl	100063c0 <prvAddNewTaskToReadyList>
100067fe:	f000 fcdb 	bl	100071b8 <xTimerCreateTimerTask>
10006802:	42b8      	cmp	r0, r7
10006804:	d00a      	beq.n	1000681c <vTaskStartScheduler+0x88>
10006806:	4b0d      	ldr	r3, [pc, #52]	@ (1000683c <vTaskStartScheduler+0xa8>)
10006808:	681b      	ldr	r3, [r3, #0]
1000680a:	e8bd 83f8 	ldmia.w	sp!, {r3, r4, r5, r6, r7, r8, r9, pc}
1000680e:	4630      	mov	r0, r6
10006810:	f000 fd20 	bl	10007254 <vPortFree>
10006814:	4b09      	ldr	r3, [pc, #36]	@ (1000683c <vTaskStartScheduler+0xa8>)
10006816:	681b      	ldr	r3, [r3, #0]
10006818:	e8bd 83f8 	ldmia.w	sp!, {r3, r4, r5, r6, r7, r8, r9, pc}
1000681c:	f000 fe7c 	bl	10007518 <ulSetInterruptMask>
10006820:	f04f 34ff 	mov.w	r4, #4294967295	@ 0xffffffff
10006824:	2200      	movs	r2, #0
10006826:	4906      	ldr	r1, [pc, #24]	@ (10006840 <vTaskStartScheduler+0xac>)
10006828:	4b06      	ldr	r3, [pc, #24]	@ (10006844 <vTaskStartScheduler+0xb0>)
1000682a:	4807      	ldr	r0, [pc, #28]	@ (10006848 <vTaskStartScheduler+0xb4>)
1000682c:	6004      	str	r4, [r0, #0]
1000682e:	600f      	str	r7, [r1, #0]
10006830:	601a      	str	r2, [r3, #0]
10006832:	f000 fdc9 	bl	100073c8 <xPortStartScheduler>
10006836:	e7e6      	b.n	10006806 <vTaskStartScheduler+0x72>
10006838:	100064d9 	.word	0x100064d9
1000683c:	10008614 	.word	0x10008614
10006840:	20002a2c 	.word	0x20002a2c
10006844:	20002a58 	.word	0x20002a58
10006848:	20002a0c 	.word	0x20002a0c
1000684c:	454c4449 	.word	0x454c4449
10006850:	20002a04 	.word	0x20002a04

10006854 <vTaskSuspendAll>:
10006854:	4a02      	ldr	r2, [pc, #8]	@ (10006860 <vTaskSuspendAll+0xc>)
10006856:	6813      	ldr	r3, [r2, #0]
10006858:	3301      	adds	r3, #1
1000685a:	6013      	str	r3, [r2, #0]
1000685c:	4770      	bx	lr
1000685e:	bf00      	nop
10006860:	200029a4 	.word	0x200029a4

10006864 <xTaskResumeAll>:
10006864:	e92d 4ff0 	stmdb	sp!, {r4, r5, r6, r7, r8, r9, sl, fp, lr}
10006868:	f8df 816c 	ldr.w	r8, [pc, #364]	@ 100069d8 <xTaskResumeAll+0x174>
1000686c:	b083      	sub	sp, #12
1000686e:	f000 fd3f 	bl	100072f0 <vPortEnterCritical>
10006872:	f8d8 3000 	ldr.w	r3, [r8]
10006876:	3b01      	subs	r3, #1
10006878:	f8c8 3000 	str.w	r3, [r8]
1000687c:	f8d8 e000 	ldr.w	lr, [r8]
10006880:	f1be 0f00 	cmp.w	lr, #0
10006884:	f040 8081 	bne.w	1000698a <xTaskResumeAll+0x126>
10006888:	4b4c      	ldr	r3, [pc, #304]	@ (100069bc <xTaskResumeAll+0x158>)
1000688a:	681b      	ldr	r3, [r3, #0]
1000688c:	2b00      	cmp	r3, #0
1000688e:	d07c      	beq.n	1000698a <xTaskResumeAll+0x126>
10006890:	f8df c148 	ldr.w	ip, [pc, #328]	@ 100069dc <xTaskResumeAll+0x178>
10006894:	f8dc 3000 	ldr.w	r3, [ip]
10006898:	2b00      	cmp	r3, #0
1000689a:	f000 808b 	beq.w	100069b4 <xTaskResumeAll+0x150>
1000689e:	4b48      	ldr	r3, [pc, #288]	@ (100069c0 <xTaskResumeAll+0x15c>)
100068a0:	f8df 913c 	ldr.w	r9, [pc, #316]	@ 100069e0 <xTaskResumeAll+0x17c>
100068a4:	4e47      	ldr	r6, [pc, #284]	@ (100069c4 <xTaskResumeAll+0x160>)
100068a6:	9301      	str	r3, [sp, #4]
100068a8:	f8dc 300c 	ldr.w	r3, [ip, #12]
100068ac:	68db      	ldr	r3, [r3, #12]
100068ae:	6a9a      	ldr	r2, [r3, #40]	@ 0x28
100068b0:	e9d3 0107 	ldrd	r0, r1, [r3, #28]
100068b4:	6854      	ldr	r4, [r2, #4]
100068b6:	6081      	str	r1, [r0, #8]
100068b8:	6048      	str	r0, [r1, #4]
100068ba:	f103 0018 	add.w	r0, r3, #24
100068be:	4284      	cmp	r4, r0
100068c0:	bf08      	it	eq
100068c2:	6051      	streq	r1, [r2, #4]
100068c4:	6811      	ldr	r1, [r2, #0]
100068c6:	f8c3 e028 	str.w	lr, [r3, #40]	@ 0x28
100068ca:	3901      	subs	r1, #1
100068cc:	6011      	str	r1, [r2, #0]
100068ce:	695a      	ldr	r2, [r3, #20]
100068d0:	e9d3 4102 	ldrd	r4, r1, [r3, #8]
100068d4:	60a1      	str	r1, [r4, #8]
100068d6:	604c      	str	r4, [r1, #4]
100068d8:	6854      	ldr	r4, [r2, #4]
100068da:	1d1d      	adds	r5, r3, #4
100068dc:	42ac      	cmp	r4, r5
100068de:	bf08      	it	eq
100068e0:	6051      	streq	r1, [r2, #4]
100068e2:	6811      	ldr	r1, [r2, #0]
100068e4:	f8d9 0000 	ldr.w	r0, [r9]
100068e8:	3901      	subs	r1, #1
100068ea:	6011      	str	r1, [r2, #0]
100068ec:	6ada      	ldr	r2, [r3, #44]	@ 0x2c
100068ee:	4282      	cmp	r2, r0
100068f0:	4835      	ldr	r0, [pc, #212]	@ (100069c8 <xTaskResumeAll+0x164>)
100068f2:	eb02 0182 	add.w	r1, r2, r2, lsl #2
100068f6:	bf88      	it	hi
100068f8:	f8c9 2000 	strhi.w	r2, [r9]
100068fc:	6800      	ldr	r0, [r0, #0]
100068fe:	eb06 0781 	add.w	r7, r6, r1, lsl #2
10006902:	687c      	ldr	r4, [r7, #4]
10006904:	f8d0 a02c 	ldr.w	sl, [r0, #44]	@ 0x2c
10006908:	f856 0021 	ldr.w	r0, [r6, r1, lsl #2]
1000690c:	f8d4 b008 	ldr.w	fp, [r4, #8]
10006910:	3001      	adds	r0, #1
10006912:	4552      	cmp	r2, sl
10006914:	609c      	str	r4, [r3, #8]
10006916:	f8c3 b00c 	str.w	fp, [r3, #12]
1000691a:	f8cb 5004 	str.w	r5, [fp, #4]
1000691e:	60a5      	str	r5, [r4, #8]
10006920:	615f      	str	r7, [r3, #20]
10006922:	f846 0021 	str.w	r0, [r6, r1, lsl #2]
10006926:	d937      	bls.n	10006998 <xTaskResumeAll+0x134>
10006928:	2201      	movs	r2, #1
1000692a:	9b01      	ldr	r3, [sp, #4]
1000692c:	601a      	str	r2, [r3, #0]
1000692e:	f8dc 3000 	ldr.w	r3, [ip]
10006932:	2b00      	cmp	r3, #0
10006934:	d1b8      	bne.n	100068a8 <xTaskResumeAll+0x44>
10006936:	4b25      	ldr	r3, [pc, #148]	@ (100069cc <xTaskResumeAll+0x168>)
10006938:	681a      	ldr	r2, [r3, #0]
1000693a:	6812      	ldr	r2, [r2, #0]
1000693c:	2a00      	cmp	r2, #0
1000693e:	d034      	beq.n	100069aa <xTaskResumeAll+0x146>
10006940:	681a      	ldr	r2, [r3, #0]
10006942:	4b23      	ldr	r3, [pc, #140]	@ (100069d0 <xTaskResumeAll+0x16c>)
10006944:	68d2      	ldr	r2, [r2, #12]
10006946:	6812      	ldr	r2, [r2, #0]
10006948:	601a      	str	r2, [r3, #0]
1000694a:	4d22      	ldr	r5, [pc, #136]	@ (100069d4 <xTaskResumeAll+0x170>)
1000694c:	682c      	ldr	r4, [r5, #0]
1000694e:	b19c      	cbz	r4, 10006978 <xTaskResumeAll+0x114>
10006950:	2601      	movs	r6, #1
10006952:	9f01      	ldr	r7, [sp, #4]
10006954:	e005      	b.n	10006962 <xTaskResumeAll+0xfe>
10006956:	f7ff fded 	bl	10006534 <xTaskIncrementTick.part.0>
1000695a:	b100      	cbz	r0, 1000695e <xTaskResumeAll+0xfa>
1000695c:	603e      	str	r6, [r7, #0]
1000695e:	3c01      	subs	r4, #1
10006960:	d009      	beq.n	10006976 <xTaskResumeAll+0x112>
10006962:	f8d8 3000 	ldr.w	r3, [r8]
10006966:	2b00      	cmp	r3, #0
10006968:	d0f5      	beq.n	10006956 <xTaskResumeAll+0xf2>
1000696a:	682b      	ldr	r3, [r5, #0]
1000696c:	3c01      	subs	r4, #1
1000696e:	f103 0301 	add.w	r3, r3, #1
10006972:	602b      	str	r3, [r5, #0]
10006974:	d1f5      	bne.n	10006962 <xTaskResumeAll+0xfe>
10006976:	602c      	str	r4, [r5, #0]
10006978:	9b01      	ldr	r3, [sp, #4]
1000697a:	681b      	ldr	r3, [r3, #0]
1000697c:	b12b      	cbz	r3, 1000698a <xTaskResumeAll+0x126>
1000697e:	4b12      	ldr	r3, [pc, #72]	@ (100069c8 <xTaskResumeAll+0x164>)
10006980:	2401      	movs	r4, #1
10006982:	681b      	ldr	r3, [r3, #0]
10006984:	f000 fca8 	bl	100072d8 <vPortYield>
10006988:	e000      	b.n	1000698c <xTaskResumeAll+0x128>
1000698a:	2400      	movs	r4, #0
1000698c:	f000 fcbe 	bl	1000730c <vPortExitCritical>
10006990:	4620      	mov	r0, r4
10006992:	b003      	add	sp, #12
10006994:	e8bd 8ff0 	ldmia.w	sp!, {r4, r5, r6, r7, r8, r9, sl, fp, pc}
10006998:	f8dc 3000 	ldr.w	r3, [ip]
1000699c:	2b00      	cmp	r3, #0
1000699e:	d183      	bne.n	100068a8 <xTaskResumeAll+0x44>
100069a0:	4b0a      	ldr	r3, [pc, #40]	@ (100069cc <xTaskResumeAll+0x168>)
100069a2:	681a      	ldr	r2, [r3, #0]
100069a4:	6812      	ldr	r2, [r2, #0]
100069a6:	2a00      	cmp	r2, #0
100069a8:	d1ca      	bne.n	10006940 <xTaskResumeAll+0xdc>
100069aa:	f04f 32ff 	mov.w	r2, #4294967295	@ 0xffffffff
100069ae:	4b08      	ldr	r3, [pc, #32]	@ (100069d0 <xTaskResumeAll+0x16c>)
100069b0:	601a      	str	r2, [r3, #0]
100069b2:	e7ca      	b.n	1000694a <xTaskResumeAll+0xe6>
100069b4:	4b02      	ldr	r3, [pc, #8]	@ (100069c0 <xTaskResumeAll+0x15c>)
100069b6:	9301      	str	r3, [sp, #4]
100069b8:	e7c7      	b.n	1000694a <xTaskResumeAll+0xe6>
100069ba:	bf00      	nop
100069bc:	2000299c 	.word	0x2000299c
100069c0:	20002a64 	.word	0x20002a64
100069c4:	200028f4 	.word	0x200028f4
100069c8:	200028e0 	.word	0x200028e0
100069cc:	200028e8 	.word	0x200028e8
100069d0:	20002a0c 	.word	0x20002a0c
100069d4:	20002a14 	.word	0x20002a14
100069d8:	200029a4 	.word	0x200029a4
100069dc:	20002a18 	.word	0x20002a18
100069e0:	200029ac 	.word	0x200029ac

100069e4 <vTaskDelay>:
100069e4:	b908      	cbnz	r0, 100069ea <vTaskDelay+0x6>
100069e6:	f000 bc77 	b.w	100072d8 <vPortYield>
100069ea:	4a19      	ldr	r2, [pc, #100]	@ (10006a50 <vTaskDelay+0x6c>)
100069ec:	e92d 41f0 	stmdb	sp!, {r4, r5, r6, r7, r8, lr}
100069f0:	6813      	ldr	r3, [r2, #0]
100069f2:	4604      	mov	r4, r0
100069f4:	3301      	adds	r3, #1
100069f6:	6013      	str	r3, [r2, #0]
100069f8:	4916      	ldr	r1, [pc, #88]	@ (10006a54 <vTaskDelay+0x70>)
100069fa:	4b17      	ldr	r3, [pc, #92]	@ (10006a58 <vTaskDelay+0x74>)
100069fc:	4d17      	ldr	r5, [pc, #92]	@ (10006a5c <vTaskDelay+0x78>)
100069fe:	4a18      	ldr	r2, [pc, #96]	@ (10006a60 <vTaskDelay+0x7c>)
10006a00:	680e      	ldr	r6, [r1, #0]
10006a02:	6817      	ldr	r7, [r2, #0]
10006a04:	f8d3 8000 	ldr.w	r8, [r3]
10006a08:	6828      	ldr	r0, [r5, #0]
10006a0a:	3004      	adds	r0, #4
10006a0c:	f000 fe1a 	bl	10007644 <uxListRemove>
10006a10:	682b      	ldr	r3, [r5, #0]
10006a12:	19a4      	adds	r4, r4, r6
10006a14:	6829      	ldr	r1, [r5, #0]
10006a16:	605c      	str	r4, [r3, #4]
10006a18:	d20d      	bcs.n	10006a36 <vTaskDelay+0x52>
10006a1a:	4638      	mov	r0, r7
10006a1c:	3104      	adds	r1, #4
10006a1e:	f000 fdf9 	bl	10007614 <vListInsert>
10006a22:	4b10      	ldr	r3, [pc, #64]	@ (10006a64 <vTaskDelay+0x80>)
10006a24:	681a      	ldr	r2, [r3, #0]
10006a26:	4294      	cmp	r4, r2
10006a28:	bf38      	it	cc
10006a2a:	601c      	strcc	r4, [r3, #0]
10006a2c:	f7ff ff1a 	bl	10006864 <xTaskResumeAll>
10006a30:	b148      	cbz	r0, 10006a46 <vTaskDelay+0x62>
10006a32:	e8bd 81f0 	ldmia.w	sp!, {r4, r5, r6, r7, r8, pc}
10006a36:	4640      	mov	r0, r8
10006a38:	3104      	adds	r1, #4
10006a3a:	f000 fdeb 	bl	10007614 <vListInsert>
10006a3e:	f7ff ff11 	bl	10006864 <xTaskResumeAll>
10006a42:	2800      	cmp	r0, #0
10006a44:	d1f5      	bne.n	10006a32 <vTaskDelay+0x4e>
10006a46:	e8bd 41f0 	ldmia.w	sp!, {r4, r5, r6, r7, r8, lr}
10006a4a:	f000 bc45 	b.w	100072d8 <vPortYield>
10006a4e:	bf00      	nop
10006a50:	200029a4 	.word	0x200029a4
10006a54:	20002a58 	.word	0x20002a58
10006a58:	200028ec 	.word	0x200028ec
10006a5c:	200028e0 	.word	0x200028e0
10006a60:	200028e8 	.word	0x200028e8
10006a64:	20002a0c 	.word	0x20002a0c

10006a68 <xTaskGetTickCount>:
10006a68:	4b01      	ldr	r3, [pc, #4]	@ (10006a70 <xTaskGetTickCount+0x8>)
10006a6a:	6818      	ldr	r0, [r3, #0]
10006a6c:	4770      	bx	lr
10006a6e:	bf00      	nop
10006a70:	20002a58 	.word	0x20002a58

10006a74 <uxTaskGetNumberOfTasks>:
10006a74:	4b01      	ldr	r3, [pc, #4]	@ (10006a7c <uxTaskGetNumberOfTasks+0x8>)
10006a76:	6818      	ldr	r0, [r3, #0]
10006a78:	4770      	bx	lr
10006a7a:	bf00      	nop
10006a7c:	2000299c 	.word	0x2000299c

10006a80 <xTaskIncrementTick>:
10006a80:	4b05      	ldr	r3, [pc, #20]	@ (10006a98 <xTaskIncrementTick+0x18>)
10006a82:	681b      	ldr	r3, [r3, #0]
10006a84:	b90b      	cbnz	r3, 10006a8a <xTaskIncrementTick+0xa>
10006a86:	f7ff bd55 	b.w	10006534 <xTaskIncrementTick.part.0>
10006a8a:	4a04      	ldr	r2, [pc, #16]	@ (10006a9c <xTaskIncrementTick+0x1c>)
10006a8c:	2000      	movs	r0, #0
10006a8e:	6813      	ldr	r3, [r2, #0]
10006a90:	3301      	adds	r3, #1
10006a92:	6013      	str	r3, [r2, #0]
10006a94:	4770      	bx	lr
10006a96:	bf00      	nop
10006a98:	200029a4 	.word	0x200029a4
10006a9c:	20002a14 	.word	0x20002a14

10006aa0 <vTaskSwitchContext>:
10006aa0:	4b23      	ldr	r3, [pc, #140]	@ (10006b30 <vTaskSwitchContext+0x90>)
10006aa2:	681b      	ldr	r3, [r3, #0]
10006aa4:	b11b      	cbz	r3, 10006aae <vTaskSwitchContext+0xe>
10006aa6:	2201      	movs	r2, #1
10006aa8:	4b22      	ldr	r3, [pc, #136]	@ (10006b34 <vTaskSwitchContext+0x94>)
10006aaa:	601a      	str	r2, [r3, #0]
10006aac:	4770      	bx	lr
10006aae:	4a21      	ldr	r2, [pc, #132]	@ (10006b34 <vTaskSwitchContext+0x94>)
10006ab0:	b430      	push	{r4, r5}
10006ab2:	4c21      	ldr	r4, [pc, #132]	@ (10006b38 <vTaskSwitchContext+0x98>)
10006ab4:	6013      	str	r3, [r2, #0]
10006ab6:	6820      	ldr	r0, [r4, #0]
10006ab8:	4a20      	ldr	r2, [pc, #128]	@ (10006b3c <vTaskSwitchContext+0x9c>)
10006aba:	eb00 0380 	add.w	r3, r0, r0, lsl #2
10006abe:	f852 3023 	ldr.w	r3, [r2, r3, lsl #2]
10006ac2:	0081      	lsls	r1, r0, #2
10006ac4:	bb8b      	cbnz	r3, 10006b2a <vTaskSwitchContext+0x8a>
10006ac6:	1e43      	subs	r3, r0, #1
10006ac8:	eb03 0583 	add.w	r5, r3, r3, lsl #2
10006acc:	f852 5025 	ldr.w	r5, [r2, r5, lsl #2]
10006ad0:	0099      	lsls	r1, r3, #2
10006ad2:	b9b5      	cbnz	r5, 10006b02 <vTaskSwitchContext+0x62>
10006ad4:	1e83      	subs	r3, r0, #2
10006ad6:	eb03 0583 	add.w	r5, r3, r3, lsl #2
10006ada:	f852 5025 	ldr.w	r5, [r2, r5, lsl #2]
10006ade:	0099      	lsls	r1, r3, #2
10006ae0:	b97d      	cbnz	r5, 10006b02 <vTaskSwitchContext+0x62>
10006ae2:	1ec3      	subs	r3, r0, #3
10006ae4:	eb03 0583 	add.w	r5, r3, r3, lsl #2
10006ae8:	f852 5025 	ldr.w	r5, [r2, r5, lsl #2]
10006aec:	0099      	lsls	r1, r3, #2
10006aee:	b945      	cbnz	r5, 10006b02 <vTaskSwitchContext+0x62>
10006af0:	1f03      	subs	r3, r0, #4
10006af2:	eb03 0583 	add.w	r5, r3, r3, lsl #2
10006af6:	f852 5025 	ldr.w	r5, [r2, r5, lsl #2]
10006afa:	0099      	lsls	r1, r3, #2
10006afc:	b90d      	cbnz	r5, 10006b02 <vTaskSwitchContext+0x62>
10006afe:	1f43      	subs	r3, r0, #5
10006b00:	0099      	lsls	r1, r3, #2
10006b02:	4419      	add	r1, r3
10006b04:	eb02 0081 	add.w	r0, r2, r1, lsl #2
10006b08:	4602      	mov	r2, r0
10006b0a:	6841      	ldr	r1, [r0, #4]
10006b0c:	3208      	adds	r2, #8
10006b0e:	6849      	ldr	r1, [r1, #4]
10006b10:	4291      	cmp	r1, r2
10006b12:	6041      	str	r1, [r0, #4]
10006b14:	bf08      	it	eq
10006b16:	68c1      	ldreq	r1, [r0, #12]
10006b18:	4a09      	ldr	r2, [pc, #36]	@ (10006b40 <vTaskSwitchContext+0xa0>)
10006b1a:	bf08      	it	eq
10006b1c:	6041      	streq	r1, [r0, #4]
10006b1e:	68c9      	ldr	r1, [r1, #12]
10006b20:	6011      	str	r1, [r2, #0]
10006b22:	6023      	str	r3, [r4, #0]
10006b24:	6813      	ldr	r3, [r2, #0]
10006b26:	bc30      	pop	{r4, r5}
10006b28:	4770      	bx	lr
10006b2a:	4603      	mov	r3, r0
10006b2c:	e7e9      	b.n	10006b02 <vTaskSwitchContext+0x62>
10006b2e:	bf00      	nop
10006b30:	200029a4 	.word	0x200029a4
10006b34:	20002a64 	.word	0x20002a64
10006b38:	200029ac 	.word	0x200029ac
10006b3c:	200028f4 	.word	0x200028f4
10006b40:	200028e0 	.word	0x200028e0

10006b44 <vTaskPlaceOnEventList>:
10006b44:	e92d 41f0 	stmdb	sp!, {r4, r5, r6, r7, r8, lr}
10006b48:	460c      	mov	r4, r1
10006b4a:	4d1e      	ldr	r5, [pc, #120]	@ (10006bc4 <vTaskPlaceOnEventList+0x80>)
10006b4c:	6829      	ldr	r1, [r5, #0]
10006b4e:	3118      	adds	r1, #24
10006b50:	f000 fd60 	bl	10007614 <vListInsert>
10006b54:	4b1c      	ldr	r3, [pc, #112]	@ (10006bc8 <vTaskPlaceOnEventList+0x84>)
10006b56:	491d      	ldr	r1, [pc, #116]	@ (10006bcc <vTaskPlaceOnEventList+0x88>)
10006b58:	4a1d      	ldr	r2, [pc, #116]	@ (10006bd0 <vTaskPlaceOnEventList+0x8c>)
10006b5a:	680e      	ldr	r6, [r1, #0]
10006b5c:	6817      	ldr	r7, [r2, #0]
10006b5e:	f8d3 8000 	ldr.w	r8, [r3]
10006b62:	6828      	ldr	r0, [r5, #0]
10006b64:	3004      	adds	r0, #4
10006b66:	f000 fd6d 	bl	10007644 <uxListRemove>
10006b6a:	1c63      	adds	r3, r4, #1
10006b6c:	d015      	beq.n	10006b9a <vTaskPlaceOnEventList+0x56>
10006b6e:	682b      	ldr	r3, [r5, #0]
10006b70:	19a4      	adds	r4, r4, r6
10006b72:	6829      	ldr	r1, [r5, #0]
10006b74:	605c      	str	r4, [r3, #4]
10006b76:	d20a      	bcs.n	10006b8e <vTaskPlaceOnEventList+0x4a>
10006b78:	4638      	mov	r0, r7
10006b7a:	3104      	adds	r1, #4
10006b7c:	f000 fd4a 	bl	10007614 <vListInsert>
10006b80:	4b14      	ldr	r3, [pc, #80]	@ (10006bd4 <vTaskPlaceOnEventList+0x90>)
10006b82:	681a      	ldr	r2, [r3, #0]
10006b84:	4294      	cmp	r4, r2
10006b86:	bf38      	it	cc
10006b88:	601c      	strcc	r4, [r3, #0]
10006b8a:	e8bd 81f0 	ldmia.w	sp!, {r4, r5, r6, r7, r8, pc}
10006b8e:	4640      	mov	r0, r8
10006b90:	e8bd 41f0 	ldmia.w	sp!, {r4, r5, r6, r7, r8, lr}
10006b94:	3104      	adds	r1, #4
10006b96:	f000 bd3d 	b.w	10007614 <vListInsert>
10006b9a:	4b0f      	ldr	r3, [pc, #60]	@ (10006bd8 <vTaskPlaceOnEventList+0x94>)
10006b9c:	6829      	ldr	r1, [r5, #0]
10006b9e:	685a      	ldr	r2, [r3, #4]
10006ba0:	681c      	ldr	r4, [r3, #0]
10006ba2:	608a      	str	r2, [r1, #8]
10006ba4:	682e      	ldr	r6, [r5, #0]
10006ba6:	3401      	adds	r4, #1
10006ba8:	6828      	ldr	r0, [r5, #0]
10006baa:	6829      	ldr	r1, [r5, #0]
10006bac:	601c      	str	r4, [r3, #0]
10006bae:	682d      	ldr	r5, [r5, #0]
10006bb0:	6894      	ldr	r4, [r2, #8]
10006bb2:	3004      	adds	r0, #4
10006bb4:	3104      	adds	r1, #4
10006bb6:	60f4      	str	r4, [r6, #12]
10006bb8:	6060      	str	r0, [r4, #4]
10006bba:	6091      	str	r1, [r2, #8]
10006bbc:	616b      	str	r3, [r5, #20]
10006bbe:	e8bd 81f0 	ldmia.w	sp!, {r4, r5, r6, r7, r8, pc}
10006bc2:	bf00      	nop
10006bc4:	200028e0 	.word	0x200028e0
10006bc8:	200028ec 	.word	0x200028ec
10006bcc:	20002a58 	.word	0x20002a58
10006bd0:	200028e8 	.word	0x200028e8
10006bd4:	20002a0c 	.word	0x20002a0c
10006bd8:	20002a30 	.word	0x20002a30

10006bdc <vTaskPlaceOnEventListRestricted>:
10006bdc:	4694      	mov	ip, r2
10006bde:	e92d 41f0 	stmdb	sp!, {r4, r5, r6, r7, r8, lr}
10006be2:	4c2b      	ldr	r4, [pc, #172]	@ (10006c90 <vTaskPlaceOnEventListRestricted+0xb4>)
10006be4:	460d      	mov	r5, r1
10006be6:	6823      	ldr	r3, [r4, #0]
10006be8:	6841      	ldr	r1, [r0, #4]
10006bea:	f8d4 8000 	ldr.w	r8, [r4]
10006bee:	61d9      	str	r1, [r3, #28]
10006bf0:	6827      	ldr	r7, [r4, #0]
10006bf2:	6803      	ldr	r3, [r0, #0]
10006bf4:	6826      	ldr	r6, [r4, #0]
10006bf6:	688a      	ldr	r2, [r1, #8]
10006bf8:	f8d4 e000 	ldr.w	lr, [r4]
10006bfc:	3301      	adds	r3, #1
10006bfe:	3718      	adds	r7, #24
10006c00:	3618      	adds	r6, #24
10006c02:	f8c8 2020 	str.w	r2, [r8, #32]
10006c06:	6057      	str	r7, [r2, #4]
10006c08:	608e      	str	r6, [r1, #8]
10006c0a:	4a22      	ldr	r2, [pc, #136]	@ (10006c94 <vTaskPlaceOnEventListRestricted+0xb8>)
10006c0c:	f8ce 0028 	str.w	r0, [lr, #40]	@ 0x28
10006c10:	4921      	ldr	r1, [pc, #132]	@ (10006c98 <vTaskPlaceOnEventListRestricted+0xbc>)
10006c12:	6003      	str	r3, [r0, #0]
10006c14:	4b21      	ldr	r3, [pc, #132]	@ (10006c9c <vTaskPlaceOnEventListRestricted+0xc0>)
10006c16:	f1bc 0f00 	cmp.w	ip, #0
10006c1a:	d01a      	beq.n	10006c52 <vTaskPlaceOnEventListRestricted+0x76>
10006c1c:	6809      	ldr	r1, [r1, #0]
10006c1e:	6812      	ldr	r2, [r2, #0]
10006c20:	681b      	ldr	r3, [r3, #0]
10006c22:	6820      	ldr	r0, [r4, #0]
10006c24:	3004      	adds	r0, #4
10006c26:	f000 fd0d 	bl	10007644 <uxListRemove>
10006c2a:	4b1d      	ldr	r3, [pc, #116]	@ (10006ca0 <vTaskPlaceOnEventListRestricted+0xc4>)
10006c2c:	6819      	ldr	r1, [r3, #0]
10006c2e:	685a      	ldr	r2, [r3, #4]
10006c30:	3101      	adds	r1, #1
10006c32:	6019      	str	r1, [r3, #0]
10006c34:	6821      	ldr	r1, [r4, #0]
10006c36:	6890      	ldr	r0, [r2, #8]
10006c38:	608a      	str	r2, [r1, #8]
10006c3a:	6821      	ldr	r1, [r4, #0]
10006c3c:	60c8      	str	r0, [r1, #12]
10006c3e:	6821      	ldr	r1, [r4, #0]
10006c40:	3104      	adds	r1, #4
10006c42:	6041      	str	r1, [r0, #4]
10006c44:	6821      	ldr	r1, [r4, #0]
10006c46:	6820      	ldr	r0, [r4, #0]
10006c48:	3104      	adds	r1, #4
10006c4a:	6091      	str	r1, [r2, #8]
10006c4c:	6143      	str	r3, [r0, #20]
10006c4e:	e8bd 81f0 	ldmia.w	sp!, {r4, r5, r6, r7, r8, pc}
10006c52:	680e      	ldr	r6, [r1, #0]
10006c54:	6817      	ldr	r7, [r2, #0]
10006c56:	f8d3 8000 	ldr.w	r8, [r3]
10006c5a:	6820      	ldr	r0, [r4, #0]
10006c5c:	3004      	adds	r0, #4
10006c5e:	f000 fcf1 	bl	10007644 <uxListRemove>
10006c62:	6823      	ldr	r3, [r4, #0]
10006c64:	19ad      	adds	r5, r5, r6
10006c66:	6821      	ldr	r1, [r4, #0]
10006c68:	605d      	str	r5, [r3, #4]
10006c6a:	d305      	bcc.n	10006c78 <vTaskPlaceOnEventListRestricted+0x9c>
10006c6c:	4640      	mov	r0, r8
10006c6e:	e8bd 41f0 	ldmia.w	sp!, {r4, r5, r6, r7, r8, lr}
10006c72:	3104      	adds	r1, #4
10006c74:	f000 bcce 	b.w	10007614 <vListInsert>
10006c78:	4638      	mov	r0, r7
10006c7a:	3104      	adds	r1, #4
10006c7c:	f000 fcca 	bl	10007614 <vListInsert>
10006c80:	4b08      	ldr	r3, [pc, #32]	@ (10006ca4 <vTaskPlaceOnEventListRestricted+0xc8>)
10006c82:	681a      	ldr	r2, [r3, #0]
10006c84:	4295      	cmp	r5, r2
10006c86:	bf38      	it	cc
10006c88:	601d      	strcc	r5, [r3, #0]
10006c8a:	e8bd 81f0 	ldmia.w	sp!, {r4, r5, r6, r7, r8, pc}
10006c8e:	bf00      	nop
10006c90:	200028e0 	.word	0x200028e0
10006c94:	200028e8 	.word	0x200028e8
10006c98:	20002a58 	.word	0x20002a58
10006c9c:	200028ec 	.word	0x200028ec
10006ca0:	20002a30 	.word	0x20002a30
10006ca4:	20002a0c 	.word	0x20002a0c

10006ca8 <xTaskRemoveFromEventList>:
10006ca8:	b4f0      	push	{r4, r5, r6, r7}
10006caa:	2600      	movs	r6, #0
10006cac:	68c3      	ldr	r3, [r0, #12]
10006cae:	68db      	ldr	r3, [r3, #12]
10006cb0:	6a9a      	ldr	r2, [r3, #40]	@ 0x28
10006cb2:	e9d3 0107 	ldrd	r0, r1, [r3, #28]
10006cb6:	6081      	str	r1, [r0, #8]
10006cb8:	6048      	str	r0, [r1, #4]
10006cba:	6850      	ldr	r0, [r2, #4]
10006cbc:	f103 0418 	add.w	r4, r3, #24
10006cc0:	42a0      	cmp	r0, r4
10006cc2:	4827      	ldr	r0, [pc, #156]	@ (10006d60 <xTaskRemoveFromEventList+0xb8>)
10006cc4:	bf08      	it	eq
10006cc6:	6051      	streq	r1, [r2, #4]
10006cc8:	6811      	ldr	r1, [r2, #0]
10006cca:	6805      	ldr	r5, [r0, #0]
10006ccc:	3901      	subs	r1, #1
10006cce:	6ad8      	ldr	r0, [r3, #44]	@ 0x2c
10006cd0:	629e      	str	r6, [r3, #40]	@ 0x28
10006cd2:	6011      	str	r1, [r2, #0]
10006cd4:	2d00      	cmp	r5, #0
10006cd6:	d12f      	bne.n	10006d38 <xTaskRemoveFromEventList+0x90>
10006cd8:	e9d3 4102 	ldrd	r4, r1, [r3, #8]
10006cdc:	695a      	ldr	r2, [r3, #20]
10006cde:	60a1      	str	r1, [r4, #8]
10006ce0:	604c      	str	r4, [r1, #4]
10006ce2:	6854      	ldr	r4, [r2, #4]
10006ce4:	1d1e      	adds	r6, r3, #4
10006ce6:	42b4      	cmp	r4, r6
10006ce8:	bf08      	it	eq
10006cea:	6051      	streq	r1, [r2, #4]
10006cec:	6811      	ldr	r1, [r2, #0]
10006cee:	3901      	subs	r1, #1
10006cf0:	6011      	str	r1, [r2, #0]
10006cf2:	4a1c      	ldr	r2, [pc, #112]	@ (10006d64 <xTaskRemoveFromEventList+0xbc>)
10006cf4:	6811      	ldr	r1, [r2, #0]
10006cf6:	4281      	cmp	r1, r0
10006cf8:	491b      	ldr	r1, [pc, #108]	@ (10006d68 <xTaskRemoveFromEventList+0xc0>)
10006cfa:	bf38      	it	cc
10006cfc:	6010      	strcc	r0, [r2, #0]
10006cfe:	eb00 0280 	add.w	r2, r0, r0, lsl #2
10006d02:	eb01 0782 	add.w	r7, r1, r2, lsl #2
10006d06:	687d      	ldr	r5, [r7, #4]
10006d08:	0092      	lsls	r2, r2, #2
10006d0a:	f8d5 c008 	ldr.w	ip, [r5, #8]
10006d0e:	588c      	ldr	r4, [r1, r2]
10006d10:	609d      	str	r5, [r3, #8]
10006d12:	f8c3 c00c 	str.w	ip, [r3, #12]
10006d16:	f8cc 6004 	str.w	r6, [ip, #4]
10006d1a:	60ae      	str	r6, [r5, #8]
10006d1c:	615f      	str	r7, [r3, #20]
10006d1e:	4b13      	ldr	r3, [pc, #76]	@ (10006d6c <xTaskRemoveFromEventList+0xc4>)
10006d20:	3401      	adds	r4, #1
10006d22:	681b      	ldr	r3, [r3, #0]
10006d24:	508c      	str	r4, [r1, r2]
10006d26:	6adb      	ldr	r3, [r3, #44]	@ 0x2c
10006d28:	4283      	cmp	r3, r0
10006d2a:	d215      	bcs.n	10006d58 <xTaskRemoveFromEventList+0xb0>
10006d2c:	bcf0      	pop	{r4, r5, r6, r7}
10006d2e:	2301      	movs	r3, #1
10006d30:	4a0f      	ldr	r2, [pc, #60]	@ (10006d70 <xTaskRemoveFromEventList+0xc8>)
10006d32:	4618      	mov	r0, r3
10006d34:	6013      	str	r3, [r2, #0]
10006d36:	4770      	bx	lr
10006d38:	4a0e      	ldr	r2, [pc, #56]	@ (10006d74 <xTaskRemoveFromEventList+0xcc>)
10006d3a:	6815      	ldr	r5, [r2, #0]
10006d3c:	6851      	ldr	r1, [r2, #4]
10006d3e:	3501      	adds	r5, #1
10006d40:	6015      	str	r5, [r2, #0]
10006d42:	688d      	ldr	r5, [r1, #8]
10006d44:	61d9      	str	r1, [r3, #28]
10006d46:	621d      	str	r5, [r3, #32]
10006d48:	606c      	str	r4, [r5, #4]
10006d4a:	608c      	str	r4, [r1, #8]
10006d4c:	629a      	str	r2, [r3, #40]	@ 0x28
10006d4e:	4b07      	ldr	r3, [pc, #28]	@ (10006d6c <xTaskRemoveFromEventList+0xc4>)
10006d50:	681b      	ldr	r3, [r3, #0]
10006d52:	6adb      	ldr	r3, [r3, #44]	@ 0x2c
10006d54:	4283      	cmp	r3, r0
10006d56:	d3e9      	bcc.n	10006d2c <xTaskRemoveFromEventList+0x84>
10006d58:	bcf0      	pop	{r4, r5, r6, r7}
10006d5a:	2000      	movs	r0, #0
10006d5c:	4770      	bx	lr
10006d5e:	bf00      	nop
10006d60:	200029a4 	.word	0x200029a4
10006d64:	200029ac 	.word	0x200029ac
10006d68:	200028f4 	.word	0x200028f4
10006d6c:	200028e0 	.word	0x200028e0
10006d70:	20002a64 	.word	0x20002a64
10006d74:	20002a18 	.word	0x20002a18

10006d78 <vTaskInternalSetTimeOutState>:
10006d78:	4a03      	ldr	r2, [pc, #12]	@ (10006d88 <vTaskInternalSetTimeOutState+0x10>)
10006d7a:	4b04      	ldr	r3, [pc, #16]	@ (10006d8c <vTaskInternalSetTimeOutState+0x14>)
10006d7c:	6812      	ldr	r2, [r2, #0]
10006d7e:	681b      	ldr	r3, [r3, #0]
10006d80:	e9c0 2300 	strd	r2, r3, [r0]
10006d84:	4770      	bx	lr
10006d86:	bf00      	nop
10006d88:	20002a10 	.word	0x20002a10
10006d8c:	20002a58 	.word	0x20002a58

10006d90 <xTaskCheckForTimeOut>:
10006d90:	b5f8      	push	{r3, r4, r5, r6, r7, lr}
10006d92:	460d      	mov	r5, r1
10006d94:	4604      	mov	r4, r0
10006d96:	f000 faab 	bl	100072f0 <vPortEnterCritical>
10006d9a:	682b      	ldr	r3, [r5, #0]
10006d9c:	4a12      	ldr	r2, [pc, #72]	@ (10006de8 <xTaskCheckForTimeOut+0x58>)
10006d9e:	1c58      	adds	r0, r3, #1
10006da0:	6811      	ldr	r1, [r2, #0]
10006da2:	d01b      	beq.n	10006ddc <xTaskCheckForTimeOut+0x4c>
10006da4:	e9d4 6000 	ldrd	r6, r0, [r4]
10006da8:	f8df c040 	ldr.w	ip, [pc, #64]	@ 10006dec <xTaskCheckForTimeOut+0x5c>
10006dac:	f8dc 7000 	ldr.w	r7, [ip]
10006db0:	42be      	cmp	r6, r7
10006db2:	d008      	beq.n	10006dc6 <xTaskCheckForTimeOut+0x36>
10006db4:	4288      	cmp	r0, r1
10006db6:	d806      	bhi.n	10006dc6 <xTaskCheckForTimeOut+0x36>
10006db8:	2300      	movs	r3, #0
10006dba:	2401      	movs	r4, #1
10006dbc:	602b      	str	r3, [r5, #0]
10006dbe:	f000 faa5 	bl	1000730c <vPortExitCritical>
10006dc2:	4620      	mov	r0, r4
10006dc4:	bdf8      	pop	{r3, r4, r5, r6, r7, pc}
10006dc6:	1a0f      	subs	r7, r1, r0
10006dc8:	42bb      	cmp	r3, r7
10006dca:	d9f5      	bls.n	10006db8 <xTaskCheckForTimeOut+0x28>
10006dcc:	1a5b      	subs	r3, r3, r1
10006dce:	f8dc 1000 	ldr.w	r1, [ip]
10006dd2:	6812      	ldr	r2, [r2, #0]
10006dd4:	4403      	add	r3, r0
10006dd6:	602b      	str	r3, [r5, #0]
10006dd8:	e9c4 1200 	strd	r1, r2, [r4]
10006ddc:	2400      	movs	r4, #0
10006dde:	f000 fa95 	bl	1000730c <vPortExitCritical>
10006de2:	4620      	mov	r0, r4
10006de4:	bdf8      	pop	{r3, r4, r5, r6, r7, pc}
10006de6:	bf00      	nop
10006de8:	20002a58 	.word	0x20002a58
10006dec:	20002a10 	.word	0x20002a10

10006df0 <vTaskMissedYield>:
10006df0:	2201      	movs	r2, #1
10006df2:	4b01      	ldr	r3, [pc, #4]	@ (10006df8 <vTaskMissedYield+0x8>)
10006df4:	601a      	str	r2, [r3, #0]
10006df6:	4770      	bx	lr
10006df8:	20002a64 	.word	0x20002a64

10006dfc <xTaskPriorityDisinherit>:
10006dfc:	b158      	cbz	r0, 10006e16 <xTaskPriorityDisinherit+0x1a>
10006dfe:	b5f8      	push	{r3, r4, r5, r6, r7, lr}
10006e00:	6ac1      	ldr	r1, [r0, #44]	@ 0x2c
10006e02:	6c83      	ldr	r3, [r0, #72]	@ 0x48
10006e04:	6c42      	ldr	r2, [r0, #68]	@ 0x44
10006e06:	3b01      	subs	r3, #1
10006e08:	4291      	cmp	r1, r2
10006e0a:	4604      	mov	r4, r0
10006e0c:	6483      	str	r3, [r0, #72]	@ 0x48
10006e0e:	d000      	beq.n	10006e12 <xTaskPriorityDisinherit+0x16>
10006e10:	b11b      	cbz	r3, 10006e1a <xTaskPriorityDisinherit+0x1e>
10006e12:	2000      	movs	r0, #0
10006e14:	bdf8      	pop	{r3, r4, r5, r6, r7, pc}
10006e16:	2000      	movs	r0, #0
10006e18:	4770      	bx	lr
10006e1a:	1d06      	adds	r6, r0, #4
10006e1c:	4630      	mov	r0, r6
10006e1e:	f000 fc11 	bl	10007644 <uxListRemove>
10006e22:	6c63      	ldr	r3, [r4, #68]	@ 0x44
10006e24:	4a0e      	ldr	r2, [pc, #56]	@ (10006e60 <xTaskPriorityDisinherit+0x64>)
10006e26:	f1c3 0006 	rsb	r0, r3, #6
10006e2a:	61a0      	str	r0, [r4, #24]
10006e2c:	2001      	movs	r0, #1
10006e2e:	6811      	ldr	r1, [r2, #0]
10006e30:	62e3      	str	r3, [r4, #44]	@ 0x2c
10006e32:	428b      	cmp	r3, r1
10006e34:	bf88      	it	hi
10006e36:	6013      	strhi	r3, [r2, #0]
10006e38:	4a0a      	ldr	r2, [pc, #40]	@ (10006e64 <xTaskPriorityDisinherit+0x68>)
10006e3a:	eb03 0383 	add.w	r3, r3, r3, lsl #2
10006e3e:	ea4f 0c83 	mov.w	ip, r3, lsl #2
10006e42:	eb02 0383 	add.w	r3, r2, r3, lsl #2
10006e46:	685d      	ldr	r5, [r3, #4]
10006e48:	f852 100c 	ldr.w	r1, [r2, ip]
10006e4c:	68af      	ldr	r7, [r5, #8]
10006e4e:	4401      	add	r1, r0
10006e50:	60a5      	str	r5, [r4, #8]
10006e52:	60e7      	str	r7, [r4, #12]
10006e54:	607e      	str	r6, [r7, #4]
10006e56:	60ae      	str	r6, [r5, #8]
10006e58:	6163      	str	r3, [r4, #20]
10006e5a:	f842 100c 	str.w	r1, [r2, ip]
10006e5e:	bdf8      	pop	{r3, r4, r5, r6, r7, pc}
10006e60:	200029ac 	.word	0x200029ac
10006e64:	200028f4 	.word	0x200028f4

10006e68 <prvTimerTask>:
10006e68:	e92d 4ff0 	stmdb	sp!, {r4, r5, r6, r7, r8, r9, sl, fp, lr}
10006e6c:	4fb7      	ldr	r7, [pc, #732]	@ (1000714c <prvTimerTask+0x2e4>)
10006e6e:	f8df b2e4 	ldr.w	fp, [pc, #740]	@ 10007154 <prvTimerTask+0x2ec>
10006e72:	f8df 82e4 	ldr.w	r8, [pc, #740]	@ 10007158 <prvTimerTask+0x2f0>
10006e76:	4db6      	ldr	r5, [pc, #728]	@ (10007150 <prvTimerTask+0x2e8>)
10006e78:	b087      	sub	sp, #28
10006e7a:	683b      	ldr	r3, [r7, #0]
10006e7c:	681c      	ldr	r4, [r3, #0]
10006e7e:	2c00      	cmp	r4, #0
10006e80:	f040 811d 	bne.w	100070be <prvTimerTask+0x256>
10006e84:	f7ff fce6 	bl	10006854 <vTaskSuspendAll>
10006e88:	f7ff fdee 	bl	10006a68 <xTaskGetTickCount>
10006e8c:	f8db 3000 	ldr.w	r3, [fp]
10006e90:	4681      	mov	r9, r0
10006e92:	4283      	cmp	r3, r0
10006e94:	d848      	bhi.n	10006f28 <prvTimerTask+0xc0>
10006e96:	f8d8 3000 	ldr.w	r3, [r8]
10006e9a:	f8cb 0000 	str.w	r0, [fp]
10006e9e:	681a      	ldr	r2, [r3, #0]
10006ea0:	fab2 f282 	clz	r2, r2
10006ea4:	0952      	lsrs	r2, r2, #5
10006ea6:	6828      	ldr	r0, [r5, #0]
10006ea8:	eba4 0109 	sub.w	r1, r4, r9
10006eac:	f7ff fa24 	bl	100062f8 <vQueueWaitForMessageRestricted>
10006eb0:	f7ff fcd8 	bl	10006864 <xTaskResumeAll>
10006eb4:	2800      	cmp	r0, #0
10006eb6:	f000 8124 	beq.w	10007102 <prvTimerTask+0x29a>
10006eba:	2300      	movs	r3, #0
10006ebc:	e9cd 3302 	strd	r3, r3, [sp, #8]
10006ec0:	e9cd 3304 	strd	r3, r3, [sp, #16]
10006ec4:	2200      	movs	r2, #0
10006ec6:	6828      	ldr	r0, [r5, #0]
10006ec8:	a902      	add	r1, sp, #8
10006eca:	f7ff f811 	bl	10005ef0 <xQueueReceive>
10006ece:	2800      	cmp	r0, #0
10006ed0:	d0d3      	beq.n	10006e7a <prvTimerTask+0x12>
10006ed2:	9b02      	ldr	r3, [sp, #8]
10006ed4:	9804      	ldr	r0, [sp, #16]
10006ed6:	2b00      	cmp	r3, #0
10006ed8:	f2c0 80e9 	blt.w	100070ae <prvTimerTask+0x246>
10006edc:	f8dd a010 	ldr.w	sl, [sp, #16]
10006ee0:	f8da 3014 	ldr.w	r3, [sl, #20]
10006ee4:	b11b      	cbz	r3, 10006eee <prvTimerTask+0x86>
10006ee6:	f10a 0004 	add.w	r0, sl, #4
10006eea:	f000 fbab 	bl	10007644 <uxListRemove>
10006eee:	f7ff fdbb 	bl	10006a68 <xTaskGetTickCount>
10006ef2:	f8db 3000 	ldr.w	r3, [fp]
10006ef6:	9001      	str	r0, [sp, #4]
10006ef8:	4298      	cmp	r0, r3
10006efa:	d343      	bcc.n	10006f84 <prvTimerTask+0x11c>
10006efc:	e9dd 2301 	ldrd	r2, r3, [sp, #4]
10006f00:	3b01      	subs	r3, #1
10006f02:	f8cb 2000 	str.w	r2, [fp]
10006f06:	2b08      	cmp	r3, #8
10006f08:	d8dc      	bhi.n	10006ec4 <prvTimerTask+0x5c>
10006f0a:	e8df f003 	tbb	[pc, r3]
10006f0e:	6161      	.short	0x6161
10006f10:	61c7a5c0 	.word	0x61c7a5c0
10006f14:	c061      	.short	0xc061
10006f16:	a5          	.byte	0xa5
10006f17:	00          	.byte	0x00
10006f18:	f022 0201 	bic.w	r2, r2, #1
10006f1c:	f88a 2024 	strb.w	r2, [sl, #36]	@ 0x24
10006f20:	4650      	mov	r0, sl
10006f22:	f8da 3020 	ldr.w	r3, [sl, #32]
10006f26:	4798      	blx	r3
10006f28:	683b      	ldr	r3, [r7, #0]
10006f2a:	681a      	ldr	r2, [r3, #0]
10006f2c:	2a00      	cmp	r2, #0
10006f2e:	f000 80d8 	beq.w	100070e2 <prvTimerTask+0x27a>
10006f32:	68da      	ldr	r2, [r3, #12]
10006f34:	f8d2 a00c 	ldr.w	sl, [r2, #12]
10006f38:	6814      	ldr	r4, [r2, #0]
10006f3a:	f10a 0604 	add.w	r6, sl, #4
10006f3e:	4630      	mov	r0, r6
10006f40:	f000 fb80 	bl	10007644 <uxListRemove>
10006f44:	f89a 2024 	ldrb.w	r2, [sl, #36]	@ 0x24
10006f48:	0751      	lsls	r1, r2, #29
10006f4a:	d5e5      	bpl.n	10006f18 <prvTimerTask+0xb0>
10006f4c:	e003      	b.n	10006f56 <prvTimerTask+0xee>
10006f4e:	4650      	mov	r0, sl
10006f50:	f8da 2020 	ldr.w	r2, [sl, #32]
10006f54:	4790      	blx	r2
10006f56:	f8da 2018 	ldr.w	r2, [sl, #24]
10006f5a:	f8ca a010 	str.w	sl, [sl, #16]
10006f5e:	1911      	adds	r1, r2, r4
10006f60:	18a4      	adds	r4, r4, r2
10006f62:	f8ca 1004 	str.w	r1, [sl, #4]
10006f66:	d3f2      	bcc.n	10006f4e <prvTimerTask+0xe6>
10006f68:	4631      	mov	r1, r6
10006f6a:	f8d8 0000 	ldr.w	r0, [r8]
10006f6e:	f000 fb51 	bl	10007614 <vListInsert>
10006f72:	e7d5      	b.n	10006f20 <prvTimerTask+0xb8>
10006f74:	f021 0101 	bic.w	r1, r1, #1
10006f78:	f889 1024 	strb.w	r1, [r9, #36]	@ 0x24
10006f7c:	4648      	mov	r0, r9
10006f7e:	f8d9 3020 	ldr.w	r3, [r9, #32]
10006f82:	4798      	blx	r3
10006f84:	683b      	ldr	r3, [r7, #0]
10006f86:	6819      	ldr	r1, [r3, #0]
10006f88:	2900      	cmp	r1, #0
10006f8a:	f000 80b4 	beq.w	100070f6 <prvTimerTask+0x28e>
10006f8e:	68d9      	ldr	r1, [r3, #12]
10006f90:	f8d1 900c 	ldr.w	r9, [r1, #12]
10006f94:	680c      	ldr	r4, [r1, #0]
10006f96:	f109 0604 	add.w	r6, r9, #4
10006f9a:	4630      	mov	r0, r6
10006f9c:	f000 fb52 	bl	10007644 <uxListRemove>
10006fa0:	f899 1024 	ldrb.w	r1, [r9, #36]	@ 0x24
10006fa4:	0748      	lsls	r0, r1, #29
10006fa6:	d5e5      	bpl.n	10006f74 <prvTimerTask+0x10c>
10006fa8:	e003      	b.n	10006fb2 <prvTimerTask+0x14a>
10006faa:	4648      	mov	r0, r9
10006fac:	f8d9 1020 	ldr.w	r1, [r9, #32]
10006fb0:	4788      	blx	r1
10006fb2:	f8d9 1018 	ldr.w	r1, [r9, #24]
10006fb6:	f8c9 9010 	str.w	r9, [r9, #16]
10006fba:	1908      	adds	r0, r1, r4
10006fbc:	1864      	adds	r4, r4, r1
10006fbe:	f8c9 0004 	str.w	r0, [r9, #4]
10006fc2:	d3f2      	bcc.n	10006faa <prvTimerTask+0x142>
10006fc4:	4631      	mov	r1, r6
10006fc6:	f8d8 0000 	ldr.w	r0, [r8]
10006fca:	f000 fb23 	bl	10007614 <vListInsert>
10006fce:	e7d5      	b.n	10006f7c <prvTimerTask+0x114>
10006fd0:	f89a 0024 	ldrb.w	r0, [sl, #36]	@ 0x24
10006fd4:	9903      	ldr	r1, [sp, #12]
10006fd6:	f8da 4018 	ldr.w	r4, [sl, #24]
10006fda:	9a01      	ldr	r2, [sp, #4]
10006fdc:	190b      	adds	r3, r1, r4
10006fde:	f040 0601 	orr.w	r6, r0, #1
10006fe2:	f88a 6024 	strb.w	r6, [sl, #36]	@ 0x24
10006fe6:	bf2c      	ite	cs
10006fe8:	2601      	movcs	r6, #1
10006fea:	2600      	movcc	r6, #0
10006fec:	4293      	cmp	r3, r2
10006fee:	f8ca 3004 	str.w	r3, [sl, #4]
10006ff2:	f8ca a010 	str.w	sl, [sl, #16]
10006ff6:	f200 8087 	bhi.w	10007108 <prvTimerTask+0x2a0>
10006ffa:	1a51      	subs	r1, r2, r1
10006ffc:	428c      	cmp	r4, r1
10006ffe:	d83f      	bhi.n	10007080 <prvTimerTask+0x218>
10007000:	0741      	lsls	r1, r0, #29
10007002:	d412      	bmi.n	1000702a <prvTimerTask+0x1c2>
10007004:	f020 0001 	bic.w	r0, r0, #1
10007008:	f88a 0024 	strb.w	r0, [sl, #36]	@ 0x24
1000700c:	4650      	mov	r0, sl
1000700e:	f8da 3020 	ldr.w	r3, [sl, #32]
10007012:	4798      	blx	r3
10007014:	e756      	b.n	10006ec4 <prvTimerTask+0x5c>
10007016:	428c      	cmp	r4, r1
10007018:	f200 80c6 	bhi.w	100071a8 <prvTimerTask+0x340>
1000701c:	f8da 3020 	ldr.w	r3, [sl, #32]
10007020:	4650      	mov	r0, sl
10007022:	4798      	blx	r3
10007024:	4633      	mov	r3, r6
10007026:	f8da 4018 	ldr.w	r4, [sl, #24]
1000702a:	9a01      	ldr	r2, [sp, #4]
1000702c:	18e6      	adds	r6, r4, r3
1000702e:	bf2c      	ite	cs
10007030:	2001      	movcs	r0, #1
10007032:	2000      	movcc	r0, #0
10007034:	42b2      	cmp	r2, r6
10007036:	eba2 0103 	sub.w	r1, r2, r3
1000703a:	f8ca 6004 	str.w	r6, [sl, #4]
1000703e:	f8ca a010 	str.w	sl, [sl, #16]
10007042:	d2e8      	bcs.n	10007016 <prvTimerTask+0x1ae>
10007044:	429a      	cmp	r2, r3
10007046:	d201      	bcs.n	1000704c <prvTimerTask+0x1e4>
10007048:	2800      	cmp	r0, #0
1000704a:	d0e7      	beq.n	1000701c <prvTimerTask+0x1b4>
1000704c:	6838      	ldr	r0, [r7, #0]
1000704e:	f10a 0104 	add.w	r1, sl, #4
10007052:	f000 fadf 	bl	10007614 <vListInsert>
10007056:	e7d9      	b.n	1000700c <prvTimerTask+0x1a4>
10007058:	9903      	ldr	r1, [sp, #12]
1000705a:	9a01      	ldr	r2, [sp, #4]
1000705c:	f89a 3024 	ldrb.w	r3, [sl, #36]	@ 0x24
10007060:	1888      	adds	r0, r1, r2
10007062:	f043 0301 	orr.w	r3, r3, #1
10007066:	4290      	cmp	r0, r2
10007068:	f88a 3024 	strb.w	r3, [sl, #36]	@ 0x24
1000706c:	f8ca 1018 	str.w	r1, [sl, #24]
10007070:	f8ca 0004 	str.w	r0, [sl, #4]
10007074:	f8ca a010 	str.w	sl, [sl, #16]
10007078:	d84b      	bhi.n	10007112 <prvTimerTask+0x2aa>
1000707a:	2900      	cmp	r1, #0
1000707c:	f43f af22 	beq.w	10006ec4 <prvTimerTask+0x5c>
10007080:	f8d8 0000 	ldr.w	r0, [r8]
10007084:	f10a 0104 	add.w	r1, sl, #4
10007088:	f000 fac4 	bl	10007614 <vListInsert>
1000708c:	e71a      	b.n	10006ec4 <prvTimerTask+0x5c>
1000708e:	f89a 3024 	ldrb.w	r3, [sl, #36]	@ 0x24
10007092:	f023 0301 	bic.w	r3, r3, #1
10007096:	f88a 3024 	strb.w	r3, [sl, #36]	@ 0x24
1000709a:	e713      	b.n	10006ec4 <prvTimerTask+0x5c>
1000709c:	f89a 3024 	ldrb.w	r3, [sl, #36]	@ 0x24
100070a0:	079a      	lsls	r2, r3, #30
100070a2:	d577      	bpl.n	10007194 <prvTimerTask+0x32c>
100070a4:	f023 0301 	bic.w	r3, r3, #1
100070a8:	f88a 3024 	strb.w	r3, [sl, #36]	@ 0x24
100070ac:	e70a      	b.n	10006ec4 <prvTimerTask+0x5c>
100070ae:	9b03      	ldr	r3, [sp, #12]
100070b0:	9905      	ldr	r1, [sp, #20]
100070b2:	4798      	blx	r3
100070b4:	9b02      	ldr	r3, [sp, #8]
100070b6:	2b00      	cmp	r3, #0
100070b8:	f6ff af04 	blt.w	10006ec4 <prvTimerTask+0x5c>
100070bc:	e70e      	b.n	10006edc <prvTimerTask+0x74>
100070be:	68db      	ldr	r3, [r3, #12]
100070c0:	681c      	ldr	r4, [r3, #0]
100070c2:	f7ff fbc7 	bl	10006854 <vTaskSuspendAll>
100070c6:	f7ff fccf 	bl	10006a68 <xTaskGetTickCount>
100070ca:	f8db 3000 	ldr.w	r3, [fp]
100070ce:	4681      	mov	r9, r0
100070d0:	4283      	cmp	r3, r0
100070d2:	f63f af29 	bhi.w	10006f28 <prvTimerTask+0xc0>
100070d6:	4284      	cmp	r4, r0
100070d8:	f8cb 0000 	str.w	r0, [fp]
100070dc:	d91f      	bls.n	1000711e <prvTimerTask+0x2b6>
100070de:	2200      	movs	r2, #0
100070e0:	e6e1      	b.n	10006ea6 <prvTimerTask+0x3e>
100070e2:	f8d8 2000 	ldr.w	r2, [r8]
100070e6:	f8cb 9000 	str.w	r9, [fp]
100070ea:	603a      	str	r2, [r7, #0]
100070ec:	f8c8 3000 	str.w	r3, [r8]
100070f0:	f7ff fbb8 	bl	10006864 <xTaskResumeAll>
100070f4:	e6e1      	b.n	10006eba <prvTimerTask+0x52>
100070f6:	f8d8 1000 	ldr.w	r1, [r8]
100070fa:	f8c8 3000 	str.w	r3, [r8]
100070fe:	6039      	str	r1, [r7, #0]
10007100:	e6fc      	b.n	10006efc <prvTimerTask+0x94>
10007102:	f000 f8e9 	bl	100072d8 <vPortYield>
10007106:	e6d8      	b.n	10006eba <prvTimerTask+0x52>
10007108:	4291      	cmp	r1, r2
1000710a:	d902      	bls.n	10007112 <prvTimerTask+0x2aa>
1000710c:	2e00      	cmp	r6, #0
1000710e:	f43f af77 	beq.w	10007000 <prvTimerTask+0x198>
10007112:	6838      	ldr	r0, [r7, #0]
10007114:	f10a 0104 	add.w	r1, sl, #4
10007118:	f000 fa7c 	bl	10007614 <vListInsert>
1000711c:	e6d2      	b.n	10006ec4 <prvTimerTask+0x5c>
1000711e:	f7ff fba1 	bl	10006864 <xTaskResumeAll>
10007122:	683b      	ldr	r3, [r7, #0]
10007124:	68db      	ldr	r3, [r3, #12]
10007126:	68de      	ldr	r6, [r3, #12]
10007128:	1d33      	adds	r3, r6, #4
1000712a:	4618      	mov	r0, r3
1000712c:	9301      	str	r3, [sp, #4]
1000712e:	f000 fa89 	bl	10007644 <uxListRemove>
10007132:	f896 2024 	ldrb.w	r2, [r6, #36]	@ 0x24
10007136:	0753      	lsls	r3, r2, #29
10007138:	d416      	bmi.n	10007168 <prvTimerTask+0x300>
1000713a:	f022 0201 	bic.w	r2, r2, #1
1000713e:	f886 2024 	strb.w	r2, [r6, #36]	@ 0x24
10007142:	4630      	mov	r0, r6
10007144:	6a33      	ldr	r3, [r6, #32]
10007146:	4798      	blx	r3
10007148:	e6b7      	b.n	10006eba <prvTimerTask+0x52>
1000714a:	bf00      	nop
1000714c:	200028e4 	.word	0x200028e4
10007150:	20002a5c 	.word	0x20002a5c
10007154:	20002a08 	.word	0x20002a08
10007158:	200028f0 	.word	0x200028f0
1000715c:	4281      	cmp	r1, r0
1000715e:	d81d      	bhi.n	1000719c <prvTimerTask+0x334>
10007160:	4630      	mov	r0, r6
10007162:	6a31      	ldr	r1, [r6, #32]
10007164:	4788      	blx	r1
10007166:	4654      	mov	r4, sl
10007168:	69b1      	ldr	r1, [r6, #24]
1000716a:	eba9 0004 	sub.w	r0, r9, r4
1000716e:	eb14 0a01 	adds.w	sl, r4, r1
10007172:	bf2c      	ite	cs
10007174:	2301      	movcs	r3, #1
10007176:	2300      	movcc	r3, #0
10007178:	45ca      	cmp	sl, r9
1000717a:	f8c6 a004 	str.w	sl, [r6, #4]
1000717e:	6136      	str	r6, [r6, #16]
10007180:	d9ec      	bls.n	1000715c <prvTimerTask+0x2f4>
10007182:	454c      	cmp	r4, r9
10007184:	d901      	bls.n	1000718a <prvTimerTask+0x322>
10007186:	2b00      	cmp	r3, #0
10007188:	d0ea      	beq.n	10007160 <prvTimerTask+0x2f8>
1000718a:	9901      	ldr	r1, [sp, #4]
1000718c:	6838      	ldr	r0, [r7, #0]
1000718e:	f000 fa41 	bl	10007614 <vListInsert>
10007192:	e7d6      	b.n	10007142 <prvTimerTask+0x2da>
10007194:	4650      	mov	r0, sl
10007196:	f000 f85d 	bl	10007254 <vPortFree>
1000719a:	e693      	b.n	10006ec4 <prvTimerTask+0x5c>
1000719c:	9901      	ldr	r1, [sp, #4]
1000719e:	f8d8 0000 	ldr.w	r0, [r8]
100071a2:	f000 fa37 	bl	10007614 <vListInsert>
100071a6:	e7cc      	b.n	10007142 <prvTimerTask+0x2da>
100071a8:	f8d8 0000 	ldr.w	r0, [r8]
100071ac:	f10a 0104 	add.w	r1, sl, #4
100071b0:	f000 fa30 	bl	10007614 <vListInsert>
100071b4:	e72a      	b.n	1000700c <prvTimerTask+0x1a4>
100071b6:	bf00      	nop

100071b8 <xTimerCreateTimerTask>:
100071b8:	b5f0      	push	{r4, r5, r6, r7, lr}
100071ba:	4c17      	ldr	r4, [pc, #92]	@ (10007218 <xTimerCreateTimerTask+0x60>)
100071bc:	b083      	sub	sp, #12
100071be:	f000 f897 	bl	100072f0 <vPortEnterCritical>
100071c2:	6825      	ldr	r5, [r4, #0]
100071c4:	b17d      	cbz	r5, 100071e6 <xTimerCreateTimerTask+0x2e>
100071c6:	f000 f8a1 	bl	1000730c <vPortExitCritical>
100071ca:	6820      	ldr	r0, [r4, #0]
100071cc:	b148      	cbz	r0, 100071e2 <xTimerCreateTimerTask+0x2a>
100071ce:	2403      	movs	r4, #3
100071d0:	4812      	ldr	r0, [pc, #72]	@ (1000721c <xTimerCreateTimerTask+0x64>)
100071d2:	2300      	movs	r3, #0
100071d4:	9001      	str	r0, [sp, #4]
100071d6:	2280      	movs	r2, #128	@ 0x80
100071d8:	4911      	ldr	r1, [pc, #68]	@ (10007220 <xTimerCreateTimerTask+0x68>)
100071da:	4812      	ldr	r0, [pc, #72]	@ (10007224 <xTimerCreateTimerTask+0x6c>)
100071dc:	9400      	str	r4, [sp, #0]
100071de:	f7ff fa57 	bl	10006690 <xTaskCreate>
100071e2:	b003      	add	sp, #12
100071e4:	bdf0      	pop	{r4, r5, r6, r7, pc}
100071e6:	4e10      	ldr	r6, [pc, #64]	@ (10007228 <xTimerCreateTimerTask+0x70>)
100071e8:	4f10      	ldr	r7, [pc, #64]	@ (1000722c <xTimerCreateTimerTask+0x74>)
100071ea:	4630      	mov	r0, r6
100071ec:	f000 fa02 	bl	100075f4 <vListInitialise>
100071f0:	4638      	mov	r0, r7
100071f2:	f000 f9ff 	bl	100075f4 <vListInitialise>
100071f6:	4a0e      	ldr	r2, [pc, #56]	@ (10007230 <xTimerCreateTimerTask+0x78>)
100071f8:	4b0e      	ldr	r3, [pc, #56]	@ (10007234 <xTimerCreateTimerTask+0x7c>)
100071fa:	6017      	str	r7, [r2, #0]
100071fc:	2110      	movs	r1, #16
100071fe:	462a      	mov	r2, r5
10007200:	200a      	movs	r0, #10
10007202:	601e      	str	r6, [r3, #0]
10007204:	f7fe fdf4 	bl	10005df0 <xQueueGenericCreate>
10007208:	6020      	str	r0, [r4, #0]
1000720a:	2800      	cmp	r0, #0
1000720c:	d0db      	beq.n	100071c6 <xTimerCreateTimerTask+0xe>
1000720e:	490a      	ldr	r1, [pc, #40]	@ (10007238 <xTimerCreateTimerTask+0x80>)
10007210:	f7fe ffb2 	bl	10006178 <vQueueAddToRegistry>
10007214:	e7d7      	b.n	100071c6 <xTimerCreateTimerTask+0xe>
10007216:	bf00      	nop
10007218:	20002a5c 	.word	0x20002a5c
1000721c:	20002a60 	.word	0x20002a60
10007220:	100083a0 	.word	0x100083a0
10007224:	10006e69 	.word	0x10006e69
10007228:	200029b0 	.word	0x200029b0
1000722c:	200029c4 	.word	0x200029c4
10007230:	200028f0 	.word	0x200028f0
10007234:	200028e4 	.word	0x200028e4
10007238:	10008398 	.word	0x10008398

1000723c <pvPortMalloc>:
1000723c:	b510      	push	{r4, lr}
1000723e:	4604      	mov	r4, r0
10007240:	f7ff fb08 	bl	10006854 <vTaskSuspendAll>
10007244:	4620      	mov	r0, r4
10007246:	f7fa fc2b 	bl	10001aa0 <__wrap_malloc>
1000724a:	4604      	mov	r4, r0
1000724c:	f7ff fb0a 	bl	10006864 <xTaskResumeAll>
10007250:	4620      	mov	r0, r4
10007252:	bd10      	pop	{r4, pc}

10007254 <vPortFree>:
10007254:	b150      	cbz	r0, 1000726c <vPortFree+0x18>
10007256:	b510      	push	{r4, lr}
10007258:	4604      	mov	r4, r0
1000725a:	f7ff fafb 	bl	10006854 <vTaskSuspendAll>
1000725e:	4620      	mov	r0, r4
10007260:	f7fa fc30 	bl	10001ac4 <__wrap_free>
10007264:	e8bd 4010 	ldmia.w	sp!, {r4, lr}
10007268:	f7ff bafc 	b.w	10006864 <xTaskResumeAll>
1000726c:	4770      	bx	lr
1000726e:	bf00      	nop

10007270 <prvTaskExitError>:
10007270:	2300      	movs	r3, #0
10007272:	b500      	push	{lr}
10007274:	b083      	sub	sp, #12
10007276:	9301      	str	r3, [sp, #4]
10007278:	f000 f94e 	bl	10007518 <ulSetInterruptMask>
1000727c:	9b01      	ldr	r3, [sp, #4]
1000727e:	2b00      	cmp	r3, #0
10007280:	d0fc      	beq.n	1000727c <prvTaskExitError+0xc>
10007282:	b003      	add	sp, #12
10007284:	f85d fb04 	ldr.w	pc, [sp], #4

10007288 <isr_systick>:
10007288:	b510      	push	{r4, lr}
1000728a:	f000 f945 	bl	10007518 <ulSetInterruptMask>
1000728e:	4604      	mov	r4, r0
10007290:	f7ff fbf6 	bl	10006a80 <xTaskIncrementTick>
10007294:	b128      	cbz	r0, 100072a2 <isr_systick+0x1a>
10007296:	f04f 23e0 	mov.w	r3, #3758153728	@ 0xe000e000
1000729a:	f04f 5280 	mov.w	r2, #268435456	@ 0x10000000
1000729e:	f8c3 2d04 	str.w	r2, [r3, #3332]	@ 0xd04
100072a2:	4620      	mov	r0, r4
100072a4:	e8bd 4010 	ldmia.w	sp!, {r4, lr}
100072a8:	f000 b942 	b.w	10007530 <vClearInterruptMask>

100072ac <vPortSetupTimerInterrupt>:
100072ac:	b510      	push	{r4, lr}
100072ae:	2204      	movs	r2, #4
100072b0:	f04f 24e0 	mov.w	r4, #3758153728	@ 0xe000e000
100072b4:	2300      	movs	r3, #0
100072b6:	6122      	str	r2, [r4, #16]
100072b8:	2005      	movs	r0, #5
100072ba:	61a3      	str	r3, [r4, #24]
100072bc:	f7fa f892 	bl	100013e4 <clock_get_hz>
100072c0:	2107      	movs	r1, #7
100072c2:	4b04      	ldr	r3, [pc, #16]	@ (100072d4 <vPortSetupTimerInterrupt+0x28>)
100072c4:	fba3 2300 	umull	r2, r3, r3, r0
100072c8:	099b      	lsrs	r3, r3, #6
100072ca:	3b01      	subs	r3, #1
100072cc:	6163      	str	r3, [r4, #20]
100072ce:	6121      	str	r1, [r4, #16]
100072d0:	bd10      	pop	{r4, pc}
100072d2:	bf00      	nop
100072d4:	10624dd3 	.word	0x10624dd3

100072d8 <vPortYield>:
100072d8:	f04f 23e0 	mov.w	r3, #3758153728	@ 0xe000e000
100072dc:	f04f 5280 	mov.w	r2, #268435456	@ 0x10000000
100072e0:	f8c3 2d04 	str.w	r2, [r3, #3332]	@ 0xd04
100072e4:	f3bf 8f4f 	dsb	sy
100072e8:	f3bf 8f6f 	isb	sy
100072ec:	4770      	bx	lr
100072ee:	bf00      	nop

100072f0 <vPortEnterCritical>:
100072f0:	b508      	push	{r3, lr}
100072f2:	f000 f911 	bl	10007518 <ulSetInterruptMask>
100072f6:	4a04      	ldr	r2, [pc, #16]	@ (10007308 <vPortEnterCritical+0x18>)
100072f8:	6813      	ldr	r3, [r2, #0]
100072fa:	3301      	adds	r3, #1
100072fc:	6013      	str	r3, [r2, #0]
100072fe:	f3bf 8f4f 	dsb	sy
10007302:	f3bf 8f6f 	isb	sy
10007306:	bd08      	pop	{r3, pc}
10007308:	20001594 	.word	0x20001594

1000730c <vPortExitCritical>:
1000730c:	4b04      	ldr	r3, [pc, #16]	@ (10007320 <vPortExitCritical+0x14>)
1000730e:	681a      	ldr	r2, [r3, #0]
10007310:	3a01      	subs	r2, #1
10007312:	601a      	str	r2, [r3, #0]
10007314:	6818      	ldr	r0, [r3, #0]
10007316:	b100      	cbz	r0, 1000731a <vPortExitCritical+0xe>
10007318:	4770      	bx	lr
1000731a:	f000 b909 	b.w	10007530 <vClearInterruptMask>
1000731e:	bf00      	nop
10007320:	20001594 	.word	0x20001594

10007324 <vPortSVCHandler_C>:
10007324:	6983      	ldr	r3, [r0, #24]
10007326:	f813 3c02 	ldrb.w	r3, [r3, #-2]
1000732a:	2b66      	cmp	r3, #102	@ 0x66
1000732c:	d000      	beq.n	10007330 <vPortSVCHandler_C+0xc>
1000732e:	4770      	bx	lr
10007330:	f04f 23e0 	mov.w	r3, #3758153728	@ 0xe000e000
10007334:	f8d3 2d88 	ldr.w	r2, [r3, #3464]	@ 0xd88
10007338:	f442 0270 	orr.w	r2, r2, #15728640	@ 0xf00000
1000733c:	f8c3 2d88 	str.w	r2, [r3, #3464]	@ 0xd88
10007340:	f8d3 2f34 	ldr.w	r2, [r3, #3892]	@ 0xf34
10007344:	f042 4240 	orr.w	r2, r2, #3221225472	@ 0xc0000000
10007348:	f8c3 2f34 	str.w	r2, [r3, #3892]	@ 0xf34
1000734c:	f000 b8c6 	b.w	100074dc <vRestoreContextOfFirstTask>

10007350 <pxPortInitialiseStack>:
10007350:	e92d 4ff0 	stmdb	sp!, {r4, r5, r6, r7, r8, r9, sl, fp, lr}
10007354:	f04f 3e11 	mov.w	lr, #286331153	@ 0x11111111
10007358:	f04f 7480 	mov.w	r4, #16777216	@ 0x1000000
1000735c:	e940 e309 	strd	lr, r3, [r0, #-36]	@ 0x24
10007360:	f04f 3307 	mov.w	r3, #117901063	@ 0x7070707
10007364:	f840 4c04 	str.w	r4, [r0, #-4]
10007368:	4c16      	ldr	r4, [pc, #88]	@ (100073c4 <pxPortInitialiseStack+0x74>)
1000736a:	f840 3c34 	str.w	r3, [r0, #-52]
1000736e:	e940 4203 	strd	r4, r2, [r0, #-12]
10007372:	f04f 3305 	mov.w	r3, #84215045	@ 0x5050505
10007376:	f04f 3206 	mov.w	r2, #101058054	@ 0x6060606
1000737a:	f04f 3b12 	mov.w	fp, #303174162	@ 0x12121212
1000737e:	e940 320f 	strd	r3, r2, [r0, #-60]	@ 0x3c
10007382:	f04f 3a03 	mov.w	sl, #50529027	@ 0x3030303
10007386:	f04f 3902 	mov.w	r9, #33686018	@ 0x2020202
1000738a:	f04f 3801 	mov.w	r8, #16843009	@ 0x1010101
1000738e:	f04f 3710 	mov.w	r7, #269488144	@ 0x10101010
10007392:	f04f 3609 	mov.w	r6, #151587081	@ 0x9090909
10007396:	f04f 3508 	mov.w	r5, #134744072	@ 0x8080808
1000739a:	f04f 3404 	mov.w	r4, #67372036	@ 0x4040404
1000739e:	f06f 0302 	mvn.w	r3, #2
100073a2:	e940 ab05 	strd	sl, fp, [r0, #-20]
100073a6:	e940 8907 	strd	r8, r9, [r0, #-28]
100073aa:	e940 670b 	strd	r6, r7, [r0, #-44]	@ 0x2c
100073ae:	f840 5c30 	str.w	r5, [r0, #-48]
100073b2:	f840 4c40 	str.w	r4, [r0, #-64]
100073b6:	f840 3c44 	str.w	r3, [r0, #-68]
100073ba:	f840 1d48 	str.w	r1, [r0, #-72]!
100073be:	e8bd 8ff0 	ldmia.w	sp!, {r4, r5, r6, r7, r8, r9, sl, fp, pc}
100073c2:	bf00      	nop
100073c4:	10007271 	.word	0x10007271

100073c8 <xPortStartScheduler>:
100073c8:	f04f 23e0 	mov.w	r3, #3758153728	@ 0xe000e000
100073cc:	f04f 427f 	mov.w	r2, #4278190080	@ 0xff000000
100073d0:	2100      	movs	r1, #0
100073d2:	b510      	push	{r4, lr}
100073d4:	b084      	sub	sp, #16
100073d6:	9102      	str	r1, [sp, #8]
100073d8:	f8c3 2d1c 	str.w	r2, [r3, #3356]	@ 0xd1c
100073dc:	f8d3 3d1c 	ldr.w	r3, [r3, #3356]	@ 0xd1c
100073e0:	0e1b      	lsrs	r3, r3, #24
100073e2:	f88d 3007 	strb.w	r3, [sp, #7]
100073e6:	f89d 3007 	ldrb.w	r3, [sp, #7]
100073ea:	f89d 3007 	ldrb.w	r3, [sp, #7]
100073ee:	061a      	lsls	r2, r3, #24
100073f0:	d50c      	bpl.n	1000740c <xPortStartScheduler+0x44>
100073f2:	9b02      	ldr	r3, [sp, #8]
100073f4:	3301      	adds	r3, #1
100073f6:	9302      	str	r3, [sp, #8]
100073f8:	f89d 3007 	ldrb.w	r3, [sp, #7]
100073fc:	005b      	lsls	r3, r3, #1
100073fe:	b2db      	uxtb	r3, r3
10007400:	f88d 3007 	strb.w	r3, [sp, #7]
10007404:	f89d 3007 	ldrb.w	r3, [sp, #7]
10007408:	061b      	lsls	r3, r3, #24
1000740a:	d4f2      	bmi.n	100073f2 <xPortStartScheduler+0x2a>
1000740c:	9b02      	ldr	r3, [sp, #8]
1000740e:	2b08      	cmp	r3, #8
10007410:	d03a      	beq.n	10007488 <xPortStartScheduler+0xc0>
10007412:	9a02      	ldr	r2, [sp, #8]
10007414:	f1c2 0207 	rsb	r2, r2, #7
10007418:	0212      	lsls	r2, r2, #8
1000741a:	f402 62e0 	and.w	r2, r2, #1792	@ 0x700
1000741e:	f04f 23e0 	mov.w	r3, #3758153728	@ 0xe000e000
10007422:	2400      	movs	r4, #0
10007424:	4919      	ldr	r1, [pc, #100]	@ (1000748c <xPortStartScheduler+0xc4>)
10007426:	200e      	movs	r0, #14
10007428:	600a      	str	r2, [r1, #0]
1000742a:	f8d3 2d20 	ldr.w	r2, [r3, #3360]	@ 0xd20
1000742e:	4918      	ldr	r1, [pc, #96]	@ (10007490 <xPortStartScheduler+0xc8>)
10007430:	f442 027f 	orr.w	r2, r2, #16711680	@ 0xff0000
10007434:	f8c3 2d20 	str.w	r2, [r3, #3360]	@ 0xd20
10007438:	f8d3 2d20 	ldr.w	r2, [r3, #3360]	@ 0xd20
1000743c:	f042 427f 	orr.w	r2, r2, #4278190080	@ 0xff000000
10007440:	f8c3 2d20 	str.w	r2, [r3, #3360]	@ 0xd20
10007444:	f8c3 4d1c 	str.w	r4, [r3, #3356]	@ 0xd1c
10007448:	f7fe fc48 	bl	10005cdc <exception_set_exclusive_handler>
1000744c:	4911      	ldr	r1, [pc, #68]	@ (10007494 <xPortStartScheduler+0xcc>)
1000744e:	200f      	movs	r0, #15
10007450:	f7fe fc44 	bl	10005cdc <exception_set_exclusive_handler>
10007454:	4910      	ldr	r1, [pc, #64]	@ (10007498 <xPortStartScheduler+0xd0>)
10007456:	200b      	movs	r0, #11
10007458:	f7fe fc40 	bl	10005cdc <exception_set_exclusive_handler>
1000745c:	f7ff ff26 	bl	100072ac <vPortSetupTimerInterrupt>
10007460:	f04f 4250 	mov.w	r2, #3489660928	@ 0xd0000000
10007464:	490d      	ldr	r1, [pc, #52]	@ (1000749c <xPortStartScheduler+0xd4>)
10007466:	4b0e      	ldr	r3, [pc, #56]	@ (100074a0 <xPortStartScheduler+0xd8>)
10007468:	600c      	str	r4, [r1, #0]
1000746a:	6812      	ldr	r2, [r2, #0]
1000746c:	701a      	strb	r2, [r3, #0]
1000746e:	f000 f84b 	bl	10007508 <vStartFirstTask>
10007472:	f7ff fb15 	bl	10006aa0 <vTaskSwitchContext>
10007476:	9403      	str	r4, [sp, #12]
10007478:	f000 f84e 	bl	10007518 <ulSetInterruptMask>
1000747c:	9b03      	ldr	r3, [sp, #12]
1000747e:	2b00      	cmp	r3, #0
10007480:	d0fc      	beq.n	1000747c <xPortStartScheduler+0xb4>
10007482:	2000      	movs	r0, #0
10007484:	b004      	add	sp, #16
10007486:	bd10      	pop	{r4, pc}
10007488:	2200      	movs	r2, #0
1000748a:	e7c8      	b.n	1000741e <xPortStartScheduler+0x56>
1000748c:	20002984 	.word	0x20002984
10007490:	10007541 	.word	0x10007541
10007494:	10007289 	.word	0x10007289
10007498:	100075c1 	.word	0x100075c1
1000749c:	20001594 	.word	0x20001594
100074a0:	20001591 	.word	0x20001591

100074a4 <vPortValidateInterruptPriority>:
100074a4:	f3ef 8305 	mrs	r3, IPSR
100074a8:	2b0f      	cmp	r3, #15
100074aa:	bf84      	itt	hi
100074ac:	4a01      	ldrhi	r2, [pc, #4]	@ (100074b4 <vPortValidateInterruptPriority+0x10>)
100074ae:	5c9b      	ldrbhi	r3, [r3, r2]
100074b0:	4770      	bx	lr
100074b2:	bf00      	nop
100074b4:	e000e3f0 	.word	0xe000e3f0

100074b8 <prvRuntimeInitializer>:
100074b8:	b508      	push	{r3, lr}
100074ba:	f7f9 f875 	bl	100005a8 <next_striped_spin_lock_num>
100074be:	4b04      	ldr	r3, [pc, #16]	@ (100074d0 <prvRuntimeInitializer+0x18>)
100074c0:	4a04      	ldr	r2, [pc, #16]	@ (100074d4 <prvRuntimeInitializer+0x1c>)
100074c2:	4403      	add	r3, r0
100074c4:	6013      	str	r3, [r2, #0]
100074c6:	f000 f887 	bl	100075d8 <xEventGroupCreate>
100074ca:	4b03      	ldr	r3, [pc, #12]	@ (100074d8 <prvRuntimeInitializer+0x20>)
100074cc:	6018      	str	r0, [r3, #0]
100074ce:	bd08      	pop	{r3, pc}
100074d0:	20001fe4 	.word	0x20001fe4
100074d4:	200028dc 	.word	0x200028dc
100074d8:	20002a00 	.word	0x20002a00

100074dc <vRestoreContextOfFirstTask>:
100074dc:	4a09      	ldr	r2, [pc, #36]	@ (10007504 <vRestoreContextOfFirstTask+0x28>)
100074de:	6811      	ldr	r1, [r2, #0]
100074e0:	6808      	ldr	r0, [r1, #0]
100074e2:	c806      	ldmia	r0!, {r1, r2}
100074e4:	f381 880b 	msr	PSPLIM, r1
100074e8:	2102      	movs	r1, #2
100074ea:	f381 8814 	msr	CONTROL, r1
100074ee:	3020      	adds	r0, #32
100074f0:	f380 8809 	msr	PSP, r0
100074f4:	f3bf 8f6f 	isb	sy
100074f8:	f04f 0000 	mov.w	r0, #0
100074fc:	f380 8811 	msr	BASEPRI, r0
10007500:	4710      	bx	r2
10007502:	0000      	.short	0x0000
10007504:	200028e0 	.word	0x200028e0

10007508 <vStartFirstTask>:
10007508:	b662      	cpsie	i
1000750a:	b661      	cpsie	f
1000750c:	f3bf 8f4f 	dsb	sy
10007510:	f3bf 8f6f 	isb	sy
10007514:	df66      	svc	102	@ 0x66
10007516:	bf00      	nop

10007518 <ulSetInterruptMask>:
10007518:	f3ef 8011 	mrs	r0, BASEPRI
1000751c:	f04f 0110 	mov.w	r1, #16
10007520:	f381 8811 	msr	BASEPRI, r1
10007524:	f3bf 8f4f 	dsb	sy
10007528:	f3bf 8f6f 	isb	sy
1000752c:	4770      	bx	lr
1000752e:	bf00      	nop

10007530 <vClearInterruptMask>:
10007530:	f380 8811 	msr	BASEPRI, r0
10007534:	f3bf 8f4f 	dsb	sy
10007538:	f3bf 8f6f 	isb	sy
1000753c:	4770      	bx	lr
1000753e:	bf00      	nop

10007540 <isr_pendsv>:
10007540:	f3ef 8109 	mrs	r1, PSP
10007544:	f01e 0f10 	tst.w	lr, #16
10007548:	bf08      	it	eq
1000754a:	ed21 8a10 	vstmdbeq	r1!, {s16-s31}
1000754e:	f3ef 820b 	mrs	r2, PSPLIM
10007552:	4673      	mov	r3, lr
10007554:	e921 0ffc 	stmdb	r1!, {r2, r3, r4, r5, r6, r7, r8, r9, sl, fp}
10007558:	fc55 4408 	dcp_pxmd r4, r5
1000755c:	fc57 6409 	dcp_pymd r6, r7
10007560:	fc59 840a 	dcp_pefd r8, r9
10007564:	e901 03f0 	stmdb	r1, {r4, r5, r6, r7, r8, r9}
10007568:	4a14      	ldr	r2, [pc, #80]	@ (100075bc <isr_pendsv+0x7c>)
1000756a:	6813      	ldr	r3, [r2, #0]
1000756c:	6019      	str	r1, [r3, #0]
1000756e:	f04f 0110 	mov.w	r1, #16
10007572:	f381 8811 	msr	BASEPRI, r1
10007576:	f3bf 8f4f 	dsb	sy
1000757a:	f3bf 8f6f 	isb	sy
1000757e:	f7ff fa8f 	bl	10006aa0 <vTaskSwitchContext>
10007582:	f04f 0000 	mov.w	r0, #0
10007586:	f380 8811 	msr	BASEPRI, r0
1000758a:	4a0c      	ldr	r2, [pc, #48]	@ (100075bc <isr_pendsv+0x7c>)
1000758c:	6811      	ldr	r1, [r2, #0]
1000758e:	6808      	ldr	r0, [r1, #0]
10007590:	3818      	subs	r0, #24
10007592:	e8b0 03f0 	ldmia.w	r0!, {r4, r5, r6, r7, r8, r9}
10007596:	ec45 4400 	dcp_wxmd r4, r5
1000759a:	ec47 6401 	dcp_wymd r6, r7
1000759e:	ec49 8402 	dcp_wefd r8, r9
100075a2:	e8b0 0ffc 	ldmia.w	r0!, {r2, r3, r4, r5, r6, r7, r8, r9, sl, fp}
100075a6:	f013 0f10 	tst.w	r3, #16
100075aa:	bf08      	it	eq
100075ac:	ecb0 8a10 	vldmiaeq	r0!, {s16-s31}
100075b0:	f382 880b 	msr	PSPLIM, r2
100075b4:	f380 8809 	msr	PSP, r0
100075b8:	4718      	bx	r3
100075ba:	0000      	.short	0x0000
100075bc:	200028e0 	.word	0x200028e0

100075c0 <isr_svcall>:
100075c0:	f01e 0f04 	tst.w	lr, #4
100075c4:	bf0c      	ite	eq
100075c6:	f3ef 8008 	mrseq	r0, MSP
100075ca:	f3ef 8009 	mrsne	r0, PSP
100075ce:	4901      	ldr	r1, [pc, #4]	@ (100075d4 <isr_svcall+0x14>)
100075d0:	4708      	bx	r1
100075d2:	0000      	.short	0x0000
100075d4:	10007325 	.word	0x10007325

100075d8 <xEventGroupCreate>:
100075d8:	b510      	push	{r4, lr}
100075da:	2018      	movs	r0, #24
100075dc:	f7ff fe2e 	bl	1000723c <pvPortMalloc>
100075e0:	4604      	mov	r4, r0
100075e2:	b120      	cbz	r0, 100075ee <xEventGroupCreate+0x16>
100075e4:	2300      	movs	r3, #0
100075e6:	f840 3b04 	str.w	r3, [r0], #4
100075ea:	f000 f803 	bl	100075f4 <vListInitialise>
100075ee:	4620      	mov	r0, r4
100075f0:	bd10      	pop	{r4, pc}
100075f2:	bf00      	nop

100075f4 <vListInitialise>:
100075f4:	f04f 31ff 	mov.w	r1, #4294967295	@ 0xffffffff
100075f8:	2200      	movs	r2, #0
100075fa:	f100 0308 	add.w	r3, r0, #8
100075fe:	e9c0 3101 	strd	r3, r1, [r0, #4]
10007602:	e9c0 3303 	strd	r3, r3, [r0, #12]
10007606:	6002      	str	r2, [r0, #0]
10007608:	4770      	bx	lr
1000760a:	bf00      	nop

1000760c <vListInitialiseItem>:
1000760c:	2300      	movs	r3, #0
1000760e:	6103      	str	r3, [r0, #16]
10007610:	4770      	bx	lr
10007612:	bf00      	nop

10007614 <vListInsert>:
10007614:	b430      	push	{r4, r5}
10007616:	680d      	ldr	r5, [r1, #0]
10007618:	1c6b      	adds	r3, r5, #1
1000761a:	d010      	beq.n	1000763e <vListInsert+0x2a>
1000761c:	f100 0308 	add.w	r3, r0, #8
10007620:	461c      	mov	r4, r3
10007622:	685b      	ldr	r3, [r3, #4]
10007624:	681a      	ldr	r2, [r3, #0]
10007626:	42aa      	cmp	r2, r5
10007628:	d9fa      	bls.n	10007620 <vListInsert+0xc>
1000762a:	6802      	ldr	r2, [r0, #0]
1000762c:	604b      	str	r3, [r1, #4]
1000762e:	3201      	adds	r2, #1
10007630:	6099      	str	r1, [r3, #8]
10007632:	608c      	str	r4, [r1, #8]
10007634:	6061      	str	r1, [r4, #4]
10007636:	6108      	str	r0, [r1, #16]
10007638:	bc30      	pop	{r4, r5}
1000763a:	6002      	str	r2, [r0, #0]
1000763c:	4770      	bx	lr
1000763e:	6904      	ldr	r4, [r0, #16]
10007640:	6863      	ldr	r3, [r4, #4]
10007642:	e7f2      	b.n	1000762a <vListInsert+0x16>

10007644 <uxListRemove>:
10007644:	4603      	mov	r3, r0
10007646:	6902      	ldr	r2, [r0, #16]
10007648:	b410      	push	{r4}
1000764a:	6854      	ldr	r4, [r2, #4]
1000764c:	6840      	ldr	r0, [r0, #4]
1000764e:	6899      	ldr	r1, [r3, #8]
10007650:	429c      	cmp	r4, r3
10007652:	6081      	str	r1, [r0, #8]
10007654:	6048      	str	r0, [r1, #4]
10007656:	bf08      	it	eq
10007658:	6051      	streq	r1, [r2, #4]
1000765a:	2100      	movs	r1, #0
1000765c:	6810      	ldr	r0, [r2, #0]
1000765e:	f85d 4b04 	ldr.w	r4, [sp], #4
10007662:	3801      	subs	r0, #1
10007664:	6119      	str	r1, [r3, #16]
10007666:	6010      	str	r0, [r2, #0]
10007668:	4770      	bx	lr
1000766a:	bf00      	nop

1000766c <malloc>:
1000766c:	4b02      	ldr	r3, [pc, #8]	@ (10007678 <malloc+0xc>)
1000766e:	4601      	mov	r1, r0
10007670:	6818      	ldr	r0, [r3, #0]
10007672:	f000 b80b 	b.w	1000768c <_malloc_r>
10007676:	bf00      	nop
10007678:	200019a8 	.word	0x200019a8

1000767c <free>:
1000767c:	4b02      	ldr	r3, [pc, #8]	@ (10007688 <free+0xc>)
1000767e:	4601      	mov	r1, r0
10007680:	6818      	ldr	r0, [r3, #0]
10007682:	f000 bc43 	b.w	10007f0c <_free_r>
10007686:	bf00      	nop
10007688:	200019a8 	.word	0x200019a8

1000768c <_malloc_r>:
1000768c:	f101 030b 	add.w	r3, r1, #11
10007690:	2b16      	cmp	r3, #22
10007692:	e92d 4ff0 	stmdb	sp!, {r4, r5, r6, r7, r8, r9, sl, fp, lr}
10007696:	4607      	mov	r7, r0
10007698:	b083      	sub	sp, #12
1000769a:	d823      	bhi.n	100076e4 <_malloc_r+0x58>
1000769c:	2910      	cmp	r1, #16
1000769e:	f200 80af 	bhi.w	10007800 <_malloc_r+0x174>
100076a2:	f000 faaf 	bl	10007c04 <__malloc_lock>
100076a6:	2510      	movs	r5, #16
100076a8:	2318      	movs	r3, #24
100076aa:	2002      	movs	r0, #2
100076ac:	4eba      	ldr	r6, [pc, #744]	@ (10007998 <_malloc_r+0x30c>)
100076ae:	4433      	add	r3, r6
100076b0:	685c      	ldr	r4, [r3, #4]
100076b2:	f1a3 0208 	sub.w	r2, r3, #8
100076b6:	4294      	cmp	r4, r2
100076b8:	f000 8156 	beq.w	10007968 <_malloc_r+0x2dc>
100076bc:	6863      	ldr	r3, [r4, #4]
100076be:	4638      	mov	r0, r7
100076c0:	f023 0303 	bic.w	r3, r3, #3
100076c4:	e9d4 1202 	ldrd	r1, r2, [r4, #8]
100076c8:	4423      	add	r3, r4
100076ca:	60ca      	str	r2, [r1, #12]
100076cc:	6091      	str	r1, [r2, #8]
100076ce:	685a      	ldr	r2, [r3, #4]
100076d0:	3408      	adds	r4, #8
100076d2:	f042 0201 	orr.w	r2, r2, #1
100076d6:	605a      	str	r2, [r3, #4]
100076d8:	f000 fa9a 	bl	10007c10 <__malloc_unlock>
100076dc:	4620      	mov	r0, r4
100076de:	b003      	add	sp, #12
100076e0:	e8bd 8ff0 	ldmia.w	sp!, {r4, r5, r6, r7, r8, r9, sl, fp, pc}
100076e4:	2b00      	cmp	r3, #0
100076e6:	f023 0507 	bic.w	r5, r3, #7
100076ea:	f2c0 8089 	blt.w	10007800 <_malloc_r+0x174>
100076ee:	42a9      	cmp	r1, r5
100076f0:	f200 8086 	bhi.w	10007800 <_malloc_r+0x174>
100076f4:	f000 fa86 	bl	10007c04 <__malloc_lock>
100076f8:	f5b5 7ffc 	cmp.w	r5, #504	@ 0x1f8
100076fc:	f0c0 827b 	bcc.w	10007bf6 <_malloc_r+0x56a>
10007700:	0a6b      	lsrs	r3, r5, #9
10007702:	f000 8084 	beq.w	1000780e <_malloc_r+0x182>
10007706:	2b04      	cmp	r3, #4
10007708:	f200 8162 	bhi.w	100079d0 <_malloc_r+0x344>
1000770c:	09ab      	lsrs	r3, r5, #6
1000770e:	f103 0039 	add.w	r0, r3, #57	@ 0x39
10007712:	f103 0e38 	add.w	lr, r3, #56	@ 0x38
10007716:	00c3      	lsls	r3, r0, #3
10007718:	4e9f      	ldr	r6, [pc, #636]	@ (10007998 <_malloc_r+0x30c>)
1000771a:	4433      	add	r3, r6
1000771c:	f1a3 0c08 	sub.w	ip, r3, #8
10007720:	685c      	ldr	r4, [r3, #4]
10007722:	45a4      	cmp	ip, r4
10007724:	d107      	bne.n	10007736 <_malloc_r+0xaa>
10007726:	e00d      	b.n	10007744 <_malloc_r+0xb8>
10007728:	2a00      	cmp	r2, #0
1000772a:	68e1      	ldr	r1, [r4, #12]
1000772c:	f280 8116 	bge.w	1000795c <_malloc_r+0x2d0>
10007730:	458c      	cmp	ip, r1
10007732:	460c      	mov	r4, r1
10007734:	d006      	beq.n	10007744 <_malloc_r+0xb8>
10007736:	6863      	ldr	r3, [r4, #4]
10007738:	f023 0303 	bic.w	r3, r3, #3
1000773c:	1b5a      	subs	r2, r3, r5
1000773e:	2a0f      	cmp	r2, #15
10007740:	ddf2      	ble.n	10007728 <_malloc_r+0x9c>
10007742:	4670      	mov	r0, lr
10007744:	f8df 8268 	ldr.w	r8, [pc, #616]	@ 100079b0 <_malloc_r+0x324>
10007748:	6934      	ldr	r4, [r6, #16]
1000774a:	4544      	cmp	r4, r8
1000774c:	f000 80f2 	beq.w	10007934 <_malloc_r+0x2a8>
10007750:	6863      	ldr	r3, [r4, #4]
10007752:	f023 0c03 	bic.w	ip, r3, #3
10007756:	ebac 0305 	sub.w	r3, ip, r5
1000775a:	2b0f      	cmp	r3, #15
1000775c:	f300 8174 	bgt.w	10007a48 <_malloc_r+0x3bc>
10007760:	2b00      	cmp	r3, #0
10007762:	e9c6 8804 	strd	r8, r8, [r6, #16]
10007766:	f280 8163 	bge.w	10007a30 <_malloc_r+0x3a4>
1000776a:	f5bc 7f00 	cmp.w	ip, #512	@ 0x200
1000776e:	f8d6 e004 	ldr.w	lr, [r6, #4]
10007772:	f080 80ff 	bcs.w	10007974 <_malloc_r+0x2e8>
10007776:	ea4f 03dc 	mov.w	r3, ip, lsr #3
1000777a:	2201      	movs	r2, #1
1000777c:	ea4f 1c5c 	mov.w	ip, ip, lsr #5
10007780:	3301      	adds	r3, #1
10007782:	fa02 f20c 	lsl.w	r2, r2, ip
10007786:	f856 1033 	ldr.w	r1, [r6, r3, lsl #3]
1000778a:	ea4e 0e02 	orr.w	lr, lr, r2
1000778e:	eb06 02c3 	add.w	r2, r6, r3, lsl #3
10007792:	3a08      	subs	r2, #8
10007794:	f8c6 e004 	str.w	lr, [r6, #4]
10007798:	e9c4 1202 	strd	r1, r2, [r4, #8]
1000779c:	f846 4033 	str.w	r4, [r6, r3, lsl #3]
100077a0:	60cc      	str	r4, [r1, #12]
100077a2:	1083      	asrs	r3, r0, #2
100077a4:	f04f 0c01 	mov.w	ip, #1
100077a8:	fa0c fc03 	lsl.w	ip, ip, r3
100077ac:	45f4      	cmp	ip, lr
100077ae:	d834      	bhi.n	1000781a <_malloc_r+0x18e>
100077b0:	ea1c 0f0e 	tst.w	ip, lr
100077b4:	d107      	bne.n	100077c6 <_malloc_r+0x13a>
100077b6:	f020 0003 	bic.w	r0, r0, #3
100077ba:	ea4f 0c4c 	mov.w	ip, ip, lsl #1
100077be:	3004      	adds	r0, #4
100077c0:	ea1c 0f0e 	tst.w	ip, lr
100077c4:	d0f9      	beq.n	100077ba <_malloc_r+0x12e>
100077c6:	eb06 0ac0 	add.w	sl, r6, r0, lsl #3
100077ca:	4681      	mov	r9, r0
100077cc:	46d6      	mov	lr, sl
100077ce:	f8de 300c 	ldr.w	r3, [lr, #12]
100077d2:	e00b      	b.n	100077ec <_malloc_r+0x160>
100077d4:	685a      	ldr	r2, [r3, #4]
100077d6:	461c      	mov	r4, r3
100077d8:	68db      	ldr	r3, [r3, #12]
100077da:	f022 0203 	bic.w	r2, r2, #3
100077de:	1b51      	subs	r1, r2, r5
100077e0:	290f      	cmp	r1, #15
100077e2:	f300 8101 	bgt.w	100079e8 <_malloc_r+0x35c>
100077e6:	2900      	cmp	r1, #0
100077e8:	f280 8115 	bge.w	10007a16 <_malloc_r+0x38a>
100077ec:	459e      	cmp	lr, r3
100077ee:	d1f1      	bne.n	100077d4 <_malloc_r+0x148>
100077f0:	f109 0901 	add.w	r9, r9, #1
100077f4:	f10e 0e08 	add.w	lr, lr, #8
100077f8:	f019 0f03 	tst.w	r9, #3
100077fc:	d1e7      	bne.n	100077ce <_malloc_r+0x142>
100077fe:	e158      	b.n	10007ab2 <_malloc_r+0x426>
10007800:	230c      	movs	r3, #12
10007802:	603b      	str	r3, [r7, #0]
10007804:	2400      	movs	r4, #0
10007806:	4620      	mov	r0, r4
10007808:	b003      	add	sp, #12
1000780a:	e8bd 8ff0 	ldmia.w	sp!, {r4, r5, r6, r7, r8, r9, sl, fp, pc}
1000780e:	f44f 7300 	mov.w	r3, #512	@ 0x200
10007812:	2040      	movs	r0, #64	@ 0x40
10007814:	f04f 0e3f 	mov.w	lr, #63	@ 0x3f
10007818:	e77e      	b.n	10007718 <_malloc_r+0x8c>
1000781a:	68b4      	ldr	r4, [r6, #8]
1000781c:	6863      	ldr	r3, [r4, #4]
1000781e:	f023 0903 	bic.w	r9, r3, #3
10007822:	45a9      	cmp	r9, r5
10007824:	eba9 0305 	sub.w	r3, r9, r5
10007828:	d302      	bcc.n	10007830 <_malloc_r+0x1a4>
1000782a:	2b0f      	cmp	r3, #15
1000782c:	f300 8085 	bgt.w	1000793a <_malloc_r+0x2ae>
10007830:	4b5a      	ldr	r3, [pc, #360]	@ (1000799c <_malloc_r+0x310>)
10007832:	2008      	movs	r0, #8
10007834:	681b      	ldr	r3, [r3, #0]
10007836:	f103 0810 	add.w	r8, r3, #16
1000783a:	eb04 0309 	add.w	r3, r4, r9
1000783e:	9300      	str	r3, [sp, #0]
10007840:	f000 fa52 	bl	10007ce8 <sysconf>
10007844:	4a56      	ldr	r2, [pc, #344]	@ (100079a0 <_malloc_r+0x314>)
10007846:	44a8      	add	r8, r5
10007848:	4683      	mov	fp, r0
1000784a:	6813      	ldr	r3, [r2, #0]
1000784c:	3301      	adds	r3, #1
1000784e:	d005      	beq.n	1000785c <_malloc_r+0x1d0>
10007850:	f108 38ff 	add.w	r8, r8, #4294967295	@ 0xffffffff
10007854:	4243      	negs	r3, r0
10007856:	4480      	add	r8, r0
10007858:	ea03 0808 	and.w	r8, r3, r8
1000785c:	4641      	mov	r1, r8
1000785e:	4638      	mov	r0, r7
10007860:	f000 fa2a 	bl	10007cb8 <_sbrk_r>
10007864:	f1b0 3fff 	cmp.w	r0, #4294967295	@ 0xffffffff
10007868:	4682      	mov	sl, r0
1000786a:	4a4d      	ldr	r2, [pc, #308]	@ (100079a0 <_malloc_r+0x314>)
1000786c:	f000 8107 	beq.w	10007a7e <_malloc_r+0x3f2>
10007870:	eb04 0309 	add.w	r3, r4, r9
10007874:	4283      	cmp	r3, r0
10007876:	f200 8100 	bhi.w	10007a7a <_malloc_r+0x3ee>
1000787a:	4b4a      	ldr	r3, [pc, #296]	@ (100079a4 <_malloc_r+0x318>)
1000787c:	f10b 3cff 	add.w	ip, fp, #4294967295	@ 0xffffffff
10007880:	6818      	ldr	r0, [r3, #0]
10007882:	4440      	add	r0, r8
10007884:	6018      	str	r0, [r3, #0]
10007886:	f000 8164 	beq.w	10007b52 <_malloc_r+0x4c6>
1000788a:	6811      	ldr	r1, [r2, #0]
1000788c:	3101      	adds	r1, #1
1000788e:	f000 816c 	beq.w	10007b6a <_malloc_r+0x4de>
10007892:	eb04 0209 	add.w	r2, r4, r9
10007896:	ebaa 0202 	sub.w	r2, sl, r2
1000789a:	4402      	add	r2, r0
1000789c:	601a      	str	r2, [r3, #0]
1000789e:	f01a 0207 	ands.w	r2, sl, #7
100078a2:	e9cd 2300 	strd	r2, r3, [sp]
100078a6:	f000 8127 	beq.w	10007af8 <_malloc_r+0x46c>
100078aa:	f1c2 0208 	rsb	r2, r2, #8
100078ae:	4638      	mov	r0, r7
100078b0:	4492      	add	sl, r2
100078b2:	445a      	add	r2, fp
100078b4:	44d0      	add	r8, sl
100078b6:	ea08 010c 	and.w	r1, r8, ip
100078ba:	1a52      	subs	r2, r2, r1
100078bc:	ea02 0b0c 	and.w	fp, r2, ip
100078c0:	4659      	mov	r1, fp
100078c2:	f000 f9f9 	bl	10007cb8 <_sbrk_r>
100078c6:	1c42      	adds	r2, r0, #1
100078c8:	9b01      	ldr	r3, [sp, #4]
100078ca:	f000 816a 	beq.w	10007ba2 <_malloc_r+0x516>
100078ce:	eba0 000a 	sub.w	r0, r0, sl
100078d2:	eb00 080b 	add.w	r8, r0, fp
100078d6:	6818      	ldr	r0, [r3, #0]
100078d8:	f048 0201 	orr.w	r2, r8, #1
100078dc:	42b4      	cmp	r4, r6
100078de:	f8c6 a008 	str.w	sl, [r6, #8]
100078e2:	4458      	add	r0, fp
100078e4:	f8ca 2004 	str.w	r2, [sl, #4]
100078e8:	6018      	str	r0, [r3, #0]
100078ea:	d017      	beq.n	1000791c <_malloc_r+0x290>
100078ec:	f1b9 0f0f 	cmp.w	r9, #15
100078f0:	f240 813e 	bls.w	10007b70 <_malloc_r+0x4e4>
100078f4:	6861      	ldr	r1, [r4, #4]
100078f6:	f1a9 020c 	sub.w	r2, r9, #12
100078fa:	f04f 0c05 	mov.w	ip, #5
100078fe:	f022 0207 	bic.w	r2, r2, #7
10007902:	f001 0101 	and.w	r1, r1, #1
10007906:	4311      	orrs	r1, r2
10007908:	2a0f      	cmp	r2, #15
1000790a:	6061      	str	r1, [r4, #4]
1000790c:	eb04 0102 	add.w	r1, r4, r2
10007910:	e9c1 cc01 	strd	ip, ip, [r1, #4]
10007914:	f200 814d 	bhi.w	10007bb2 <_malloc_r+0x526>
10007918:	f8da 2004 	ldr.w	r2, [sl, #4]
1000791c:	4b22      	ldr	r3, [pc, #136]	@ (100079a8 <_malloc_r+0x31c>)
1000791e:	4654      	mov	r4, sl
10007920:	6819      	ldr	r1, [r3, #0]
10007922:	4281      	cmp	r1, r0
10007924:	bf38      	it	cc
10007926:	6018      	strcc	r0, [r3, #0]
10007928:	4b20      	ldr	r3, [pc, #128]	@ (100079ac <_malloc_r+0x320>)
1000792a:	6819      	ldr	r1, [r3, #0]
1000792c:	4281      	cmp	r1, r0
1000792e:	bf38      	it	cc
10007930:	6018      	strcc	r0, [r3, #0]
10007932:	e0a6      	b.n	10007a82 <_malloc_r+0x3f6>
10007934:	f8d6 e004 	ldr.w	lr, [r6, #4]
10007938:	e733      	b.n	100077a2 <_malloc_r+0x116>
1000793a:	1962      	adds	r2, r4, r5
1000793c:	f045 0501 	orr.w	r5, r5, #1
10007940:	f043 0301 	orr.w	r3, r3, #1
10007944:	3408      	adds	r4, #8
10007946:	f844 5c04 	str.w	r5, [r4, #-4]
1000794a:	4638      	mov	r0, r7
1000794c:	60b2      	str	r2, [r6, #8]
1000794e:	6053      	str	r3, [r2, #4]
10007950:	f000 f95e 	bl	10007c10 <__malloc_unlock>
10007954:	4620      	mov	r0, r4
10007956:	b003      	add	sp, #12
10007958:	e8bd 8ff0 	ldmia.w	sp!, {r4, r5, r6, r7, r8, r9, sl, fp, pc}
1000795c:	68a2      	ldr	r2, [r4, #8]
1000795e:	4423      	add	r3, r4
10007960:	4638      	mov	r0, r7
10007962:	60d1      	str	r1, [r2, #12]
10007964:	608a      	str	r2, [r1, #8]
10007966:	e6b2      	b.n	100076ce <_malloc_r+0x42>
10007968:	68dc      	ldr	r4, [r3, #12]
1000796a:	42a3      	cmp	r3, r4
1000796c:	f47f aea6 	bne.w	100076bc <_malloc_r+0x30>
10007970:	3002      	adds	r0, #2
10007972:	e6e7      	b.n	10007744 <_malloc_r+0xb8>
10007974:	f5bc 6f20 	cmp.w	ip, #2560	@ 0xa00
10007978:	ea4f 225c 	mov.w	r2, ip, lsr #9
1000797c:	d376      	bcc.n	10007a6c <_malloc_r+0x3e0>
1000797e:	2a14      	cmp	r2, #20
10007980:	f200 80cd 	bhi.w	10007b1e <_malloc_r+0x492>
10007984:	f102 035c 	add.w	r3, r2, #92	@ 0x5c
10007988:	325b      	adds	r2, #91	@ 0x5b
1000798a:	00db      	lsls	r3, r3, #3
1000798c:	18f1      	adds	r1, r6, r3
1000798e:	58f3      	ldr	r3, [r6, r3]
10007990:	3908      	subs	r1, #8
10007992:	4299      	cmp	r1, r3
10007994:	d111      	bne.n	100079ba <_malloc_r+0x32e>
10007996:	e0a5      	b.n	10007ae4 <_malloc_r+0x458>
10007998:	200015a0 	.word	0x200015a0
1000799c:	20001d04 	.word	0x20001d04
100079a0:	20001598 	.word	0x20001598
100079a4:	20001cd4 	.word	0x20001cd4
100079a8:	20001cfc 	.word	0x20001cfc
100079ac:	20001d00 	.word	0x20001d00
100079b0:	200015a8 	.word	0x200015a8
100079b4:	689b      	ldr	r3, [r3, #8]
100079b6:	4299      	cmp	r1, r3
100079b8:	d004      	beq.n	100079c4 <_malloc_r+0x338>
100079ba:	685a      	ldr	r2, [r3, #4]
100079bc:	f022 0203 	bic.w	r2, r2, #3
100079c0:	4562      	cmp	r2, ip
100079c2:	d8f7      	bhi.n	100079b4 <_malloc_r+0x328>
100079c4:	68d9      	ldr	r1, [r3, #12]
100079c6:	e9c4 3102 	strd	r3, r1, [r4, #8]
100079ca:	608c      	str	r4, [r1, #8]
100079cc:	60dc      	str	r4, [r3, #12]
100079ce:	e6e8      	b.n	100077a2 <_malloc_r+0x116>
100079d0:	2b14      	cmp	r3, #20
100079d2:	d963      	bls.n	10007a9c <_malloc_r+0x410>
100079d4:	2b54      	cmp	r3, #84	@ 0x54
100079d6:	f200 80ab 	bhi.w	10007b30 <_malloc_r+0x4a4>
100079da:	0b2b      	lsrs	r3, r5, #12
100079dc:	f103 006f 	add.w	r0, r3, #111	@ 0x6f
100079e0:	f103 0e6e 	add.w	lr, r3, #110	@ 0x6e
100079e4:	00c3      	lsls	r3, r0, #3
100079e6:	e697      	b.n	10007718 <_malloc_r+0x8c>
100079e8:	f8d4 c008 	ldr.w	ip, [r4, #8]
100079ec:	4638      	mov	r0, r7
100079ee:	1967      	adds	r7, r4, r5
100079f0:	f045 0501 	orr.w	r5, r5, #1
100079f4:	6065      	str	r5, [r4, #4]
100079f6:	f8cc 300c 	str.w	r3, [ip, #12]
100079fa:	f8c3 c008 	str.w	ip, [r3, #8]
100079fe:	f041 0301 	orr.w	r3, r1, #1
10007a02:	e9c6 7704 	strd	r7, r7, [r6, #16]
10007a06:	e9c7 8802 	strd	r8, r8, [r7, #8]
10007a0a:	607b      	str	r3, [r7, #4]
10007a0c:	50a1      	str	r1, [r4, r2]
10007a0e:	3408      	adds	r4, #8
10007a10:	f000 f8fe 	bl	10007c10 <__malloc_unlock>
10007a14:	e6f7      	b.n	10007806 <_malloc_r+0x17a>
10007a16:	4422      	add	r2, r4
10007a18:	4638      	mov	r0, r7
10007a1a:	6851      	ldr	r1, [r2, #4]
10007a1c:	f041 0101 	orr.w	r1, r1, #1
10007a20:	6051      	str	r1, [r2, #4]
10007a22:	f854 2f08 	ldr.w	r2, [r4, #8]!
10007a26:	60d3      	str	r3, [r2, #12]
10007a28:	609a      	str	r2, [r3, #8]
10007a2a:	f000 f8f1 	bl	10007c10 <__malloc_unlock>
10007a2e:	e6ea      	b.n	10007806 <_malloc_r+0x17a>
10007a30:	44a4      	add	ip, r4
10007a32:	4638      	mov	r0, r7
10007a34:	3408      	adds	r4, #8
10007a36:	f8dc 3004 	ldr.w	r3, [ip, #4]
10007a3a:	f043 0301 	orr.w	r3, r3, #1
10007a3e:	f8cc 3004 	str.w	r3, [ip, #4]
10007a42:	f000 f8e5 	bl	10007c10 <__malloc_unlock>
10007a46:	e6de      	b.n	10007806 <_malloc_r+0x17a>
10007a48:	1962      	adds	r2, r4, r5
10007a4a:	f043 0101 	orr.w	r1, r3, #1
10007a4e:	f045 0501 	orr.w	r5, r5, #1
10007a52:	4638      	mov	r0, r7
10007a54:	6065      	str	r5, [r4, #4]
10007a56:	e9c6 2204 	strd	r2, r2, [r6, #16]
10007a5a:	e9c2 8802 	strd	r8, r8, [r2, #8]
10007a5e:	6051      	str	r1, [r2, #4]
10007a60:	f844 300c 	str.w	r3, [r4, ip]
10007a64:	3408      	adds	r4, #8
10007a66:	f000 f8d3 	bl	10007c10 <__malloc_unlock>
10007a6a:	e6cc      	b.n	10007806 <_malloc_r+0x17a>
10007a6c:	ea4f 129c 	mov.w	r2, ip, lsr #6
10007a70:	f102 0339 	add.w	r3, r2, #57	@ 0x39
10007a74:	3238      	adds	r2, #56	@ 0x38
10007a76:	00db      	lsls	r3, r3, #3
10007a78:	e788      	b.n	1000798c <_malloc_r+0x300>
10007a7a:	42b4      	cmp	r4, r6
10007a7c:	d062      	beq.n	10007b44 <_malloc_r+0x4b8>
10007a7e:	68b4      	ldr	r4, [r6, #8]
10007a80:	6862      	ldr	r2, [r4, #4]
10007a82:	f022 0803 	bic.w	r8, r2, #3
10007a86:	45a8      	cmp	r8, r5
10007a88:	eba8 0305 	sub.w	r3, r8, r5
10007a8c:	d302      	bcc.n	10007a94 <_malloc_r+0x408>
10007a8e:	2b0f      	cmp	r3, #15
10007a90:	f73f af53 	bgt.w	1000793a <_malloc_r+0x2ae>
10007a94:	4638      	mov	r0, r7
10007a96:	f000 f8bb 	bl	10007c10 <__malloc_unlock>
10007a9a:	e6b3      	b.n	10007804 <_malloc_r+0x178>
10007a9c:	f103 005c 	add.w	r0, r3, #92	@ 0x5c
10007aa0:	f103 0e5b 	add.w	lr, r3, #91	@ 0x5b
10007aa4:	00c3      	lsls	r3, r0, #3
10007aa6:	e637      	b.n	10007718 <_malloc_r+0x8c>
10007aa8:	f85a 3908 	ldr.w	r3, [sl], #-8
10007aac:	4553      	cmp	r3, sl
10007aae:	f040 80a0 	bne.w	10007bf2 <_malloc_r+0x566>
10007ab2:	f010 0f03 	tst.w	r0, #3
10007ab6:	f100 30ff 	add.w	r0, r0, #4294967295	@ 0xffffffff
10007aba:	d1f5      	bne.n	10007aa8 <_malloc_r+0x41c>
10007abc:	6873      	ldr	r3, [r6, #4]
10007abe:	ea23 030c 	bic.w	r3, r3, ip
10007ac2:	6073      	str	r3, [r6, #4]
10007ac4:	ea4f 0c4c 	mov.w	ip, ip, lsl #1
10007ac8:	f10c 32ff 	add.w	r2, ip, #4294967295	@ 0xffffffff
10007acc:	429a      	cmp	r2, r3
10007ace:	d304      	bcc.n	10007ada <_malloc_r+0x44e>
10007ad0:	e6a3      	b.n	1000781a <_malloc_r+0x18e>
10007ad2:	ea4f 0c4c 	mov.w	ip, ip, lsl #1
10007ad6:	f109 0904 	add.w	r9, r9, #4
10007ada:	ea1c 0f03 	tst.w	ip, r3
10007ade:	d0f8      	beq.n	10007ad2 <_malloc_r+0x446>
10007ae0:	4648      	mov	r0, r9
10007ae2:	e670      	b.n	100077c6 <_malloc_r+0x13a>
10007ae4:	1092      	asrs	r2, r2, #2
10007ae6:	f04f 0c01 	mov.w	ip, #1
10007aea:	fa0c f202 	lsl.w	r2, ip, r2
10007aee:	ea4e 0e02 	orr.w	lr, lr, r2
10007af2:	f8c6 e004 	str.w	lr, [r6, #4]
10007af6:	e766      	b.n	100079c6 <_malloc_r+0x33a>
10007af8:	eb0a 0208 	add.w	r2, sl, r8
10007afc:	4638      	mov	r0, r7
10007afe:	ea02 020c 	and.w	r2, r2, ip
10007b02:	ebab 0b02 	sub.w	fp, fp, r2
10007b06:	ea0b 0b0c 	and.w	fp, fp, ip
10007b0a:	4659      	mov	r1, fp
10007b0c:	f000 f8d4 	bl	10007cb8 <_sbrk_r>
10007b10:	1c43      	adds	r3, r0, #1
10007b12:	9b01      	ldr	r3, [sp, #4]
10007b14:	f47f aedb 	bne.w	100078ce <_malloc_r+0x242>
10007b18:	f8dd b000 	ldr.w	fp, [sp]
10007b1c:	e6db      	b.n	100078d6 <_malloc_r+0x24a>
10007b1e:	2a54      	cmp	r2, #84	@ 0x54
10007b20:	d82a      	bhi.n	10007b78 <_malloc_r+0x4ec>
10007b22:	ea4f 321c 	mov.w	r2, ip, lsr #12
10007b26:	f102 036f 	add.w	r3, r2, #111	@ 0x6f
10007b2a:	326e      	adds	r2, #110	@ 0x6e
10007b2c:	00db      	lsls	r3, r3, #3
10007b2e:	e72d      	b.n	1000798c <_malloc_r+0x300>
10007b30:	f5b3 7faa 	cmp.w	r3, #340	@ 0x154
10007b34:	d82a      	bhi.n	10007b8c <_malloc_r+0x500>
10007b36:	0beb      	lsrs	r3, r5, #15
10007b38:	f103 0078 	add.w	r0, r3, #120	@ 0x78
10007b3c:	f103 0e77 	add.w	lr, r3, #119	@ 0x77
10007b40:	00c3      	lsls	r3, r0, #3
10007b42:	e5e9      	b.n	10007718 <_malloc_r+0x8c>
10007b44:	4b2e      	ldr	r3, [pc, #184]	@ (10007c00 <_malloc_r+0x574>)
10007b46:	f10b 3cff 	add.w	ip, fp, #4294967295	@ 0xffffffff
10007b4a:	6818      	ldr	r0, [r3, #0]
10007b4c:	4440      	add	r0, r8
10007b4e:	6018      	str	r0, [r3, #0]
10007b50:	e69b      	b.n	1000788a <_malloc_r+0x1fe>
10007b52:	ea1a 0f0c 	tst.w	sl, ip
10007b56:	f47f ae98 	bne.w	1000788a <_malloc_r+0x1fe>
10007b5a:	44c8      	add	r8, r9
10007b5c:	f8d6 a008 	ldr.w	sl, [r6, #8]
10007b60:	f048 0201 	orr.w	r2, r8, #1
10007b64:	f8ca 2004 	str.w	r2, [sl, #4]
10007b68:	e6d8      	b.n	1000791c <_malloc_r+0x290>
10007b6a:	f8c2 a000 	str.w	sl, [r2]
10007b6e:	e696      	b.n	1000789e <_malloc_r+0x212>
10007b70:	2301      	movs	r3, #1
10007b72:	f8ca 3004 	str.w	r3, [sl, #4]
10007b76:	e78d      	b.n	10007a94 <_malloc_r+0x408>
10007b78:	f5b2 7faa 	cmp.w	r2, #340	@ 0x154
10007b7c:	d824      	bhi.n	10007bc8 <_malloc_r+0x53c>
10007b7e:	ea4f 32dc 	mov.w	r2, ip, lsr #15
10007b82:	f102 0378 	add.w	r3, r2, #120	@ 0x78
10007b86:	3277      	adds	r2, #119	@ 0x77
10007b88:	00db      	lsls	r3, r3, #3
10007b8a:	e6ff      	b.n	1000798c <_malloc_r+0x300>
10007b8c:	f240 5254 	movw	r2, #1364	@ 0x554
10007b90:	4293      	cmp	r3, r2
10007b92:	d824      	bhi.n	10007bde <_malloc_r+0x552>
10007b94:	0cab      	lsrs	r3, r5, #18
10007b96:	f103 007d 	add.w	r0, r3, #125	@ 0x7d
10007b9a:	f103 0e7c 	add.w	lr, r3, #124	@ 0x7c
10007b9e:	00c3      	lsls	r3, r0, #3
10007ba0:	e5ba      	b.n	10007718 <_malloc_r+0x8c>
10007ba2:	9a00      	ldr	r2, [sp, #0]
10007ba4:	f04f 0b00 	mov.w	fp, #0
10007ba8:	3a08      	subs	r2, #8
10007baa:	4490      	add	r8, r2
10007bac:	eba8 080a 	sub.w	r8, r8, sl
10007bb0:	e691      	b.n	100078d6 <_malloc_r+0x24a>
10007bb2:	4638      	mov	r0, r7
10007bb4:	f104 0108 	add.w	r1, r4, #8
10007bb8:	9300      	str	r3, [sp, #0]
10007bba:	f000 f9a7 	bl	10007f0c <_free_r>
10007bbe:	9b00      	ldr	r3, [sp, #0]
10007bc0:	f8d6 a008 	ldr.w	sl, [r6, #8]
10007bc4:	6818      	ldr	r0, [r3, #0]
10007bc6:	e6a7      	b.n	10007918 <_malloc_r+0x28c>
10007bc8:	f240 5354 	movw	r3, #1364	@ 0x554
10007bcc:	429a      	cmp	r2, r3
10007bce:	d80c      	bhi.n	10007bea <_malloc_r+0x55e>
10007bd0:	ea4f 429c 	mov.w	r2, ip, lsr #18
10007bd4:	f102 037d 	add.w	r3, r2, #125	@ 0x7d
10007bd8:	327c      	adds	r2, #124	@ 0x7c
10007bda:	00db      	lsls	r3, r3, #3
10007bdc:	e6d6      	b.n	1000798c <_malloc_r+0x300>
10007bde:	f44f 737e 	mov.w	r3, #1016	@ 0x3f8
10007be2:	207f      	movs	r0, #127	@ 0x7f
10007be4:	f04f 0e7e 	mov.w	lr, #126	@ 0x7e
10007be8:	e596      	b.n	10007718 <_malloc_r+0x8c>
10007bea:	f44f 737e 	mov.w	r3, #1016	@ 0x3f8
10007bee:	227e      	movs	r2, #126	@ 0x7e
10007bf0:	e6cc      	b.n	1000798c <_malloc_r+0x300>
10007bf2:	6873      	ldr	r3, [r6, #4]
10007bf4:	e766      	b.n	10007ac4 <_malloc_r+0x438>
10007bf6:	08e8      	lsrs	r0, r5, #3
10007bf8:	f105 0308 	add.w	r3, r5, #8
10007bfc:	e556      	b.n	100076ac <_malloc_r+0x20>
10007bfe:	bf00      	nop
10007c00:	20001cd4 	.word	0x20001cd4

10007c04 <__malloc_lock>:
10007c04:	4801      	ldr	r0, [pc, #4]	@ (10007c0c <__malloc_lock+0x8>)
10007c06:	f000 b87d 	b.w	10007d04 <__retarget_lock_acquire_recursive>
10007c0a:	bf00      	nop
10007c0c:	20001cd0 	.word	0x20001cd0

10007c10 <__malloc_unlock>:
10007c10:	4801      	ldr	r0, [pc, #4]	@ (10007c18 <__malloc_unlock+0x8>)
10007c12:	f000 b879 	b.w	10007d08 <__retarget_lock_release_recursive>
10007c16:	bf00      	nop
10007c18:	20001cd0 	.word	0x20001cd0

10007c1c <memset>:
10007c1c:	0783      	lsls	r3, r0, #30
10007c1e:	b530      	push	{r4, r5, lr}
10007c20:	d046      	beq.n	10007cb0 <memset+0x94>
10007c22:	1884      	adds	r4, r0, r2
10007c24:	4684      	mov	ip, r0
10007c26:	e004      	b.n	10007c32 <memset+0x16>
10007c28:	f803 1b01 	strb.w	r1, [r3], #1
10007c2c:	079d      	lsls	r5, r3, #30
10007c2e:	d004      	beq.n	10007c3a <memset+0x1e>
10007c30:	469c      	mov	ip, r3
10007c32:	45a4      	cmp	ip, r4
10007c34:	4663      	mov	r3, ip
10007c36:	d1f7      	bne.n	10007c28 <memset+0xc>
10007c38:	bd30      	pop	{r4, r5, pc}
10007c3a:	3a01      	subs	r2, #1
10007c3c:	4402      	add	r2, r0
10007c3e:	eba2 020c 	sub.w	r2, r2, ip
10007c42:	2a03      	cmp	r2, #3
10007c44:	d929      	bls.n	10007c9a <memset+0x7e>
10007c46:	b2cc      	uxtb	r4, r1
10007c48:	2a0f      	cmp	r2, #15
10007c4a:	eb04 2404 	add.w	r4, r4, r4, lsl #8
10007c4e:	eb04 4404 	add.w	r4, r4, r4, lsl #16
10007c52:	d92f      	bls.n	10007cb4 <memset+0x98>
10007c54:	f1a2 0c10 	sub.w	ip, r2, #16
10007c58:	f103 0510 	add.w	r5, r3, #16
10007c5c:	f02c 0c0f 	bic.w	ip, ip, #15
10007c60:	44ac      	add	ip, r5
10007c62:	e9c3 4400 	strd	r4, r4, [r3]
10007c66:	e9c3 4402 	strd	r4, r4, [r3, #8]
10007c6a:	3310      	adds	r3, #16
10007c6c:	4563      	cmp	r3, ip
10007c6e:	d1f8      	bne.n	10007c62 <memset+0x46>
10007c70:	f012 0f0c 	tst.w	r2, #12
10007c74:	f002 0e0f 	and.w	lr, r2, #15
10007c78:	d018      	beq.n	10007cac <memset+0x90>
10007c7a:	f02e 0c03 	bic.w	ip, lr, #3
10007c7e:	f1ae 0504 	sub.w	r5, lr, #4
10007c82:	461a      	mov	r2, r3
10007c84:	449c      	add	ip, r3
10007c86:	f842 4b04 	str.w	r4, [r2], #4
10007c8a:	4562      	cmp	r2, ip
10007c8c:	d1fb      	bne.n	10007c86 <memset+0x6a>
10007c8e:	f025 0403 	bic.w	r4, r5, #3
10007c92:	3304      	adds	r3, #4
10007c94:	f00e 0203 	and.w	r2, lr, #3
10007c98:	4423      	add	r3, r4
10007c9a:	2a00      	cmp	r2, #0
10007c9c:	d0cc      	beq.n	10007c38 <memset+0x1c>
10007c9e:	b2c9      	uxtb	r1, r1
10007ca0:	441a      	add	r2, r3
10007ca2:	f803 1b01 	strb.w	r1, [r3], #1
10007ca6:	4293      	cmp	r3, r2
10007ca8:	d1fb      	bne.n	10007ca2 <memset+0x86>
10007caa:	bd30      	pop	{r4, r5, pc}
10007cac:	4672      	mov	r2, lr
10007cae:	e7f4      	b.n	10007c9a <memset+0x7e>
10007cb0:	4603      	mov	r3, r0
10007cb2:	e7c6      	b.n	10007c42 <memset+0x26>
10007cb4:	4696      	mov	lr, r2
10007cb6:	e7e0      	b.n	10007c7a <memset+0x5e>

10007cb8 <_sbrk_r>:
10007cb8:	b538      	push	{r3, r4, r5, lr}
10007cba:	2200      	movs	r2, #0
10007cbc:	4d06      	ldr	r5, [pc, #24]	@ (10007cd8 <_sbrk_r+0x20>)
10007cbe:	4604      	mov	r4, r0
10007cc0:	4608      	mov	r0, r1
10007cc2:	602a      	str	r2, [r5, #0]
10007cc4:	f7fb fa7e 	bl	100031c4 <_sbrk>
10007cc8:	1c43      	adds	r3, r0, #1
10007cca:	d000      	beq.n	10007cce <_sbrk_r+0x16>
10007ccc:	bd38      	pop	{r3, r4, r5, pc}
10007cce:	682b      	ldr	r3, [r5, #0]
10007cd0:	2b00      	cmp	r3, #0
10007cd2:	d0fb      	beq.n	10007ccc <_sbrk_r+0x14>
10007cd4:	6023      	str	r3, [r4, #0]
10007cd6:	bd38      	pop	{r3, r4, r5, pc}
10007cd8:	20002484 	.word	0x20002484

10007cdc <__errno>:
10007cdc:	4b01      	ldr	r3, [pc, #4]	@ (10007ce4 <__errno+0x8>)
10007cde:	6818      	ldr	r0, [r3, #0]
10007ce0:	4770      	bx	lr
10007ce2:	bf00      	nop
10007ce4:	200019a8 	.word	0x200019a8

10007ce8 <sysconf>:
10007ce8:	2808      	cmp	r0, #8
10007cea:	d102      	bne.n	10007cf2 <sysconf+0xa>
10007cec:	f44f 5080 	mov.w	r0, #4096	@ 0x1000
10007cf0:	4770      	bx	lr
10007cf2:	b508      	push	{r3, lr}
10007cf4:	f7ff fff2 	bl	10007cdc <__errno>
10007cf8:	2216      	movs	r2, #22
10007cfa:	4603      	mov	r3, r0
10007cfc:	f04f 30ff 	mov.w	r0, #4294967295	@ 0xffffffff
10007d00:	601a      	str	r2, [r3, #0]
10007d02:	bd08      	pop	{r3, pc}

10007d04 <__retarget_lock_acquire_recursive>:
10007d04:	4770      	bx	lr
10007d06:	bf00      	nop

10007d08 <__retarget_lock_release_recursive>:
10007d08:	4770      	bx	lr
10007d0a:	bf00      	nop

10007d0c <memcpy>:
10007d0c:	4684      	mov	ip, r0
10007d0e:	ea41 0300 	orr.w	r3, r1, r0
10007d12:	f013 0303 	ands.w	r3, r3, #3
10007d16:	d149      	bne.n	10007dac <memcpy+0xa0>
10007d18:	3a40      	subs	r2, #64	@ 0x40
10007d1a:	d323      	bcc.n	10007d64 <memcpy+0x58>
10007d1c:	680b      	ldr	r3, [r1, #0]
10007d1e:	6003      	str	r3, [r0, #0]
10007d20:	684b      	ldr	r3, [r1, #4]
10007d22:	6043      	str	r3, [r0, #4]
10007d24:	688b      	ldr	r3, [r1, #8]
10007d26:	6083      	str	r3, [r0, #8]
10007d28:	68cb      	ldr	r3, [r1, #12]
10007d2a:	60c3      	str	r3, [r0, #12]
10007d2c:	690b      	ldr	r3, [r1, #16]
10007d2e:	6103      	str	r3, [r0, #16]
10007d30:	694b      	ldr	r3, [r1, #20]
10007d32:	6143      	str	r3, [r0, #20]
10007d34:	698b      	ldr	r3, [r1, #24]
10007d36:	6183      	str	r3, [r0, #24]
10007d38:	69cb      	ldr	r3, [r1, #28]
10007d3a:	61c3      	str	r3, [r0, #28]
10007d3c:	6a0b      	ldr	r3, [r1, #32]
10007d3e:	6203      	str	r3, [r0, #32]
10007d40:	6a4b      	ldr	r3, [r1, #36]	@ 0x24
10007d42:	6243      	str	r3, [r0, #36]	@ 0x24
10007d44:	6a8b      	ldr	r3, [r1, #40]	@ 0x28
10007d46:	6283      	str	r3, [r0, #40]	@ 0x28
10007d48:	6acb      	ldr	r3, [r1, #44]	@ 0x2c
10007d4a:	62c3      	str	r3, [r0, #44]	@ 0x2c
10007d4c:	6b0b      	ldr	r3, [r1, #48]	@ 0x30
10007d4e:	6303      	str	r3, [r0, #48]	@ 0x30
10007d50:	6b4b      	ldr	r3, [r1, #52]	@ 0x34
10007d52:	6343      	str	r3, [r0, #52]	@ 0x34
10007d54:	6b8b      	ldr	r3, [r1, #56]	@ 0x38
10007d56:	6383      	str	r3, [r0, #56]	@ 0x38
10007d58:	6bcb      	ldr	r3, [r1, #60]	@ 0x3c
10007d5a:	63c3      	str	r3, [r0, #60]	@ 0x3c
10007d5c:	3040      	adds	r0, #64	@ 0x40
10007d5e:	3140      	adds	r1, #64	@ 0x40
10007d60:	3a40      	subs	r2, #64	@ 0x40
10007d62:	d2db      	bcs.n	10007d1c <memcpy+0x10>
10007d64:	3230      	adds	r2, #48	@ 0x30
10007d66:	d30b      	bcc.n	10007d80 <memcpy+0x74>
10007d68:	680b      	ldr	r3, [r1, #0]
10007d6a:	6003      	str	r3, [r0, #0]
10007d6c:	684b      	ldr	r3, [r1, #4]
10007d6e:	6043      	str	r3, [r0, #4]
10007d70:	688b      	ldr	r3, [r1, #8]
10007d72:	6083      	str	r3, [r0, #8]
10007d74:	68cb      	ldr	r3, [r1, #12]
10007d76:	60c3      	str	r3, [r0, #12]
10007d78:	3010      	adds	r0, #16
10007d7a:	3110      	adds	r1, #16
10007d7c:	3a10      	subs	r2, #16
10007d7e:	d2f3      	bcs.n	10007d68 <memcpy+0x5c>
10007d80:	320c      	adds	r2, #12
10007d82:	d305      	bcc.n	10007d90 <memcpy+0x84>
10007d84:	f851 3b04 	ldr.w	r3, [r1], #4
10007d88:	f840 3b04 	str.w	r3, [r0], #4
10007d8c:	3a04      	subs	r2, #4
10007d8e:	d2f9      	bcs.n	10007d84 <memcpy+0x78>
10007d90:	3204      	adds	r2, #4
10007d92:	d008      	beq.n	10007da6 <memcpy+0x9a>
10007d94:	07d2      	lsls	r2, r2, #31
10007d96:	bf1c      	itt	ne
10007d98:	f811 3b01 	ldrbne.w	r3, [r1], #1
10007d9c:	f800 3b01 	strbne.w	r3, [r0], #1
10007da0:	d301      	bcc.n	10007da6 <memcpy+0x9a>
10007da2:	880b      	ldrh	r3, [r1, #0]
10007da4:	8003      	strh	r3, [r0, #0]
10007da6:	4660      	mov	r0, ip
10007da8:	4770      	bx	lr
10007daa:	bf00      	nop
10007dac:	2a08      	cmp	r2, #8
10007dae:	d313      	bcc.n	10007dd8 <memcpy+0xcc>
10007db0:	078b      	lsls	r3, r1, #30
10007db2:	d0b1      	beq.n	10007d18 <memcpy+0xc>
10007db4:	f010 0303 	ands.w	r3, r0, #3
10007db8:	d0ae      	beq.n	10007d18 <memcpy+0xc>
10007dba:	f1c3 0304 	rsb	r3, r3, #4
10007dbe:	1ad2      	subs	r2, r2, r3
10007dc0:	07db      	lsls	r3, r3, #31
10007dc2:	bf1c      	itt	ne
10007dc4:	f811 3b01 	ldrbne.w	r3, [r1], #1
10007dc8:	f800 3b01 	strbne.w	r3, [r0], #1
10007dcc:	d3a4      	bcc.n	10007d18 <memcpy+0xc>
10007dce:	f831 3b02 	ldrh.w	r3, [r1], #2
10007dd2:	f820 3b02 	strh.w	r3, [r0], #2
10007dd6:	e79f      	b.n	10007d18 <memcpy+0xc>
10007dd8:	3a04      	subs	r2, #4
10007dda:	d3d9      	bcc.n	10007d90 <memcpy+0x84>
10007ddc:	3a01      	subs	r2, #1
10007dde:	f811 3b01 	ldrb.w	r3, [r1], #1
10007de2:	f800 3b01 	strb.w	r3, [r0], #1
10007de6:	d2f9      	bcs.n	10007ddc <memcpy+0xd0>
10007de8:	780b      	ldrb	r3, [r1, #0]
10007dea:	7003      	strb	r3, [r0, #0]
10007dec:	784b      	ldrb	r3, [r1, #1]
10007dee:	7043      	strb	r3, [r0, #1]
10007df0:	788b      	ldrb	r3, [r1, #2]
10007df2:	7083      	strb	r3, [r0, #2]
10007df4:	4660      	mov	r0, ip
10007df6:	4770      	bx	lr

10007df8 <strlen>:
10007df8:	f020 0103 	bic.w	r1, r0, #3
10007dfc:	f010 0003 	ands.w	r0, r0, #3
10007e00:	f1c0 0000 	rsb	r0, r0, #0
10007e04:	f851 3b04 	ldr.w	r3, [r1], #4
10007e08:	f100 0c04 	add.w	ip, r0, #4
10007e0c:	ea4f 0ccc 	mov.w	ip, ip, lsl #3
10007e10:	f06f 0200 	mvn.w	r2, #0
10007e14:	bf1c      	itt	ne
10007e16:	fa22 f20c 	lsrne.w	r2, r2, ip
10007e1a:	4313      	orrne	r3, r2
10007e1c:	f04f 0c01 	mov.w	ip, #1
10007e20:	ea4c 2c0c 	orr.w	ip, ip, ip, lsl #8
10007e24:	ea4c 4c0c 	orr.w	ip, ip, ip, lsl #16
10007e28:	eba3 020c 	sub.w	r2, r3, ip
10007e2c:	ea22 0203 	bic.w	r2, r2, r3
10007e30:	ea12 12cc 	ands.w	r2, r2, ip, lsl #7
10007e34:	bf04      	itt	eq
10007e36:	f851 3b04 	ldreq.w	r3, [r1], #4
10007e3a:	3004      	addeq	r0, #4
10007e3c:	d0f4      	beq.n	10007e28 <strlen+0x30>
10007e3e:	f1c2 0100 	rsb	r1, r2, #0
10007e42:	ea02 0201 	and.w	r2, r2, r1
10007e46:	fab2 f282 	clz	r2, r2
10007e4a:	f1c2 021f 	rsb	r2, r2, #31
10007e4e:	eb00 00d2 	add.w	r0, r0, r2, lsr #3
10007e52:	4770      	bx	lr

10007e54 <_malloc_trim_r>:
10007e54:	e92d 43f8 	stmdb	sp!, {r3, r4, r5, r6, r7, r8, r9, lr}
10007e58:	4606      	mov	r6, r0
10007e5a:	f8df 80ac 	ldr.w	r8, [pc, #172]	@ 10007f08 <_malloc_trim_r+0xb4>
10007e5e:	2008      	movs	r0, #8
10007e60:	4689      	mov	r9, r1
10007e62:	f7ff ff41 	bl	10007ce8 <sysconf>
10007e66:	4605      	mov	r5, r0
10007e68:	4630      	mov	r0, r6
10007e6a:	f7ff fecb 	bl	10007c04 <__malloc_lock>
10007e6e:	f8d8 3008 	ldr.w	r3, [r8, #8]
10007e72:	685f      	ldr	r7, [r3, #4]
10007e74:	f027 0703 	bic.w	r7, r7, #3
10007e78:	f1a7 0411 	sub.w	r4, r7, #17
10007e7c:	eba4 0409 	sub.w	r4, r4, r9
10007e80:	442c      	add	r4, r5
10007e82:	fbb4 f4f5 	udiv	r4, r4, r5
10007e86:	3c01      	subs	r4, #1
10007e88:	fb05 f404 	mul.w	r4, r5, r4
10007e8c:	42a5      	cmp	r5, r4
10007e8e:	dc08      	bgt.n	10007ea2 <_malloc_trim_r+0x4e>
10007e90:	2100      	movs	r1, #0
10007e92:	4630      	mov	r0, r6
10007e94:	f7ff ff10 	bl	10007cb8 <_sbrk_r>
10007e98:	f8d8 3008 	ldr.w	r3, [r8, #8]
10007e9c:	443b      	add	r3, r7
10007e9e:	4298      	cmp	r0, r3
10007ea0:	d005      	beq.n	10007eae <_malloc_trim_r+0x5a>
10007ea2:	4630      	mov	r0, r6
10007ea4:	f7ff feb4 	bl	10007c10 <__malloc_unlock>
10007ea8:	2000      	movs	r0, #0
10007eaa:	e8bd 83f8 	ldmia.w	sp!, {r3, r4, r5, r6, r7, r8, r9, pc}
10007eae:	4261      	negs	r1, r4
10007eb0:	4630      	mov	r0, r6
10007eb2:	f7ff ff01 	bl	10007cb8 <_sbrk_r>
10007eb6:	3001      	adds	r0, #1
10007eb8:	d00f      	beq.n	10007eda <_malloc_trim_r+0x86>
10007eba:	1b3f      	subs	r7, r7, r4
10007ebc:	4a10      	ldr	r2, [pc, #64]	@ (10007f00 <_malloc_trim_r+0xac>)
10007ebe:	f8d8 3008 	ldr.w	r3, [r8, #8]
10007ec2:	4630      	mov	r0, r6
10007ec4:	f047 0701 	orr.w	r7, r7, #1
10007ec8:	605f      	str	r7, [r3, #4]
10007eca:	6813      	ldr	r3, [r2, #0]
10007ecc:	1b1b      	subs	r3, r3, r4
10007ece:	6013      	str	r3, [r2, #0]
10007ed0:	f7ff fe9e 	bl	10007c10 <__malloc_unlock>
10007ed4:	2001      	movs	r0, #1
10007ed6:	e8bd 83f8 	ldmia.w	sp!, {r3, r4, r5, r6, r7, r8, r9, pc}
10007eda:	2100      	movs	r1, #0
10007edc:	4630      	mov	r0, r6
10007ede:	f7ff feeb 	bl	10007cb8 <_sbrk_r>
10007ee2:	f8d8 2008 	ldr.w	r2, [r8, #8]
10007ee6:	1a83      	subs	r3, r0, r2
10007ee8:	2b0f      	cmp	r3, #15
10007eea:	ddda      	ble.n	10007ea2 <_malloc_trim_r+0x4e>
10007eec:	f043 0301 	orr.w	r3, r3, #1
10007ef0:	4903      	ldr	r1, [pc, #12]	@ (10007f00 <_malloc_trim_r+0xac>)
10007ef2:	6053      	str	r3, [r2, #4]
10007ef4:	4b03      	ldr	r3, [pc, #12]	@ (10007f04 <_malloc_trim_r+0xb0>)
10007ef6:	681b      	ldr	r3, [r3, #0]
10007ef8:	1ac0      	subs	r0, r0, r3
10007efa:	6008      	str	r0, [r1, #0]
10007efc:	e7d1      	b.n	10007ea2 <_malloc_trim_r+0x4e>
10007efe:	bf00      	nop
10007f00:	20001cd4 	.word	0x20001cd4
10007f04:	20001598 	.word	0x20001598
10007f08:	200015a0 	.word	0x200015a0

10007f0c <_free_r>:
10007f0c:	2900      	cmp	r1, #0
10007f0e:	d05a      	beq.n	10007fc6 <_free_r+0xba>
10007f10:	b5f8      	push	{r3, r4, r5, r6, r7, lr}
10007f12:	460c      	mov	r4, r1
10007f14:	4607      	mov	r7, r0
10007f16:	f7ff fe75 	bl	10007c04 <__malloc_lock>
10007f1a:	4d73      	ldr	r5, [pc, #460]	@ (100080e8 <_free_r+0x1dc>)
10007f1c:	f854 cc04 	ldr.w	ip, [r4, #-4]
10007f20:	f1a4 0208 	sub.w	r2, r4, #8
10007f24:	68a8      	ldr	r0, [r5, #8]
10007f26:	f02c 0301 	bic.w	r3, ip, #1
10007f2a:	f00c 0e01 	and.w	lr, ip, #1
10007f2e:	18d1      	adds	r1, r2, r3
10007f30:	684e      	ldr	r6, [r1, #4]
10007f32:	4288      	cmp	r0, r1
10007f34:	f026 0603 	bic.w	r6, r6, #3
10007f38:	d07c      	beq.n	10008034 <_free_r+0x128>
10007f3a:	1988      	adds	r0, r1, r6
10007f3c:	604e      	str	r6, [r1, #4]
10007f3e:	6840      	ldr	r0, [r0, #4]
10007f40:	f000 0001 	and.w	r0, r0, #1
10007f44:	f1be 0f00 	cmp.w	lr, #0
10007f48:	d12e      	bne.n	10007fa8 <_free_r+0x9c>
10007f4a:	f854 4c08 	ldr.w	r4, [r4, #-8]
10007f4e:	f105 0c08 	add.w	ip, r5, #8
10007f52:	1b12      	subs	r2, r2, r4
10007f54:	4423      	add	r3, r4
10007f56:	6894      	ldr	r4, [r2, #8]
10007f58:	4564      	cmp	r4, ip
10007f5a:	d060      	beq.n	1000801e <_free_r+0x112>
10007f5c:	f8d2 e00c 	ldr.w	lr, [r2, #12]
10007f60:	f8c4 e00c 	str.w	lr, [r4, #12]
10007f64:	f8ce 4008 	str.w	r4, [lr, #8]
10007f68:	2800      	cmp	r0, #0
10007f6a:	d07d      	beq.n	10008068 <_free_r+0x15c>
10007f6c:	f043 0001 	orr.w	r0, r3, #1
10007f70:	6050      	str	r0, [r2, #4]
10007f72:	600b      	str	r3, [r1, #0]
10007f74:	f5b3 7f00 	cmp.w	r3, #512	@ 0x200
10007f78:	d22e      	bcs.n	10007fd8 <_free_r+0xcc>
10007f7a:	0958      	lsrs	r0, r3, #5
10007f7c:	08d9      	lsrs	r1, r3, #3
10007f7e:	2301      	movs	r3, #1
10007f80:	4083      	lsls	r3, r0
10007f82:	6868      	ldr	r0, [r5, #4]
10007f84:	3101      	adds	r1, #1
10007f86:	4303      	orrs	r3, r0
10007f88:	f855 0031 	ldr.w	r0, [r5, r1, lsl #3]
10007f8c:	606b      	str	r3, [r5, #4]
10007f8e:	eb05 03c1 	add.w	r3, r5, r1, lsl #3
10007f92:	3b08      	subs	r3, #8
10007f94:	e9c2 0302 	strd	r0, r3, [r2, #8]
10007f98:	f845 2031 	str.w	r2, [r5, r1, lsl #3]
10007f9c:	60c2      	str	r2, [r0, #12]
10007f9e:	4638      	mov	r0, r7
10007fa0:	e8bd 40f8 	ldmia.w	sp!, {r3, r4, r5, r6, r7, lr}
10007fa4:	f7ff be34 	b.w	10007c10 <__malloc_unlock>
10007fa8:	b970      	cbnz	r0, 10007fc8 <_free_r+0xbc>
10007faa:	4433      	add	r3, r6
10007fac:	f105 0c08 	add.w	ip, r5, #8
10007fb0:	6888      	ldr	r0, [r1, #8]
10007fb2:	f043 0401 	orr.w	r4, r3, #1
10007fb6:	4560      	cmp	r0, ip
10007fb8:	d06e      	beq.n	10008098 <_free_r+0x18c>
10007fba:	68c9      	ldr	r1, [r1, #12]
10007fbc:	60c1      	str	r1, [r0, #12]
10007fbe:	6088      	str	r0, [r1, #8]
10007fc0:	6054      	str	r4, [r2, #4]
10007fc2:	50d3      	str	r3, [r2, r3]
10007fc4:	e7d6      	b.n	10007f74 <_free_r+0x68>
10007fc6:	4770      	bx	lr
10007fc8:	f04c 0101 	orr.w	r1, ip, #1
10007fcc:	f5b3 7f00 	cmp.w	r3, #512	@ 0x200
10007fd0:	f844 1c04 	str.w	r1, [r4, #-4]
10007fd4:	50d3      	str	r3, [r2, r3]
10007fd6:	d3d0      	bcc.n	10007f7a <_free_r+0x6e>
10007fd8:	f5b3 6f20 	cmp.w	r3, #2560	@ 0xa00
10007fdc:	ea4f 2153 	mov.w	r1, r3, lsr #9
10007fe0:	d244      	bcs.n	1000806c <_free_r+0x160>
10007fe2:	0999      	lsrs	r1, r3, #6
10007fe4:	f101 0039 	add.w	r0, r1, #57	@ 0x39
10007fe8:	f101 0438 	add.w	r4, r1, #56	@ 0x38
10007fec:	00c1      	lsls	r1, r0, #3
10007fee:	1868      	adds	r0, r5, r1
10007ff0:	5869      	ldr	r1, [r5, r1]
10007ff2:	3808      	subs	r0, #8
10007ff4:	4288      	cmp	r0, r1
10007ff6:	d103      	bne.n	10008000 <_free_r+0xf4>
10007ff8:	e055      	b.n	100080a6 <_free_r+0x19a>
10007ffa:	6889      	ldr	r1, [r1, #8]
10007ffc:	4288      	cmp	r0, r1
10007ffe:	d004      	beq.n	1000800a <_free_r+0xfe>
10008000:	684c      	ldr	r4, [r1, #4]
10008002:	f024 0403 	bic.w	r4, r4, #3
10008006:	429c      	cmp	r4, r3
10008008:	d8f7      	bhi.n	10007ffa <_free_r+0xee>
1000800a:	68c8      	ldr	r0, [r1, #12]
1000800c:	e9c2 1002 	strd	r1, r0, [r2, #8]
10008010:	6082      	str	r2, [r0, #8]
10008012:	4638      	mov	r0, r7
10008014:	60ca      	str	r2, [r1, #12]
10008016:	e8bd 40f8 	ldmia.w	sp!, {r3, r4, r5, r6, r7, lr}
1000801a:	f7ff bdf9 	b.w	10007c10 <__malloc_unlock>
1000801e:	bb80      	cbnz	r0, 10008082 <_free_r+0x176>
10008020:	441e      	add	r6, r3
10008022:	e9d1 1302 	ldrd	r1, r3, [r1, #8]
10008026:	60cb      	str	r3, [r1, #12]
10008028:	6099      	str	r1, [r3, #8]
1000802a:	f046 0301 	orr.w	r3, r6, #1
1000802e:	6053      	str	r3, [r2, #4]
10008030:	5196      	str	r6, [r2, r6]
10008032:	e7b4      	b.n	10007f9e <_free_r+0x92>
10008034:	441e      	add	r6, r3
10008036:	f1be 0f00 	cmp.w	lr, #0
1000803a:	d107      	bne.n	1000804c <_free_r+0x140>
1000803c:	f854 3c08 	ldr.w	r3, [r4, #-8]
10008040:	1ad2      	subs	r2, r2, r3
10008042:	441e      	add	r6, r3
10008044:	e9d2 1302 	ldrd	r1, r3, [r2, #8]
10008048:	60cb      	str	r3, [r1, #12]
1000804a:	6099      	str	r1, [r3, #8]
1000804c:	f046 0301 	orr.w	r3, r6, #1
10008050:	6053      	str	r3, [r2, #4]
10008052:	4b26      	ldr	r3, [pc, #152]	@ (100080ec <_free_r+0x1e0>)
10008054:	60aa      	str	r2, [r5, #8]
10008056:	681b      	ldr	r3, [r3, #0]
10008058:	42b3      	cmp	r3, r6
1000805a:	d8a0      	bhi.n	10007f9e <_free_r+0x92>
1000805c:	4b24      	ldr	r3, [pc, #144]	@ (100080f0 <_free_r+0x1e4>)
1000805e:	4638      	mov	r0, r7
10008060:	6819      	ldr	r1, [r3, #0]
10008062:	f7ff fef7 	bl	10007e54 <_malloc_trim_r>
10008066:	e79a      	b.n	10007f9e <_free_r+0x92>
10008068:	4433      	add	r3, r6
1000806a:	e7a1      	b.n	10007fb0 <_free_r+0xa4>
1000806c:	2914      	cmp	r1, #20
1000806e:	d90d      	bls.n	1000808c <_free_r+0x180>
10008070:	2954      	cmp	r1, #84	@ 0x54
10008072:	d81f      	bhi.n	100080b4 <_free_r+0x1a8>
10008074:	0b19      	lsrs	r1, r3, #12
10008076:	f101 006f 	add.w	r0, r1, #111	@ 0x6f
1000807a:	f101 046e 	add.w	r4, r1, #110	@ 0x6e
1000807e:	00c1      	lsls	r1, r0, #3
10008080:	e7b5      	b.n	10007fee <_free_r+0xe2>
10008082:	f043 0001 	orr.w	r0, r3, #1
10008086:	6050      	str	r0, [r2, #4]
10008088:	600b      	str	r3, [r1, #0]
1000808a:	e788      	b.n	10007f9e <_free_r+0x92>
1000808c:	f101 005c 	add.w	r0, r1, #92	@ 0x5c
10008090:	f101 045b 	add.w	r4, r1, #91	@ 0x5b
10008094:	00c1      	lsls	r1, r0, #3
10008096:	e7aa      	b.n	10007fee <_free_r+0xe2>
10008098:	e9c5 2204 	strd	r2, r2, [r5, #16]
1000809c:	e9c2 cc02 	strd	ip, ip, [r2, #8]
100080a0:	6054      	str	r4, [r2, #4]
100080a2:	50d3      	str	r3, [r2, r3]
100080a4:	e77b      	b.n	10007f9e <_free_r+0x92>
100080a6:	10a4      	asrs	r4, r4, #2
100080a8:	2301      	movs	r3, #1
100080aa:	40a3      	lsls	r3, r4
100080ac:	686c      	ldr	r4, [r5, #4]
100080ae:	4323      	orrs	r3, r4
100080b0:	606b      	str	r3, [r5, #4]
100080b2:	e7ab      	b.n	1000800c <_free_r+0x100>
100080b4:	f5b1 7faa 	cmp.w	r1, #340	@ 0x154
100080b8:	d806      	bhi.n	100080c8 <_free_r+0x1bc>
100080ba:	0bd9      	lsrs	r1, r3, #15
100080bc:	f101 0078 	add.w	r0, r1, #120	@ 0x78
100080c0:	f101 0477 	add.w	r4, r1, #119	@ 0x77
100080c4:	00c1      	lsls	r1, r0, #3
100080c6:	e792      	b.n	10007fee <_free_r+0xe2>
100080c8:	f240 5054 	movw	r0, #1364	@ 0x554
100080cc:	4281      	cmp	r1, r0
100080ce:	d806      	bhi.n	100080de <_free_r+0x1d2>
100080d0:	0c99      	lsrs	r1, r3, #18
100080d2:	f101 007d 	add.w	r0, r1, #125	@ 0x7d
100080d6:	f101 047c 	add.w	r4, r1, #124	@ 0x7c
100080da:	00c1      	lsls	r1, r0, #3
100080dc:	e787      	b.n	10007fee <_free_r+0xe2>
100080de:	f44f 717e 	mov.w	r1, #1016	@ 0x3f8
100080e2:	247e      	movs	r4, #126	@ 0x7e
100080e4:	e783      	b.n	10007fee <_free_r+0xe2>
100080e6:	bf00      	nop
100080e8:	200015a0 	.word	0x200015a0
100080ec:	2000159c 	.word	0x2000159c
100080f0:	20001d04 	.word	0x20001d04

100080f4 <_fini>:
100080f4:	b5f8      	push	{r3, r4, r5, r6, r7, lr}
100080f6:	bf00      	nop

100080f8 <__mutex_enter_timeout_ms_veneer>:
100080f8:	f85f f000 	ldr.w	pc, [pc]	@ 100080fc <__mutex_enter_timeout_ms_veneer+0x4>
100080fc:	20000235 	.word	0x20000235

10008100 <__hw_endpoint_start_next_buffer_veneer>:
10008100:	f85f f000 	ldr.w	pc, [pc]	@ 10008104 <__hw_endpoint_start_next_buffer_veneer+0x4>
10008104:	20000b0d 	.word	0x20000b0d

10008108 <____aeabi_f2d_veneer>:
10008108:	f85f f000 	ldr.w	pc, [pc]	@ 1000810c <____aeabi_f2d_veneer+0x4>
1000810c:	20001099 	.word	0x20001099

10008110 <____aeabi_uldivmod_veneer>:
10008110:	f85f f000 	ldr.w	pc, [pc]	@ 10008114 <____aeabi_uldivmod_veneer+0x4>
10008114:	20001149 	.word	0x20001149

10008118 <__mutex_exit_veneer>:
10008118:	f85f f000 	ldr.w	pc, [pc]	@ 1000811c <__mutex_exit_veneer+0x4>
1000811c:	2000026d 	.word	0x2000026d

10008120 <__e15_is_bulkin_ep_veneer>:
10008120:	f85f f000 	ldr.w	pc, [pc]	@ 10008124 <__e15_is_bulkin_ep_veneer+0x4>
10008124:	20000a6d 	.word	0x20000a6d

10008128 <___hw_endpoint_buffer_control_update32_veneer>:
10008128:	f85f f000 	ldr.w	pc, [pc]	@ 1000812c <___hw_endpoint_buffer_control_update32_veneer+0x4>
1000812c:	20000ac9 	.word	0x20000ac9

10008130 <__mutex_try_enter_block_until_veneer>:
10008130:	f85f f000 	ldr.w	pc, [pc]	@ 10008134 <__mutex_try_enter_block_until_veneer+0x4>
10008134:	200001cd 	.word	0x200001cd

10008138 <__e15_is_critical_frame_period_veneer>:
10008138:	f85f f000 	ldr.w	pc, [pc]	@ 1000813c <__e15_is_critical_frame_period_veneer+0x4>
1000813c:	20000a95 	.word	0x20000a95

10008140 <__reset_non_control_endpoints_veneer>:
10008140:	f85f f000 	ldr.w	pc, [pc]	@ 10008144 <__reset_non_control_endpoints_veneer+0x4>
10008144:	200002a9 	.word	0x200002a9

10008148 <__mutex_try_enter_veneer>:
10008148:	f85f f000 	ldr.w	pc, [pc]	@ 1000814c <__mutex_try_enter_veneer+0x4>
1000814c:	20000111 	.word	0x20000111

10008150 <__pre_init_runtime_init_bootrom_reset>:
10008150:	100016b1                                ....

10008154 <__pre_init_runtime_init_early_resets>:
10008154:	10001625                                %...

10008158 <__pre_init_runtime_init_usb_power_down>:
10008158:	10001659                                Y...

1000815c <__pre_init_runtime_init_clocks>:
1000815c:	100016fd                                ....

10008160 <__pre_init_runtime_init_post_clock_resets>:
10008160:	10001691                                ....

10008164 <__pre_init_runtime_init_boot_locks_reset>:
10008164:	100015a9                                ....

10008168 <__pre_init_runtime_init_spin_locks_reset>:
10008168:	100016d9                                ....

1000816c <__pre_init_runtime_init_bootrom_locking_enable>:
1000816c:	10001595                                ....

10008170 <__pre_init_runtime_init_mutex>:
10008170:	10000a05                                ....

10008174 <__pre_init_runtime_init_install_ram_vector_table>:
10008174:	100016dd                                ....

10008178 <__pre_init_runtime_init_default_alarm_pool>:
10008178:	10000dc9                                ....

1000817c <__pre_init_first_per_core_initializer>:
1000817c:	100015f5                                ....

10008180 <__pre_init_runtime_init_per_core_bootrom_reset>:
10008180:	100016c5                                ....

10008184 <__pre_init_runtime_init_per_core_enable_coprocessors>:
10008184:	10001675                                u...

10008188 <__pre_init_spinlock_set_extexclall>:
10008188:	100005e1                                ....

1000818c <__pre_init_runtime_init_per_core_irq_priorities>:
1000818c:	10000609                                ....

10008190 <__frame_dummy_init_array_entry>:
10008190:	10000219 10003b71 100074b9              ....q;...t..

Disassembly of section .data:

20000110 <mutex_try_enter>:
20000110:	4603      	mov	r3, r0
20000112:	b500      	push	{lr}
20000114:	6802      	ldr	r2, [r0, #0]
20000116:	f3ef 8c10 	mrs	ip, PRIMASK
2000011a:	b672      	cpsid	i
2000011c:	e8d2 efcf 	ldaexb	lr, [r2]
20000120:	2001      	movs	r0, #1
20000122:	f1be 0f00 	cmp.w	lr, #0
20000126:	d1f9      	bne.n	2000011c <mutex_try_enter+0xc>
20000128:	e8c2 0f4e 	strexb	lr, r0, [r2]
2000012c:	f1be 0f00 	cmp.w	lr, #0
20000130:	d1f4      	bne.n	2000011c <mutex_try_enter+0xc>
20000132:	f3bf 8f5f 	dmb	sy
20000136:	f993 2004 	ldrsb.w	r2, [r3, #4]
2000013a:	2a00      	cmp	r2, #0
2000013c:	db0a      	blt.n	20000154 <mutex_try_enter+0x44>
2000013e:	b101      	cbz	r1, 20000142 <mutex_try_enter+0x32>
20000140:	600a      	str	r2, [r1, #0]
20000142:	2000      	movs	r0, #0
20000144:	2200      	movs	r2, #0
20000146:	681b      	ldr	r3, [r3, #0]
20000148:	e8c3 2f8f 	stlb	r2, [r3]
2000014c:	f38c 8810 	msr	PRIMASK, ip
20000150:	f85d fb04 	ldr.w	pc, [sp], #4
20000154:	f04f 4250 	mov.w	r2, #3489660928	@ 0xd0000000
20000158:	6812      	ldr	r2, [r2, #0]
2000015a:	2001      	movs	r0, #1
2000015c:	711a      	strb	r2, [r3, #4]
2000015e:	e7f1      	b.n	20000144 <mutex_try_enter+0x34>

20000160 <mutex_enter_block_until>:
20000160:	f04f 4150 	mov.w	r1, #3489660928	@ 0xd0000000
20000164:	e92d 41f0 	stmdb	sp!, {r4, r5, r6, r7, r8, lr}
20000168:	2700      	movs	r7, #0
2000016a:	4604      	mov	r4, r0
2000016c:	4616      	mov	r6, r2
2000016e:	461d      	mov	r5, r3
20000170:	f8d1 8000 	ldr.w	r8, [r1]
20000174:	e008      	b.n	20000188 <mutex_enter_block_until+0x28>
20000176:	e8c1 7f8f 	stlb	r7, [r1]
2000017a:	f38c 8810 	msr	PRIMASK, ip
2000017e:	4630      	mov	r0, r6
20000180:	4629      	mov	r1, r5
20000182:	f001 f9b1 	bl	200014e8 <__best_effort_wfe_or_timeout_veneer>
20000186:	b9e8      	cbnz	r0, 200001c4 <mutex_enter_block_until+0x64>
20000188:	6821      	ldr	r1, [r4, #0]
2000018a:	f3ef 8c10 	mrs	ip, PRIMASK
2000018e:	b672      	cpsid	i
20000190:	e8d1 2fcf 	ldaexb	r2, [r1]
20000194:	2301      	movs	r3, #1
20000196:	2a00      	cmp	r2, #0
20000198:	d1fa      	bne.n	20000190 <mutex_enter_block_until+0x30>
2000019a:	e8c1 3f42 	strexb	r2, r3, [r1]
2000019e:	2a00      	cmp	r2, #0
200001a0:	d1f6      	bne.n	20000190 <mutex_enter_block_until+0x30>
200001a2:	f3bf 8f5f 	dmb	sy
200001a6:	f994 3004 	ldrsb.w	r3, [r4, #4]
200001aa:	6821      	ldr	r1, [r4, #0]
200001ac:	2b00      	cmp	r3, #0
200001ae:	dae2      	bge.n	20000176 <mutex_enter_block_until+0x16>
200001b0:	2300      	movs	r3, #0
200001b2:	f884 8004 	strb.w	r8, [r4, #4]
200001b6:	e8c1 3f8f 	stlb	r3, [r1]
200001ba:	f38c 8810 	msr	PRIMASK, ip
200001be:	2001      	movs	r0, #1
200001c0:	e8bd 81f0 	ldmia.w	sp!, {r4, r5, r6, r7, r8, pc}
200001c4:	2000      	movs	r0, #0
200001c6:	e8bd 81f0 	ldmia.w	sp!, {r4, r5, r6, r7, r8, pc}
200001ca:	bf00      	nop

200001cc <mutex_try_enter_block_until>:
200001cc:	b530      	push	{r4, r5, lr}
200001ce:	6804      	ldr	r4, [r0, #0]
200001d0:	f3ef 8c10 	mrs	ip, PRIMASK
200001d4:	b672      	cpsid	i
200001d6:	e8d4 efcf 	ldaexb	lr, [r4]
200001da:	2501      	movs	r5, #1
200001dc:	f1be 0f00 	cmp.w	lr, #0
200001e0:	d1f9      	bne.n	200001d6 <mutex_try_enter_block_until+0xa>
200001e2:	e8c4 5f4e 	strexb	lr, r5, [r4]
200001e6:	f1be 0f00 	cmp.w	lr, #0
200001ea:	d1f4      	bne.n	200001d6 <mutex_try_enter_block_until+0xa>
200001ec:	f3bf 8f5f 	dmb	sy
200001f0:	f990 4004 	ldrsb.w	r4, [r0, #4]
200001f4:	6805      	ldr	r5, [r0, #0]
200001f6:	2c00      	cmp	r4, #0
200001f8:	db10      	blt.n	2000021c <mutex_try_enter_block_until+0x50>
200001fa:	2100      	movs	r1, #0
200001fc:	e8c5 1f8f 	stlb	r1, [r5]
20000200:	f38c 8810 	msr	PRIMASK, ip
20000204:	f04f 4550 	mov.w	r5, #3489660928	@ 0xd0000000
20000208:	f995 5000 	ldrsb.w	r5, [r5]
2000020c:	42a5      	cmp	r5, r4
2000020e:	d101      	bne.n	20000214 <mutex_try_enter_block_until+0x48>
20000210:	4608      	mov	r0, r1
20000212:	bd30      	pop	{r4, r5, pc}
20000214:	e8bd 4030 	ldmia.w	sp!, {r4, r5, lr}
20000218:	f7ff bfa2 	b.w	20000160 <mutex_enter_block_until>
2000021c:	f04f 4250 	mov.w	r2, #3489660928	@ 0xd0000000
20000220:	6812      	ldr	r2, [r2, #0]
20000222:	2300      	movs	r3, #0
20000224:	7102      	strb	r2, [r0, #4]
20000226:	e8c5 3f8f 	stlb	r3, [r5]
2000022a:	f38c 8810 	msr	PRIMASK, ip
2000022e:	2001      	movs	r0, #1
20000230:	bd30      	pop	{r4, r5, pc}
20000232:	bf00      	nop

20000234 <mutex_enter_timeout_ms>:
20000234:	b570      	push	{r4, r5, r6, lr}
20000236:	4605      	mov	r5, r0
20000238:	460c      	mov	r4, r1
2000023a:	f001 f951 	bl	200014e0 <__time_us_64_veneer>
2000023e:	4602      	mov	r2, r0
20000240:	460b      	mov	r3, r1
20000242:	f44f 707a 	mov.w	r0, #1000	@ 0x3e8
20000246:	f04f 3eff 	mov.w	lr, #4294967295	@ 0xffffffff
2000024a:	f06f 4c00 	mvn.w	ip, #2147483648	@ 0x80000000
2000024e:	fbe4 2300 	umlal	r2, r3, r4, r0
20000252:	4596      	cmp	lr, r2
20000254:	eb7c 0103 	sbcs.w	r1, ip, r3
20000258:	bf38      	it	cc
2000025a:	4672      	movcc	r2, lr
2000025c:	4628      	mov	r0, r5
2000025e:	e8bd 4070 	ldmia.w	sp!, {r4, r5, r6, lr}
20000262:	bf38      	it	cc
20000264:	4663      	movcc	r3, ip
20000266:	f7ff bf7b 	b.w	20000160 <mutex_enter_block_until>
2000026a:	bf00      	nop

2000026c <mutex_exit>:
2000026c:	6803      	ldr	r3, [r0, #0]
2000026e:	f3ef 8210 	mrs	r2, PRIMASK
20000272:	b672      	cpsid	i
20000274:	e8d3 cfcf 	ldaexb	ip, [r3]
20000278:	2101      	movs	r1, #1
2000027a:	f1bc 0f00 	cmp.w	ip, #0
2000027e:	d1f9      	bne.n	20000274 <mutex_exit+0x8>
20000280:	e8c3 1f4c 	strexb	ip, r1, [r3]
20000284:	f1bc 0f00 	cmp.w	ip, #0
20000288:	d1f4      	bne.n	20000274 <mutex_exit+0x8>
2000028a:	f3bf 8f5f 	dmb	sy
2000028e:	f04f 0cff 	mov.w	ip, #255	@ 0xff
20000292:	2300      	movs	r3, #0
20000294:	6801      	ldr	r1, [r0, #0]
20000296:	f880 c004 	strb.w	ip, [r0, #4]
2000029a:	e8c1 3f8f 	stlb	r3, [r1]
2000029e:	f382 8810 	msr	PRIMASK, r2
200002a2:	bf40      	sev
200002a4:	4770      	bx	lr
200002a6:	bf00      	nop

200002a8 <reset_non_control_endpoints>:
200002a8:	2100      	movs	r1, #0
200002aa:	b508      	push	{r3, lr}
200002ac:	4b13      	ldr	r3, [pc, #76]	@ (200002fc <reset_non_control_endpoints+0x54>)
200002ae:	f44f 7270 	mov.w	r2, #960	@ 0x3c0
200002b2:	6099      	str	r1, [r3, #8]
200002b4:	4812      	ldr	r0, [pc, #72]	@ (20000300 <reset_non_control_endpoints+0x58>)
200002b6:	60d9      	str	r1, [r3, #12]
200002b8:	6119      	str	r1, [r3, #16]
200002ba:	6159      	str	r1, [r3, #20]
200002bc:	6199      	str	r1, [r3, #24]
200002be:	61d9      	str	r1, [r3, #28]
200002c0:	6219      	str	r1, [r3, #32]
200002c2:	6259      	str	r1, [r3, #36]	@ 0x24
200002c4:	6299      	str	r1, [r3, #40]	@ 0x28
200002c6:	62d9      	str	r1, [r3, #44]	@ 0x2c
200002c8:	6319      	str	r1, [r3, #48]	@ 0x30
200002ca:	6359      	str	r1, [r3, #52]	@ 0x34
200002cc:	6399      	str	r1, [r3, #56]	@ 0x38
200002ce:	63d9      	str	r1, [r3, #60]	@ 0x3c
200002d0:	6419      	str	r1, [r3, #64]	@ 0x40
200002d2:	6459      	str	r1, [r3, #68]	@ 0x44
200002d4:	6499      	str	r1, [r3, #72]	@ 0x48
200002d6:	64d9      	str	r1, [r3, #76]	@ 0x4c
200002d8:	6519      	str	r1, [r3, #80]	@ 0x50
200002da:	6559      	str	r1, [r3, #84]	@ 0x54
200002dc:	6599      	str	r1, [r3, #88]	@ 0x58
200002de:	65d9      	str	r1, [r3, #92]	@ 0x5c
200002e0:	6619      	str	r1, [r3, #96]	@ 0x60
200002e2:	6659      	str	r1, [r3, #100]	@ 0x64
200002e4:	6699      	str	r1, [r3, #104]	@ 0x68
200002e6:	66d9      	str	r1, [r3, #108]	@ 0x6c
200002e8:	6719      	str	r1, [r3, #112]	@ 0x70
200002ea:	6759      	str	r1, [r3, #116]	@ 0x74
200002ec:	6799      	str	r1, [r3, #120]	@ 0x78
200002ee:	67d9      	str	r1, [r3, #124]	@ 0x7c
200002f0:	f001 f8ee 	bl	200014d0 <__memset_veneer>
200002f4:	4b03      	ldr	r3, [pc, #12]	@ (20000304 <reset_non_control_endpoints+0x5c>)
200002f6:	4a04      	ldr	r2, [pc, #16]	@ (20000308 <reset_non_control_endpoints+0x60>)
200002f8:	601a      	str	r2, [r3, #0]
200002fa:	bd08      	pop	{r3, pc}
200002fc:	50100000 	.word	0x50100000
20000300:	200024d0 	.word	0x200024d0
20000304:	20002898 	.word	0x20002898
20000308:	50100180 	.word	0x50100180

2000030c <hw_handle_buff_status>:
2000030c:	e92d 4ff0 	stmdb	sp!, {r4, r5, r6, r7, r8, r9, sl, fp, lr}
20000310:	4b1f      	ldr	r3, [pc, #124]	@ (20000390 <hw_handle_buff_status+0x84>)
20000312:	b085      	sub	sp, #20
20000314:	f8d3 a058 	ldr.w	sl, [r3, #88]	@ 0x58
20000318:	f1ba 0f00 	cmp.w	sl, #0
2000031c:	d022      	beq.n	20000364 <hw_handle_buff_status+0x58>
2000031e:	2400      	movs	r4, #0
20000320:	2501      	movs	r5, #1
20000322:	f44f 69e0 	mov.w	r9, #1792	@ 0x700
20000326:	f8df 8070 	ldr.w	r8, [pc, #112]	@ 20000398 <hw_handle_buff_status+0x8c>
2000032a:	4f1a      	ldr	r7, [pc, #104]	@ (20000394 <hw_handle_buff_status+0x88>)
2000032c:	e001      	b.n	20000332 <hw_handle_buff_status+0x26>
2000032e:	2c20      	cmp	r4, #32
20000330:	d018      	beq.n	20000364 <hw_handle_buff_status+0x58>
20000332:	ea0a 0205 	and.w	r2, sl, r5
20000336:	1c61      	adds	r1, r4, #1
20000338:	4623      	mov	r3, r4
2000033a:	46ab      	mov	fp, r5
2000033c:	b2cc      	uxtb	r4, r1
2000033e:	006d      	lsls	r5, r5, #1
20000340:	2a00      	cmp	r2, #0
20000342:	d0f4      	beq.n	2000032e <hw_handle_buff_status+0x22>
20000344:	f004 0201 	and.w	r2, r4, #1
20000348:	f003 06fe 	and.w	r6, r3, #254	@ 0xfe
2000034c:	4416      	add	r6, r2
2000034e:	eb07 1646 	add.w	r6, r7, r6, lsl #5
20000352:	4630      	mov	r0, r6
20000354:	f8c8 b058 	str.w	fp, [r8, #88]	@ 0x58
20000358:	f000 fc0a 	bl	20000b70 <hw_endpoint_xfer_continue>
2000035c:	b928      	cbnz	r0, 2000036a <hw_handle_buff_status+0x5e>
2000035e:	ea3a 0a0b 	bics.w	sl, sl, fp
20000362:	d1e4      	bne.n	2000032e <hw_handle_buff_status+0x22>
20000364:	b005      	add	sp, #20
20000366:	e8bd 8ff0 	ldmia.w	sp!, {r4, r5, r6, r7, r8, r9, sl, fp, pc}
2000036a:	2300      	movs	r3, #0
2000036c:	f88d 3009 	strb.w	r3, [sp, #9]
20000370:	78b3      	ldrb	r3, [r6, #2]
20000372:	a801      	add	r0, sp, #4
20000374:	f88d 3008 	strb.w	r3, [sp, #8]
20000378:	8af3      	ldrh	r3, [r6, #22]
2000037a:	2101      	movs	r1, #1
2000037c:	f8ad 9004 	strh.w	r9, [sp, #4]
20000380:	9303      	str	r3, [sp, #12]
20000382:	f000 fc13 	bl	20000bac <dcd_event_handler>
20000386:	4630      	mov	r0, r6
20000388:	f000 fb98 	bl	20000abc <hw_endpoint_reset_transfer>
2000038c:	e7e7      	b.n	2000035e <hw_handle_buff_status+0x52>
2000038e:	bf00      	nop
20000390:	50110000 	.word	0x50110000
20000394:	20002490 	.word	0x20002490
20000398:	50113000 	.word	0x50113000

2000039c <dcd_rp2040_irq>:
2000039c:	b5f0      	push	{r4, r5, r6, r7, lr}
2000039e:	4bbb      	ldr	r3, [pc, #748]	@ (2000068c <dcd_rp2040_irq+0x2f0>)
200003a0:	b085      	sub	sp, #20
200003a2:	f8d3 5098 	ldr.w	r5, [r3, #152]	@ 0x98
200003a6:	f415 3600 	ands.w	r6, r5, #131072	@ 0x20000
200003aa:	d074      	beq.n	20000496 <dcd_rp2040_irq+0xfa>
200003ac:	4bb8      	ldr	r3, [pc, #736]	@ (20000690 <dcd_rp2040_irq+0x2f4>)
200003ae:	4cb9      	ldr	r4, [pc, #740]	@ (20000694 <dcd_rp2040_irq+0x2f8>)
200003b0:	6a99      	ldr	r1, [r3, #40]	@ 0x28
200003b2:	f894 303b 	ldrb.w	r3, [r4, #59]	@ 0x3b
200003b6:	4ab8      	ldr	r2, [pc, #736]	@ (20000698 <dcd_rp2040_irq+0x2fc>)
200003b8:	2b02      	cmp	r3, #2
200003ba:	6011      	str	r1, [r2, #0]
200003bc:	f000 80d4 	beq.w	20000568 <dcd_rp2040_irq+0x1cc>
200003c0:	2600      	movs	r6, #0
200003c2:	f894 307b 	ldrb.w	r3, [r4, #123]	@ 0x7b
200003c6:	2b02      	cmp	r3, #2
200003c8:	f000 813b 	beq.w	20000642 <dcd_rp2040_irq+0x2a6>
200003cc:	f894 30bb 	ldrb.w	r3, [r4, #187]	@ 0xbb
200003d0:	2b02      	cmp	r3, #2
200003d2:	f000 817d 	beq.w	200006d0 <dcd_rp2040_irq+0x334>
200003d6:	f894 30fb 	ldrb.w	r3, [r4, #251]	@ 0xfb
200003da:	2b02      	cmp	r3, #2
200003dc:	f000 816c 	beq.w	200006b8 <dcd_rp2040_irq+0x31c>
200003e0:	f894 313b 	ldrb.w	r3, [r4, #315]	@ 0x13b
200003e4:	2b02      	cmp	r3, #2
200003e6:	f000 8144 	beq.w	20000672 <dcd_rp2040_irq+0x2d6>
200003ea:	f894 317b 	ldrb.w	r3, [r4, #379]	@ 0x17b
200003ee:	2b02      	cmp	r3, #2
200003f0:	f000 8133 	beq.w	2000065a <dcd_rp2040_irq+0x2be>
200003f4:	f894 31bb 	ldrb.w	r3, [r4, #443]	@ 0x1bb
200003f8:	2b02      	cmp	r3, #2
200003fa:	f000 81b6 	beq.w	2000076a <dcd_rp2040_irq+0x3ce>
200003fe:	f894 31fb 	ldrb.w	r3, [r4, #507]	@ 0x1fb
20000402:	2b02      	cmp	r3, #2
20000404:	f000 81a6 	beq.w	20000754 <dcd_rp2040_irq+0x3b8>
20000408:	f894 323b 	ldrb.w	r3, [r4, #571]	@ 0x23b
2000040c:	2b02      	cmp	r3, #2
2000040e:	f000 8196 	beq.w	2000073e <dcd_rp2040_irq+0x3a2>
20000412:	f894 327b 	ldrb.w	r3, [r4, #635]	@ 0x27b
20000416:	2b02      	cmp	r3, #2
20000418:	f000 8186 	beq.w	20000728 <dcd_rp2040_irq+0x38c>
2000041c:	f894 32bb 	ldrb.w	r3, [r4, #699]	@ 0x2bb
20000420:	2b02      	cmp	r3, #2
20000422:	f000 8176 	beq.w	20000712 <dcd_rp2040_irq+0x376>
20000426:	f894 32fb 	ldrb.w	r3, [r4, #763]	@ 0x2fb
2000042a:	2b02      	cmp	r3, #2
2000042c:	f000 8166 	beq.w	200006fc <dcd_rp2040_irq+0x360>
20000430:	f894 333b 	ldrb.w	r3, [r4, #827]	@ 0x33b
20000434:	2b02      	cmp	r3, #2
20000436:	f000 8156 	beq.w	200006e6 <dcd_rp2040_irq+0x34a>
2000043a:	f894 337b 	ldrb.w	r3, [r4, #891]	@ 0x37b
2000043e:	2b02      	cmp	r3, #2
20000440:	f000 80a4 	beq.w	2000058c <dcd_rp2040_irq+0x1f0>
20000444:	f894 33bb 	ldrb.w	r3, [r4, #955]	@ 0x3bb
20000448:	2b02      	cmp	r3, #2
2000044a:	f000 8199 	beq.w	20000780 <dcd_rp2040_irq+0x3e4>
2000044e:	f894 33fb 	ldrb.w	r3, [r4, #1019]	@ 0x3fb
20000452:	2b02      	cmp	r3, #2
20000454:	f000 80b4 	beq.w	200005c0 <dcd_rp2040_irq+0x224>
20000458:	b93e      	cbnz	r6, 2000046a <dcd_rp2040_irq+0xce>
2000045a:	4b90      	ldr	r3, [pc, #576]	@ (2000069c <dcd_rp2040_irq+0x300>)
2000045c:	781b      	ldrb	r3, [r3, #0]
2000045e:	b923      	cbnz	r3, 2000046a <dcd_rp2040_irq+0xce>
20000460:	f44f 3200 	mov.w	r2, #131072	@ 0x20000
20000464:	4b8e      	ldr	r3, [pc, #568]	@ (200006a0 <dcd_rp2040_irq+0x304>)
20000466:	f8c3 2090 	str.w	r2, [r3, #144]	@ 0x90
2000046a:	f44f 7240 	mov.w	r2, #768	@ 0x300
2000046e:	4b87      	ldr	r3, [pc, #540]	@ (2000068c <dcd_rp2040_irq+0x2f0>)
20000470:	2101      	movs	r1, #1
20000472:	6c9b      	ldr	r3, [r3, #72]	@ 0x48
20000474:	a801      	add	r0, sp, #4
20000476:	f3c3 030a 	ubfx	r3, r3, #0, #11
2000047a:	f8ad 2004 	strh.w	r2, [sp, #4]
2000047e:	9302      	str	r3, [sp, #8]
20000480:	f000 fb94 	bl	20000bac <dcd_event_handler>
20000484:	06ea      	lsls	r2, r5, #27
20000486:	f44f 3600 	mov.w	r6, #131072	@ 0x20000
2000048a:	4c86      	ldr	r4, [pc, #536]	@ (200006a4 <dcd_rp2040_irq+0x308>)
2000048c:	d507      	bpl.n	2000049e <dcd_rp2040_irq+0x102>
2000048e:	f7ff ff3d 	bl	2000030c <hw_handle_buff_status>
20000492:	4626      	mov	r6, r4
20000494:	e003      	b.n	2000049e <dcd_rp2040_irq+0x102>
20000496:	06ea      	lsls	r2, r5, #27
20000498:	f04f 0410 	mov.w	r4, #16
2000049c:	d4f7      	bmi.n	2000048e <dcd_rp2040_irq+0xf2>
2000049e:	03eb      	lsls	r3, r5, #15
200004a0:	d522      	bpl.n	200004e8 <dcd_rp2040_irq+0x14c>
200004a2:	4c7c      	ldr	r4, [pc, #496]	@ (20000694 <dcd_rp2040_irq+0x2f8>)
200004a4:	f446 3680 	orr.w	r6, r6, #65536	@ 0x10000
200004a8:	7ea3      	ldrb	r3, [r4, #26]
200004aa:	2b00      	cmp	r3, #0
200004ac:	f040 8099 	bne.w	200005e2 <dcd_rp2040_irq+0x246>
200004b0:	2301      	movs	r3, #1
200004b2:	f894 203a 	ldrb.w	r2, [r4, #58]	@ 0x3a
200004b6:	70e3      	strb	r3, [r4, #3]
200004b8:	2a00      	cmp	r2, #0
200004ba:	f040 80ad 	bne.w	20000618 <dcd_rp2040_irq+0x27c>
200004be:	2301      	movs	r3, #1
200004c0:	f44f 61c0 	mov.w	r1, #1536	@ 0x600
200004c4:	4a78      	ldr	r2, [pc, #480]	@ (200006a8 <dcd_rp2040_irq+0x30c>)
200004c6:	f884 3023 	strb.w	r3, [r4, #35]	@ 0x23
200004ca:	f8ad 1004 	strh.w	r1, [sp, #4]
200004ce:	e892 0003 	ldmia.w	r2, {r0, r1}
200004d2:	aa04      	add	r2, sp, #16
200004d4:	e902 0003 	stmdb	r2, {r0, r1}
200004d8:	4619      	mov	r1, r3
200004da:	a801      	add	r0, sp, #4
200004dc:	f000 fb66 	bl	20000bac <dcd_event_handler>
200004e0:	f44f 3200 	mov.w	r2, #131072	@ 0x20000
200004e4:	4b6e      	ldr	r3, [pc, #440]	@ (200006a0 <dcd_rp2040_irq+0x304>)
200004e6:	651a      	str	r2, [r3, #80]	@ 0x50
200004e8:	04e9      	lsls	r1, r5, #19
200004ea:	d408      	bmi.n	200004fe <dcd_rp2040_irq+0x162>
200004ec:	046a      	lsls	r2, r5, #17
200004ee:	d41d      	bmi.n	2000052c <dcd_rp2040_irq+0x190>
200004f0:	042b      	lsls	r3, r5, #16
200004f2:	d42a      	bmi.n	2000054a <dcd_rp2040_irq+0x1ae>
200004f4:	42ae      	cmp	r6, r5
200004f6:	f040 81c5 	bne.w	20000884 <dcd_rp2040_irq+0x4e8>
200004fa:	b005      	add	sp, #20
200004fc:	bdf0      	pop	{r4, r5, r6, r7, pc}
200004fe:	2400      	movs	r4, #0
20000500:	4b62      	ldr	r3, [pc, #392]	@ (2000068c <dcd_rp2040_irq+0x2f0>)
20000502:	f446 5680 	orr.w	r6, r6, #4096	@ 0x1000
20000506:	601c      	str	r4, [r3, #0]
20000508:	f7ff fece 	bl	200002a8 <reset_non_control_endpoints>
2000050c:	f44f 7380 	mov.w	r3, #256	@ 0x100
20000510:	2101      	movs	r1, #1
20000512:	a801      	add	r0, sp, #4
20000514:	f8ad 3004 	strh.w	r3, [sp, #4]
20000518:	f88d 4008 	strb.w	r4, [sp, #8]
2000051c:	f000 fb46 	bl	20000bac <dcd_event_handler>
20000520:	f44f 2200 	mov.w	r2, #524288	@ 0x80000
20000524:	4b5e      	ldr	r3, [pc, #376]	@ (200006a0 <dcd_rp2040_irq+0x304>)
20000526:	651a      	str	r2, [r3, #80]	@ 0x50
20000528:	046a      	lsls	r2, r5, #17
2000052a:	d5e1      	bpl.n	200004f0 <dcd_rp2040_irq+0x154>
2000052c:	f44f 6380 	mov.w	r3, #1024	@ 0x400
20000530:	2101      	movs	r1, #1
20000532:	a801      	add	r0, sp, #4
20000534:	f8ad 3004 	strh.w	r3, [sp, #4]
20000538:	f000 fb38 	bl	20000bac <dcd_event_handler>
2000053c:	2210      	movs	r2, #16
2000053e:	4b58      	ldr	r3, [pc, #352]	@ (200006a0 <dcd_rp2040_irq+0x304>)
20000540:	f446 4680 	orr.w	r6, r6, #16384	@ 0x4000
20000544:	651a      	str	r2, [r3, #80]	@ 0x50
20000546:	042b      	lsls	r3, r5, #16
20000548:	d5d4      	bpl.n	200004f4 <dcd_rp2040_irq+0x158>
2000054a:	f44f 63a0 	mov.w	r3, #1280	@ 0x500
2000054e:	2101      	movs	r1, #1
20000550:	a801      	add	r0, sp, #4
20000552:	f8ad 3004 	strh.w	r3, [sp, #4]
20000556:	f000 fb29 	bl	20000bac <dcd_event_handler>
2000055a:	f44f 6200 	mov.w	r2, #2048	@ 0x800
2000055e:	4b50      	ldr	r3, [pc, #320]	@ (200006a0 <dcd_rp2040_irq+0x304>)
20000560:	f446 4600 	orr.w	r6, r6, #32768	@ 0x8000
20000564:	651a      	str	r2, [r3, #80]	@ 0x50
20000566:	e7c5      	b.n	200004f4 <dcd_rp2040_irq+0x158>
20000568:	f894 603a 	ldrb.w	r6, [r4, #58]	@ 0x3a
2000056c:	2e00      	cmp	r6, #0
2000056e:	f43f af28 	beq.w	200003c2 <dcd_rp2040_irq+0x26>
20000572:	f894 303c 	ldrb.w	r3, [r4, #60]	@ 0x3c
20000576:	2b00      	cmp	r3, #0
20000578:	f43f af23 	beq.w	200003c2 <dcd_rp2040_irq+0x26>
2000057c:	2300      	movs	r3, #0
2000057e:	f104 0020 	add.w	r0, r4, #32
20000582:	f884 303c 	strb.w	r3, [r4, #60]	@ 0x3c
20000586:	f000 fac1 	bl	20000b0c <hw_endpoint_start_next_buffer>
2000058a:	e71a      	b.n	200003c2 <dcd_rp2040_irq+0x26>
2000058c:	f894 737a 	ldrb.w	r7, [r4, #890]	@ 0x37a
20000590:	2f00      	cmp	r7, #0
20000592:	f43f af57 	beq.w	20000444 <dcd_rp2040_irq+0xa8>
20000596:	f894 337c 	ldrb.w	r3, [r4, #892]	@ 0x37c
2000059a:	2b00      	cmp	r3, #0
2000059c:	f040 8164 	bne.w	20000868 <dcd_rp2040_irq+0x4cc>
200005a0:	f894 33bb 	ldrb.w	r3, [r4, #955]	@ 0x3bb
200005a4:	2b02      	cmp	r3, #2
200005a6:	f040 80f4 	bne.w	20000792 <dcd_rp2040_irq+0x3f6>
200005aa:	f894 33ba 	ldrb.w	r3, [r4, #954]	@ 0x3ba
200005ae:	2b00      	cmp	r3, #0
200005b0:	f040 80eb 	bne.w	2000078a <dcd_rp2040_irq+0x3ee>
200005b4:	f894 33fb 	ldrb.w	r3, [r4, #1019]	@ 0x3fb
200005b8:	2b02      	cmp	r3, #2
200005ba:	f47f af56 	bne.w	2000046a <dcd_rp2040_irq+0xce>
200005be:	463e      	mov	r6, r7
200005c0:	f894 33fa 	ldrb.w	r3, [r4, #1018]	@ 0x3fa
200005c4:	2b00      	cmp	r3, #0
200005c6:	f43f af47 	beq.w	20000458 <dcd_rp2040_irq+0xbc>
200005ca:	f894 33fc 	ldrb.w	r3, [r4, #1020]	@ 0x3fc
200005ce:	2b00      	cmp	r3, #0
200005d0:	f43f af4b 	beq.w	2000046a <dcd_rp2040_irq+0xce>
200005d4:	2300      	movs	r3, #0
200005d6:	4835      	ldr	r0, [pc, #212]	@ (200006ac <dcd_rp2040_irq+0x310>)
200005d8:	f884 33fc 	strb.w	r3, [r4, #1020]	@ 0x3fc
200005dc:	f000 fa96 	bl	20000b0c <hw_endpoint_start_next_buffer>
200005e0:	e743      	b.n	2000046a <dcd_rp2040_irq+0xce>
200005e2:	2102      	movs	r1, #2
200005e4:	4b32      	ldr	r3, [pc, #200]	@ (200006b0 <dcd_rp2040_irq+0x314>)
200005e6:	4a29      	ldr	r2, [pc, #164]	@ (2000068c <dcd_rp2040_irq+0x2f0>)
200005e8:	6619      	str	r1, [r3, #96]	@ 0x60
200005ea:	6e53      	ldr	r3, [r2, #100]	@ 0x64
200005ec:	079f      	lsls	r7, r3, #30
200005ee:	d5fc      	bpl.n	200005ea <dcd_rp2040_irq+0x24e>
200005f0:	f44f 5240 	mov.w	r2, #12288	@ 0x3000
200005f4:	2100      	movs	r1, #0
200005f6:	4827      	ldr	r0, [pc, #156]	@ (20000694 <dcd_rp2040_irq+0x2f8>)
200005f8:	f000 fa66 	bl	20000ac8 <_hw_endpoint_buffer_control_update32>
200005fc:	4825      	ldr	r0, [pc, #148]	@ (20000694 <dcd_rp2040_irq+0x2f8>)
200005fe:	f000 fa5d 	bl	20000abc <hw_endpoint_reset_transfer>
20000602:	2202      	movs	r2, #2
20000604:	4b26      	ldr	r3, [pc, #152]	@ (200006a0 <dcd_rp2040_irq+0x304>)
20000606:	665a      	str	r2, [r3, #100]	@ 0x64
20000608:	661a      	str	r2, [r3, #96]	@ 0x60
2000060a:	2301      	movs	r3, #1
2000060c:	f894 203a 	ldrb.w	r2, [r4, #58]	@ 0x3a
20000610:	70e3      	strb	r3, [r4, #3]
20000612:	2a00      	cmp	r2, #0
20000614:	f43f af53 	beq.w	200004be <dcd_rp2040_irq+0x122>
20000618:	4a25      	ldr	r2, [pc, #148]	@ (200006b0 <dcd_rp2040_irq+0x314>)
2000061a:	6613      	str	r3, [r2, #96]	@ 0x60
2000061c:	f5a2 5200 	sub.w	r2, r2, #8192	@ 0x2000
20000620:	6e53      	ldr	r3, [r2, #100]	@ 0x64
20000622:	07d8      	lsls	r0, r3, #31
20000624:	d5fc      	bpl.n	20000620 <dcd_rp2040_irq+0x284>
20000626:	f44f 5240 	mov.w	r2, #12288	@ 0x3000
2000062a:	2100      	movs	r1, #0
2000062c:	4821      	ldr	r0, [pc, #132]	@ (200006b4 <dcd_rp2040_irq+0x318>)
2000062e:	f000 fa4b 	bl	20000ac8 <_hw_endpoint_buffer_control_update32>
20000632:	4820      	ldr	r0, [pc, #128]	@ (200006b4 <dcd_rp2040_irq+0x318>)
20000634:	f000 fa42 	bl	20000abc <hw_endpoint_reset_transfer>
20000638:	2201      	movs	r2, #1
2000063a:	4b19      	ldr	r3, [pc, #100]	@ (200006a0 <dcd_rp2040_irq+0x304>)
2000063c:	665a      	str	r2, [r3, #100]	@ 0x64
2000063e:	661a      	str	r2, [r3, #96]	@ 0x60
20000640:	e73d      	b.n	200004be <dcd_rp2040_irq+0x122>
20000642:	f894 707a 	ldrb.w	r7, [r4, #122]	@ 0x7a
20000646:	2f00      	cmp	r7, #0
20000648:	f43f aec0 	beq.w	200003cc <dcd_rp2040_irq+0x30>
2000064c:	f894 307c 	ldrb.w	r3, [r4, #124]	@ 0x7c
20000650:	2b00      	cmp	r3, #0
20000652:	f040 8101 	bne.w	20000858 <dcd_rp2040_irq+0x4bc>
20000656:	463e      	mov	r6, r7
20000658:	e6b8      	b.n	200003cc <dcd_rp2040_irq+0x30>
2000065a:	f894 717a 	ldrb.w	r7, [r4, #378]	@ 0x17a
2000065e:	2f00      	cmp	r7, #0
20000660:	f43f aec8 	beq.w	200003f4 <dcd_rp2040_irq+0x58>
20000664:	f894 317c 	ldrb.w	r3, [r4, #380]	@ 0x17c
20000668:	2b00      	cmp	r3, #0
2000066a:	f040 80ed 	bne.w	20000848 <dcd_rp2040_irq+0x4ac>
2000066e:	463e      	mov	r6, r7
20000670:	e6c0      	b.n	200003f4 <dcd_rp2040_irq+0x58>
20000672:	f894 713a 	ldrb.w	r7, [r4, #314]	@ 0x13a
20000676:	2f00      	cmp	r7, #0
20000678:	f43f aeb7 	beq.w	200003ea <dcd_rp2040_irq+0x4e>
2000067c:	f894 313c 	ldrb.w	r3, [r4, #316]	@ 0x13c
20000680:	2b00      	cmp	r3, #0
20000682:	f040 80d9 	bne.w	20000838 <dcd_rp2040_irq+0x49c>
20000686:	463e      	mov	r6, r7
20000688:	e6af      	b.n	200003ea <dcd_rp2040_irq+0x4e>
2000068a:	bf00      	nop
2000068c:	50110000 	.word	0x50110000
20000690:	400b0000 	.word	0x400b0000
20000694:	20002490 	.word	0x20002490
20000698:	20002480 	.word	0x20002480
2000069c:	20002a6b 	.word	0x20002a6b
200006a0:	50113000 	.word	0x50113000
200006a4:	00020010 	.word	0x00020010
200006a8:	50100000 	.word	0x50100000
200006ac:	20002870 	.word	0x20002870
200006b0:	50112000 	.word	0x50112000
200006b4:	200024b0 	.word	0x200024b0
200006b8:	f894 70fa 	ldrb.w	r7, [r4, #250]	@ 0xfa
200006bc:	2f00      	cmp	r7, #0
200006be:	f43f ae8f 	beq.w	200003e0 <dcd_rp2040_irq+0x44>
200006c2:	f894 30fc 	ldrb.w	r3, [r4, #252]	@ 0xfc
200006c6:	2b00      	cmp	r3, #0
200006c8:	f040 808e 	bne.w	200007e8 <dcd_rp2040_irq+0x44c>
200006cc:	463e      	mov	r6, r7
200006ce:	e687      	b.n	200003e0 <dcd_rp2040_irq+0x44>
200006d0:	f894 70ba 	ldrb.w	r7, [r4, #186]	@ 0xba
200006d4:	2f00      	cmp	r7, #0
200006d6:	f43f ae7e 	beq.w	200003d6 <dcd_rp2040_irq+0x3a>
200006da:	f894 30bc 	ldrb.w	r3, [r4, #188]	@ 0xbc
200006de:	2b00      	cmp	r3, #0
200006e0:	d17a      	bne.n	200007d8 <dcd_rp2040_irq+0x43c>
200006e2:	463e      	mov	r6, r7
200006e4:	e677      	b.n	200003d6 <dcd_rp2040_irq+0x3a>
200006e6:	f894 733a 	ldrb.w	r7, [r4, #826]	@ 0x33a
200006ea:	2f00      	cmp	r7, #0
200006ec:	f43f aea5 	beq.w	2000043a <dcd_rp2040_irq+0x9e>
200006f0:	f894 333c 	ldrb.w	r3, [r4, #828]	@ 0x33c
200006f4:	2b00      	cmp	r3, #0
200006f6:	d157      	bne.n	200007a8 <dcd_rp2040_irq+0x40c>
200006f8:	463e      	mov	r6, r7
200006fa:	e69e      	b.n	2000043a <dcd_rp2040_irq+0x9e>
200006fc:	f894 72fa 	ldrb.w	r7, [r4, #762]	@ 0x2fa
20000700:	2f00      	cmp	r7, #0
20000702:	f43f ae95 	beq.w	20000430 <dcd_rp2040_irq+0x94>
20000706:	f894 32fc 	ldrb.w	r3, [r4, #764]	@ 0x2fc
2000070a:	2b00      	cmp	r3, #0
2000070c:	d15c      	bne.n	200007c8 <dcd_rp2040_irq+0x42c>
2000070e:	463e      	mov	r6, r7
20000710:	e68e      	b.n	20000430 <dcd_rp2040_irq+0x94>
20000712:	f894 72ba 	ldrb.w	r7, [r4, #698]	@ 0x2ba
20000716:	2f00      	cmp	r7, #0
20000718:	f43f ae85 	beq.w	20000426 <dcd_rp2040_irq+0x8a>
2000071c:	f894 32bc 	ldrb.w	r3, [r4, #700]	@ 0x2bc
20000720:	2b00      	cmp	r3, #0
20000722:	d149      	bne.n	200007b8 <dcd_rp2040_irq+0x41c>
20000724:	463e      	mov	r6, r7
20000726:	e67e      	b.n	20000426 <dcd_rp2040_irq+0x8a>
20000728:	f894 727a 	ldrb.w	r7, [r4, #634]	@ 0x27a
2000072c:	2f00      	cmp	r7, #0
2000072e:	f43f ae75 	beq.w	2000041c <dcd_rp2040_irq+0x80>
20000732:	f894 327c 	ldrb.w	r3, [r4, #636]	@ 0x27c
20000736:	2b00      	cmp	r3, #0
20000738:	d176      	bne.n	20000828 <dcd_rp2040_irq+0x48c>
2000073a:	463e      	mov	r6, r7
2000073c:	e66e      	b.n	2000041c <dcd_rp2040_irq+0x80>
2000073e:	f894 723a 	ldrb.w	r7, [r4, #570]	@ 0x23a
20000742:	2f00      	cmp	r7, #0
20000744:	f43f ae65 	beq.w	20000412 <dcd_rp2040_irq+0x76>
20000748:	f894 323c 	ldrb.w	r3, [r4, #572]	@ 0x23c
2000074c:	2b00      	cmp	r3, #0
2000074e:	d163      	bne.n	20000818 <dcd_rp2040_irq+0x47c>
20000750:	463e      	mov	r6, r7
20000752:	e65e      	b.n	20000412 <dcd_rp2040_irq+0x76>
20000754:	f894 71fa 	ldrb.w	r7, [r4, #506]	@ 0x1fa
20000758:	2f00      	cmp	r7, #0
2000075a:	f43f ae55 	beq.w	20000408 <dcd_rp2040_irq+0x6c>
2000075e:	f894 31fc 	ldrb.w	r3, [r4, #508]	@ 0x1fc
20000762:	2b00      	cmp	r3, #0
20000764:	d150      	bne.n	20000808 <dcd_rp2040_irq+0x46c>
20000766:	463e      	mov	r6, r7
20000768:	e64e      	b.n	20000408 <dcd_rp2040_irq+0x6c>
2000076a:	f894 71ba 	ldrb.w	r7, [r4, #442]	@ 0x1ba
2000076e:	2f00      	cmp	r7, #0
20000770:	f43f ae45 	beq.w	200003fe <dcd_rp2040_irq+0x62>
20000774:	f894 31bc 	ldrb.w	r3, [r4, #444]	@ 0x1bc
20000778:	2b00      	cmp	r3, #0
2000077a:	d13d      	bne.n	200007f8 <dcd_rp2040_irq+0x45c>
2000077c:	463e      	mov	r6, r7
2000077e:	e63e      	b.n	200003fe <dcd_rp2040_irq+0x62>
20000780:	f894 33ba 	ldrb.w	r3, [r4, #954]	@ 0x3ba
20000784:	2b00      	cmp	r3, #0
20000786:	f43f ae62 	beq.w	2000044e <dcd_rp2040_irq+0xb2>
2000078a:	f894 33bc 	ldrb.w	r3, [r4, #956]	@ 0x3bc
2000078e:	2b00      	cmp	r3, #0
20000790:	d171      	bne.n	20000876 <dcd_rp2040_irq+0x4da>
20000792:	f894 33fb 	ldrb.w	r3, [r4, #1019]	@ 0x3fb
20000796:	2b02      	cmp	r3, #2
20000798:	f47f ae67 	bne.w	2000046a <dcd_rp2040_irq+0xce>
2000079c:	f894 33fa 	ldrb.w	r3, [r4, #1018]	@ 0x3fa
200007a0:	2b00      	cmp	r3, #0
200007a2:	f43f ae62 	beq.w	2000046a <dcd_rp2040_irq+0xce>
200007a6:	e710      	b.n	200005ca <dcd_rp2040_irq+0x22e>
200007a8:	2300      	movs	r3, #0
200007aa:	4839      	ldr	r0, [pc, #228]	@ (20000890 <dcd_rp2040_irq+0x4f4>)
200007ac:	f884 333c 	strb.w	r3, [r4, #828]	@ 0x33c
200007b0:	463e      	mov	r6, r7
200007b2:	f000 f9ab 	bl	20000b0c <hw_endpoint_start_next_buffer>
200007b6:	e640      	b.n	2000043a <dcd_rp2040_irq+0x9e>
200007b8:	2300      	movs	r3, #0
200007ba:	4836      	ldr	r0, [pc, #216]	@ (20000894 <dcd_rp2040_irq+0x4f8>)
200007bc:	f884 32bc 	strb.w	r3, [r4, #700]	@ 0x2bc
200007c0:	463e      	mov	r6, r7
200007c2:	f000 f9a3 	bl	20000b0c <hw_endpoint_start_next_buffer>
200007c6:	e62e      	b.n	20000426 <dcd_rp2040_irq+0x8a>
200007c8:	2300      	movs	r3, #0
200007ca:	4833      	ldr	r0, [pc, #204]	@ (20000898 <dcd_rp2040_irq+0x4fc>)
200007cc:	f884 32fc 	strb.w	r3, [r4, #764]	@ 0x2fc
200007d0:	463e      	mov	r6, r7
200007d2:	f000 f99b 	bl	20000b0c <hw_endpoint_start_next_buffer>
200007d6:	e62b      	b.n	20000430 <dcd_rp2040_irq+0x94>
200007d8:	2300      	movs	r3, #0
200007da:	4830      	ldr	r0, [pc, #192]	@ (2000089c <dcd_rp2040_irq+0x500>)
200007dc:	f884 30bc 	strb.w	r3, [r4, #188]	@ 0xbc
200007e0:	463e      	mov	r6, r7
200007e2:	f000 f993 	bl	20000b0c <hw_endpoint_start_next_buffer>
200007e6:	e5f6      	b.n	200003d6 <dcd_rp2040_irq+0x3a>
200007e8:	2300      	movs	r3, #0
200007ea:	482d      	ldr	r0, [pc, #180]	@ (200008a0 <dcd_rp2040_irq+0x504>)
200007ec:	f884 30fc 	strb.w	r3, [r4, #252]	@ 0xfc
200007f0:	463e      	mov	r6, r7
200007f2:	f000 f98b 	bl	20000b0c <hw_endpoint_start_next_buffer>
200007f6:	e5f3      	b.n	200003e0 <dcd_rp2040_irq+0x44>
200007f8:	2300      	movs	r3, #0
200007fa:	482a      	ldr	r0, [pc, #168]	@ (200008a4 <dcd_rp2040_irq+0x508>)
200007fc:	f884 31bc 	strb.w	r3, [r4, #444]	@ 0x1bc
20000800:	463e      	mov	r6, r7
20000802:	f000 f983 	bl	20000b0c <hw_endpoint_start_next_buffer>
20000806:	e5fa      	b.n	200003fe <dcd_rp2040_irq+0x62>
20000808:	2300      	movs	r3, #0
2000080a:	4827      	ldr	r0, [pc, #156]	@ (200008a8 <dcd_rp2040_irq+0x50c>)
2000080c:	f884 31fc 	strb.w	r3, [r4, #508]	@ 0x1fc
20000810:	463e      	mov	r6, r7
20000812:	f000 f97b 	bl	20000b0c <hw_endpoint_start_next_buffer>
20000816:	e5f7      	b.n	20000408 <dcd_rp2040_irq+0x6c>
20000818:	2300      	movs	r3, #0
2000081a:	4824      	ldr	r0, [pc, #144]	@ (200008ac <dcd_rp2040_irq+0x510>)
2000081c:	f884 323c 	strb.w	r3, [r4, #572]	@ 0x23c
20000820:	463e      	mov	r6, r7
20000822:	f000 f973 	bl	20000b0c <hw_endpoint_start_next_buffer>
20000826:	e5f4      	b.n	20000412 <dcd_rp2040_irq+0x76>
20000828:	2300      	movs	r3, #0
2000082a:	4821      	ldr	r0, [pc, #132]	@ (200008b0 <dcd_rp2040_irq+0x514>)
2000082c:	f884 327c 	strb.w	r3, [r4, #636]	@ 0x27c
20000830:	463e      	mov	r6, r7
20000832:	f000 f96b 	bl	20000b0c <hw_endpoint_start_next_buffer>
20000836:	e5f1      	b.n	2000041c <dcd_rp2040_irq+0x80>
20000838:	2300      	movs	r3, #0
2000083a:	481e      	ldr	r0, [pc, #120]	@ (200008b4 <dcd_rp2040_irq+0x518>)
2000083c:	f884 313c 	strb.w	r3, [r4, #316]	@ 0x13c
20000840:	463e      	mov	r6, r7
20000842:	f000 f963 	bl	20000b0c <hw_endpoint_start_next_buffer>
20000846:	e5d0      	b.n	200003ea <dcd_rp2040_irq+0x4e>
20000848:	2300      	movs	r3, #0
2000084a:	481b      	ldr	r0, [pc, #108]	@ (200008b8 <dcd_rp2040_irq+0x51c>)
2000084c:	f884 317c 	strb.w	r3, [r4, #380]	@ 0x17c
20000850:	463e      	mov	r6, r7
20000852:	f000 f95b 	bl	20000b0c <hw_endpoint_start_next_buffer>
20000856:	e5cd      	b.n	200003f4 <dcd_rp2040_irq+0x58>
20000858:	2300      	movs	r3, #0
2000085a:	4818      	ldr	r0, [pc, #96]	@ (200008bc <dcd_rp2040_irq+0x520>)
2000085c:	f884 307c 	strb.w	r3, [r4, #124]	@ 0x7c
20000860:	463e      	mov	r6, r7
20000862:	f000 f953 	bl	20000b0c <hw_endpoint_start_next_buffer>
20000866:	e5b1      	b.n	200003cc <dcd_rp2040_irq+0x30>
20000868:	2300      	movs	r3, #0
2000086a:	4815      	ldr	r0, [pc, #84]	@ (200008c0 <dcd_rp2040_irq+0x524>)
2000086c:	f884 337c 	strb.w	r3, [r4, #892]	@ 0x37c
20000870:	f000 f94c 	bl	20000b0c <hw_endpoint_start_next_buffer>
20000874:	e694      	b.n	200005a0 <dcd_rp2040_irq+0x204>
20000876:	2300      	movs	r3, #0
20000878:	4812      	ldr	r0, [pc, #72]	@ (200008c4 <dcd_rp2040_irq+0x528>)
2000087a:	f884 33bc 	strb.w	r3, [r4, #956]	@ 0x3bc
2000087e:	f000 f945 	bl	20000b0c <hw_endpoint_start_next_buffer>
20000882:	e786      	b.n	20000792 <dcd_rp2040_irq+0x3f6>
20000884:	4810      	ldr	r0, [pc, #64]	@ (200008c8 <dcd_rp2040_irq+0x52c>)
20000886:	ea86 0105 	eor.w	r1, r6, r5
2000088a:	f000 fe31 	bl	200014f0 <__panic_veneer>
2000088e:	bf00      	nop
20000890:	200027b0 	.word	0x200027b0
20000894:	20002730 	.word	0x20002730
20000898:	20002770 	.word	0x20002770
2000089c:	20002530 	.word	0x20002530
200008a0:	20002570 	.word	0x20002570
200008a4:	20002630 	.word	0x20002630
200008a8:	20002670 	.word	0x20002670
200008ac:	200026b0 	.word	0x200026b0
200008b0:	200026f0 	.word	0x200026f0
200008b4:	200025b0 	.word	0x200025b0
200008b8:	200025f0 	.word	0x200025f0
200008bc:	200024f0 	.word	0x200024f0
200008c0:	200027f0 	.word	0x200027f0
200008c4:	20002830 	.word	0x20002830
200008c8:	1000831c 	.word	0x1000831c

200008cc <prepare_ep_buffer>:
200008cc:	e92d 47f0 	stmdb	sp!, {r4, r5, r6, r7, r8, r9, sl, lr}
200008d0:	8a84      	ldrh	r4, [r0, #20]
200008d2:	8b05      	ldrh	r5, [r0, #24]
200008d4:	78c2      	ldrb	r2, [r0, #3]
200008d6:	42a5      	cmp	r5, r4
200008d8:	bf28      	it	cs
200008da:	4625      	movcs	r5, r4
200008dc:	1e17      	subs	r7, r2, #0
200008de:	bf18      	it	ne
200008e0:	2701      	movne	r7, #1
200008e2:	1b64      	subs	r4, r4, r5
200008e4:	7846      	ldrb	r6, [r0, #1]
200008e6:	f082 0201 	eor.w	r2, r2, #1
200008ea:	b2a4      	uxth	r4, r4
200008ec:	4603      	mov	r3, r0
200008ee:	70c2      	strb	r2, [r0, #3]
200008f0:	8284      	strh	r4, [r0, #20]
200008f2:	f445 6080 	orr.w	r0, r5, #1024	@ 0x400
200008f6:	ea40 3047 	orr.w	r0, r0, r7, lsl #13
200008fa:	bba6      	cbnz	r6, 20000966 <prepare_ep_buffer+0x9a>
200008fc:	e9d3 2603 	ldrd	r2, r6, [r3, #12]
20000900:	1e6f      	subs	r7, r5, #1
20000902:	eb02 1e81 	add.w	lr, r2, r1, lsl #6
20000906:	b355      	cbz	r5, 2000095e <prepare_ep_buffer+0x92>
20000908:	2f05      	cmp	r7, #5
2000090a:	bf98      	it	ls
2000090c:	1c72      	addls	r2, r6, #1
2000090e:	d931      	bls.n	20000974 <prepare_ep_buffer+0xa8>
20000910:	eb02 1c81 	add.w	ip, r2, r1, lsl #6
20000914:	1c72      	adds	r2, r6, #1
20000916:	ebac 0402 	sub.w	r4, ip, r2
2000091a:	2c02      	cmp	r4, #2
2000091c:	d92a      	bls.n	20000974 <prepare_ep_buffer+0xa8>
2000091e:	4632      	mov	r2, r6
20000920:	ea4f 0995 	mov.w	r9, r5, lsr #2
20000924:	ea4f 0a89 	mov.w	sl, r9, lsl #2
20000928:	eb06 0889 	add.w	r8, r6, r9, lsl #2
2000092c:	f852 4b04 	ldr.w	r4, [r2], #4
20000930:	4542      	cmp	r2, r8
20000932:	f84c 4b04 	str.w	r4, [ip], #4
20000936:	d1f9      	bne.n	2000092c <prepare_ep_buffer+0x60>
20000938:	4555      	cmp	r5, sl
2000093a:	eba7 070a 	sub.w	r7, r7, sl
2000093e:	eb0e 040a 	add.w	r4, lr, sl
20000942:	d00a      	beq.n	2000095a <prepare_ep_buffer+0x8e>
20000944:	f816 6029 	ldrb.w	r6, [r6, r9, lsl #2]
20000948:	f80e 6029 	strb.w	r6, [lr, r9, lsl #2]
2000094c:	b12f      	cbz	r7, 2000095a <prepare_ep_buffer+0x8e>
2000094e:	7856      	ldrb	r6, [r2, #1]
20000950:	2f01      	cmp	r7, #1
20000952:	7066      	strb	r6, [r4, #1]
20000954:	d001      	beq.n	2000095a <prepare_ep_buffer+0x8e>
20000956:	7892      	ldrb	r2, [r2, #2]
20000958:	70a2      	strb	r2, [r4, #2]
2000095a:	691e      	ldr	r6, [r3, #16]
2000095c:	8a9c      	ldrh	r4, [r3, #20]
2000095e:	442e      	add	r6, r5
20000960:	611e      	str	r6, [r3, #16]
20000962:	f440 4000 	orr.w	r0, r0, #32768	@ 0x8000
20000966:	b90c      	cbnz	r4, 2000096c <prepare_ep_buffer+0xa0>
20000968:	f440 4080 	orr.w	r0, r0, #16384	@ 0x4000
2000096c:	b101      	cbz	r1, 20000970 <prepare_ep_buffer+0xa4>
2000096e:	0400      	lsls	r0, r0, #16
20000970:	e8bd 87f0 	ldmia.w	sp!, {r4, r5, r6, r7, r8, r9, sl, pc}
20000974:	f10e 3eff 	add.w	lr, lr, #4294967295	@ 0xffffffff
20000978:	442e      	add	r6, r5
2000097a:	e000      	b.n	2000097e <prepare_ep_buffer+0xb2>
2000097c:	3201      	adds	r2, #1
2000097e:	f812 4c01 	ldrb.w	r4, [r2, #-1]
20000982:	42b2      	cmp	r2, r6
20000984:	f80e 4f01 	strb.w	r4, [lr, #1]!
20000988:	d1f8      	bne.n	2000097c <prepare_ep_buffer+0xb0>
2000098a:	e7e6      	b.n	2000095a <prepare_ep_buffer+0x8e>

2000098c <sync_ep_buffer>:
2000098c:	6883      	ldr	r3, [r0, #8]
2000098e:	4602      	mov	r2, r0
20000990:	6818      	ldr	r0, [r3, #0]
20000992:	b101      	cbz	r1, 20000996 <sync_ep_buffer+0xa>
20000994:	0c00      	lsrs	r0, r0, #16
20000996:	7853      	ldrb	r3, [r2, #1]
20000998:	f3c0 0009 	ubfx	r0, r0, #0, #10
2000099c:	2b00      	cmp	r3, #0
2000099e:	d03c      	beq.n	20000a1a <sync_ep_buffer+0x8e>
200009a0:	e92d 41f0 	stmdb	sp!, {r4, r5, r6, r7, r8, lr}
200009a4:	e9d2 3403 	ldrd	r3, r4, [r2, #12]
200009a8:	1e46      	subs	r6, r0, #1
200009aa:	eb03 1e81 	add.w	lr, r3, r1, lsl #6
200009ae:	b340      	cbz	r0, 20000a02 <sync_ep_buffer+0x76>
200009b0:	2e05      	cmp	r6, #5
200009b2:	d93b      	bls.n	20000a2c <sync_ep_buffer+0xa0>
200009b4:	0189      	lsls	r1, r1, #6
200009b6:	1c4d      	adds	r5, r1, #1
200009b8:	441d      	add	r5, r3
200009ba:	1b65      	subs	r5, r4, r5
200009bc:	2d02      	cmp	r5, #2
200009be:	d935      	bls.n	20000a2c <sync_ep_buffer+0xa0>
200009c0:	4673      	mov	r3, lr
200009c2:	4621      	mov	r1, r4
200009c4:	f400 777f 	and.w	r7, r0, #1020	@ 0x3fc
200009c8:	ea4f 0890 	mov.w	r8, r0, lsr #2
200009cc:	18fd      	adds	r5, r7, r3
200009ce:	f853 cb04 	ldr.w	ip, [r3], #4
200009d2:	42ab      	cmp	r3, r5
200009d4:	f841 cb04 	str.w	ip, [r1], #4
200009d8:	d1f9      	bne.n	200009ce <sync_ep_buffer+0x42>
200009da:	42b8      	cmp	r0, r7
200009dc:	eba6 0607 	sub.w	r6, r6, r7
200009e0:	eb04 0307 	add.w	r3, r4, r7
200009e4:	eb0e 0107 	add.w	r1, lr, r7
200009e8:	d00a      	beq.n	20000a00 <sync_ep_buffer+0x74>
200009ea:	f81e 5028 	ldrb.w	r5, [lr, r8, lsl #2]
200009ee:	f804 5028 	strb.w	r5, [r4, r8, lsl #2]
200009f2:	b12e      	cbz	r6, 20000a00 <sync_ep_buffer+0x74>
200009f4:	784c      	ldrb	r4, [r1, #1]
200009f6:	2e01      	cmp	r6, #1
200009f8:	705c      	strb	r4, [r3, #1]
200009fa:	d001      	beq.n	20000a00 <sync_ep_buffer+0x74>
200009fc:	7889      	ldrb	r1, [r1, #2]
200009fe:	7099      	strb	r1, [r3, #2]
20000a00:	6914      	ldr	r4, [r2, #16]
20000a02:	8ad3      	ldrh	r3, [r2, #22]
20000a04:	4404      	add	r4, r0
20000a06:	4403      	add	r3, r0
20000a08:	82d3      	strh	r3, [r2, #22]
20000a0a:	8b13      	ldrh	r3, [r2, #24]
20000a0c:	6114      	str	r4, [r2, #16]
20000a0e:	4283      	cmp	r3, r0
20000a10:	bf84      	itt	hi
20000a12:	2300      	movhi	r3, #0
20000a14:	8293      	strhhi	r3, [r2, #20]
20000a16:	e8bd 81f0 	ldmia.w	sp!, {r4, r5, r6, r7, r8, pc}
20000a1a:	8ad3      	ldrh	r3, [r2, #22]
20000a1c:	4403      	add	r3, r0
20000a1e:	82d3      	strh	r3, [r2, #22]
20000a20:	8b13      	ldrh	r3, [r2, #24]
20000a22:	4283      	cmp	r3, r0
20000a24:	bf84      	itt	hi
20000a26:	2300      	movhi	r3, #0
20000a28:	8293      	strhhi	r3, [r2, #20]
20000a2a:	4770      	bx	lr
20000a2c:	3c01      	subs	r4, #1
20000a2e:	eb0e 0100 	add.w	r1, lr, r0
20000a32:	f81e 3b01 	ldrb.w	r3, [lr], #1
20000a36:	4571      	cmp	r1, lr
20000a38:	f804 3f01 	strb.w	r3, [r4, #1]!
20000a3c:	d1f9      	bne.n	20000a32 <sync_ep_buffer+0xa6>
20000a3e:	e7df      	b.n	20000a00 <sync_ep_buffer+0x74>

20000a40 <_hw_endpoint_xfer_sync>:
20000a40:	b510      	push	{r4, lr}
20000a42:	4604      	mov	r4, r0
20000a44:	6883      	ldr	r3, [r0, #8]
20000a46:	2100      	movs	r1, #0
20000a48:	681b      	ldr	r3, [r3, #0]
20000a4a:	f7ff ff9f 	bl	2000098c <sync_ep_buffer>
20000a4e:	6863      	ldr	r3, [r4, #4]
20000a50:	681b      	ldr	r3, [r3, #0]
20000a52:	005b      	lsls	r3, r3, #1
20000a54:	d502      	bpl.n	20000a5c <_hw_endpoint_xfer_sync+0x1c>
20000a56:	8b23      	ldrh	r3, [r4, #24]
20000a58:	4283      	cmp	r3, r0
20000a5a:	d000      	beq.n	20000a5e <_hw_endpoint_xfer_sync+0x1e>
20000a5c:	bd10      	pop	{r4, pc}
20000a5e:	4620      	mov	r0, r4
20000a60:	e8bd 4010 	ldmia.w	sp!, {r4, lr}
20000a64:	2101      	movs	r1, #1
20000a66:	f7ff bf91 	b.w	2000098c <sync_ep_buffer>
20000a6a:	bf00      	nop

20000a6c <e15_is_bulkin_ep>:
20000a6c:	4b08      	ldr	r3, [pc, #32]	@ (20000a90 <e15_is_bulkin_ep+0x24>)
20000a6e:	6c1b      	ldr	r3, [r3, #64]	@ 0x40
20000a70:	f013 0302 	ands.w	r3, r3, #2
20000a74:	d102      	bne.n	20000a7c <e15_is_bulkin_ep+0x10>
20000a76:	7882      	ldrb	r2, [r0, #2]
20000a78:	09d2      	lsrs	r2, r2, #7
20000a7a:	d101      	bne.n	20000a80 <e15_is_bulkin_ep+0x14>
20000a7c:	2000      	movs	r0, #0
20000a7e:	4770      	bx	lr
20000a80:	7ec0      	ldrb	r0, [r0, #27]
20000a82:	f1a0 0002 	sub.w	r0, r0, #2
20000a86:	fab0 f080 	clz	r0, r0
20000a8a:	0940      	lsrs	r0, r0, #5
20000a8c:	4770      	bx	lr
20000a8e:	bf00      	nop
20000a90:	50110000 	.word	0x50110000

20000a94 <e15_is_critical_frame_period>:
20000a94:	b508      	push	{r3, lr}
20000a96:	f7ff ffe9 	bl	20000a6c <e15_is_bulkin_ep>
20000a9a:	b150      	cbz	r0, 20000ab2 <e15_is_critical_frame_period+0x1e>
20000a9c:	4a05      	ldr	r2, [pc, #20]	@ (20000ab4 <e15_is_critical_frame_period+0x20>)
20000a9e:	4b06      	ldr	r3, [pc, #24]	@ (20000ab8 <e15_is_critical_frame_period+0x24>)
20000aa0:	6a90      	ldr	r0, [r2, #40]	@ 0x28
20000aa2:	681b      	ldr	r3, [r3, #0]
20000aa4:	f5a0 7048 	sub.w	r0, r0, #800	@ 0x320
20000aa8:	1ac0      	subs	r0, r0, r3
20000aaa:	28c6      	cmp	r0, #198	@ 0xc6
20000aac:	bf8c      	ite	hi
20000aae:	2000      	movhi	r0, #0
20000ab0:	2001      	movls	r0, #1
20000ab2:	bd08      	pop	{r3, pc}
20000ab4:	400b0000 	.word	0x400b0000
20000ab8:	20002480 	.word	0x20002480

20000abc <hw_endpoint_reset_transfer>:
20000abc:	2300      	movs	r3, #0
20000abe:	e9c0 3304 	strd	r3, r3, [r0, #16]
20000ac2:	7683      	strb	r3, [r0, #26]
20000ac4:	4770      	bx	lr
20000ac6:	bf00      	nop

20000ac8 <_hw_endpoint_buffer_control_update32>:
20000ac8:	b510      	push	{r4, lr}
20000aca:	6883      	ldr	r3, [r0, #8]
20000acc:	b109      	cbz	r1, 20000ad2 <_hw_endpoint_buffer_control_update32+0xa>
20000ace:	681c      	ldr	r4, [r3, #0]
20000ad0:	4021      	ands	r1, r4
20000ad2:	b182      	cbz	r2, 20000af6 <_hw_endpoint_buffer_control_update32+0x2e>
20000ad4:	4311      	orrs	r1, r2
20000ad6:	0552      	lsls	r2, r2, #21
20000ad8:	d50d      	bpl.n	20000af6 <_hw_endpoint_buffer_control_update32+0x2e>
20000ada:	681a      	ldr	r2, [r3, #0]
20000adc:	0554      	lsls	r4, r2, #21
20000ade:	d40c      	bmi.n	20000afa <_hw_endpoint_buffer_control_update32+0x32>
20000ae0:	4a08      	ldr	r2, [pc, #32]	@ (20000b04 <_hw_endpoint_buffer_control_update32+0x3c>)
20000ae2:	f421 6480 	bic.w	r4, r1, #1024	@ 0x400
20000ae6:	601c      	str	r4, [r3, #0]
20000ae8:	6c12      	ldr	r2, [r2, #64]	@ 0x40
20000aea:	0792      	lsls	r2, r2, #30
20000aec:	d403      	bmi.n	20000af6 <_hw_endpoint_buffer_control_update32+0x2e>
20000aee:	230c      	movs	r3, #12
20000af0:	3b03      	subs	r3, #3
20000af2:	d2fd      	bcs.n	20000af0 <_hw_endpoint_buffer_control_update32+0x28>
20000af4:	6883      	ldr	r3, [r0, #8]
20000af6:	6019      	str	r1, [r3, #0]
20000af8:	bd10      	pop	{r4, pc}
20000afa:	7881      	ldrb	r1, [r0, #2]
20000afc:	4802      	ldr	r0, [pc, #8]	@ (20000b08 <_hw_endpoint_buffer_control_update32+0x40>)
20000afe:	f000 fcf7 	bl	200014f0 <__panic_veneer>
20000b02:	bf00      	nop
20000b04:	50110000 	.word	0x50110000
20000b08:	10008330 	.word	0x10008330

20000b0c <hw_endpoint_start_next_buffer>:
20000b0c:	b530      	push	{r4, r5, lr}
20000b0e:	6843      	ldr	r3, [r0, #4]
20000b10:	2100      	movs	r1, #0
20000b12:	b083      	sub	sp, #12
20000b14:	4604      	mov	r4, r0
20000b16:	681d      	ldr	r5, [r3, #0]
20000b18:	f7ff fed8 	bl	200008cc <prepare_ep_buffer>
20000b1c:	4b13      	ldr	r3, [pc, #76]	@ (20000b6c <hw_endpoint_start_next_buffer+0x60>)
20000b1e:	f440 5280 	orr.w	r2, r0, #4096	@ 0x1000
20000b22:	6c19      	ldr	r1, [r3, #64]	@ 0x40
20000b24:	78a3      	ldrb	r3, [r4, #2]
20000b26:	0789      	lsls	r1, r1, #30
20000b28:	d50e      	bpl.n	20000b48 <hw_endpoint_start_next_buffer+0x3c>
20000b2a:	065b      	lsls	r3, r3, #25
20000b2c:	d00e      	beq.n	20000b4c <hw_endpoint_start_next_buffer+0x40>
20000b2e:	f025 45a0 	bic.w	r5, r5, #1342177280	@ 0x50000000
20000b32:	f045 5500 	orr.w	r5, r5, #536870912	@ 0x20000000
20000b36:	2100      	movs	r1, #0
20000b38:	4620      	mov	r0, r4
20000b3a:	6863      	ldr	r3, [r4, #4]
20000b3c:	601d      	str	r5, [r3, #0]
20000b3e:	b003      	add	sp, #12
20000b40:	e8bd 4030 	ldmia.w	sp!, {r4, r5, lr}
20000b44:	f7ff bfc0 	b.w	20000ac8 <_hw_endpoint_buffer_control_update32>
20000b48:	09db      	lsrs	r3, r3, #7
20000b4a:	d0f0      	beq.n	20000b2e <hw_endpoint_start_next_buffer+0x22>
20000b4c:	8aa3      	ldrh	r3, [r4, #20]
20000b4e:	2b00      	cmp	r3, #0
20000b50:	d0ed      	beq.n	20000b2e <hw_endpoint_start_next_buffer+0x22>
20000b52:	2101      	movs	r1, #1
20000b54:	4620      	mov	r0, r4
20000b56:	9201      	str	r2, [sp, #4]
20000b58:	f7ff feb8 	bl	200008cc <prepare_ep_buffer>
20000b5c:	9a01      	ldr	r2, [sp, #4]
20000b5e:	f025 5500 	bic.w	r5, r5, #536870912	@ 0x20000000
20000b62:	4302      	orrs	r2, r0
20000b64:	f045 45a0 	orr.w	r5, r5, #1342177280	@ 0x50000000
20000b68:	e7e5      	b.n	20000b36 <hw_endpoint_start_next_buffer+0x2a>
20000b6a:	bf00      	nop
20000b6c:	50110000 	.word	0x50110000

20000b70 <hw_endpoint_xfer_continue>:
20000b70:	b538      	push	{r3, r4, r5, lr}
20000b72:	7e85      	ldrb	r5, [r0, #26]
20000b74:	4604      	mov	r4, r0
20000b76:	b195      	cbz	r5, 20000b9e <hw_endpoint_xfer_continue+0x2e>
20000b78:	f7ff ff62 	bl	20000a40 <_hw_endpoint_xfer_sync>
20000b7c:	8aa3      	ldrh	r3, [r4, #20]
20000b7e:	b90b      	cbnz	r3, 20000b84 <hw_endpoint_xfer_continue+0x14>
20000b80:	4628      	mov	r0, r5
20000b82:	bd38      	pop	{r3, r4, r5, pc}
20000b84:	4620      	mov	r0, r4
20000b86:	f7ff ff85 	bl	20000a94 <e15_is_critical_frame_period>
20000b8a:	b120      	cbz	r0, 20000b96 <hw_endpoint_xfer_continue+0x26>
20000b8c:	2301      	movs	r3, #1
20000b8e:	7723      	strb	r3, [r4, #28]
20000b90:	2500      	movs	r5, #0
20000b92:	4628      	mov	r0, r5
20000b94:	bd38      	pop	{r3, r4, r5, pc}
20000b96:	4620      	mov	r0, r4
20000b98:	f7ff ffb8 	bl	20000b0c <hw_endpoint_start_next_buffer>
20000b9c:	e7f8      	b.n	20000b90 <hw_endpoint_xfer_continue+0x20>
20000b9e:	7881      	ldrb	r1, [r0, #2]
20000ba0:	4801      	ldr	r0, [pc, #4]	@ (20000ba8 <hw_endpoint_xfer_continue+0x38>)
20000ba2:	f000 fca5 	bl	200014f0 <__panic_veneer>
20000ba6:	bf00      	nop
20000ba8:	10008350 	.word	0x10008350

20000bac <dcd_event_handler>:
20000bac:	e92d 43f0 	stmdb	sp!, {r4, r5, r6, r7, r8, r9, lr}
20000bb0:	7843      	ldrb	r3, [r0, #1]
20000bb2:	4681      	mov	r9, r0
20000bb4:	3b02      	subs	r3, #2
20000bb6:	460d      	mov	r5, r1
20000bb8:	b085      	sub	sp, #20
20000bba:	2b04      	cmp	r3, #4
20000bbc:	d813      	bhi.n	20000be6 <dcd_event_handler+0x3a>
20000bbe:	e8df f003 	tbb	[pc, r3]
20000bc2:	4a03      	.short	0x4a03
20000bc4:	736a      	.short	0x736a
20000bc6:	44          	.byte	0x44
20000bc7:	00          	.byte	0x00
20000bc8:	2100      	movs	r1, #0
20000bca:	4b7b      	ldr	r3, [pc, #492]	@ (20000db8 <dcd_event_handler+0x20c>)
20000bcc:	781a      	ldrb	r2, [r3, #0]
20000bce:	f022 0201 	bic.w	r2, r2, #1
20000bd2:	701a      	strb	r2, [r3, #0]
20000bd4:	781a      	ldrb	r2, [r3, #0]
20000bd6:	f022 0202 	bic.w	r2, r2, #2
20000bda:	701a      	strb	r2, [r3, #0]
20000bdc:	7059      	strb	r1, [r3, #1]
20000bde:	781a      	ldrb	r2, [r3, #0]
20000be0:	f361 0282 	bfi	r2, r1, #2, #1
20000be4:	701a      	strb	r2, [r3, #0]
20000be6:	4b75      	ldr	r3, [pc, #468]	@ (20000dbc <dcd_event_handler+0x210>)
20000be8:	681c      	ldr	r4, [r3, #0]
20000bea:	6963      	ldr	r3, [r4, #20]
20000bec:	f3ef 8210 	mrs	r2, PRIMASK
20000bf0:	b672      	cpsid	i
20000bf2:	e8d3 0fcf 	ldaexb	r0, [r3]
20000bf6:	2101      	movs	r1, #1
20000bf8:	2800      	cmp	r0, #0
20000bfa:	d1fa      	bne.n	20000bf2 <dcd_event_handler+0x46>
20000bfc:	e8c3 1f40 	strexb	r0, r1, [r3]
20000c00:	2800      	cmp	r0, #0
20000c02:	d1f6      	bne.n	20000bf2 <dcd_event_handler+0x46>
20000c04:	f3bf 8f5f 	dmb	sy
20000c08:	61a2      	str	r2, [r4, #24]
20000c0a:	4649      	mov	r1, r9
20000c0c:	4620      	mov	r0, r4
20000c0e:	f000 fc5b 	bl	200014c8 <__tu_fifo_write_veneer>
20000c12:	2300      	movs	r3, #0
20000c14:	6962      	ldr	r2, [r4, #20]
20000c16:	e8c2 3f8f 	stlb	r3, [r2]
20000c1a:	69a3      	ldr	r3, [r4, #24]
20000c1c:	f383 8810 	msr	PRIMASK, r3
20000c20:	b948      	cbnz	r0, 20000c36 <dcd_event_handler+0x8a>
20000c22:	f04f 23e0 	mov.w	r3, #3758153728	@ 0xe000e000
20000c26:	f8d3 3df0 	ldr.w	r3, [r3, #3568]	@ 0xdf0
20000c2a:	07db      	lsls	r3, r3, #31
20000c2c:	d50a      	bpl.n	20000c44 <dcd_event_handler+0x98>
20000c2e:	be00      	bkpt	0x0000
20000c30:	b005      	add	sp, #20
20000c32:	e8bd 83f0 	ldmia.w	sp!, {r4, r5, r6, r7, r8, r9, pc}
20000c36:	462a      	mov	r2, r5
20000c38:	f899 1001 	ldrb.w	r1, [r9, #1]
20000c3c:	f899 0000 	ldrb.w	r0, [r9]
20000c40:	f000 fc4a 	bl	200014d8 <__tud_event_hook_cb_veneer>
20000c44:	b005      	add	sp, #20
20000c46:	e8bd 83f0 	ldmia.w	sp!, {r4, r5, r6, r7, r8, r9, pc}
20000c4a:	4a5d      	ldr	r2, [pc, #372]	@ (20000dc0 <dcd_event_handler+0x214>)
20000c4c:	7813      	ldrb	r3, [r2, #0]
20000c4e:	3301      	adds	r3, #1
20000c50:	b2db      	uxtb	r3, r3
20000c52:	7013      	strb	r3, [r2, #0]
20000c54:	e7c7      	b.n	20000be6 <dcd_event_handler+0x3a>
20000c56:	2400      	movs	r4, #0
20000c58:	4e5a      	ldr	r6, [pc, #360]	@ (20000dc4 <dcd_event_handler+0x218>)
20000c5a:	4623      	mov	r3, r4
20000c5c:	7831      	ldrb	r1, [r6, #0]
20000c5e:	f8df 816c 	ldr.w	r8, [pc, #364]	@ 20000dcc <dcd_event_handler+0x220>
20000c62:	4f59      	ldr	r7, [pc, #356]	@ (20000dc8 <dcd_event_handler+0x21c>)
20000c64:	e011      	b.n	20000c8a <dcd_event_handler+0xde>
20000c66:	683b      	ldr	r3, [r7, #0]
20000c68:	eb13 1344 	adds.w	r3, r3, r4, lsl #5
20000c6c:	d007      	beq.n	20000c7e <dcd_event_handler+0xd2>
20000c6e:	69db      	ldr	r3, [r3, #28]
20000c70:	b12b      	cbz	r3, 20000c7e <dcd_event_handler+0xd2>
20000c72:	f8d9 1004 	ldr.w	r1, [r9, #4]
20000c76:	f899 0000 	ldrb.w	r0, [r9]
20000c7a:	4798      	blx	r3
20000c7c:	7831      	ldrb	r1, [r6, #0]
20000c7e:	3401      	adds	r4, #1
20000c80:	b2e4      	uxtb	r4, r4
20000c82:	1c4a      	adds	r2, r1, #1
20000c84:	42a2      	cmp	r2, r4
20000c86:	4623      	mov	r3, r4
20000c88:	db17      	blt.n	20000cba <dcd_event_handler+0x10e>
20000c8a:	42a1      	cmp	r1, r4
20000c8c:	d8eb      	bhi.n	20000c66 <dcd_event_handler+0xba>
20000c8e:	1a5b      	subs	r3, r3, r1
20000c90:	eb08 1343 	add.w	r3, r8, r3, lsl #5
20000c94:	e7eb      	b.n	20000c6e <dcd_event_handler+0xc2>
20000c96:	4b48      	ldr	r3, [pc, #288]	@ (20000db8 <dcd_event_handler+0x20c>)
20000c98:	781a      	ldrb	r2, [r3, #0]
20000c9a:	07d6      	lsls	r6, r2, #31
20000c9c:	d5d2      	bpl.n	20000c44 <dcd_event_handler+0x98>
20000c9e:	781a      	ldrb	r2, [r3, #0]
20000ca0:	f042 0204 	orr.w	r2, r2, #4
20000ca4:	701a      	strb	r2, [r3, #0]
20000ca6:	e79e      	b.n	20000be6 <dcd_event_handler+0x3a>
20000ca8:	4b43      	ldr	r3, [pc, #268]	@ (20000db8 <dcd_event_handler+0x20c>)
20000caa:	781a      	ldrb	r2, [r3, #0]
20000cac:	07d4      	lsls	r4, r2, #31
20000cae:	d5c9      	bpl.n	20000c44 <dcd_event_handler+0x98>
20000cb0:	781a      	ldrb	r2, [r3, #0]
20000cb2:	f022 0204 	bic.w	r2, r2, #4
20000cb6:	701a      	strb	r2, [r3, #0]
20000cb8:	e795      	b.n	20000be6 <dcd_event_handler+0x3a>
20000cba:	4c3f      	ldr	r4, [pc, #252]	@ (20000db8 <dcd_event_handler+0x20c>)
20000cbc:	7823      	ldrb	r3, [r4, #0]
20000cbe:	0758      	lsls	r0, r3, #29
20000cc0:	d43a      	bmi.n	20000d38 <dcd_event_handler+0x18c>
20000cc2:	78e3      	ldrb	r3, [r4, #3]
20000cc4:	07da      	lsls	r2, r3, #31
20000cc6:	d5bd      	bpl.n	20000c44 <dcd_event_handler+0x98>
20000cc8:	2303      	movs	r3, #3
20000cca:	2600      	movs	r6, #0
20000ccc:	4a3b      	ldr	r2, [pc, #236]	@ (20000dbc <dcd_event_handler+0x210>)
20000cce:	f899 1000 	ldrb.w	r1, [r9]
20000cd2:	6814      	ldr	r4, [r2, #0]
20000cd4:	f8d9 2004 	ldr.w	r2, [r9, #4]
20000cd8:	f88d 1004 	strb.w	r1, [sp, #4]
20000cdc:	f88d 3005 	strb.w	r3, [sp, #5]
20000ce0:	6963      	ldr	r3, [r4, #20]
20000ce2:	f8cd 6006 	str.w	r6, [sp, #6]
20000ce6:	f8cd 600a 	str.w	r6, [sp, #10]
20000cea:	f8ad 600e 	strh.w	r6, [sp, #14]
20000cee:	9202      	str	r2, [sp, #8]
20000cf0:	f3ef 8210 	mrs	r2, PRIMASK
20000cf4:	b672      	cpsid	i
20000cf6:	e8d3 0fcf 	ldaexb	r0, [r3]
20000cfa:	2101      	movs	r1, #1
20000cfc:	2800      	cmp	r0, #0
20000cfe:	d1fa      	bne.n	20000cf6 <dcd_event_handler+0x14a>
20000d00:	e8c3 1f40 	strexb	r0, r1, [r3]
20000d04:	2800      	cmp	r0, #0
20000d06:	d1f6      	bne.n	20000cf6 <dcd_event_handler+0x14a>
20000d08:	f3bf 8f5f 	dmb	sy
20000d0c:	4620      	mov	r0, r4
20000d0e:	61a2      	str	r2, [r4, #24]
20000d10:	a901      	add	r1, sp, #4
20000d12:	f000 fbd9 	bl	200014c8 <__tu_fifo_write_veneer>
20000d16:	6963      	ldr	r3, [r4, #20]
20000d18:	e8c3 6f8f 	stlb	r6, [r3]
20000d1c:	69a3      	ldr	r3, [r4, #24]
20000d1e:	f383 8810 	msr	PRIMASK, r3
20000d22:	2800      	cmp	r0, #0
20000d24:	f43f af7d 	beq.w	20000c22 <dcd_event_handler+0x76>
20000d28:	462a      	mov	r2, r5
20000d2a:	f89d 1005 	ldrb.w	r1, [sp, #5]
20000d2e:	f89d 0004 	ldrb.w	r0, [sp, #4]
20000d32:	f000 fbd1 	bl	200014d8 <__tud_event_hook_cb_veneer>
20000d36:	e785      	b.n	20000c44 <dcd_event_handler+0x98>
20000d38:	7823      	ldrb	r3, [r4, #0]
20000d3a:	2700      	movs	r7, #0
20000d3c:	f023 0304 	bic.w	r3, r3, #4
20000d40:	7023      	strb	r3, [r4, #0]
20000d42:	2305      	movs	r3, #5
20000d44:	4a1d      	ldr	r2, [pc, #116]	@ (20000dbc <dcd_event_handler+0x210>)
20000d46:	f88d 3005 	strb.w	r3, [sp, #5]
20000d4a:	6816      	ldr	r6, [r2, #0]
20000d4c:	f899 2000 	ldrb.w	r2, [r9]
20000d50:	f8ad 700e 	strh.w	r7, [sp, #14]
20000d54:	f88d 2004 	strb.w	r2, [sp, #4]
20000d58:	6973      	ldr	r3, [r6, #20]
20000d5a:	f8cd 7006 	str.w	r7, [sp, #6]
20000d5e:	f8cd 700a 	str.w	r7, [sp, #10]
20000d62:	f3ef 8210 	mrs	r2, PRIMASK
20000d66:	b672      	cpsid	i
20000d68:	e8d3 0fcf 	ldaexb	r0, [r3]
20000d6c:	2101      	movs	r1, #1
20000d6e:	2800      	cmp	r0, #0
20000d70:	d1fa      	bne.n	20000d68 <dcd_event_handler+0x1bc>
20000d72:	e8c3 1f40 	strexb	r0, r1, [r3]
20000d76:	2800      	cmp	r0, #0
20000d78:	d1f6      	bne.n	20000d68 <dcd_event_handler+0x1bc>
20000d7a:	f3bf 8f5f 	dmb	sy
20000d7e:	4630      	mov	r0, r6
20000d80:	61b2      	str	r2, [r6, #24]
20000d82:	a901      	add	r1, sp, #4
20000d84:	f000 fba0 	bl	200014c8 <__tu_fifo_write_veneer>
20000d88:	6973      	ldr	r3, [r6, #20]
20000d8a:	e8c3 7f8f 	stlb	r7, [r3]
20000d8e:	69b3      	ldr	r3, [r6, #24]
20000d90:	f383 8810 	msr	PRIMASK, r3
20000d94:	b938      	cbnz	r0, 20000da6 <dcd_event_handler+0x1fa>
20000d96:	f04f 23e0 	mov.w	r3, #3758153728	@ 0xe000e000
20000d9a:	f8d3 3df0 	ldr.w	r3, [r3, #3568]	@ 0xdf0
20000d9e:	07d9      	lsls	r1, r3, #31
20000da0:	d58f      	bpl.n	20000cc2 <dcd_event_handler+0x116>
20000da2:	be00      	bkpt	0x0000
20000da4:	e78d      	b.n	20000cc2 <dcd_event_handler+0x116>
20000da6:	462a      	mov	r2, r5
20000da8:	f89d 1005 	ldrb.w	r1, [sp, #5]
20000dac:	f89d 0004 	ldrb.w	r0, [sp, #4]
20000db0:	f000 fb92 	bl	200014d8 <__tud_event_hook_cb_veneer>
20000db4:	e785      	b.n	20000cc2 <dcd_event_handler+0x116>
20000db6:	bf00      	nop
20000db8:	20002010 	.word	0x20002010
20000dbc:	20002068 	.word	0x20002068
20000dc0:	20002a6c 	.word	0x20002a6c
20000dc4:	20002a6a 	.word	0x20002a6a
20000dc8:	20001e40 	.word	0x20001e40
20000dcc:	100085d4 	.word	0x100085d4

20000dd0 <__aeabi_drsub>:
20000dd0:	f081 4100 	eor.w	r1, r1, #2147483648	@ 0x80000000
20000dd4:	e002      	b.n	20000ddc <__adddf3>
20000dd6:	bf00      	nop

20000dd8 <__aeabi_dsub>:
20000dd8:	f083 4300 	eor.w	r3, r3, #2147483648	@ 0x80000000

20000ddc <__adddf3>:
20000ddc:	b530      	push	{r4, r5, lr}
20000dde:	ea4f 0441 	mov.w	r4, r1, lsl #1
20000de2:	ea4f 0543 	mov.w	r5, r3, lsl #1
20000de6:	ea94 0f05 	teq	r4, r5
20000dea:	bf08      	it	eq
20000dec:	ea90 0f02 	teqeq	r0, r2
20000df0:	bf1f      	itttt	ne
20000df2:	ea54 0c00 	orrsne.w	ip, r4, r0
20000df6:	ea55 0c02 	orrsne.w	ip, r5, r2
20000dfa:	ea7f 5c64 	mvnsne.w	ip, r4, asr #21
20000dfe:	ea7f 5c65 	mvnsne.w	ip, r5, asr #21
20000e02:	f000 80e2 	beq.w	20000fca <__adddf3+0x1ee>
20000e06:	ea4f 5454 	mov.w	r4, r4, lsr #21
20000e0a:	ebd4 5555 	rsbs	r5, r4, r5, lsr #21
20000e0e:	bfb8      	it	lt
20000e10:	426d      	neglt	r5, r5
20000e12:	dd0c      	ble.n	20000e2e <__adddf3+0x52>
20000e14:	442c      	add	r4, r5
20000e16:	ea80 0202 	eor.w	r2, r0, r2
20000e1a:	ea81 0303 	eor.w	r3, r1, r3
20000e1e:	ea82 0000 	eor.w	r0, r2, r0
20000e22:	ea83 0101 	eor.w	r1, r3, r1
20000e26:	ea80 0202 	eor.w	r2, r0, r2
20000e2a:	ea81 0303 	eor.w	r3, r1, r3
20000e2e:	2d36      	cmp	r5, #54	@ 0x36
20000e30:	bf88      	it	hi
20000e32:	bd30      	pophi	{r4, r5, pc}
20000e34:	f011 4f00 	tst.w	r1, #2147483648	@ 0x80000000
20000e38:	ea4f 3101 	mov.w	r1, r1, lsl #12
20000e3c:	f44f 1c80 	mov.w	ip, #1048576	@ 0x100000
20000e40:	ea4c 3111 	orr.w	r1, ip, r1, lsr #12
20000e44:	d002      	beq.n	20000e4c <__adddf3+0x70>
20000e46:	4240      	negs	r0, r0
20000e48:	eb61 0141 	sbc.w	r1, r1, r1, lsl #1
20000e4c:	f013 4f00 	tst.w	r3, #2147483648	@ 0x80000000
20000e50:	ea4f 3303 	mov.w	r3, r3, lsl #12
20000e54:	ea4c 3313 	orr.w	r3, ip, r3, lsr #12
20000e58:	d002      	beq.n	20000e60 <__adddf3+0x84>
20000e5a:	4252      	negs	r2, r2
20000e5c:	eb63 0343 	sbc.w	r3, r3, r3, lsl #1
20000e60:	ea94 0f05 	teq	r4, r5
20000e64:	f000 80a7 	beq.w	20000fb6 <__adddf3+0x1da>
20000e68:	f1a4 0401 	sub.w	r4, r4, #1
20000e6c:	f1d5 0e20 	rsbs	lr, r5, #32
20000e70:	db0d      	blt.n	20000e8e <__adddf3+0xb2>
20000e72:	fa02 fc0e 	lsl.w	ip, r2, lr
20000e76:	fa22 f205 	lsr.w	r2, r2, r5
20000e7a:	1880      	adds	r0, r0, r2
20000e7c:	f141 0100 	adc.w	r1, r1, #0
20000e80:	fa03 f20e 	lsl.w	r2, r3, lr
20000e84:	1880      	adds	r0, r0, r2
20000e86:	fa43 f305 	asr.w	r3, r3, r5
20000e8a:	4159      	adcs	r1, r3
20000e8c:	e00e      	b.n	20000eac <__adddf3+0xd0>
20000e8e:	f1a5 0520 	sub.w	r5, r5, #32
20000e92:	f10e 0e20 	add.w	lr, lr, #32
20000e96:	2a01      	cmp	r2, #1
20000e98:	fa03 fc0e 	lsl.w	ip, r3, lr
20000e9c:	bf28      	it	cs
20000e9e:	f04c 0c02 	orrcs.w	ip, ip, #2
20000ea2:	fa43 f305 	asr.w	r3, r3, r5
20000ea6:	18c0      	adds	r0, r0, r3
20000ea8:	eb51 71e3 	adcs.w	r1, r1, r3, asr #31
20000eac:	f001 4500 	and.w	r5, r1, #2147483648	@ 0x80000000
20000eb0:	d507      	bpl.n	20000ec2 <__adddf3+0xe6>
20000eb2:	f04f 0e00 	mov.w	lr, #0
20000eb6:	f1dc 0c00 	rsbs	ip, ip, #0
20000eba:	eb7e 0000 	sbcs.w	r0, lr, r0
20000ebe:	eb6e 0101 	sbc.w	r1, lr, r1
20000ec2:	f5b1 1f80 	cmp.w	r1, #1048576	@ 0x100000
20000ec6:	d31b      	bcc.n	20000f00 <__adddf3+0x124>
20000ec8:	f5b1 1f00 	cmp.w	r1, #2097152	@ 0x200000
20000ecc:	d30c      	bcc.n	20000ee8 <__adddf3+0x10c>
20000ece:	0849      	lsrs	r1, r1, #1
20000ed0:	ea5f 0030 	movs.w	r0, r0, rrx
20000ed4:	ea4f 0c3c 	mov.w	ip, ip, rrx
20000ed8:	f104 0401 	add.w	r4, r4, #1
20000edc:	ea4f 5244 	mov.w	r2, r4, lsl #21
20000ee0:	f512 0f80 	cmn.w	r2, #4194304	@ 0x400000
20000ee4:	f080 809a 	bcs.w	2000101c <__adddf3+0x240>
20000ee8:	f1bc 4f00 	cmp.w	ip, #2147483648	@ 0x80000000
20000eec:	bf08      	it	eq
20000eee:	ea5f 0c50 	movseq.w	ip, r0, lsr #1
20000ef2:	f150 0000 	adcs.w	r0, r0, #0
20000ef6:	eb41 5104 	adc.w	r1, r1, r4, lsl #20
20000efa:	ea41 0105 	orr.w	r1, r1, r5
20000efe:	bd30      	pop	{r4, r5, pc}
20000f00:	ea5f 0c4c 	movs.w	ip, ip, lsl #1
20000f04:	4140      	adcs	r0, r0
20000f06:	eb41 0101 	adc.w	r1, r1, r1
20000f0a:	3c01      	subs	r4, #1
20000f0c:	bf28      	it	cs
20000f0e:	f5b1 1f80 	cmpcs.w	r1, #1048576	@ 0x100000
20000f12:	d2e9      	bcs.n	20000ee8 <__adddf3+0x10c>
20000f14:	f091 0f00 	teq	r1, #0
20000f18:	bf04      	itt	eq
20000f1a:	4601      	moveq	r1, r0
20000f1c:	2000      	moveq	r0, #0
20000f1e:	fab1 f381 	clz	r3, r1
20000f22:	bf08      	it	eq
20000f24:	3320      	addeq	r3, #32
20000f26:	f1a3 030b 	sub.w	r3, r3, #11
20000f2a:	f1b3 0220 	subs.w	r2, r3, #32
20000f2e:	da0c      	bge.n	20000f4a <__adddf3+0x16e>
20000f30:	320c      	adds	r2, #12
20000f32:	dd08      	ble.n	20000f46 <__adddf3+0x16a>
20000f34:	f102 0c14 	add.w	ip, r2, #20
20000f38:	f1c2 020c 	rsb	r2, r2, #12
20000f3c:	fa01 f00c 	lsl.w	r0, r1, ip
20000f40:	fa21 f102 	lsr.w	r1, r1, r2
20000f44:	e00c      	b.n	20000f60 <__adddf3+0x184>
20000f46:	f102 0214 	add.w	r2, r2, #20
20000f4a:	bfd8      	it	le
20000f4c:	f1c2 0c20 	rsble	ip, r2, #32
20000f50:	fa01 f102 	lsl.w	r1, r1, r2
20000f54:	fa20 fc0c 	lsr.w	ip, r0, ip
20000f58:	bfdc      	itt	le
20000f5a:	ea41 010c 	orrle.w	r1, r1, ip
20000f5e:	4090      	lslle	r0, r2
20000f60:	1ae4      	subs	r4, r4, r3
20000f62:	bfa2      	ittt	ge
20000f64:	eb01 5104 	addge.w	r1, r1, r4, lsl #20
20000f68:	4329      	orrge	r1, r5
20000f6a:	bd30      	popge	{r4, r5, pc}
20000f6c:	ea6f 0404 	mvn.w	r4, r4
20000f70:	3c1f      	subs	r4, #31
20000f72:	da1c      	bge.n	20000fae <__adddf3+0x1d2>
20000f74:	340c      	adds	r4, #12
20000f76:	dc0e      	bgt.n	20000f96 <__adddf3+0x1ba>
20000f78:	f104 0414 	add.w	r4, r4, #20
20000f7c:	f1c4 0220 	rsb	r2, r4, #32
20000f80:	fa20 f004 	lsr.w	r0, r0, r4
20000f84:	fa01 f302 	lsl.w	r3, r1, r2
20000f88:	ea40 0003 	orr.w	r0, r0, r3
20000f8c:	fa21 f304 	lsr.w	r3, r1, r4
20000f90:	ea45 0103 	orr.w	r1, r5, r3
20000f94:	bd30      	pop	{r4, r5, pc}
20000f96:	f1c4 040c 	rsb	r4, r4, #12
20000f9a:	f1c4 0220 	rsb	r2, r4, #32
20000f9e:	fa20 f002 	lsr.w	r0, r0, r2
20000fa2:	fa01 f304 	lsl.w	r3, r1, r4
20000fa6:	ea40 0003 	orr.w	r0, r0, r3
20000faa:	4629      	mov	r1, r5
20000fac:	bd30      	pop	{r4, r5, pc}
20000fae:	fa21 f004 	lsr.w	r0, r1, r4
20000fb2:	4629      	mov	r1, r5
20000fb4:	bd30      	pop	{r4, r5, pc}
20000fb6:	f094 0f00 	teq	r4, #0
20000fba:	f483 1380 	eor.w	r3, r3, #1048576	@ 0x100000
20000fbe:	bf06      	itte	eq
20000fc0:	f481 1180 	eoreq.w	r1, r1, #1048576	@ 0x100000
20000fc4:	3401      	addeq	r4, #1
20000fc6:	3d01      	subne	r5, #1
20000fc8:	e74e      	b.n	20000e68 <__adddf3+0x8c>
20000fca:	ea7f 5c64 	mvns.w	ip, r4, asr #21
20000fce:	bf18      	it	ne
20000fd0:	ea7f 5c65 	mvnsne.w	ip, r5, asr #21
20000fd4:	d029      	beq.n	2000102a <__adddf3+0x24e>
20000fd6:	ea94 0f05 	teq	r4, r5
20000fda:	bf08      	it	eq
20000fdc:	ea90 0f02 	teqeq	r0, r2
20000fe0:	d005      	beq.n	20000fee <__adddf3+0x212>
20000fe2:	ea54 0c00 	orrs.w	ip, r4, r0
20000fe6:	bf04      	itt	eq
20000fe8:	4619      	moveq	r1, r3
20000fea:	4610      	moveq	r0, r2
20000fec:	bd30      	pop	{r4, r5, pc}
20000fee:	ea91 0f03 	teq	r1, r3
20000ff2:	bf1e      	ittt	ne
20000ff4:	2100      	movne	r1, #0
20000ff6:	2000      	movne	r0, #0
20000ff8:	bd30      	popne	{r4, r5, pc}
20000ffa:	ea5f 5c54 	movs.w	ip, r4, lsr #21
20000ffe:	d105      	bne.n	2000100c <__adddf3+0x230>
20001000:	0040      	lsls	r0, r0, #1
20001002:	4149      	adcs	r1, r1
20001004:	bf28      	it	cs
20001006:	f041 4100 	orrcs.w	r1, r1, #2147483648	@ 0x80000000
2000100a:	bd30      	pop	{r4, r5, pc}
2000100c:	f514 0480 	adds.w	r4, r4, #4194304	@ 0x400000
20001010:	bf3c      	itt	cc
20001012:	f501 1180 	addcc.w	r1, r1, #1048576	@ 0x100000
20001016:	bd30      	popcc	{r4, r5, pc}
20001018:	f001 4500 	and.w	r5, r1, #2147483648	@ 0x80000000
2000101c:	f045 41fe 	orr.w	r1, r5, #2130706432	@ 0x7f000000
20001020:	f441 0170 	orr.w	r1, r1, #15728640	@ 0xf00000
20001024:	f04f 0000 	mov.w	r0, #0
20001028:	bd30      	pop	{r4, r5, pc}
2000102a:	ea7f 5c64 	mvns.w	ip, r4, asr #21
2000102e:	bf1a      	itte	ne
20001030:	4619      	movne	r1, r3
20001032:	4610      	movne	r0, r2
20001034:	ea7f 5c65 	mvnseq.w	ip, r5, asr #21
20001038:	bf1c      	itt	ne
2000103a:	460b      	movne	r3, r1
2000103c:	4602      	movne	r2, r0
2000103e:	ea50 3401 	orrs.w	r4, r0, r1, lsl #12
20001042:	bf06      	itte	eq
20001044:	ea52 3503 	orrseq.w	r5, r2, r3, lsl #12
20001048:	ea91 0f03 	teqeq	r1, r3
2000104c:	f441 2100 	orrne.w	r1, r1, #524288	@ 0x80000
20001050:	bd30      	pop	{r4, r5, pc}
20001052:	bf00      	nop

20001054 <__aeabi_ui2d>:
20001054:	f090 0f00 	teq	r0, #0
20001058:	bf04      	itt	eq
2000105a:	2100      	moveq	r1, #0
2000105c:	4770      	bxeq	lr
2000105e:	b530      	push	{r4, r5, lr}
20001060:	f44f 6480 	mov.w	r4, #1024	@ 0x400
20001064:	f104 0432 	add.w	r4, r4, #50	@ 0x32
20001068:	f04f 0500 	mov.w	r5, #0
2000106c:	f04f 0100 	mov.w	r1, #0
20001070:	e750      	b.n	20000f14 <__adddf3+0x138>
20001072:	bf00      	nop

20001074 <__aeabi_i2d>:
20001074:	f090 0f00 	teq	r0, #0
20001078:	bf04      	itt	eq
2000107a:	2100      	moveq	r1, #0
2000107c:	4770      	bxeq	lr
2000107e:	b530      	push	{r4, r5, lr}
20001080:	f44f 6480 	mov.w	r4, #1024	@ 0x400
20001084:	f104 0432 	add.w	r4, r4, #50	@ 0x32
20001088:	f010 4500 	ands.w	r5, r0, #2147483648	@ 0x80000000
2000108c:	bf48      	it	mi
2000108e:	4240      	negmi	r0, r0
20001090:	f04f 0100 	mov.w	r1, #0
20001094:	e73e      	b.n	20000f14 <__adddf3+0x138>
20001096:	bf00      	nop

20001098 <__aeabi_f2d>:
20001098:	0042      	lsls	r2, r0, #1
2000109a:	ea4f 01e2 	mov.w	r1, r2, asr #3
2000109e:	ea4f 0131 	mov.w	r1, r1, rrx
200010a2:	ea4f 7002 	mov.w	r0, r2, lsl #28
200010a6:	bf1f      	itttt	ne
200010a8:	f012 437f 	andsne.w	r3, r2, #4278190080	@ 0xff000000
200010ac:	f093 4f7f 	teqne	r3, #4278190080	@ 0xff000000
200010b0:	f081 5160 	eorne.w	r1, r1, #939524096	@ 0x38000000
200010b4:	4770      	bxne	lr
200010b6:	f032 427f 	bics.w	r2, r2, #4278190080	@ 0xff000000
200010ba:	bf08      	it	eq
200010bc:	4770      	bxeq	lr
200010be:	f093 4f7f 	teq	r3, #4278190080	@ 0xff000000
200010c2:	bf04      	itt	eq
200010c4:	f441 2100 	orreq.w	r1, r1, #524288	@ 0x80000
200010c8:	4770      	bxeq	lr
200010ca:	b530      	push	{r4, r5, lr}
200010cc:	f44f 7460 	mov.w	r4, #896	@ 0x380
200010d0:	f001 4500 	and.w	r5, r1, #2147483648	@ 0x80000000
200010d4:	f021 4100 	bic.w	r1, r1, #2147483648	@ 0x80000000
200010d8:	e71c      	b.n	20000f14 <__adddf3+0x138>
200010da:	bf00      	nop

200010dc <__aeabi_ul2d>:
200010dc:	ea50 0201 	orrs.w	r2, r0, r1
200010e0:	bf08      	it	eq
200010e2:	4770      	bxeq	lr
200010e4:	b530      	push	{r4, r5, lr}
200010e6:	f04f 0500 	mov.w	r5, #0
200010ea:	e00a      	b.n	20001102 <__aeabi_l2d+0x16>

200010ec <__aeabi_l2d>:
200010ec:	ea50 0201 	orrs.w	r2, r0, r1
200010f0:	bf08      	it	eq
200010f2:	4770      	bxeq	lr
200010f4:	b530      	push	{r4, r5, lr}
200010f6:	f011 4500 	ands.w	r5, r1, #2147483648	@ 0x80000000
200010fa:	d502      	bpl.n	20001102 <__aeabi_l2d+0x16>
200010fc:	4240      	negs	r0, r0
200010fe:	eb61 0141 	sbc.w	r1, r1, r1, lsl #1
20001102:	f44f 6480 	mov.w	r4, #1024	@ 0x400
20001106:	f104 0432 	add.w	r4, r4, #50	@ 0x32
2000110a:	ea5f 5c91 	movs.w	ip, r1, lsr #22
2000110e:	f43f aed8 	beq.w	20000ec2 <__adddf3+0xe6>
20001112:	f04f 0203 	mov.w	r2, #3
20001116:	ea5f 0cdc 	movs.w	ip, ip, lsr #3
2000111a:	bf18      	it	ne
2000111c:	3203      	addne	r2, #3
2000111e:	ea5f 0cdc 	movs.w	ip, ip, lsr #3
20001122:	bf18      	it	ne
20001124:	3203      	addne	r2, #3
20001126:	eb02 02dc 	add.w	r2, r2, ip, lsr #3
2000112a:	f1c2 0320 	rsb	r3, r2, #32
2000112e:	fa00 fc03 	lsl.w	ip, r0, r3
20001132:	fa20 f002 	lsr.w	r0, r0, r2
20001136:	fa01 fe03 	lsl.w	lr, r1, r3
2000113a:	ea40 000e 	orr.w	r0, r0, lr
2000113e:	fa21 f102 	lsr.w	r1, r1, r2
20001142:	4414      	add	r4, r2
20001144:	e6bd      	b.n	20000ec2 <__adddf3+0xe6>
20001146:	bf00      	nop

20001148 <__aeabi_uldivmod>:
20001148:	b953      	cbnz	r3, 20001160 <__aeabi_uldivmod+0x18>
2000114a:	b94a      	cbnz	r2, 20001160 <__aeabi_uldivmod+0x18>
2000114c:	2900      	cmp	r1, #0
2000114e:	bf08      	it	eq
20001150:	2800      	cmpeq	r0, #0
20001152:	bf1c      	itt	ne
20001154:	f04f 31ff 	movne.w	r1, #4294967295	@ 0xffffffff
20001158:	f04f 30ff 	movne.w	r0, #4294967295	@ 0xffffffff
2000115c:	f000 b9b2 	b.w	200014c4 <__aeabi_idiv0>
20001160:	f1ad 0c08 	sub.w	ip, sp, #8
20001164:	e96d ce04 	strd	ip, lr, [sp, #-16]!
20001168:	f000 f806 	bl	20001178 <__udivmoddi4>
2000116c:	f8dd e004 	ldr.w	lr, [sp, #4]
20001170:	e9dd 2302 	ldrd	r2, r3, [sp, #8]
20001174:	b004      	add	sp, #16
20001176:	4770      	bx	lr

20001178 <__udivmoddi4>:
20001178:	e92d 4ff0 	stmdb	sp!, {r4, r5, r6, r7, r8, r9, sl, fp, lr}
2000117c:	468c      	mov	ip, r1
2000117e:	9e09      	ldr	r6, [sp, #36]	@ 0x24
20001180:	4604      	mov	r4, r0
20001182:	460f      	mov	r7, r1
20001184:	2b00      	cmp	r3, #0
20001186:	d148      	bne.n	2000121a <__udivmoddi4+0xa2>
20001188:	428a      	cmp	r2, r1
2000118a:	4615      	mov	r5, r2
2000118c:	d95e      	bls.n	2000124c <__udivmoddi4+0xd4>
2000118e:	fab2 f382 	clz	r3, r2
20001192:	b13b      	cbz	r3, 200011a4 <__udivmoddi4+0x2c>
20001194:	f1c3 0220 	rsb	r2, r3, #32
20001198:	409f      	lsls	r7, r3
2000119a:	409d      	lsls	r5, r3
2000119c:	409c      	lsls	r4, r3
2000119e:	fa20 f202 	lsr.w	r2, r0, r2
200011a2:	4317      	orrs	r7, r2
200011a4:	ea4f 4e15 	mov.w	lr, r5, lsr #16
200011a8:	fa1f fc85 	uxth.w	ip, r5
200011ac:	0c22      	lsrs	r2, r4, #16
200011ae:	fbb7 f1fe 	udiv	r1, r7, lr
200011b2:	fb0e 7711 	mls	r7, lr, r1, r7
200011b6:	fb01 f00c 	mul.w	r0, r1, ip
200011ba:	ea42 4207 	orr.w	r2, r2, r7, lsl #16
200011be:	4290      	cmp	r0, r2
200011c0:	d907      	bls.n	200011d2 <__udivmoddi4+0x5a>
200011c2:	18aa      	adds	r2, r5, r2
200011c4:	f101 37ff 	add.w	r7, r1, #4294967295	@ 0xffffffff
200011c8:	d202      	bcs.n	200011d0 <__udivmoddi4+0x58>
200011ca:	4290      	cmp	r0, r2
200011cc:	f200 8158 	bhi.w	20001480 <__udivmoddi4+0x308>
200011d0:	4639      	mov	r1, r7
200011d2:	1a12      	subs	r2, r2, r0
200011d4:	b2a4      	uxth	r4, r4
200011d6:	fbb2 f0fe 	udiv	r0, r2, lr
200011da:	fb0e 2210 	mls	r2, lr, r0, r2
200011de:	fb00 fc0c 	mul.w	ip, r0, ip
200011e2:	ea44 4402 	orr.w	r4, r4, r2, lsl #16
200011e6:	45a4      	cmp	ip, r4
200011e8:	d90b      	bls.n	20001202 <__udivmoddi4+0x8a>
200011ea:	192c      	adds	r4, r5, r4
200011ec:	f100 32ff 	add.w	r2, r0, #4294967295	@ 0xffffffff
200011f0:	bf2c      	ite	cs
200011f2:	2701      	movcs	r7, #1
200011f4:	2700      	movcc	r7, #0
200011f6:	45a4      	cmp	ip, r4
200011f8:	d902      	bls.n	20001200 <__udivmoddi4+0x88>
200011fa:	2f00      	cmp	r7, #0
200011fc:	f000 8143 	beq.w	20001486 <__udivmoddi4+0x30e>
20001200:	4610      	mov	r0, r2
20001202:	ea40 4001 	orr.w	r0, r0, r1, lsl #16
20001206:	eba4 040c 	sub.w	r4, r4, ip
2000120a:	2100      	movs	r1, #0
2000120c:	b11e      	cbz	r6, 20001216 <__udivmoddi4+0x9e>
2000120e:	40dc      	lsrs	r4, r3
20001210:	2300      	movs	r3, #0
20001212:	e9c6 4300 	strd	r4, r3, [r6]
20001216:	e8bd 8ff0 	ldmia.w	sp!, {r4, r5, r6, r7, r8, r9, sl, fp, pc}
2000121a:	428b      	cmp	r3, r1
2000121c:	d906      	bls.n	2000122c <__udivmoddi4+0xb4>
2000121e:	b10e      	cbz	r6, 20001224 <__udivmoddi4+0xac>
20001220:	e9c6 0100 	strd	r0, r1, [r6]
20001224:	2100      	movs	r1, #0
20001226:	4608      	mov	r0, r1
20001228:	e8bd 8ff0 	ldmia.w	sp!, {r4, r5, r6, r7, r8, r9, sl, fp, pc}
2000122c:	fab3 f183 	clz	r1, r3
20001230:	2900      	cmp	r1, #0
20001232:	d151      	bne.n	200012d8 <__udivmoddi4+0x160>
20001234:	4563      	cmp	r3, ip
20001236:	f0c0 8116 	bcc.w	20001466 <__udivmoddi4+0x2ee>
2000123a:	4282      	cmp	r2, r0
2000123c:	f240 8113 	bls.w	20001466 <__udivmoddi4+0x2ee>
20001240:	4608      	mov	r0, r1
20001242:	2e00      	cmp	r6, #0
20001244:	d0e7      	beq.n	20001216 <__udivmoddi4+0x9e>
20001246:	e9c6 4700 	strd	r4, r7, [r6]
2000124a:	e7e4      	b.n	20001216 <__udivmoddi4+0x9e>
2000124c:	2a00      	cmp	r2, #0
2000124e:	f000 80af 	beq.w	200013b0 <__udivmoddi4+0x238>
20001252:	fab2 f382 	clz	r3, r2
20001256:	2b00      	cmp	r3, #0
20001258:	f040 80c2 	bne.w	200013e0 <__udivmoddi4+0x268>
2000125c:	1a8a      	subs	r2, r1, r2
2000125e:	ea4f 4e15 	mov.w	lr, r5, lsr #16
20001262:	b2af      	uxth	r7, r5
20001264:	2101      	movs	r1, #1
20001266:	0c20      	lsrs	r0, r4, #16
20001268:	fbb2 fcfe 	udiv	ip, r2, lr
2000126c:	fb0e 221c 	mls	r2, lr, ip, r2
20001270:	ea40 4202 	orr.w	r2, r0, r2, lsl #16
20001274:	fb07 f00c 	mul.w	r0, r7, ip
20001278:	4290      	cmp	r0, r2
2000127a:	d90e      	bls.n	2000129a <__udivmoddi4+0x122>
2000127c:	18aa      	adds	r2, r5, r2
2000127e:	f10c 38ff 	add.w	r8, ip, #4294967295	@ 0xffffffff
20001282:	bf2c      	ite	cs
20001284:	f04f 0901 	movcs.w	r9, #1
20001288:	f04f 0900 	movcc.w	r9, #0
2000128c:	4290      	cmp	r0, r2
2000128e:	d903      	bls.n	20001298 <__udivmoddi4+0x120>
20001290:	f1b9 0f00 	cmp.w	r9, #0
20001294:	f000 80f0 	beq.w	20001478 <__udivmoddi4+0x300>
20001298:	46c4      	mov	ip, r8
2000129a:	1a12      	subs	r2, r2, r0
2000129c:	b2a4      	uxth	r4, r4
2000129e:	fbb2 f0fe 	udiv	r0, r2, lr
200012a2:	fb0e 2210 	mls	r2, lr, r0, r2
200012a6:	fb00 f707 	mul.w	r7, r0, r7
200012aa:	ea44 4402 	orr.w	r4, r4, r2, lsl #16
200012ae:	42a7      	cmp	r7, r4
200012b0:	d90e      	bls.n	200012d0 <__udivmoddi4+0x158>
200012b2:	192c      	adds	r4, r5, r4
200012b4:	f100 32ff 	add.w	r2, r0, #4294967295	@ 0xffffffff
200012b8:	bf2c      	ite	cs
200012ba:	f04f 0e01 	movcs.w	lr, #1
200012be:	f04f 0e00 	movcc.w	lr, #0
200012c2:	42a7      	cmp	r7, r4
200012c4:	d903      	bls.n	200012ce <__udivmoddi4+0x156>
200012c6:	f1be 0f00 	cmp.w	lr, #0
200012ca:	f000 80d2 	beq.w	20001472 <__udivmoddi4+0x2fa>
200012ce:	4610      	mov	r0, r2
200012d0:	1be4      	subs	r4, r4, r7
200012d2:	ea40 400c 	orr.w	r0, r0, ip, lsl #16
200012d6:	e799      	b.n	2000120c <__udivmoddi4+0x94>
200012d8:	f1c1 0520 	rsb	r5, r1, #32
200012dc:	408b      	lsls	r3, r1
200012de:	fa0c f401 	lsl.w	r4, ip, r1
200012e2:	fa00 f901 	lsl.w	r9, r0, r1
200012e6:	fa22 f705 	lsr.w	r7, r2, r5
200012ea:	fa2c fc05 	lsr.w	ip, ip, r5
200012ee:	408a      	lsls	r2, r1
200012f0:	431f      	orrs	r7, r3
200012f2:	fa20 f305 	lsr.w	r3, r0, r5
200012f6:	0c38      	lsrs	r0, r7, #16
200012f8:	4323      	orrs	r3, r4
200012fa:	fa1f fe87 	uxth.w	lr, r7
200012fe:	0c1c      	lsrs	r4, r3, #16
20001300:	fbbc f8f0 	udiv	r8, ip, r0
20001304:	fb00 cc18 	mls	ip, r0, r8, ip
20001308:	ea44 440c 	orr.w	r4, r4, ip, lsl #16
2000130c:	fb08 fc0e 	mul.w	ip, r8, lr
20001310:	45a4      	cmp	ip, r4
20001312:	d90e      	bls.n	20001332 <__udivmoddi4+0x1ba>
20001314:	193c      	adds	r4, r7, r4
20001316:	f108 3aff 	add.w	sl, r8, #4294967295	@ 0xffffffff
2000131a:	bf2c      	ite	cs
2000131c:	f04f 0b01 	movcs.w	fp, #1
20001320:	f04f 0b00 	movcc.w	fp, #0
20001324:	45a4      	cmp	ip, r4
20001326:	d903      	bls.n	20001330 <__udivmoddi4+0x1b8>
20001328:	f1bb 0f00 	cmp.w	fp, #0
2000132c:	f000 80b8 	beq.w	200014a0 <__udivmoddi4+0x328>
20001330:	46d0      	mov	r8, sl
20001332:	eba4 040c 	sub.w	r4, r4, ip
20001336:	fa1f fc83 	uxth.w	ip, r3
2000133a:	fbb4 f3f0 	udiv	r3, r4, r0
2000133e:	fb00 4413 	mls	r4, r0, r3, r4
20001342:	fb03 fe0e 	mul.w	lr, r3, lr
20001346:	ea4c 4404 	orr.w	r4, ip, r4, lsl #16
2000134a:	45a6      	cmp	lr, r4
2000134c:	d90e      	bls.n	2000136c <__udivmoddi4+0x1f4>
2000134e:	193c      	adds	r4, r7, r4
20001350:	f103 30ff 	add.w	r0, r3, #4294967295	@ 0xffffffff
20001354:	bf2c      	ite	cs
20001356:	f04f 0c01 	movcs.w	ip, #1
2000135a:	f04f 0c00 	movcc.w	ip, #0
2000135e:	45a6      	cmp	lr, r4
20001360:	d903      	bls.n	2000136a <__udivmoddi4+0x1f2>
20001362:	f1bc 0f00 	cmp.w	ip, #0
20001366:	f000 809f 	beq.w	200014a8 <__udivmoddi4+0x330>
2000136a:	4603      	mov	r3, r0
2000136c:	ea43 4008 	orr.w	r0, r3, r8, lsl #16
20001370:	eba4 040e 	sub.w	r4, r4, lr
20001374:	fba0 ec02 	umull	lr, ip, r0, r2
20001378:	4564      	cmp	r4, ip
2000137a:	4673      	mov	r3, lr
2000137c:	46e0      	mov	r8, ip
2000137e:	d302      	bcc.n	20001386 <__udivmoddi4+0x20e>
20001380:	d107      	bne.n	20001392 <__udivmoddi4+0x21a>
20001382:	45f1      	cmp	r9, lr
20001384:	d205      	bcs.n	20001392 <__udivmoddi4+0x21a>
20001386:	ebbe 0302 	subs.w	r3, lr, r2
2000138a:	eb6c 0c07 	sbc.w	ip, ip, r7
2000138e:	3801      	subs	r0, #1
20001390:	46e0      	mov	r8, ip
20001392:	b15e      	cbz	r6, 200013ac <__udivmoddi4+0x234>
20001394:	ebb9 0203 	subs.w	r2, r9, r3
20001398:	eb64 0408 	sbc.w	r4, r4, r8
2000139c:	fa04 f505 	lsl.w	r5, r4, r5
200013a0:	fa22 f301 	lsr.w	r3, r2, r1
200013a4:	40cc      	lsrs	r4, r1
200013a6:	431d      	orrs	r5, r3
200013a8:	e9c6 5400 	strd	r5, r4, [r6]
200013ac:	2100      	movs	r1, #0
200013ae:	e732      	b.n	20001216 <__udivmoddi4+0x9e>
200013b0:	0842      	lsrs	r2, r0, #1
200013b2:	462f      	mov	r7, r5
200013b4:	084b      	lsrs	r3, r1, #1
200013b6:	46ac      	mov	ip, r5
200013b8:	ea42 72c1 	orr.w	r2, r2, r1, lsl #31
200013bc:	46ae      	mov	lr, r5
200013be:	07c4      	lsls	r4, r0, #31
200013c0:	0c11      	lsrs	r1, r2, #16
200013c2:	b292      	uxth	r2, r2
200013c4:	ea41 4103 	orr.w	r1, r1, r3, lsl #16
200013c8:	ea42 4201 	orr.w	r2, r2, r1, lsl #16
200013cc:	fbb1 f1f5 	udiv	r1, r1, r5
200013d0:	fbb3 f0f5 	udiv	r0, r3, r5
200013d4:	231f      	movs	r3, #31
200013d6:	eba2 020c 	sub.w	r2, r2, ip
200013da:	ea41 4100 	orr.w	r1, r1, r0, lsl #16
200013de:	e742      	b.n	20001266 <__udivmoddi4+0xee>
200013e0:	409d      	lsls	r5, r3
200013e2:	f1c3 0220 	rsb	r2, r3, #32
200013e6:	4099      	lsls	r1, r3
200013e8:	409c      	lsls	r4, r3
200013ea:	fa2c fc02 	lsr.w	ip, ip, r2
200013ee:	ea4f 4e15 	mov.w	lr, r5, lsr #16
200013f2:	fa20 f202 	lsr.w	r2, r0, r2
200013f6:	b2af      	uxth	r7, r5
200013f8:	fbbc f8fe 	udiv	r8, ip, lr
200013fc:	430a      	orrs	r2, r1
200013fe:	fb0e cc18 	mls	ip, lr, r8, ip
20001402:	0c11      	lsrs	r1, r2, #16
20001404:	ea41 410c 	orr.w	r1, r1, ip, lsl #16
20001408:	fb08 fc07 	mul.w	ip, r8, r7
2000140c:	458c      	cmp	ip, r1
2000140e:	d950      	bls.n	200014b2 <__udivmoddi4+0x33a>
20001410:	1869      	adds	r1, r5, r1
20001412:	f108 30ff 	add.w	r0, r8, #4294967295	@ 0xffffffff
20001416:	bf2c      	ite	cs
20001418:	f04f 0901 	movcs.w	r9, #1
2000141c:	f04f 0900 	movcc.w	r9, #0
20001420:	458c      	cmp	ip, r1
20001422:	d902      	bls.n	2000142a <__udivmoddi4+0x2b2>
20001424:	f1b9 0f00 	cmp.w	r9, #0
20001428:	d030      	beq.n	2000148c <__udivmoddi4+0x314>
2000142a:	eba1 010c 	sub.w	r1, r1, ip
2000142e:	fbb1 f8fe 	udiv	r8, r1, lr
20001432:	fb08 fc07 	mul.w	ip, r8, r7
20001436:	fb0e 1118 	mls	r1, lr, r8, r1
2000143a:	b292      	uxth	r2, r2
2000143c:	ea42 4201 	orr.w	r2, r2, r1, lsl #16
20001440:	4562      	cmp	r2, ip
20001442:	d234      	bcs.n	200014ae <__udivmoddi4+0x336>
20001444:	18aa      	adds	r2, r5, r2
20001446:	f108 31ff 	add.w	r1, r8, #4294967295	@ 0xffffffff
2000144a:	bf2c      	ite	cs
2000144c:	f04f 0901 	movcs.w	r9, #1
20001450:	f04f 0900 	movcc.w	r9, #0
20001454:	4562      	cmp	r2, ip
20001456:	d2be      	bcs.n	200013d6 <__udivmoddi4+0x25e>
20001458:	f1b9 0f00 	cmp.w	r9, #0
2000145c:	d1bb      	bne.n	200013d6 <__udivmoddi4+0x25e>
2000145e:	f1a8 0102 	sub.w	r1, r8, #2
20001462:	442a      	add	r2, r5
20001464:	e7b7      	b.n	200013d6 <__udivmoddi4+0x25e>
20001466:	1a84      	subs	r4, r0, r2
20001468:	eb6c 0203 	sbc.w	r2, ip, r3
2000146c:	2001      	movs	r0, #1
2000146e:	4617      	mov	r7, r2
20001470:	e6e7      	b.n	20001242 <__udivmoddi4+0xca>
20001472:	442c      	add	r4, r5
20001474:	3802      	subs	r0, #2
20001476:	e72b      	b.n	200012d0 <__udivmoddi4+0x158>
20001478:	f1ac 0c02 	sub.w	ip, ip, #2
2000147c:	442a      	add	r2, r5
2000147e:	e70c      	b.n	2000129a <__udivmoddi4+0x122>
20001480:	3902      	subs	r1, #2
20001482:	442a      	add	r2, r5
20001484:	e6a5      	b.n	200011d2 <__udivmoddi4+0x5a>
20001486:	442c      	add	r4, r5
20001488:	3802      	subs	r0, #2
2000148a:	e6ba      	b.n	20001202 <__udivmoddi4+0x8a>
2000148c:	eba5 0c0c 	sub.w	ip, r5, ip
20001490:	f1a8 0002 	sub.w	r0, r8, #2
20001494:	4461      	add	r1, ip
20001496:	fbb1 f8fe 	udiv	r8, r1, lr
2000149a:	fb08 fc07 	mul.w	ip, r8, r7
2000149e:	e7ca      	b.n	20001436 <__udivmoddi4+0x2be>
200014a0:	f1a8 0802 	sub.w	r8, r8, #2
200014a4:	443c      	add	r4, r7
200014a6:	e744      	b.n	20001332 <__udivmoddi4+0x1ba>
200014a8:	3b02      	subs	r3, #2
200014aa:	443c      	add	r4, r7
200014ac:	e75e      	b.n	2000136c <__udivmoddi4+0x1f4>
200014ae:	4641      	mov	r1, r8
200014b0:	e791      	b.n	200013d6 <__udivmoddi4+0x25e>
200014b2:	eba1 010c 	sub.w	r1, r1, ip
200014b6:	4640      	mov	r0, r8
200014b8:	fbb1 f8fe 	udiv	r8, r1, lr
200014bc:	fb08 fc07 	mul.w	ip, r8, r7
200014c0:	e7b9      	b.n	20001436 <__udivmoddi4+0x2be>
200014c2:	bf00      	nop

200014c4 <__aeabi_idiv0>:
200014c4:	4770      	bx	lr
200014c6:	bf00      	nop

200014c8 <__tu_fifo_write_veneer>:
200014c8:	f85f f000 	ldr.w	pc, [pc]	@ 200014cc <__tu_fifo_write_veneer+0x4>
200014cc:	10005a69 	.word	0x10005a69

200014d0 <__memset_veneer>:
200014d0:	f85f f000 	ldr.w	pc, [pc]	@ 200014d4 <__memset_veneer+0x4>
200014d4:	10007c1d 	.word	0x10007c1d

200014d8 <__tud_event_hook_cb_veneer>:
200014d8:	f85f f000 	ldr.w	pc, [pc]	@ 200014dc <__tud_event_hook_cb_veneer+0x4>
200014dc:	10004091 	.word	0x10004091

200014e0 <__time_us_64_veneer>:
200014e0:	f85f f000 	ldr.w	pc, [pc]	@ 200014e4 <__time_us_64_veneer+0x4>
200014e4:	100012dd 	.word	0x100012dd

200014e8 <__best_effort_wfe_or_timeout_veneer>:
200014e8:	f85f f000 	ldr.w	pc, [pc]	@ 200014ec <__best_effort_wfe_or_timeout_veneer+0x4>
200014ec:	100011d5 	.word	0x100011d5

200014f0 <__panic_veneer>:
200014f0:	f85f f000 	ldr.w	pc, [pc]	@ 200014f4 <__panic_veneer+0x4>
200014f4:	100004a1 	.word	0x100004a1

200014f8 <striped_spin_lock_num>:
200014f8:	00000010                                ....

200014fc <irq_handler_chain_slots>:
200014fc:	00000000 	.word	0x00000000
20001500:	00010000 	.word	0x00010000
	...
2000150c:	00020000 	.word	0x00020000
	...
20001518:	00030000 	.word	0x00030000
	...
20001524:	00ff0000 	.word	0x00ff0000
20001528:	00000000 	.word	0x00000000

2000152c <irq_handler_chain_first_slot>:
2000152c:	b501      	push	{r0, lr}
2000152e:	6848      	ldr	r0, [r1, #4]
20001530:	3101      	adds	r1, #1
20001532:	468e      	mov	lr, r1
20001534:	4700      	bx	r0

20001536 <irq_handler_chain_remove_tail>:
20001536:	4670      	mov	r0, lr
20001538:	3809      	subs	r0, #9
2000153a:	4901      	ldr	r1, [pc, #4]	@ (20001540 <irq_handler_chain_remove_tail+0xa>)
2000153c:	4788      	blx	r1
2000153e:	bd01      	pop	{r0, pc}
20001540:	10000915 	.word	0x10000915

20001544 <default_alarm_pool>:
	...
20001558:	20001af8                                ... 

2000155c <stdio_usb>:
2000155c:	1000383d 100037e9 10003761 100036d1     =8...7..a7...6..
2000156c:	00000000 00000100                       ........

20001574 <_usbd_qdef>:
20001574:	2000206c 000c0010 00000000 00000000     l . ............
	...

20001590 <_usbd_rhport>:
20001590:	                                         .

20001591 <ucPrimaryCoreNum>:
20001591:	                                         ...

20001594 <ulCriticalNesting>:
20001594:	aaaaaaaa                                ....

20001598 <__malloc_sbrk_base>:
20001598:	ffffffff                                ....

2000159c <__malloc_trim_threshold>:
2000159c:	00020000                                ....

200015a0 <__malloc_av_>:
	...
200015a8:	200015a0 200015a0 200015a8 200015a8     ... ... ... ... 
200015b8:	200015b0 200015b0 200015b8 200015b8     ... ... ... ... 
200015c8:	200015c0 200015c0 200015c8 200015c8     ... ... ... ... 
200015d8:	200015d0 200015d0 200015d8 200015d8     ... ... ... ... 
200015e8:	200015e0 200015e0 200015e8 200015e8     ... ... ... ... 
200015f8:	200015f0 200015f0 200015f8 200015f8     ... ... ... ... 
20001608:	20001600 20001600 20001608 20001608     ... ... ... ... 
20001618:	20001610 20001610 20001618 20001618     ... ... ... ... 
20001628:	20001620 20001620 20001628 20001628      ..  .. (.. (.. 
20001638:	20001630 20001630 20001638 20001638     0.. 0.. 8.. 8.. 
20001648:	20001640 20001640 20001648 20001648     @.. @.. H.. H.. 
20001658:	20001650 20001650 20001658 20001658     P.. P.. X.. X.. 
20001668:	20001660 20001660 20001668 20001668     `.. `.. h.. h.. 
20001678:	20001670 20001670 20001678 20001678     p.. p.. x.. x.. 
20001688:	20001680 20001680 20001688 20001688     ... ... ... ... 
20001698:	20001690 20001690 20001698 20001698     ... ... ... ... 
200016a8:	200016a0 200016a0 200016a8 200016a8     ... ... ... ... 
200016b8:	200016b0 200016b0 200016b8 200016b8     ... ... ... ... 
200016c8:	200016c0 200016c0 200016c8 200016c8     ... ... ... ... 
200016d8:	200016d0 200016d0 200016d8 200016d8     ... ... ... ... 
200016e8:	200016e0 200016e0 200016e8 200016e8     ... ... ... ... 
200016f8:	200016f0 200016f0 200016f8 200016f8     ... ... ... ... 
20001708:	20001700 20001700 20001708 20001708     ... ... ... ... 
20001718:	20001710 20001710 20001718 20001718     ... ... ... ... 
20001728:	20001720 20001720 20001728 20001728      ..  .. (.. (.. 
20001738:	20001730 20001730 20001738 20001738     0.. 0.. 8.. 8.. 
20001748:	20001740 20001740 20001748 20001748     @.. @.. H.. H.. 
20001758:	20001750 20001750 20001758 20001758     P.. P.. X.. X.. 
20001768:	20001760 20001760 20001768 20001768     `.. `.. h.. h.. 
20001778:	20001770 20001770 20001778 20001778     p.. p.. x.. x.. 
20001788:	20001780 20001780 20001788 20001788     ... ... ... ... 
20001798:	20001790 20001790 20001798 20001798     ... ... ... ... 
200017a8:	200017a0 200017a0 200017a8 200017a8     ... ... ... ... 
200017b8:	200017b0 200017b0 200017b8 200017b8     ... ... ... ... 
200017c8:	200017c0 200017c0 200017c8 200017c8     ... ... ... ... 
200017d8:	200017d0 200017d0 200017d8 200017d8     ... ... ... ... 
200017e8:	200017e0 200017e0 200017e8 200017e8     ... ... ... ... 
200017f8:	200017f0 200017f0 200017f8 200017f8     ... ... ... ... 
20001808:	20001800 20001800 20001808 20001808     ... ... ... ... 
20001818:	20001810 20001810 20001818 20001818     ... ... ... ... 
20001828:	20001820 20001820 20001828 20001828      ..  .. (.. (.. 
20001838:	20001830 20001830 20001838 20001838     0.. 0.. 8.. 8.. 
20001848:	20001840 20001840 20001848 20001848     @.. @.. H.. H.. 
20001858:	20001850 20001850 20001858 20001858     P.. P.. X.. X.. 
20001868:	20001860 20001860 20001868 20001868     `.. `.. h.. h.. 
20001878:	20001870 20001870 20001878 20001878     p.. p.. x.. x.. 
20001888:	20001880 20001880 20001888 20001888     ... ... ... ... 
20001898:	20001890 20001890 20001898 20001898     ... ... ... ... 
200018a8:	200018a0 200018a0 200018a8 200018a8     ... ... ... ... 
200018b8:	200018b0 200018b0 200018b8 200018b8     ... ... ... ... 
200018c8:	200018c0 200018c0 200018c8 200018c8     ... ... ... ... 
200018d8:	200018d0 200018d0 200018d8 200018d8     ... ... ... ... 
200018e8:	200018e0 200018e0 200018e8 200018e8     ... ... ... ... 
200018f8:	200018f0 200018f0 200018f8 200018f8     ... ... ... ... 
20001908:	20001900 20001900 20001908 20001908     ... ... ... ... 
20001918:	20001910 20001910 20001918 20001918     ... ... ... ... 
20001928:	20001920 20001920 20001928 20001928      ..  .. (.. (.. 
20001938:	20001930 20001930 20001938 20001938     0.. 0.. 8.. 8.. 
20001948:	20001940 20001940 20001948 20001948     @.. @.. H.. H.. 
20001958:	20001950 20001950 20001958 20001958     P.. P.. X.. X.. 
20001968:	20001960 20001960 20001968 20001968     `.. `.. h.. h.. 
20001978:	20001970 20001970 20001978 20001978     p.. p.. x.. x.. 
20001988:	20001980 20001980 20001988 20001988     ... ... ... ... 
20001998:	20001990 20001990 20001998 20001998     ... ... ... ... 

200019a8 <_impure_ptr>:
200019a8:	200019b0 00000000                       ... ....

200019b0 <_impure_data>:
200019b0:	00000000 20001d08 20001d70 20001dd8     ....... p.. ... 
	...
20001a48:	00000001 00000000 abcd330e e66d1234     .........3..4.m.
20001a58:	0005deec 0000000b 00000000 00000000     ................
	...

20001af0 <print_mutex>:
	...
