:020000041000EA
:10000000002008205D0100101301001015010010F0
:100010001101001011010010110100101101001058
:10002000110100101101001011010010C175001024
:1000300011010010110100104175001089720010AB
:100040001D0100101D0100101D0100101D010010F8
:100050001D0100101D0100101D0100101D010010E8
:100060001D0100101D0100101D0100101D010010D8
:100070001D0100101D0100101D0100101D010010C8
:100080001D0100101D0100101D0100101D010010B8
:100090001D0100101D0100101D0100101D010010A8
:1000A0001D0100101D0100101D0100101D01001098
:1000B0001D0100101D0100101D0100101D01001088
:1000C0001D0100101D0100101D0100101D01001078
:1000D0001D0100101D0100101D0100101D01001068
:1000E0001D0100101D0100101D0100101D01001058
:1000F0001D0100101D0100101D0100101D01001048
:100100001D0100101D0100101D0100101D01001037
:1001100000BE00BE00BE00BE00BE00BEEFF3058004
:10012000103800BEF2EB8871208600104486001063
:10013000A801001090A31AE7D3DEFFFF42012110AF
:10014000FF010000F49E0000793512AB4FF0000073
:100150002049086006C881F3088810474FF05040D6
:10016000006810B14FF00000F2E70FA40ECC002998
:1001700002D000F015F8F9E71749184A002000E00E
:1001800001C19142FCD1002080F30A8814498847BC
:10019000144988471449884700BEFDE701C901C2D8
:1001A0009A42FBD3704700BF448600101001002024
:1001B000F81A00202CA000100000082000000820E1
:1001C0002CA00010001008200010082000000000E3
:1001D0007047000008ED00E0F81A0020742A0020A3
:1001E000F931001089030010F1310010F8B500BF9B
:1001F000064B0749C91A891048BF0131491003D07D
:10020000044B0BB101481847704700BFF81A002093
:10021000F81A00200000000008B5054B1BB1054985
:100220000548AFF30080BDE80840FFF7E1BF00BF1D
:10023000000000009C2800209C810010F0B50123E4
:100240002DED068B4FF0A04008219FED23AADFED96
:10025000239A9FED239ADFED238AB3EE0B8A0026C3
:10026000214A224D1468224AA340224C85B004F151
:100270002007C0F80C34116034F802CF002307EED9
:1002800090CAF8EEE77A67EE8A7A87EEA97A37EEB7
:10029000497AC7EE287A78EE677A286801AA02A917
:1002A000CDED037AADF808C0019605F0DDFD019BA8
:1002B0005BB14FF0E0234FF08052A742C3F8042D0A
:1002C000DAD105B0BDEC068BF0BDA742D4D105B0A4
:1002D000BDEC068BF0BD00BF3333534000F07F45CB
:1002E0006ABC343F2D93E13A782400208029002015
:1002F00000300A40F623002080B5114C114F124EF9
:10030000124D236883F4804303F470433360236801
:10031000DA05FCD5A368DB0503D4E368A368DB0535
:10032000FBD501234FF0A04C0822396841F28830F8
:100330008B40CCF850342A6006F054FBE1E700BF54
:1003400000000A407824002000100A4000200A40E3
:1003500000B50B4C85B04FF0FF32206802A905F0C4
:10036000C7FD0128F7D1039807F0CEFE0B46BDF874
:10037000081002460091034803F02AF9EBE700BF9A
:1003800080290020A081001080B50227082482B0B7
:1003900003F05AF8314E40F6B83000F0ADFE05F0EB
:1003A000C3FC2F4B37609B682E4D83F080732E4922
:1003B0002E4A83F009032B408B600120146005F066
:1003C000CBFC034601251027294ADFF8C89002EA32
:1003D0004332DFF8C4E04FEA831CDFF8C080254ECB
:1003E00042F4C0020CF1A04C42F04502C9F80030C2
:1003F00005FA03F3CCF800800A20CCF804E01E498B
:10040000CCF80870CCF81020C6F8043400F05EF97F
:1004100029460A2000F018F900224020214605F064
:10042000E7FC164B1860A8B100244FF480722346F5
:10043000134914480095019406F02AF94FF480728C
:1004400023461149CDE90054104806F021F906F081
:10045000A1F9FEE70E4803F03BF8FEE700200A4052
:1004600000000A400F00000F00100A4000300A4050
:10047000FDFF01FC002000503D02001080290020FB
:10048000DC810010F9020010E88100105103001017
:10049000C481001078240020F82300200C000A40BA
:1004A0000FB400B583B0049C074803F011F83CB1C9
:1004B00005A92046019102F06BFE044803F008F8FC
:1004C000012002F07DFE00BFF481001004820010C4
:1004D00070B58646EFF3108572B6124CD4E8CF6F34
:1004E0000120002EFAD1C4E8460F002EF6D1BFF34A
:1004F0005F8F4FF0010CC80801F007030CFA03F3FB
:100500001EF800C01CEA030608D14CEA030C0EF8E2
:1005100000C0C4E88F6F85F3108870BD1046FFF7E8
:10052000BFFF00BFEF1F0020F8B5EFF3108772B6D2
:100530001C4ED6E8CF5F0124002DFAD1C6E8454F06
:10054000002DF6D1BFF35F8F9A421BD8012502E040
:100550000132934222D3D40810F804E002F0070CD1
:1005600005FA0CFC1EEA0C0FF2D14EEA0C0E00F854
:1005700004E010460023C6E88F3F87F310889842B6
:1005800007DBF8BD0023C6E88F3F87F310884FF0E4
:10059000FF300029F5D00698FFF782FF4FF0FF30BB
:1005A000E8E700BFEF1F0020044A1078431CDBB2CD
:1005B000182B28BF10231370704700BFF8140020B9
:1005C00010B5054C82B001461F2318220094034841
:1005D000FFF7AAFF02B010BD0882001020240020FF
:1005E0004FF0E022936843F000539360704700BFE0
:1005F0000021044B03F12002C3E88F1F0133934213
:10060000FAD17047E41F00204FF0E0234FF0803212
:10061000C3F80024C3F80424C3F80824C3F80C2446
:10062000C3F81024C3F81424C3F81824C3F81C24F6
:10063000C3F82024C3F82424C3F82824C3F82C24A6
:10064000C3F83024704700BF012300F01F0293401D
:10065000400941B1800000F1604000F56140C0F800
:10066000803103607047024A203042F820307047E2
:1006700000E100E00123064A410952F8212000F080
:100680001F0003FA00F01040003818BF0120704727
:1006900000E100E001224309034900F01F0082400D
:1006A000403341F82320704700E100E0054A103054
:1006B0009268054B52F82000C01A2F288CBF0020EA
:1006C0000120704700ED00E0FC140020F8B50D4655
:1006D000EFF3108772B6124ED6E8CF2F0123002A0F
:1006E000FAD1C6E8423F002AF6D1BFF35F8F0D4B27
:1006F00000F110049B680C4A53F82430934203D055
:10070000994201D000F078FF064B9B6843F82450D3
:10071000BFF35F8F0023C6E88F3F87F31088F8BDD3
:10072000ED1F002000ED00E01D0100102DE9F04F4D
:1007300081468B46164683B0EFF3108372B6DFF81E
:10074000D0A10093DAE8CF1F01230029FAD1CAE82B
:10075000413F0029F6D1BFF35F8F664B93F900400C
:10076000002CC0F2A080644D04EB440705EB870821
:1007700098F8061009F110091970604BBF009B68CA
:1007800053F829006300411B2F292FD95C49884267
:1007900040F0A4801C445B4B02372F44043BDB1B1E
:1007A000C3F34A036FEAC3434FF421416FEAD343D3
:1007B00025F8241005EB840463804BF60153A380D5
:1007C000FF2348F00100E671C4F808B0A3714B4B59
:1007D0009B6843F82900BFF35F8F0023CAE88F3F6F
:1007E000009B83F3108803B0BDE8F08F20F0010E6A
:1007F0009EF80710B1422ED84FF42143EB53414BE2
:10080000B91C2944043B04375B1A2F44AEF10401A0
:10081000C91BC1F34A043C49C3F34A030B432143B8
:10082000A8F804103949A8F802304AF6AA207346FD
:100830005B1B5B415843000D88F8076088F8060091
:10084000C8F808B048F00100CEF80010BFE7D17931
:10085000B1422ED996469EF906C00CEB4C02BCF173
:10086000000F05EB8202F2DA4BF601510EF10402A1
:10087000A8F10407BF1AC7F34A076FEAC7476FEA30
:10088000D7478EF8064003EB0408204C05EB88039D
:10089000AEF8047045F82840998083F806C0DE71F0
:1008A000C3F808B093E700F0A7FE124B93F900409D
:1008B00059E7724632F8041F490514D4491502312C
:1008C00002EB410101916FF00701C91B019F491B18
:1008D0003944C1F34A0141F46041C9E7019300F092
:1008E0008BFE019B56E701F5FF1101F5FF511F310A
:1008F000E4E700BF6D2A0020FC14002000ED00E0BA
:100900001D0100102C15002000E0FFFF014880476A
:10091000ED1F0020F0B5EFF30585EDB2EFF3108C7D
:1009200072B62649D1E8CF2F0123002AFAD1C1E8B7
:10093000423F002AF6D1BFF35F8F214E40F0010EF7
:10094000B4684AF6AA2354F825701E4A0446A41A2D
:10095000644163431B0D77455BB21BD092F906409F
:100960009C421CD092F912409C4223D092F91E4026
:100970009C4221D092F92A409C4208BF03240FD008
:10098000114A0024157813708571C1E88F4F8CF3DC
:100990001088F0BDB2680D4C42F82540F0E7002405
:1009A00004EB440402EB8402FF2494714BF60154DF
:1009B0009480E5E70124F3E70224F1E7ED1F00202E
:1009C00000ED00E0FC1400206D2A00201D01001045
:1009D00010B5074C82B0014605230022009405485B
:1009E000FFF7A2FD0028A8BFC0F1330002B010BD80
:1009F00024820010712A0020014B0B4403607047D1
:100A0000E41F002070B5104C104DAC420ED2FF26F2
:100A1000236863B1FFF7C8FD01462046FFF7ECFFEE
:100A2000A680BFF35F8F0834AC42F1D370BDFFF7EF
:100A3000BBFD01462046FFF7DFFF2671BFF35F8F46
:100A40000834AC42E4D370BDF01A0020F81A00203C
:100A500010B50446FFF7A8FD01462046FFF7CCFF7E
:100A6000FF232371BFF35F8F10BD00BF10B5044695
:100A70000120FFF7A5FD034B03442360BFF35F8F05
:100A800010BD00BFE41F0020024B0B440360BFF306
:100A90005F8F7047E41F00200D4B1A68EFF3108141
:100AA00072B6D2E8CFCF0120BCF1000FF9D1C2E875
:100AB0004C0FBCF1000FF4D1BFF35F8F00221B6815
:100AC000C3E88F2F81F3108840BF002000217047BA
:100AD00074290020000000002DE9F04F2DED028B5D
:100AE00085B0EFF30583DBB2103B9A0818BF0122F3
:100AF0004FF0010103F0030B18BFAF4DAF4B08BF20
:100B0000AF4D0BEB820253F8226001FA0BF205F5B0
:100B100041539FEDA78B01925A602FE0B3881C04CC
:100B200040F19380B379002B40F0DD80B6F90820C6
:100B3000002AC0F21E81736902EB420203EBC2037A
:100B4000D3E90247B7F1FF3F08BFB4F1FF3F0ED032
:100B500005EB8B01AB6A0A69D21AE31A934205D3FB
:100B600001232A6A03FA0BF3134200D10C612846D1
:100B700000F0ACFBA042B941C0F2FB80B6F90830EE
:100B8000019A002B0093EA63C8DBD6F8148003EBCC
:100B90004309284608EBC907D7E9024A00F096FB4B
:100BA000A04271EB0A01B9DBBAF1000FC0F2C380B9
:100BB000D7E90431834A934200F0ED807A88B6F990
:100BC000080092B242EA0040984702460B4652EAB9
:100BD000030100F0B080002B80F2D180B4EB020E54
:100BE0006AEB030A38F93930C7E902EA002B95DBD2
:100BF000716903EB430201EBC202D2E90270BE4508
:100C00007AEB000C4FEA430288DBB4462CF8083F2D
:100C100006E003EB430001EBC0005A00D0E902708C
:100C2000BE451A447AEB000001EBC20404DB31F943
:100C30003230A446002BECDA28F83930009BACF8AF
:100C40000030B3881C043FF56DAF3369EFF31082B9
:100C500072B6D3E8CF0F01210028FAD1C3E8401FB4
:100C60000028F6D1BFF35F8F4FF6FF74B0880023E2
:100C7000316900B2B480C1E88F3F82F31088984296
:100C8000FFF650AF0746A946746906F1080807EB5E
:100C9000470E04EBCE03D3E90250B6F90830C44640
:100CA000002B13DBB246009704E034F9363094464B
:100CB000002B09DB03EB430604EBC602D2E9027109
:100CC000BD4270EB0101F0DA5646009FACF80070AF
:100CD00034F93E7024F83E30002FD8DAB3794D460F
:100CE000002B3FF423AF0023B371B6F9083006F1AF
:100CF0000808581C3DD01A46776903E08046591C05
:100D00003FF416AF03EB430107EBC100B0F802C09C
:100D10001C461CF4004F9E4637F93130EED0944209
:100D200080ED028B05D0A8F80030328927F83120F9
:100D300034817246E3E738F8393033813369EFF3B1
:100D4000108272B6D3E8CF0F01210028FAD1C3E890
:100D5000401F0028F6D1BFF35F8F7388316928F8F0
:100D60003930009B73800023C1E88F3F82F31088E5
:100D7000D4E640BF05B0BDEC028BBDE8F08F28463D
:100D8000CDE9022300F0A2FA029A039B10EB020EB7
:100D900043EB010A26E708460B69029198470028B1
:100DA000C9D00299D1E9002311E700BFAFF3008059
:100DB000FFFFFFFFFFFFFFFF00800B40BC2800206C
:100DC00000000B40D90A00102DE9F84F364C256978
:100DD0002DB1BDE8F84F0A213448FFF70DBEDFF80A
:100DE000E4800321404600F05FFA0326C4F80C803B
:100DF000FFF7DAFB4FF0504C2D4B26700344236174
:100E0000DCF800300F216370636961801D834FF04F
:100E10000405A3F878504FF00505A3F890504FF063
:100E20000605A3F8A8504FF007050E214FF6FF72F4
:100E300008274FF00A0EA3F8C0504FF001094FF0F9
:100E40000C0C4FF0020B4FF0090A0D204FF00B0570
:100E5000A3F868111749A280A3F808E1A160A3F8DC
:100E600048B0A3F8F0A0A3F82051A3F838C1A3F824
:100E70005001A3F83090A3F86060A3F8D8701A80EE
:100E80000D4B3046C8F820700C49DC60FFF71EFCA3
:100E900049463046FFF7D8FB094B0A211F64034837
:100EA000BDE8F84FFFF7A8BD4415002074290020C5
:100EB000E41F0020FFFF1000BC280020D90A00100A
:100EC00000200B4000000B400048704744150020F4
:100ED000F8B59DF82050044617461E4635B900F077
:100EE000FDF9874266EB010100295CDB2169EFF324
:100EF000108372B6D1E8CF0F01220028FAD1C1E8E1
:100F0000402F0028F6D1BFF35F8FB4F90220656946
:100F100002EB4201002A4FEAC10C206905EBC10136
:100F200039DB35F80CE0A4F802E04FF0000EC0E821
:100F30008FEF83F310884888069B0130C0F30E00C2
:100F4000012838BF01200B61079B48804B61C1E934
:100F5000027640EA02402369EFF3108172B6D3E8CB
:100F6000CF7F0126002FFAD1C3E8476F002FF6D1BB
:100F7000BFF35F8FA38825F80C30A2802369C3E8F4
:100F80008FEF81F310880122E368217803F5015384
:100F90008A405A60F8BD0022C0E88F2F83F3108882
:100FA0004FF0FF30F8BD2846F8BD00BF0146F0B550
:100FB0000069EFF3108772B6D0E8CF5F0124002DEF
:100FC000FAD1C0E8454F002DF6D1BFF35F8FB1F9DC
:100FD00002E04C690EEB4E0CBEF1000F4FEACC055F
:100FE000086904EBCC0C3CDB665B4E800026C0E855
:100FF0008F6F87F31088BCF80200CCE90223013020
:10100000C0F30E00012838BF0120059BACF8020098
:10101000CCF81030069B40EA0E40CCF814300B6937
:10102000EFF3108272B6D3E8CFCF0127BCF1000FE7
:10103000F9D1C3E84C7FBCF1000FF4D1BFF35F8F4F
:101040008B886353A1F804E00B69C3E88F6F82F3C8
:1010500010880122CB68097803F501538A405A6051
:10106000F0BD0023C0E88F3F87F310884FF0FF30BA
:10107000F0BD00BF03464089B0EB214F37DD586912
:101080000A1402EB420210B500EBC2001C69EFF338
:10109000108C72B6D4E8CFEF0122BEF1000FF9D167
:1010A000C4E84E2FBEF1000FF4D1BFF35F8F42882A
:1010B00089B292B28A4207D000221B69C3E88F2FFF
:1010C0008CF31088002010BD42F4004242800121C0
:1010D000002218699971C0E88F2F8CF310881C7852
:1010E000DA68084602F50153A140596010BD00209E
:1010F000704700BF407870472DE9F04182B0064646
:1011000000F0ECF84FF47A7304464FF0FF306FF0C4
:101110000042E6FB0341A04272EB01033ABF0446E2
:1011200015460D46A61F45F1FF37B44275EB070380
:101130003CBF0026374600F0D1F8301A67EB0101BA
:10114000012871F1000106DA2046294602B0BDE807
:10115000F04100F0CDB800F0C1F8864267EB010124
:1011600000290ADB0021174B3246009316483B4604
:101170000191FFF71BFF0130E6D04FF0000C134A3E
:101180001349536A9F4204D8906AB042DCD29F420E
:10119000DAD10B68EFF3108072B6D3E8CF8F5FF02F
:1011A000010EB8F1000FF8D1C3E848EFB8F1000F15
:1011B000F3D1BFF35F8F0B68C3E88FCF80F3108844
:1011C00020BFDEE7990A00104415002000000B4004
:1011D000742900202DE9F04306460D4683B0EFF355
:1011E0000584E4B23CB12D4B5A6AAA421CD20020BD
:1011F00003B0BDE8F0832A4FD7F80C9097F8008031
:10120000484600F063F808F1040859F828301B1A22
:10121000301A65EB0101984271F1000110DB20BF2B
:101220001E4B5A6AAA42E2D314BF012400249B6ACF
:10123000B34234BF204644F0010003B0BDE8F08360
:1012400000F04CF8864265EB0101002914DB154BD8
:101250003846CDE9003432462B46FFF7A7FE011E83
:101260000ADD0E4B5A6AAA4216D39B6AB34211D3C7
:101270000B48FFF7FFFEB6E7084B5C6AAC42B6D3FB
:10128000641B18BF01249B6AB34234BF204644F05C
:101290000100ADE7AA42EBD120BFE9E700000B4017
:1012A00044150020990A001010B4054B054C064A5D
:1012B000A04214BF1846581C5DF8044BFFF708B94C
:1012C0002424002000800B40408200100346416A25
:1012D0000A46986A596A8A42FAD17047034B596A9A
:1012E0000A46986A596A9142FAD1704700000B4049
:1012F000074A536A9942FCD8994207D1044B02E04D
:101300005A6A914202D19A6A9042F9D8704700BF56
:1013100000000B4000EB400C4FEA8C0C0CF1804CB1
:101320000CF5803CF0B51646DCF80420051FB2F53C
:10133000803F38BF4FF48032EDB238BFCCF8042084
:10134000012D2AD94FF40067254C0CF54052176047
:1013500054F82020B2B9DCF80020012D82EA4612B0
:1013600002F0E0020CF5805632602AD94FF4006199
:1013700044F820304FF480330CF500521160CCF863
:101380000430F0BD6769B7FBF2FE0EF1010E0EEB03
:101390004E0EBEF1030EFCD2DDE70129D2D10324AB
:1013A0000CF540521460DCF80820D207FBD5DCF8BD
:1013B00000200B4C82EA461202F0E0020CF5805647
:1013C00032600122DCF800504D4005F00305356025
:1013D00002FA01F1DCF808200A42FBD0C6E700BFA0
:1013E00028240020014B53F82000704728240020B7
:1013F00070B4039D04682D0345EA03451B4B002C84
:10140000B3FBF1F3B2FBF3F61FDB194A194B904221
:1014100014BF4FF480424FF40042174C1A6003F59A
:1014200080531A60A36832EA0303FBD1212200F53E
:1014300040530433016086601A600268002AFCDAB7
:101440000822C5601A6070BC7047036803F03F0350
:101450008B42DAD18368C3F30B03B342D5D1C3689F
:1014600003F4EE23AB42D0D1EDE700BF001BB70081
:1014700000800540002002400000024030B44FF0E0
:1014800080441C4B1C60E0B11B4CA3F54053DC6155
:101490001A4C40F0010044401C62596298624FF0BF
:1014A00080454FF0E061134B1548164C1D60846079
:1014B00019604AB930BC4FF00042A3F580531A605E
:1014C0007047114BD861EAE74FF47A7303FB02F2DD
:1014D000B2F1807F2ABF6FF07F4313461A464FF068
:1014E00080410A4C08482360094B426030BC1960B7
:1014F000704700BF00B00D40D3C007B02D3FF84F7C
:1015000000A00140F3FFFF0100800D40942800205F
:1015100000A00D40012300EB4000800000F180405E
:1015200000F5841041600360704700BF002370B570
:10153000DB8A04460D46002242E800F2520254BF04
:101540001021042144F25220984786462B46224619
:10155000F446BDE870400A214FF48170604700BF37
:101560000023DB8A002242E800F2520201D410215B
:1015700018470421184700BF08B503460846191E3E
:1015800002DB1AB140F03000FFF7D0FF40F020003E
:10159000FAE700BF034AD2F82838002BFBD0BFF38C
:1015A0005F8F704700000E400021044B044ABFF3D8
:1015B0005F8F43F8041B9342F9D170470C080E402B
:1015C0002C080E4010B44FF48D704FF42A64064A74
:1015D000064B07491460D06019605368002BFCDA91
:1015E0005DF8044B704700BF0080044000A0044039
:1015F00000B0FA00704700BF08B50148FEF750FF81
:101600006482001038B5054C054DAC4204D254F844
:10161000043B9847AC42FAD338BD00BF508100105C
:101620009081001010B40748074C084B084A09493C
:1016300004601A608B6832EA0303FBD15DF8044B47
:10164000704700BF002002407F3BEFEF00300240B8
:10165000F6FFF30300000240044BDB6CB3F5004FD0
:1016600003D14FF48022024BDA647047000011501E
:10167000002011504FF0E022044BD2F8881D0B439C
:10168000C2F8883D10EE3004704700BF03033000FD
:101690006FF06041044B054A19609368DB4333F0F7
:1016A0006043FAD1704700BF0030024000000240A2
:1016B00010B545F25320FFF753FFBDE81040034635
:1016C0000420184710B545F25320FFF749FFBDE845
:1016D0001040034601201847FEF78ABF10B5054B9E
:1016E000054C4FF488721846A16806F00FFBA06005
:1016F00010BD00BF0000002000ED00E0002370B529
:101700002B4C82B0C4F88430FFF75CFF0122294BD8
:10171000DA63636C012BFCD10321264A244B11634D
:101720009C6B012CFCD10226052521460523224A6B
:1017300022480096FFF75CFE21462B46204A2148AE
:101740000095FFF755FE0022042031461E4BFFF79F
:10175000E1FD2146284600221C4BFFF7DBFD00225D
:10176000082011461A4BFFF7D5FD0022092011462B
:10177000174BFFF7CFFD002206201146134BFFF752
:10178000C9FD0022114B07201146FFF7C3FD0420BD
:10179000FFF728FE00240F4BA3FB0035AD0CE0B291
:1017A00029460134FFF7B6FE062CF8D102B070BD11
:1017B0000000014000300140002F68590000054042
:1017C000008C864700800540001BB70080D1F008E0
:1017D000006CDC0283DE1B4386B003B451FC0804BA
:1017E000CDE9020151FC0904CDE9040151EC0A04E0
:1017F000CDE9060103BCF047BDE800504EEC00C443
:10180000BDE800504EEC01C4BDE800504EEC02C4EF
:1018100000BD000000B5FFF7DFFF02E010FE30F46E
:10182000F8D441EC100443EC112400EE010410EE56
:10183000010480EE200451EC1004704700B5FFF75E
:10184000CBFF02E010FE30F4F8D441EC100443EC7E
:10185000112400EE010410EE210480EE200451EC6E
:101860003004704700B5FFF7B7FF02E010FE30F418
:10187000F8D410B541EC100443EC112451EC0404ED
:1018800053EC0524A0FB024C5FF0000EE0FB03CEFE
:10189000E1FB02CE4CEC20440024E1FB03E444ECE9
:1018A00030E480EE200451EC5004BDE81040704755
:1018B00000B5FFF791FF02E010FE30F4F8D441ECE0
:1018C000100443EC112451EC2104A0FB01126FEA37
:1018D000820252FB100052FB12F252FB1000A0EBEE
:1018E000D07C53EC04245CFB13F153EC1524A1FBD6
:1018F000022001FB030053EC4424A2EB000050FB48
:101900001CF24FEA111312EB017043EBE27140EA53
:10191000515020EA915020F0070053EC7524A0FBB1
:10192000023C53EC752400FB03CC01FB02CC53ECCE
:101930000424ACEB824C40EA5C70A0F1010041EC65
:10194000400480EE200451EC7004704700B5FFF7AE
:1019500043FF02E010FE30F4F8D440EC700400EED7
:10196000010410EE210480EE200451EC3004704795
:1019700000B5FFF731FF02E010FE30F4F8D440EC80
:10198000600400EE010410EE210480EE200451EC0E
:101990003004704700B5FFF71FFF02E010FE30F47F
:1019A000F8D441EC800400EE010410EE010480EE56
:1019B000400410EE1304704700B5FFF70DFF02E07E
:1019C00010FE30F4F8D441EC800400EE010410EE77
:1019D000010480EE400410EE3304704700B5FFF7B9
:1019E000FBFE02E010FE30F4F8D441EC100443ECAE
:1019F000112400EE010410EE3004C0F300707047B3
:101A000000B5FFF7E9FE02E010FE30F4F8D443EC35
:101A1000102441EC110400EE010410EE30F48CBFF0
:101A200001200020704700BF00B5FFF7D5FE02E09F
:101A300010FE30F4F8D443EC102441EC110400EE15
:101A4000010410EE30F42CBF01200020704700BFCD
:101A500000B5FFF7C1FE02E010FE30F4F8D441EC0F
:101A6000100443EC112400EE010410EE30F42CBFFE
:101A700001200020704700BF00B5FFF7ADFE02E077
:101A800010FE30F4F8D441EC100443EC112400EEC5
:101A9000010410EE30F48CBF01200020704700BF1D
:101AA00010B5044605F0E2FD28B10346034A23447D
:101AB000934200D810BD0248FEF7F2FC0000082057
:101AC0007082001005F0DABD704700BF2DE9F04FBD
:101AD00083B09946DDE90DAB0F9B884611469A0706
:101AE000074616D1DA453AD20C460D46ABEB0A064C
:101AF0000E4422464B46414620200134B847B442AA
:101B0000F7D12946BAF1000F08D1204603B0BDE84D
:101B1000F08F0C46BAF1000F10D00E4655460C9BC4
:101B20002E449A440191721B4B46013D41461AF8DE
:101B3000010D3446B847002DF5D101990F9B9B0745
:101B4000E3D5651AAB45E0D922464B4641462020F5
:101B50000135B8475D4504F10104F5D3D5E70C46DE
:101B6000BAF1000FD9D1D0E72DE9F04F0F9FDDF882
:101B7000248017F0020F0A9C9DF82CA00E9DDDE931
:101B80000C9644D1F5BBB44241D207F0010B04F1ED
:101B9000FF3C4FF0300EC44404E00134A6420CF880
:101BA00001EF01D9202CF8D1BBF1000F00F08880A3
:101BB000A5422CD904F1FF3C4FF0300EC44404E0A0
:101BC0000134AC420CF801EF21D0202CF8D117F0F1
:101BD000100F0ED017F4806F54D1A64263D0A542E7
:101BE00061D0B9F1100F50D0B9F1020F56D0202CAE
:101BF00029D12024CDE90B57CDE90984BDE8F04F68
:101C0000FFF764BF17F0010B34D1B442BFD317F014
:101C1000100F1ED017F4806FE3D1002CDDD1B9F185
:101C2000100F63D0B9F1020F77D0302488F800404C
:101C30000124BAF1000F11D17E0748D52B2608F8F0
:101C400004600134D6E7264601344FF0300C08F822
:101C500006C0202CCDD0BAF1000FEDD02D2608F80B
:101C600004600134CDE90B57CDE90984BDE8F04F9C
:101C7000FFF72CBFBAF1000F30D0B44205F1FF35A9
:101C800085D395E7B9F1100FB3D1BE063BD5202C13
:101C9000AFD0582608F804600134A8E7202CA8D05B
:101CA0002646013407E0661EB9D0B9F1100F36D0D0
:101CB000B9F1020FC9D14FF0620C08F806C096E7DF
:101CC00017F0100FC5D017F4806F86D089E73E0754
:101CD00090D5202608F8046001348BE717F00C0F2C
:101CE00000D0013DB442FFF452AF61E7BC0612D40C
:101CF000782488F80040302488F801400224BAF1A2
:101D0000000F99D0AAE7202C3FF473AF782608F88B
:101D1000046001346BE75824EBE76224E9E717F02D
:101D2000200FA4F1020C04D04FF0580E08F80CE07C
:101D30008BE74FF0780E08F80CE086E700B97047A3
:101D400001F084BB10B1D1E900311847704700BFE2
:101D50002DE9F04F97B09DED207BDDE9225B074632
:101D6000884651EC170B249C99460C920B46024670
:101D70008DED047B0794FFF735FE002840F0F481D9
:101D8000DDE904014FF0FF326FF48013FFF73CFEF2
:101D9000002840F01B81DDE904014FF0FF32AC4B1D
:101DA000FFF76EFE002840F0EE80DDE90401A4A3F9
:101DB000D3E90023FFF764FE002840F0D380DDE97B
:101DC0000401A1A3D3E90023FFF71EFE002840F081
:101DD000C980DDE9040100220023FFF715FE002879
:101DE00040F0E88023460D9013F4806F08BF06256D
:101DF00030212B460EAAA5F1200605E0013BB34297
:101E000002F8011B00F09381092BF7D81E46ED1A4A
:101E1000DDE90401FFF7C2FD8E4B044603EBC60368
:101E200093ED007B8DED087BFFF794FD02460B469A
:101E3000DDE90401FFF706FDDDE90823FFF716FDE4
:101E400002460B46CDE90A23FFF7BAFD8246FFF7AB
:101E500093FD02460B46DDE90A01FFF7F3FC02465B
:101E60000B46CDE90A2300227B4BFFF709FE002831
:101E700000F0FE800AF1010A5046FFF77DFD0246A0
:101E80000B46DDE90801FFF7D3FD10B14FF0000A62
:101E90000134002E00F0FD80681E0EABDFF8CCC1CF
:101EA00018440FE0ACFB0A21C90801EB8102AAEB40
:101EB00042023032BAF1090F00F8012F40F21C81C2
:101EC0008A461D46202D05F1010306F1FF36E9D1B2
:101ED0002025691E0EAB6148194410E080FB0462A6
:101EE000C3EBA20303EB8302A4EB420404F1300230
:101EF00001351C4601F8012F002B00F0EB80202D4E
:101F00004FEAE473EAD1079B03F00303012B18D1D6
:101F1000BBF1000F15D00D9B002B00F00A810BF1D7
:101F2000FF3BBBF1200F0CD96B1E0EA930220B44D6
:101F300005E001355D4503F8012F80F0D180202DAB
:101F4000F7D1079B0EACCDE902B341464B4638466C
:101F50000C9A01950094FFF7B9FD8246504617B0E0
:101F6000BDE8F08F079B9DED047BCDE923B341468F
:101F70004B4638460C9A8DED207B229517B0BDE874
:101F8000F04F00F045B9610723464CBF04230323FB
:101F90004146219338464B46079A48BF304CCDE91D
:101FA00022B258BF2F4C0C9A209417B0BDE8F04FC6
:101FB000FFF78CBDDDE9042300200021FFF742FC80
:101FC0000123CDE904010D9323460DE723469C0729
:101FD00040F0AA80BBF1040F40F2A6800C9B1D4686
:101FE0001C1F04EB0B0A2A464B46414620200135B4
:101FF000B847AA45F7D155461B4C261F14F8010DCA
:102000002A464B464146B847B44205F10105F5D191
:10201000079B0AF1040A9807A0D50C9CAAEB0403BD
:102020009B459BD952464B46414620200AF1010A66
:10203000B847AAEB04035B45F4D38FE7AFF3008006
:102040000000000065CDCD410000000065CDCDC190
:10205000FFFFEF7F088400100000E03F67666666C0
:10206000C4820010CC820010D8820010CDCCCCCC21
:102070000022DDE90A01634BFFF7C6FC00287FF46C
:1020800008AFBAF1000F6AD10AF1010A002E7FF4FD
:1020900003AF2046FFF75EFC02460B46DDE9040174
:1020A000FFF7D0FB02460B46CDE904230022554B37
:1020B000FFF7AAFC00287FF40CAFDDE90401002241
:1020C000504BFFF7DDFC00287FF403AF013424F010
:1020D0000104FEE6079B03F00303012B00F082805E
:1020E000202D3FF42EAF0D9B7BB32D220DEB05036E
:1020F00083F83820013524E7202B3FF4E9AE0EAAFF
:1021000015441E44302204E0202B05F8012F3FF433
:10211000DFAE9E4203F10103F6D12E220DEB060342
:1021200083F83820751CD4E6DDF830A063E720255D
:102130006EE6079B13F00C0F50D00BF1FF3BAB4545
:102140003FF6F2AE202D3FF4FCAE079B5A0701D5B7
:102150002B22CBE71B077FF5F4AE2022C6E71AF04F
:10216000010F3FF496AE8FE7A60734D1BBF1030F02
:1021700031D90C9B1D46DC1E04EB0B0A2A464B464C
:10218000414620200135B8475545F7D155461E4CEC
:10219000E61E14F8010D2A464B464146B847A642B2
:1021A00005F10105F5D1079B0AF1030A9D077FF5AB
:1021B000D5AE0C9CAAEB04039B457FF6CFAE5246EE
:1021C0004B46414620200AF1010AB847AAEB040316
:1021D0009B45F4D8C2E6DDF830A0D7E7AB453FF623
:1021E000A3AEAEE6BBF1000F3FF47AAF0D9B002B20
:1021F0009FD00BF1FF3B5D45FFF496AE202D7FF4A1
:1022000074AF9EE60000E03FD382001000000000A3
:102210002DE9F04F9FB02A9EDDE9284507469346F9
:102220000891099322462B46204629460E96DDE961
:102230002BA6FFF7D7FB002840F0BE80204629469A
:102240004FF0FF32784BFFF71BFC002840F0B480C2
:10225000204629464FF0FF326FF48013FFF7D4FB7E
:10226000002840F0A9802046294600220023FFF7DD
:10227000CBFB002840F0D581CDE90A45DDE90A23F2
:102280009046994606F4006216F480630F92139309
:1022900040F0A18058EA090340F0CA80002A40F0CB
:1022A000E38106230E9316F00202109240F0D481CF
:1022B0005346042B38BF04230C920422043B129291
:1022C0000F932046294600220023FFF79DFB00289C
:1022D00040F0F3819DED0A7B0F9B5A4603930E9BC2
:1022E0008DED007B029326F4006304933846099B2E
:1022F0000899FFF72DFD024616F0200F099B08995B
:102300000CBF6520452002F10108B8470C9A129BCA
:1023100016AC5D1E82EAE273A3EBE273D10F0026D6
:1023200022469946DFF804C101E0202E10D0CE46A7
:10233000ACFB0930C00800EB8003A9EB430330334A
:10234000BEF1090F814606F1010602F8013BECD807
:102350000523002006930A2305950094099D089CF7
:102360004246CDE90330CDE901612B46214638468E
:10237000FFF7FAFB109A8046D2B1A0EB0B06B245EC
:1023800016D90BEB06022B46214620200136B84712
:10239000B245F6D80BF1FF335344CBF10102A3EB66
:1023A00008034244924538BF002308F101089844CD
:1023B00040461FB0BDE8F08F5A463846CDE9284563
:1023C000CDE92BA60E9C099B08992A941FB0BDE865
:1023D000F04FFFF7BDBC58EA09032BD1002A3FF4A8
:1023E00062AF00230C930E9B0C9A934200F3B981C9
:1023F0004FF000082046294600220023FFF704FB87
:10240000002840F013819DED0A7B26F4006646F417
:1024100080668DED287B5A463846CDE92A8A099B8D
:1024200008992C96D2E700BFFFFFEF7FCDCCCCCC34
:1024300006230E93C9F30A50A0F2FF30FFF78AFA81
:10244000C1A3D3E90023FFF711FAC1A3D3E9002305
:10245000FFF7E4F9C9F31309CDE90C0149F07F5105
:1024600040460022B24B41F44011FFF7EBF9A4A320
:10247000D3E90023FFF7FAF902460B46DDE90C0128
:10248000FFF7CCF9FFF78AFA0C90FFF763FA9EA3E7
:10249000D3E9002380468946FFF7E8F90022A54BDF
:1024A000FFF7BCF9FFF77AFA034649464046129314
:1024B00097A3D3E90023FFF7D9F9804612988946FC
:1024C000FFF748FA94A3D3E90023FFF7CFF90246B8
:1024D0000B4640464946FFF7B5F902460B46804693
:1024E0008946FFF7C3F942464B46CDE91001404605
:1024F0004946FFF793F90022CDE91401DDE9100107
:102500008D4BFFF7D9F900228C4BFFF787F9024674
:102510000B46DDE91001FFF7CFF90022884BFFF7EA
:102520007DF902460B46DDE91001FFF7C5F9424689
:102530004B468046894600204FF08041FFF782F9E4
:1025400002460B4640464946FFF768F902460B46ED
:10255000DDE91401FFF7B0F900227A4BFFF75EF9CD
:10256000129B002203F2FF3C4FEA0C53FFF77EF967
:1025700080468946DDE90A0142464B46FFF744FAA8
:1025800050B10C9B4046013B49460C9300226B4BDB
:10259000FFF792F9804689460C9A43466332C62A71
:1025A00006F00202109249460F9A2CD8002A5ED0FB
:1025B000042212920B433FF416AFDDE90A0158A33F
:1025C000D3E90023FFF748FA48B1DDE90A0156A331
:1025D000D3E90023FFF718FA00287FF404AF0E9B1D
:1025E000002B50D0139A002A7DD0013B0E93129BF2
:1025F0009A4505D9109B002B00F0AE800223109362
:1026000000230F9344E022BBBAF1050F4FD906F027
:102610000203002B49D105231293AAF105030F935E
:102620003AE005F100430A940B9327E626F400668E
:1026300046F4806638462C96DDE90A67344607F191
:1026400000455A46CDE92A8ACDE92845099B0899D3
:10265000BCE605221292ADE700230222CDE90F323B
:1026600004220C9312922CE64FF00508C2E6BAF150
:10267000040F1FD9109B002B78D104231293AAF1C9
:1026800004030F9304E0129B9A4531D80E9B0F93DD
:102690000C9B002B3FF415AEDDE90A0142464B4688
:1026A000FFF70AF9CDE90A010BE60223109305238F
:1026B0001293F1E704231293EAE7DDE90A45A04605
:1026C0000F9B05F1004903930E9B5A46029326F493
:1026D000006304933846CDE90089099B0899FFF708
:1026E00037FB024608E6129B9A4544D80F92CFE783
:1026F000109B8BB30E9B0F9302231093C8E700BF70
:1027000061436F63A787D23F71A379094F930A4052
:102710001655B5BBB16B0240EF39FAFE422EE63FCB
:102720002D431CEBE2361A3F0000000080842E414E
:102730000000F83F0000E03F00002C400000244073
:10274000000018400000F03FFB799F501344D33F36
:10275000B3C8608B288AC63F129BAAEB03030F9372
:1027600096E7A3EB020808F1FF3843E6042312932F
:10277000022310938CE7109B002BEDD002230F92C5
:10278000109385E72DE9F04F9BB0249C954D0A945A
:10279000954CB1F1000A18BF834625601878934C18
:1027A000914608BFA3460993002800F093824FF09A
:1027B00000080AE042464B46514608F10108D84756
:1027C000099B1878002800F0CE80099B252803F18A
:1027D00001030993EED11C460023224612F8010B97
:1027E000A0F1200110290AD8DFE801F04009093CD6
:1027F0000909090909090938093409093000A0F152
:1028000030010929099440F28A802A2800F0F080DA
:1028100000252E2800F096800026A0F168011229DC
:102820002DD8DFE811F049012C0043012C003801BC
:102830002C002C002C002C002C002C002C0027003D
:102840002C002C002C002C002C002700144643F0F8
:102850000103C2E7144643F00203BEE7144643F007
:102860000403BAE7144643F01003B6E7144643F0F6
:102870000803B2E70999487843F480730132672866
:1028800009927ED8242840F2C180A0F12502422A74
:1028900000F2BC80DFE812F05001BA00BA00BA00C2
:1028A000BA00BA00BA00BA00BA00BA00BA00BA0058
:1028B000BA00BA00BA00BA00BA00BA00BA00BA0048
:1028C000BA00BA00BA00BA00BA00BA00BA00BA0038
:1028D000BA00BA00BA00BA00190137011901BA00EA
:1028E000BA00BA00BA00BA00BA00BA00BA00BA0018
:1028F000BA00BA00BA00BA00BA00BA00BA00BC0105
:10290000BA00BA00BA00BA00BA00BA00BA00BA00F7
:10291000BA00BC015801BC01190137011901002599
:1029200000E0013205EB850500EB45051078303DF0
:10293000A0F130010929F4D92E28099202F10102EF
:102940007FF46AAF099943F4806348781146A0F197
:102950003006092E40F221812A2800F02F810992A9
:102960000026013259E74446C14501D809F1FF3834
:102970004B46424651460020D84720461BB0BDE892
:10298000F08FA0F16902D2B20F2A3FD8012149F29B
:1029900041079140394040F0F3800A2A3DD0072A90
:1029A00034D10A9D55F8042B002A00F0138143F01E
:1029B000210012AB1F460B9303E0202900F0148185
:1029C0001A4602F00F042346092C94BF30333733E4
:1029D0000F2A07F8013B01F101014FEA1213ECD86D
:1029E00002E100BF8527001090280020C91A0010BE
:1029F0000A99099851F8045B4078002DCDE9092126
:102A0000BCBF43F002036D42013202E742464B462F
:102A1000514608F10108D847D2E60A99002E51F82C
:102A2000047B18BF3246387808BF4FF0FF320028C9
:102A300000F07B83BC18A4463A4604E012F8014F2C
:102A4000002C00F03F819445F8D16446E41B5A0500
:102A500040F12281B44228BF344613F0020300F053
:102A600088820223CDE90A5142461D46464408E0C9
:102A70004B465146D84717F8010F08F1010810B12D
:102A800042464645F4D12B460B990A9D002B40F057
:102A900041810A9194E6099948786C287FF4ECAE5C
:102AA0000A46887843F440730332E8E6099943F410
:102AB000007348780132E2E609994878682800F006
:102AC000038143F080030132D9E6672800F0D98002
:102AD000472800F0DC80452800F0DB80CDE9035377
:102AE0000A9B0296073323F007031C464246F4E88C
:102AF00002674B4651465846CDE900670A94FFF7F6
:102B000087FB80465CE6462808BF43F02003CDE9FA
:102B100003530A9B0296073323F007031C464246E1
:102B2000F4E802674B4651465846CDE900670A94DF
:102B3000FFF70EF9804643E642464B4651462520B4
:102B400008F10108D8473BE60A9A990702F1040404
:102B500008F1010640F1C68010784B4642465146C6
:102B6000D847012D88BFA84440F2BD8132464B466C
:102B7000514620200136D8474645F7D10A941FE632
:102B80006F2800F0818040F24882782800F0908120
:102B90000A2723F01003BC4641E0002606EB860618
:102BA00000EB4600A0F1300611F8010FA0F1300251
:102BB000092AF3D90A46099101322EE6DDE90921F5
:102BC00051F8046B9078023209920A91013226EA98
:102BD000E67622E623F0100013F4806240F0210034
:102BE0003FF4E7AE12AB0B930B9B069000930823C8
:102BF0001020059300234246CDE9023001914B4657
:102C0000514658460496FEF7AFFF0A958046D7E531
:102C1000582862D0622840F08F800227BC4613F407
:102C2000806000F0DD8023F00D0313F4007240F0AB
:102C300081810A990F1D13F4807140F037825C0680
:102C40000A9A40F13B811278002A40F04E8123F02D
:102C50001003002800F04981114612AA0B92CDE919
:102C60000553CDE903C601910B9B42460093002317
:102C70005146029358464B46FEF776FF0A97804628
:102C80009EE543F4006329E70827BC46C7E743F401
:102C9000006343F0200321E713F0020300F08E816C
:102CA00002230A951E460D4642464B465146D847DA
:102CB00017F8010F08F101080028F5D1294633461D
:102CC0000A9DE3E6D41BC2E60A46887843F0C003B7
:102CD0000332D4E50446804646E6102743F020033D
:102CE000BC469CE7012D40F2F880464608F1FF37CC
:102CF0002F4432464B46514620200136D847BE422B
:102D0000F7D10A9B3246187851464B46D847A8441B
:102D10000A9455E54646A5427FF6BBAEA844A8EB0B
:102D200004080C4632464B46514620200136D8470F
:102D30004645F7D12146ACE613F4806200F0BB8033
:102D40004FF4806223F0110C1CF400770A9B4AD1E7
:102D50001CF4807003F1040440F034811CF0400F37
:102D600040F0A3801CF0800F00F0D381B3F9001075
:102D700081EAE177A7EBE177BFB2CB0F002900F042
:102D800056813A4612A90F46DFF8D8E30B910A9311
:102D90000C9501E020280FD01546AEFB0213DB088E
:102DA00003EB8301A2EB41013031092D1A4600F1FA
:102DB000010007F8011BEDD80A9B0C9DCDE9055CCD
:102DC000CDE9010304960B9B424600930A2351462A
:102DD000039358464B46FEF7C7FE0A948046EFE43D
:102DE00023F00C0321E7073323F0070319460846B5
:102DF0005B6850F8081BDF0F0A9051EA030062D1AC
:102E0000002A40F09F811346114612AACDE90C75A5
:102E100000201546CDE90E68DFF848E30B9201E08B
:102E200020282DD05A1842F10002AEFB027828F07B
:102E3000030707EB9807D21B1E469B1A61F1000798
:102E40000C464FF0CC3101FB03F10EFB0711A3FB45
:102E50000E731944052307F00108A8FB03389B18DB
:102E60000A2E03F130034FEA570774F1000405F806
:102E7000013B00F1010047EAC1734FEA5101CFD293
:102E8000DDE90C75DDE90E680B9B424600930A23D1
:102E9000CDE9055CCDE90107049603934B46514605
:102EA0005846FEF761FE80468AE419780F4664E7CB
:102EB0001027BC46B3E623F0100C45E71C064CBFB8
:102EC00012881268C0E60A46191E01DB13469CE709
:102ED0005242134661EB410197E713465146187879
:102EE00042464B46D847B04648E613F0200F14BF81
:102EF0004120612012ACA6460B940A93A0F10A046B
:102F00000C9502E0202912D02A46B2FBFCF50CFBFE
:102F10001520C3B2092803F130008ABF1B19C3B2C0
:102F2000DBB262450EF8013B01F10101EAD20A9BD6
:102F30000C9D94E60A9A073222F00702516852F873
:102F4000084B8E460A9254EA010276D123F0100310
:102F5000002872D00022114612AA0B92CDE9055327
:102F60000B9B424600930023CDE903C601910293D7
:102F700094E7A54298BF01347FF674AD4FF48063A7
:102F8000CDE90A7505EB08021F460D46141B4246A3
:102F90004B465146202008F10108D847A045F6D1FC
:102FA0003B460A9F294638780B9D6C1C00283FF44D
:102FB00070AD002B3FF475AE002353E5A542DFD87A
:102FC00001346EE61968CB0F002900F0A88081EA71
:102FD000E172A2EBE17212A90846DFF888E10B91D9
:102FE0000A930C9501E0202F0FD01546AEFB02137B
:102FF000DB0803EB8301A2EB41013031092D1A46B6
:1030000007F1010700F8011BEDD80A9B0C9DCDE9E3
:10301000055CCDE901730496D5E6692823F0100C10
:1030200040F08C8013F480623FF48EAE88E6002A74
:103030003FF4A8AE12AA0B92C0E613F0200F14BF03
:1030400041226122002012A90A3ACDE90E68CDE999
:103050000C35CDF844B006468846754693460B912C
:10306000CDF840C003E0202E17D004460D46294677
:103070003A460023204605F04BF8D2B2092A02F165
:10308000300388BF02EB0B03BC42DBB275F10005D5
:1030900008F8013B06F10106E5D23146DDE90C35C1
:1030A000DDE910CBDDF83C800E9E57E70A990968F0
:1030B00051B923F0100338B112A90B91CDE9055392
:1030C000CDE903C60192CFE513F0200F14BF4120D4
:1030D000612012ACA6460B940A93A0F10A040C9549
:1030E00002E0202A12D02946B1FBFCF50CFB15109A
:1030F000C3B2092803F130008ABF1B19C3B2DBB287
:1031000061450EF8013B02F10102EAD20A9B0C9DD7
:10311000D4E7196881EAE177A7EBE1772DE6002A89
:103120003FF459AF12AA0B9271E713F480640DD0EB
:1031300013F0020412D004464646ECE50A27634623
:10314000BC466CE512AB00200B939DE613F0020326
:103150007FF4E0AD002D7FF413AF9AE4002D7FF4EF
:103160000DAF96E4CDCCCCCC70B594461E4605464A
:103170000C4684B04FF0FF32634602A90096034824
:10318000CDE90254FFF7FEFA04B070BD451D0010F2
:1031900010B5094B84B01C684CB1034600914FF048
:1031A000FF3203A90548A047012004B010BD00F07C
:1031B0008FF9204604B010BD902800203D1D00105E
:1031C00000BEFDE7074A0346106838B106490344CC
:1031D0008B428CBF4FF0FF301360704703490846A5
:1031E0001160F3E78C24002000000820742A0020DE
:1031F00008B5FFF7E5FF00BF38B5064C064DFEF7F2
:1032000001FAAC4204D254F8043B9847AC42FAD3DA
:1032100038BD00BF908100109C81001003680846F3
:10322000114618472DE9F0411546427D074688466C
:10323000002A46D0002D1DDD0B780A2B23D0012D4E
:103240004FF0000C18D04646012416F8012F2146F5
:103250000A2A04F1010422D0A542F6D165450BDC0F
:1032600008EB050313F8013CA3F10D03B3FA83F354
:103270005B093B75BDE8F0813B68A5EB0C0108EBF1
:103280000C009847ECE7037D002BD8D1036802219E
:103290000F489847012DE3D04FF0010CD3E716F803
:1032A000013C0D2BD8D08C4508EB0C00A1EB0C0198
:1032B00001DA3B689847022105483B689847A446D5
:1032C000CAE7294640463B68BDE8F041184700BFC1
:1032D000588400100B682DE9F041802B0D460646FE
:1032E00005D05A1C2B442A601E71BDE8F0810F4B9B
:1032F0001C68A4B10E4F01F1040801E0246974B107
:103300002368002BFAD03B680BB1A342F6D12046CC
:1033100041462A68FFF786FF2469002CF0D100237C
:1033200001222B442A601E71BDE8F0817C2400201C
:10333000882400202DE9F04782B00D4691461C46B6
:103340000646FDF7CBFF4FF0FF3C6FF000472E4ADB
:10335000821841F10003944577EB03013CBF6246BC
:103360003B462A4804F0E4FE6B1C804640D00CB378
:10337000274F284B1C68B4B1B9F1000F1CD1DFF8FE
:103380009C9001E0246974B12368002BFAD0D9F82D
:1033900000300BB19C42F5D120462A463146B84751
:1033A0002469002CF0D1B8F1000F26D1284602B0D4
:1033B000BDE8F087184FDCE74FF00A0ADFF85C90B1
:1033C00002E02469002CEED02368002BF9D0D9F854
:1033D00000300BB1A342F4D12A4631462046B8470B
:1033E000012220460DF107018DF807A0B847E8E754
:1033F000304604F001FD0546B9E7044804F08CFEB0
:10340000284602B0BDE8F08740420F00F01A0020C5
:10341000253200107C2400201D320010882400205A
:10342000084A136823B90AE003F110021B6933B19B
:103430008342F9D129B9186910601961704701B147
:10344000106070477C24002000F0DEBAF0B583B035
:1034500006468DF80700FDF741FF4FF0FF356FF08E
:103460000044174A821841F10003954274EB0301AE
:103470003CBF23462A46134804F05AFE124B074627
:103480001C689CB1114D01E024697CB12368002BBC
:10349000FAD02B680BB19C42F6D1204601220DF1E7
:1034A0000701FFF7BFFE2469002CEFD117B93046A2
:1034B00003B0F0BD034804F02FFE304603B0F0BD6A
:1034C00040420F00F01A00207C24002088240020B5
:1034D00038B5044604F090FC012305461A46204600
:1034E0002946FFF727FF084B1C682CB163682BB1F6
:1034F00098472469002CF9D1284638BD2469002C4E
:10350000F4D1284638BD00BF7C2400202DE9F041CD
:10351000A2B004460D46FDF7E1FE4FF0FF376FF015
:103520000046264ADFF8A480821841F10003974242
:1035300076EB03013CBF3A463346214804F0F8FDE0
:1035400000272B462246064601A91E480197FFF791
:103550000BFE019B0546D8F80040C3B1002C2BD0D0
:10356000194F01E0246974B12368002BFAD03B683D
:103570000BB1A342F6D12046019A02A9FFF752FEF1
:103580002469002CF0D10023D8F8004001932CB11D
:10359000636843B198472469002CF9D12EB92846B5
:1035A00022B0BDE8F0812469F1E7054804F0B4FDDC
:1035B000284622B0BDE8F0810194EFE740420F00B9
:1035C000F01A0020D5320010882400207C2400202E
:1035D0000FB400B583B004A951F8040B0191FFF7B3
:1035E00095FF03B05DF804EB04B07047704700BF6F
:1035F0000022014B1A7070476E2A00204B79FF2B76
:103600000BD1887948B9CB79012B07D1082A05D984
:10361000034B8A7809201A7070470020704700BF5A
:103620006E2A002001207047012901D00120704737
:1036300008B5104B91881B78994201D0002008BD35
:103640005378012B08D0022BF8D1002164220846C0
:10365000FDF714FF012008BD5188CB0548BF480A7B
:10366000C1F3402258BF4FF0FF3001F07F01FDF75A
:1036700083FF00BF6E2A0020004870472485001099
:10368000012907D15378012B02D19388072B03D04E
:1036900000207047012070471146A623014A01F01F
:1036A00039BA00BF7C8400100346012201481A7019
:1036B000704700BF5C84001008B50B68B3F5966FC7
:1036C00000D008BD00224FF0FF301146FDF754FF37
:1036D000024A034B10601960704700BF1824002095
:1036E0001C240020184B70B51A68002A28D0EFF36C
:1036F000108172B6D2E8CF4F0120002CFAD1C2E877
:10370000440F002CF6D1BFF35F8F00220F4C1868D6
:1037100059602270C0E88F2F81F3108800240025A3
:103720000B4E3078FCF7A6FF20B900240025204678
:10373000294670BD3078FCF7ADFF2046294670BDA4
:103740004FF47A740025EBE7B4280020702A00209B
:103750006F2A0020014B1878FCF79CBF6F2A0020CD
:1037600038B5044600200D4601F004FBA8B3002044
:1037700001F016FB88B3FDF7B1FD4FF0FF3E6FF08F
:10378000004C174A821841F1000396457CEB030177
:103790003CBF72466346134804F0CAFCE8B10020FF
:1037A00001F0E8FA58B900214FF0FF3000F00AFDAF
:1037B0006FF002040B4804F0AFFC204638BD002037
:1037C00001F0EEFA0028EED021462A46002001F052
:1037D000F1FA04460028EDD1EAE76FF00204ECE7C5
:1037E00040420F007829002008B5FDF777FD4FF023
:1037F000FF3E6FF0004C0F4A821841F100039645DE
:103800007CEB03013CBF724663460B4804F090FC1E
:1038100070B14FF0FF30002100F0D4FC002001F027
:1038200011FB0028F5D1BDE80840034804F074BC42
:1038300008BD00BF40420F00782900202DE9F84361
:1038400080460F46FDF74AFD4FF0FF356FF000440C
:10385000334A821841F10003954274EB03013CBFE7
:103860002A4623462F4804F063FC08B9BDE8F883D4
:10387000002001F07FFA002847D0002F40DD00250E
:10388000DFF8A890284E13E02246002001F020FB2C
:10389000002104464FF0FF3000F094FC002001F0BE
:1038A000D1FAFDF71BFDC9E900012544AF4227DD30
:1038B000002001F02DFB7C1B8442A8BF044608EBCE
:1038C0000501002CE0D121464FF0FF3000F07AFCDA
:1038D000204601F0B7FA204601F04CFA80B12046AC
:1038E00001F016FB0028E1D1FDF7F8FCD9F8003013
:1038F000D9F804209B1942F1000283428A41D5D2B3
:103900000848BDE8F84304F007BC00200021074B3D
:10391000C3E90001BDE8F843024804F0FDBB00BF65
:1039200040420F007829002020A10700781C0020C9
:1039300030B5002185B02E4804F006FCF0B92D4BBF
:103940001A68CAB1EFF3108172B6D2E8CF5F0124D2
:10395000002DFAD1C2E8454F002DF6D1BFF35F8F9D
:10396000254C1D6822785960D3B201222270C5E827
:103970008F0F81F31088CBB105B030BD00214FF01F
:10398000FF3000F01FFC002001F00AFA044618483E
:1039900004F0C2FB002CEFD0184B1B68002BEBD0BF
:1039A000174A106805B0BDE830401847FDF78CFA9B
:1039B0000446FDF793FC4FF0FF3C6FF0004510F517
:1039C0007A7241F10003944575EB030138BF2B4631
:1039D0004FF000014FF0010520460A4C38BF624607
:1039E000CDE901150094FDF773FA05B030BD00BFB5
:1039F00078290020B4280020702A002018240020F4
:103A00001C240020E53600104FF0504330B585B03F
:103A10001C68FDF759FAFDF76DFBA04202D00020AB
:103A200005B030BD00212A4B08461B7801F038FD57
:103A300028480368002B47D00120FCF7C9FF034644
:103A4000254C2649C0B22370FCF740FE20780121A6
:103A5000FCF7FAFD0E20FCF729FE40BB204B0125A8
:103A6000C3E90000FDF730FA0446FDF737FC4FF0DC
:103A7000FF3E6FF0004C10F57A7241F1000396455D
:103A80007CEB03014FF000012046164C3CBF724610
:103A90006346CDE901150094FDF71AFA0028BEDB54
:103AA00001211148FFF7BCFC012005B030BD012009
:103AB000FCF786FD01460A48FCF7E6FF00220E20CF
:103AC0000A49FCF733FEEBE7FCF7C2FFB4E700BF9F
:103AD00040860010782900206F2A0020313900101C
:103AE000B4280020E53600105C1500205537001082
:103AF00000487047C0850010004870476C85001072
:103B000038B5184B04461A780AB344B940F2094252
:103B10004FF44173144D6A8013482B8038BD052C37
:103B20001DD8124B104D53F824102846002301399C
:103B300003E0132B20F8022F0ED011F8012F0133D0
:103B4000DBB2002AF5D15B0043F44073E4E71121B6
:103B5000184600F025F8D8E74FF44A73DCE7002058
:103B600038BD00BF88290020502400205485001053
:103B700000B545F247308BB0FDF7F2FC0122034659
:103B8000092101A89847DDE90332044912BA1BBA9A
:103B9000C1E900230BB05DF804FB00BF6C290020D5
:103BA000012901F1FF3300F0B3805D490A784FEA43
:103BB000121C9F2A8CBF0CF1370C0CF1300C012B1E
:103BC00080F800C000F0A78002F00F02092A8CBF25
:103BD00037323032022B427000F09D804A784FEA33
:103BE000121C9F2A8CBF0CF1370C0CF1300C032BEC
:103BF00080F802C000F08F8002F00F02092A8CBF0B
:103C000037323032042BC27000F085808A784FEA58
:103C1000121C9F2A8CBF0CF1370C0CF1300C052BB9
:103C200080F804C077D002F00F02092A8CBF373227
:103C30003032062B42716ED0CA784FEA121C9F2A8E
:103C40008CBF0CF1370C0CF1300C072B80F806C040
:103C500061D002F00F02092A8CBF37323032082BB4
:103C6000C27158D00A794FEA121C9F2A8CBF0CF1FE
:103C7000370C0CF1300C092B80F808C04BD002F047
:103C80000F02092A8CBF373230320A2B427242D0DF
:103C90004A794FEA121C9F2A8CBF0CF1370C0CF1A9
:103CA000300C0B2B80F80AC035D002F00F02092A25
:103CB0008CBF373230320C2BC2722CD08A794FEA4B
:103CC000121C9F2A8CBF0CF1370C0CF1300C0D2B01
:103CD00080F80CC01FD002F00F02092A8CBF3732C7
:103CE00030320E2B427316D0CA7911099F2A8CBF2D
:103CF000373130310F2B81730DD002F00F02092ABA
:103D000094BF30323732102BC27318BF103002D03C
:103D1000002303707047184400230370704700BFEE
:103D20006C29002070B500F02DF90C234026194CA9
:103D3000FF22A3670E201849FCF7F8FC3246002149
:103D4000164803F06BFF0125002380211348144A15
:103D5000418445700683068782604360136042F8A1
:103D6000043C80F8213080F83B3043620D4B4FF02B
:103D70000056C360C362803B836204F0E1F94FF4F4
:103D800080320949094B25642846E664C4F890103E
:103D9000DA6470BD000011509D03002090240020C3
:103DA000840010500001105010D00100002011506C
:103DB00001210E20FCF748BC00220248114600F009
:103DC00001B900BFB0240020044B197021B14FF499
:103DD0000032034BC3F89020704700BF6B2A0020CD
:103DE000002011500B785B0602D14B78052B00D0D8
:103DF00070474B88014ADBB21360704700001150D6
:103E0000CB782DE9F04103F0030EBEF1010FC3F3AF
:103E100001005BD0002791F802C0344C0CF07F0207
:103E20005600898806EBDC1304EB43134FEADC15DC
:103E3000D876C1F30A0185F0010083F802C0198326
:103E40005870DF70D3008DBB2948043304EB821C0B
:103E500003EB0008CCF808801F5082B3254BD2003A
:103E60001344CCF80430244B3F311A6821F03F0151
:103E7000BEF1020F08BF4900114419601F4B7719AA
:103E800004EB47179942FA602BD82E4404EB4613F3
:103E9000D97E82F0A04282F480125B6842EA81629D
:103EA00042F000421A600120BDE8F081104804EBA6
:103EB000821C0344CCF8283040F832704AB9002202
:103EC0000F4904EB4513D9605A60ECE70020BDE8C8
:103ED000F081D20002F1A04202F58012CCF8242039
:103EE000C1E7FDF789FBFA68CFE700BF9024002007
:103EF000800010500400105098280020FF0F105030
:103F00000001105004F01CB98C4608B51146074852
:103F10001A460CF07F034FEADC1C0CEB430C00EB61
:103F20004C1000F04FF8012008BD00BF9024002085
:103F300011F07F0205D100290CBF02200120064BA1
:103F40009866C909054B01EB420003EB40104FF4A2
:103F50000062002104F0E8B80020115090240020F5
:103F600011F07F0300D17047002205485B0003EB8E
:103F7000D11300EB43106FF40061C27004F0D4B8A9
:103F8000902400204FF0805209480A4908B50A4B96
:103F900002600A609968C94311F08051FAD14FF468
:103FA0008052064803F03AFE0922054B5A6708BDC5
:103FB000002002400030024000000240000010508B
:103FC0000000115000234FF0010C10B580F81AC00A
:103FD0008282C3820161044604F0A2F820B14FF44A
:103FE0000032074BC3F89020204604F0A5F810B12A
:103FF0000123237710BD2046BDE8104004F080B8AF
:10400000002011502DE9F04100241D4E05462346A5
:104010003278DFF878801B4F0DE03B6813EB4413D8
:1040200024D0DB682846984732780134E4B2511C2A
:10403000A142234606DBA242A3EB0203EDD808EB24
:104040004313EEE7542200210F4803F0E7FD4FF041
:10405000FF330D482022041D4360C4E90133E360AF
:10406000FF21BDE8F041143003F0D8BD4FF0E0234C
:10407000D3F8F03DDB0700D500BEBDE8F08100BFFE
:104080006A2A0020401E002010200020D485001045
:10409000704700BF704700BF002070470020704786
:1040A000704700BF704700BF704700BF704700BF38
:1040B000024B5878003818BF0120704710200020AC
:1040C000024B1878C0F38000704700BF102000201A
:1040D0002DE9F047DFF8E4A09AF80030FF2B56D125
:1040E0000E4600293ED0002154220746294803F0FD
:1040F00095FD0022284C294B20461A70FCF7A8FC9D
:10410000274B28481C60284CFCF7B0FC204601F0E7
:10411000ABFD264A264B146023B12648FFF7C4FAAC
:10412000254B18600024234D23462A78DFF8909011
:10413000DFF884800EE0D8F8003013EB441311D080
:104140005B687BB198472A780134E4B2511CA142E4
:10415000234611DBA242EED89B1A09EB43135B689E
:10416000002BEFD14FF0E023D3F8F03DDB0700D573
:1041700000BE0020BDE8F087314638468AF800705E
:10418000FFF7D0FD0028EDD03846FFF711FE0120E3
:10419000BDE8F08710200020082000206C2A0020B5
:1041A000642000208815002074150020682000205D
:1041B000A93600106A2A0020401E00209015002019
:1041C000D48500102DE9F04FDFF8C8928BB099F834
:1041D0000030FF2B00F0F180A84CA94DDFF8B0A211
:1041E000DFF8B4B226687369EFF3108272B6D3E8D1
:1041F000CF0F01210028FAD1C3E8401F0028F6D1D3
:10420000BFF35F8FB261304607A901F077FB00234F
:104210007269C2E88F3FB36983F31088002800F009
:10422000CC809DF81D30013B072B00F27D83DFE839
:1042300003F0A7B1959D8E350A04089B002BD1D0C1
:1042400009989847CEE79DF8201001F07F0605EB0E
:10425000460000EBD11090F8343023F0010380F8D1
:10426000343090F8343023F0040380F83430002EDA
:1042700000F0A680037D9AF80020934280F093809E
:10428000804A126812EB431300F090809E699DF8FB
:104290002120099B9DF81C00B047A3E79BF8003044
:1042A000002B00F083809BF80030013BDBB28BF8E1
:1042B00000309BF8003003F0FF00002B92D1704FCC
:1042C0009DF81C803B7843F001033B7097F8343035
:1042D00060F3000387F8343097F8343060F38203DA
:1042E00087F8343097F8353060F3000387F83530BD
:1042F00097F8353060F3820387F8353000F06CFCB6
:104300009DF8203003F06002602A6CD0402A7CD0F7
:1043100003F01F03012B00F0C180022B00F081800D
:10432000002B60D1202A00F0E981002A5BD19DF8A2
:104330002130092B57D8DFE813F0B001A201560055
:10434000C101560095016B0156006001F4002B7805
:10435000D9077FF547AFFFF7A9FE43E7EB78DA0708
:104360007FF540AF0898FFF795FE3BE72B78D8071D
:104370007FF538AF2878C0F3C000FFF795FE31E72E
:104380009DF81C00FFF73EFE00F01CFC9DF820305D
:10439000AB7027E79DF81C00FFF734FE00F012FC1D
:1043A000FFF780FE1EE7501C984211DA4FF0E02321
:1043B000D3F8F03DDC0700D500BE0BB0BDE8F08FB0
:1043C000099B9DF821209DF81C0000F019FC09E7CD
:1043D0009B1A2D4A02EB431358E7FFF78DFB024669
:1043E000002840F082814FF0E023D3F8F03DDE0753
:1043F00000D500BE9DF81C000021FFF799FD80212B
:104400009DF81C00FFF794FDECE6204800F0E4FB6B
:104410000121404608AAFFF733F900287FF4E2AEF5
:10442000E8E79DF8241011F0700FDCD101F07F0651
:1044300007EB4600164B00EBD1101B78007D760091
:10444000019698424FEAD116009659D35E1C8642D7
:10445000C0F26681C01A0C4B03EB4016002A00F034
:104460006381706900F0B8FB01214046736908AAB6
:10447000984700287FF4B6AEBCE700BF6820002054
:1044800010200020401E0020D4850010813600102E
:104490006A2A0020901500206C2A00209DF8243004
:1044A0000F2BA7D8AE4A3B441B791278934232D3E4
:1044B000511C99429EDBAB4E9B1A06EB431670696A
:1044C00000F08AFB01214046736908AA984700283A
:1044D0007FF488AE9DF8203013F060068AD19DF8F5
:1044E00021300A3B012B85D800F076FB9DF8213066
:1044F0000A2B00F0F281404608A900F0F1FA71E6BB
:10450000994B1B6803EB4016002A00F00D81002E2A
:104510003FF470AFA5E7944A166816EB4316CED168
:1045200068E77B789DF822609E4200F04F817B789F
:10453000002B40F0BE817E70002E00F04581701E81
:10454000C0B2FFF7D9FA0346002800F05F81427835
:10455000022A40F05B81C17903F10906C1F34012E0
:104560001201C1F3801142EA41123146387820F03D
:10457000300002433A705A88CDF80C809A180192A4
:10458000019B8B4240F2A4814A780B2A00F0AF8154
:104590000123042A40F03A810026019A0096521A1B
:1045A00092B202926E4A049312781DE06E4B1B6821
:1045B00013EB461800F02A81029AD8F810300398BD
:1045C0000591984708280246059906F1010303D989
:1045D0000298904280F0FF80DEB2614B00961A781C
:1045E000531C9E4200F31281009BB242A3EB0202D5
:1045F000DCD85C4B03EB4218DEE77B7840468DF855
:104600001A300DF11A02012308A900F083FAE9E536
:10461000BDF82200030A013B020AC0B20E2B3FF68E
:10462000E9AE01A151F823F03D480010D946001031
:1046300079480010F5430010F54300105B48001066
:10464000D9460010F5430010F5430010F543001063
:10465000F5430010F5430010F5430010F54300103A
:104660002F48001008A800F0BDFA40469DF822101F
:10467000FFF7A2FB3B7843F002033B70B2E5BDF8C5
:104680002230012B7FF4B6AE3B78404623F008037E
:1046900008A93B7000F024FAA4E540463B789A084C
:1046A00002F00202C3F340131343ADF81A300DF1C8
:1046B0001A02022308A900F02DFA93E5BDF8223072
:1046C000012B7FF497AE3B78404643F0080308A9DE
:1046D0003B7000F005FA85E5022A3FF47EAEFFF755
:1046E000DDFC024600283FF485AE4046538808A909
:1046F00000F010FA00287FF475AD7BE69DF82430B9
:104700000F2B3FF677AE164A3B441B791278934243
:104710001DD2154A166816EB43167FF4A2AE69E661
:10472000002A7FF467AE00269DF8212002F0FD03E9
:10473000012B1BD0002A7FF456AE019B009A3B440C
:10474000134493F834304046C3F34003ADE7511CA3
:104750009942FFF64FAE034E9B1A06EB431680E6D6
:104760006A2A0020D4850010401E0020BDF82230A7
:10477000B3B9012A99F8000000F08680FFF7D8FB52
:10478000019B009A3B44134493F8342042F0020208
:1047900083F8342093F8342042F0010283F8342067
:1047A000002E3FF41FAD706900F016FA7369012105
:1047B00008AA40469847002000F00EFA97F83530D6
:1047C000DF073FF50FAD96E6FFF76CFC404608A902
:1047D00000F086F906E5049B012B00F09E80002B7B
:1047E00000F08A80002091F8028005E08CF80460D7
:1047F0005FFA80FC63457FD908EB000C57FA8CFC0C
:104800009CF804E00130BEF1FF0FEFD04FF0E02341
:10481000D3F8F03DDA0700D500BE4FF0E023D3F81F
:10482000F03DDB0700D500BE00237B70E2E5FEF71C
:1048300023FF024600287FF458AFDBE5FFF758F965
:10484000024600283FF4CFAD4046122308A900F0ED
:1048500061F900287FF4C6ACCCE5FFF71DFC0246E9
:1048600000283FF4C7AD4046137808A900F052F97C
:1048700000287FF4B7ACBDE5BDF82410FFF740F980
:1048800002460028EFD1B5E50293FFF769FB019AD4
:10489000009B3A441A4492F83410029B63F341019E
:1048A00082F8341092F8341063F3000182F8341067
:1048B00076E700214046FFF787FA4046FFF722FBE4
:1048C000BB7840460093FFF79DFB009BBB7032E630
:1048D000DDF80C80FFF7E4FB78E74046012308A9E8
:1048E0000DF11A028DF81A6000F014F97AE40A78D2
:1048F000CB7811444A784CE6334610480492029132
:1049000000F076FE0E4B049A02991B781144009A2F
:1049100001339342BFF634AE78E7D8F810C00948A7
:10492000844508BF02235DE74FF0E023D3F8F03D54
:10493000DB077FF557AC00BE54E400BF2420002005
:104940006A2A0020115000102DE9F84F0A9F002A12
:1049500040D00C461E4615464FF0000ADFF87C900A
:10496000DFF87C8018E0204698F8021099F800B033
:1049700000F00EFEE0B121465846FFF741FAF0B1D3
:10498000A2780AF1010AD10916BF0B9B3A701A707E
:104990002278AA4514441DD06278052A0FD1E17807
:1049A00001F00301B1420AD1A27812F0700FDAD0FF
:1049B0004FF0E023D3F8F03DDA0700D500BE4FF00A
:1049C000E023D3F8F03DDB0702D40020BDE8F88FE8
:1049D00000BEFAE70120BDE8F88F00BF9015002067
:1049E0001020002038B58B7813F0700F08D04FF0EE
:1049F000E023D3F8F03DDB0700D500BE002038BD32
:104A0000074A084B0C46084691781D7800F0C0FD17
:104A10000028ECD021462846BDE83840FFF7F0B921
:104A200010200020901500200B46064A0648116809
:104A3000DA09343203F07F0302EB4303184400F039
:104A400061BD00BF64200020102000200B46064AF4
:104A500006481168DA09343203F07F0302EB43039E
:104A6000184400F079BD00BF642000201020002011
:104A700010B5194801F07F0C00EB4C0000EBD11091
:104A800090F834C01CF0010F08D04FF0E023D3F8A9
:104A9000F03DDA0700D500BE002010BD00F1300463
:104AA00094F804C00D484CF0010C007884F804C060
:104AB000FFF72AFA0028F0D14FF0E021227960F3C5
:104AC00000022271227960F382022271D1F8F03D56
:104AD000DB07E1D500BEDFE71020002090150020A5
:104AE00030B50B4C8C46A64605460868496800233D
:104AF000AEE803009CF800102846C943C4E902331D
:104B0000BDE830401A4601F08001FFF7B1BF00BF99
:104B1000D01F00202DE9F041284F4FF00008BE467D
:104B20008C46064608684968BA60AEE80300A7F8F4
:104B30000E801546BCF80620934228BF1346BB8161
:104B40009AB11C4633B3DDB197F90030402C28BF31
:104B50004024002B29DB414623463046184AFFF704
:104B600087FF68B10120BDE8F0819CF80010134672
:104B7000C943304601F08001FFF77AFF0028F1D1E8
:104B80004FF0E023D3F8F03DDB0700D500BE002056
:104B9000BDE8F0811A46397801F08001234630469D
:104BA000FFF766FF0028DDD1EAE7224629460448E0
:104BB00003F0ACF88021024AF0E700BFD01F0020CC
:104BC000901F00200022034BC3E90022C3E9022208
:104BD0001A617047D01F0020014B1861704700BF59
:104BE000D01F002030B40246044C00252346006844
:104BF0005168C4E9025530BC03C37047D01F002080
:104C000070B53D4CC90922780646B1EBD21F1D464E
:104C100082B017D053B14FF0E023D3F8F03DDB075B
:104C200002D4002002B070BD00BEFAE72146FFF7B3
:104C3000D9F823691BB12246032130469847012049
:104C400002B070BD94F90030002B06DBA06800288C
:104C5000E7D02A46294903F059F8E089A168E3889A
:104C6000284480B229448342E081A16016D03F2DC0
:104C700014D9A28994F90040131A9BB2402B28BF83
:104C80004023002C27DB90424FF0000131D01B4A1B
:104C90003046FFF7EDFE0028D1D1BCE7236923B1F0
:104CA00002213046144A984760B121780023C94355
:104CB00030461A4601F08001FFF7DAFE0028AAD03C
:104CC0000120BDE701463046FFF732F9802130462A
:104CD000FFF72EF9B3E7904208D01A460748019330
:104CE00003F014F88021054A019BD1E780210022BE
:104CF000CEE70A46CCE700BFD01F0020901F00205F
:104D00002DE9F0410446FFF7D3F908B9BDE8F08179
:104D1000FFF7D6F905460028F8D1C82304FB03F3B2
:104D2000124EF718F9780029F0D010331E4430469F
:104D300000F0D2FD3F28E9D92846F978FFF774FE44
:104D40000028E3D0304600F0C7FD3F28F97808D9A5
:104D5000074A284602EBC4124023BDE8F041FFF7A2
:104D600087BE2846BDE8F041FFF770BEC81E002090
:104D7000441E002010B50446FFF79AF908B9002038
:104D800010BDFFF79DF90028F9D1C822034B02FBA3
:104D90000433187900F0010010BD00BFC81E0020C8
:104DA000C82208B5024B02FB003000F07BFD08BDB5
:104DB000D81E00202DE9F8434FF6FF73C8249A420D
:104DC00028BF1A4600FB04F4DFF8748004F11005D4
:104DD0004544064692B2284600F0DAFD0746FFF742
:104DE00067F910B93846BDE8F883FFF769F98146DD
:104DF0000028F7D1A04498F80330002BF2D02846C1
:104E000000F06AFD3F28EDD9484698F80310FFF7F7
:104E10000BFE0028E6D0284600F05EFD3F2898F8FB
:104E2000031007D9054A4846402302EBC612FFF794
:104E30001FFED7E74846FFF709FED3E7441E0020D0
:104E4000C81E00202DE9F0410446FFF731F910B9E2
:104E50000020BDE8F081FFF733F905460028F7D1BF
:104E6000C82604FB06F6DFF8648006F124074744F1
:104E7000384600F017FD0028EAD0B044284698F8DC
:104E80000210FFF7D1FD0028E2D00F4E384606EBA6
:104E9000C4163146402200F07BFD98F8021004460B
:104EA00068B1034632462846FFF7E2FD50B94FF09D
:104EB000E023D3F8F03DDB07CAD500BEC8E7FFF713
:104EC000C5FDC5E72046C4E7841E0020C81E00209B
:104ED00038B54FF6FF75C823AA4228BF2A460B4CA7
:104EE00092B203FB00440546204600F00FFE034645
:104EF00020461C4600F0D6FC3F2801D8204638BD8D
:104F00002846FFF79FFF204638BD00BFEC1E00205B
:104F1000C82208B5024B02FB003000F0DDFC08BDE2
:104F2000EC1E0020F0B5002483B0C82200211748F1
:104F300002F074FEFF234FF4E1310822144804709C
:104F400012480094074643718160827300F1380172
:104F500001234022103000F075FC0123402207F1AC
:104F60007801009307F1B80607F1240000F06AFC0D
:104F700007F1C0053046FBF76BFD2846FBF768FDDF
:104F8000C7E90746C7E90C5403B0F0BDC81E0020AE
:104F9000C41E00200A4A116B136A61B13BB10023A1
:104FA000C2E90C33D3610023136201207047012052
:104FB000C2E90C337047002BF7D0D161F3E700BF93
:104FC000C81E0020002210B50E4C0F482378026046
:104FD0000271DA0707D59B070BD5BDE81040012108
:104FE0000A4800F05DBE103000F03EFE23789B07BB
:104FF000F3D4064800F038FEBDE810400121034814
:1050000000F04EBEC41E0020C81E0020EC1E002072
:10501000F0B54B7983B0022B02D18B79022B03D0F0
:105020000025284603B0F0BD274FBB783BB14FF0B9
:10503000E023D3F8F03DDB07F2D500BEF0E78B7834
:1050400006463B700B78CC186178242908BF0925E7
:1050500007D036E023781C4461782B4424299DB284
:1050600007D1AA42F6D20020FFF74AFE284603B035
:10507000F0BD0B46052916D0042BF4D163790A2B19
:10508000F1D1124B2778019301330093022330466C
:105090001A46E119FFF758FC0028C8D00E3517FA58
:1050A00085F5ADB2DFE721463046FFF79BFC0028CF
:1050B000BDD0A3787B7023785A191C44637895B2CD
:1050C000DAE70B460925D5E7C81E0020CA1E0020D6
:1050D000137803F06003202B08D170B5264C938819
:1050E00094F800C09C4503D0002070BD002070479C
:1050F0005378203B032BF7D8DFE803F027230D027A
:1051000001292ED003291ED11C4BE3B10020518868
:10511000AFF3008017E0012923D0032913D155886C
:10512000174805F0010686F00101257100F0B8FD71
:10513000144B43B131460020C5F34002AFF3008069
:1051400001E0012911D0012070BD01290DD00329F2
:10515000F9D10D4B002BF6D000200C49FEF7ACFA2C
:10516000F1E71146FFF7BCFCEDE711460723074ABC
:10517000FFF7D0FCE7E700BFC81E002000000000DA
:10518000EC1E002000000000B9360010D01E0020E8
:105190002DE9F843354E0C46F27807468A421D4603
:1051A0003DD0B3788B4212D04FF0E023D3F8F03DDE
:1051B000DB0732D40020BDE8F8832D4B23B12D4806
:1051C00000F080FB00284DD00020FFF799FDB37858
:1051D000A34201D00120EEE7274B13B10020AFF32B
:1051E00000800020FFF72EFE0028F3D1234800F0B6
:1051F00059FB0028EED1002DECD015F03F05E9D188
:105200003846B178FFF710FC0028E3D02B462A4639
:105210003846B178FFF72CFCDCE700BECAE79AB24B
:10522000174906F1100000F071FC164B002BC4D09A
:105230007379FF2BC1D0002DBFD0DFF8448008EB7D
:10524000050902E0C845B8D0737918F8012B9A42D5
:10525000F8D1084800F036FB0028F3D17179AFF39C
:105260000080EFE7AFF30080AEE700BFC81E00206C
:1052700000000000D81E002000000000EC1E0020EE
:10528000441E002000000000F0B54FF4137285B0FA
:105290000021124802F0C2FC402600234FF4807522
:1052A0000E4F0F4C07F5A6721946CDE90246009243
:1052B00001951A4607F5947000F0C6F900233846A8
:1052C00007F128013444009101221946CDE9024634
:1052D0000195043000F0B8F905B0F0BDAC21002014
:1052E0002C21002008B5054800F0DAF9034BA3F59E
:1052F000927000F0D5F9012008BD00BFD422002033
:1053000038B50025064C04F59870257000F0ACFC0B
:1053100004F10C0000F0A8FC84F82951657138BD37
:10532000AC2100202DE9F8434B79FF2B51D1354EAC
:1053300096F82931002B4CD196F80580B8F1000F72
:1053400047D18B780C7833700B790F460C44ABB394
:105350008146A51803E0A54230D923781C44637820
:10536000052BF8D1AC4229D221464846FFF73AFB3B
:1053700040B3A378DB092FD1234800F075FCA37854
:1053800096F8282186F82931A3884846C3F30A03F2
:10539000A3F50073B3FA83F35B0963F341021B497E
:1053A00086F8282100F0EAF960B123783A7908F10B
:1053B00001081C445FFA88F39A42D0D8E11B88B2F6
:1053C000BDE8F8834FF0E023D3F8F03DDB0700D5CC
:1053D00000BE0020BDE8F8830D4800F045FCA3782E
:1053E00032797371A3880B49C3F30A03A3F50073E1
:1053F000B3FA83F35B0963F341020020327100F0DA
:1054000085F9D2E7AC210020DC220020D422002044
:10541000B8210020B021002070B51B4C064694F83E
:1054200029C11D468C4511D063798B4201D00020E3
:1054300070BD164B1BB10020A9B2AFF300803046FF
:10544000134900F063F9C8B1012070BDB4F83431DC
:1054500063B9104B23B100200F49AAB2AFF300800B
:1054600030460E4900F08AF90120EEE7D4F82C11FD
:10547000AAB204F5987000F049FBEAE72A463046E4
:10548000034900F00FF9DFE7AC2100200000000025
:10549000B0210020000000002C210020D422002098
:1054A00010B582B0C9B101280CD80B7853B1144C97
:1054B000012B235402D0012002B010BDFEF708FEDC
:1054C0000028F8D14FF0E023D3F8F03DDB0702D4F9
:1054D000002002B010BD00BEFAE70124084601A971
:1054E000ADF80440FEF7F4FD38B94FF0E023D3F8EF
:1054F000F03DDA07EDD500BEEBE7014B1C70E8E7A5
:1055000004200020F8B5037813F001041AD10378C1
:1055100005465A07C3F3800701D52046F8BD0E465D
:105520004FF0FF31304602F0E7FD2B7813F0010415
:105530000BD12B785B0709D42B78012443F00403AB
:105540002B7003E000242046F8BD3C46304602F0B4
:10555000E3FD2046F8BD00BF70B50C4605464FF090
:10556000FF31204602F0C8FD2B78C3F380065B07AD
:1055700008D52B7813F0010311BF00262A7863F3B6
:1055800082022A70204602F0C7FD304670BD00BF7F
:10559000C378828803F003000228C2F30A0215D000
:1055A00003280AD001281CD1022940F2FF3308BF8A
:1055B0004FF4806393420DD37047022914BF4023F8
:1055C0004FF48063934205D30120704702290AD02B
:1055D000402AF9D94FF0E023D3F8F03DDB0700D59E
:1055E00000BE00207047B2F5007FEDD0F2E700BFAB
:1055F0000A44914226D291F801C0BCF1050F05D0B2
:1056000091F800C061448A42F5D8704700B591F81E
:1056100002C00CF07F0E00EB4E0E4FEADC1C0EF8C1
:105620000C3091F800C061448A4209D991F801C058
:10563000BCF1050FEBD091F800C061448A42F5D867
:105640005DF804FB704700BF2DE9F0418E4682B043
:10565000009390F800C0089EBDF824706EF3000C13
:1056600004461546012331463A4600F808CBBDF8FA
:105670002C8000F0E7F806B13FB901200A9BA4F89E
:105680000280636002B0BDE8F08104F11C06304680
:10569000FBF7DEF90DB135460026C4E90556ECE707
:1056A00001207047F8B50746084640F2FF1315463B
:1056B00010F8082B0C4612F0020F0CBF3F261E46B6
:1056C00000F0F0F828B925B12E4202D12378DA078C
:1056D00001D50020F8BD38466178FFF7A5F900280C
:1056E000F7D0237813F0010307D04FF0E023D3F86D
:1056F000F03DDB07EDD500BEEBE71A463846617892
:10570000FFF7B6F90028F0D0F8BD00BF70B501F181
:105710000805064628460C4600F0C4F810B1237868
:10572000DA0701D5002070BD30466178FFF77CF9BB
:105730000028F7D028466288616800F029F92378AC
:10574000054603F0010340B173B14FF0E023D3F8F5
:10575000F03DDB07E6D500BEE4E7002BE2D13046A2
:105760006178FFF773F9DDE70346626830466178D8
:10577000FFF77EF90028E8D0284670BD8A892DE918
:10578000F0410B780C46064622B9DD0734D50020DF
:10579000BDE8F08104F108079907384647BF4FF488
:1057A0007E484FF400754FF6C078402500F094F81D
:1057B0008542ECD82378DA07E9D430466178FFF7E0
:1057C00033F90028E3D0384600F086F82378854284
:1057D00003F001032DD8BBB9658808EA00084545E8
:1057E00028BF454661785DB362682B463046FFF7B7
:1057F0003FF948B12846CBE74978FFF715F900286B
:10580000C5D02378D80707D54FF0E023D3F8F03D73
:10581000DB07BCD500BEBAE7638861783BB162683C
:105820003046FFF725F90028EED06088B0E71A4629
:10583000F6E7002BABD130466178FFF707F9A6E712
:105840002A46D2E72DE9F041B2F5004F9DF81880C5
:1058500024D80446C06817460E461D4618B14FF0BE
:10586000FF3102F049FC206918B14FF0FF3102F01E
:1058700043FC0022C5F30E03E06843EAC8336281AB
:105880002660A780E380228108B102F045FC2069F0
:1058900008B102F041FC0120BDE8F0810020BDE824
:1058A000F08100BF038942899BB292B28088934203
:1058B00036BFC2EB40029B1A9B189BB2984228BF8E
:1058C000184670470289438990B29BB2C01AB0FA59
:1058D00080F04009704700BF038942899BB28088ED
:1058E00092B2934236BFC2EB40029B1A9B189BB206
:1058F000984286BFC01A80B20020704738B504466F
:1059000000690D4618B14FF0FF3102F0F5FB218917
:10591000638989B29BB2A288994236BFC3EB420029
:10592000C81A401880B250B3824209D291422CBFAB
:10593000891A89188BB29A42638103D89B1A9BB249
:105940009A42FBD9E2882168C2F30E0202FB0311DE
:10595000284602F0DBF96189012589B24B1C9BB214
:105960009942A2880ED9002302FA05F15B1A9BB274
:105970002069638108B102F0CFFB284638BD054697
:1059800063899BB2B3EB420F4FEA4201F0DBEDE7D4
:105990002DE9F047064600698846914618B14FF058
:1059A000FF3102F0A9FB338974899BB2A4B2B58898
:1059B000A34236BFC4EB45071F1BFF18BFB2002F21
:1059C0004AD0BD4240D3B94528BFB946A5421FFAC7
:1059D00089F703D8641BA4B2A542FBD9B6F806A088
:1059E0002B1B31689BB2CAF30E029F42924602FB08
:1059F000041123D913FB02F31FFA83F94A464046E8
:105A00007D1B02F083F9621912FB0AF2316808EB80
:105A1000090092B202F07AF97289B58892B2D3196C
:105A20009BB29A421AD96A009B1A9BB23069738161
:105A300008B102F071FB3846BDE8F087404607FB2D
:105A400002F202F063F9E7E7AB422CBF5B1B5B1984
:105A50009CB22F467481B6E773899BB2B3EB450FB6
:105A60004FEA4502E2DBDFE7F8B50446C0680E46C0
:105A700018B14FF0FF3102F03FFB2589238961897E
:105A80009BB289B2A2888B4236BFC1EB42015B1A3E
:105A90005B189BB29A42ADB208D8E779FF0905D1ED
:105AA000E06808B102F038FB3846F8BD954228BFDF
:105AB0002B4618D39B1A9BB29342FBD2E2882068F4
:105AC000C2F30E0202FB0300314602F01FF96B1C09
:105AD0009BB29D42A28812D9002351005B1A9BB24F
:105AE00001272381DCE7E2882068C2F30E0205FB70
:105AF0000200314602F00AF90135A288ABB2B3EBDD
:105B0000420F4FEA4201EBDBE8E700BF2DE9F04F1F
:105B1000174683B0002A75D00646C068894618B17A
:105B20004FF0FF3102F0E8FAF379B6F80880728995
:105B3000DB09B5881FFA88F892B23CD1904536BF90
:105B4000C2EB4502A8EB0202424492B2AA425ED2E4
:105B5000AA1A92B2BA4228BF3A46B6F806B097B22D
:105B60007B1B08EB070ACBF30E0B9BB21FFA8AFADA
:105B7000A845444603D3641BA4B2AC42FBD22D1B00
:105B80003068ADB2BD420BFB040057D349460BFB56
:105B900007F202F0BBF8B288D0454FEA420302D8C0
:105BA000BAEB420F03DBAAEB03031FFA83FA3D466D
:105BB000A6F808A02CE0B6F806B0AF42CBF30E0B67
:105BC0002FD2904536BFC2EB4501A8EB02014144FC
:105BD00089B2680039447B1B81429BB20DDB02EB2A
:105BE000050A1FFA8AFAAAEB07081FFA88F8424545
:105BF00037D9A8EB00001FFA80F807EB080A1FFA54
:105C00008AFAB5E71546284603B0BDE8F08F0025AF
:105C1000F0680028F7D002F07FFA284603B0BDE80C
:105C2000F08F002DF4D07F1B02EB050A0BFB0799C8
:105C300090462F4600231FFA8AFA99E715FB0BF5C9
:105C4000ADB22A464946019302F060F8019B3068E4
:105C5000E21812FB0BF209EB050192B202F056F8C2
:105C600099E7404584DCC4E710B50446C06818B124
:105C70004FF0FF3102F040FA206918B14FF0FF31C8
:105C800002F03AFA0023E0686381238108B102F050
:105C900043FA206908B102F03FFA012010BD00BFAD
:105CA00038B50446C0680D4618B14FF0FF3102F018
:105CB00023FA206918B14FF0FF3102F01DFAE379A1
:105CC000E06865F3C713E37108B102F025FA2069B3
:105CD00008B102F021FA012038BD00BFF8B5044632
:105CE0000D46EFF3108772B60C4B9B6853F820609B
:105CF000B14204D00A4B9E420BD2FBF77DFC074B0E
:105D00009B6843F82450BFF35F8F87F310883046B9
:105D1000F8BD044B9E42F2D3EFE700BF00ED00E078
:105D2000100100101C010010012307480749084A10
:105D300003600B609368D907FCD50123054A136003
:105D40001368DB05FCD5704700200240003002409C
:105D50000000024000000A4010B5054C82B0014628
:105D60000F23002200940348FAF7DEFB02B010BDB7
:105D700078830010682A002070B51646026C04462D
:105D8000856B2AB9066801354EB31046A56370BD10
:105D90008EB9406801F0BAFF6368216CA2680B44B9
:105DA0009342636028BF236805F1010528BF636043
:105DB0000020A56370BDC06801F0A8FF226CE368F5
:105DC00051429B1A2268E360934202D2A3680B44BB
:105DD000E360022E08D001350020A56370BD806805
:105DE00001F00CF8A660D1E7012D38BF0125DFE7EF
:105DF00070B5A0B3A1FB002305460E467BBB01FB9B
:105E000000F010F1490F2AD8483001F017FA044683
:105E100028B33EB300F148032360C4E90F5601F0F4
:105E200067FA0023FF20A363216CE36B226801FB68
:105E300003F3591A626013440A44C4E9023284F835
:105E4000440084F8450004F1100001F0D3FB04F194
:105E5000240001F0CFFB01F059FA204670BD002468
:105E6000204670BD0346D7E72DE9F0410446904631
:105E70001D460F4601F016FB01F04EFBA26BE36BD3
:105E800006469A4208D3022D06D00024304601F07F
:105E90004FFB2046BDE8F0812A4694F8455039462C
:105EA00020466DB2A36BFFF767FF6B1C08D1636AD6
:105EB00083B90124304601F03BFB2046BDE8F08168
:105EC00000F0D8FD8542F4D201356DB284F845501A
:105ED0000124EFE704F1240000F0E6FE0028E8D0FA
:105EE000B8F1000FE5D00123C8F80030E1E700BFAA
:105EF0002DE9F043044685B08846019201F0F8F997
:105F0000A56B002D40F01781019B002B00F0C6808F
:105F100002A800F031FF2F4604F1240601F0F6F943
:105F200000F098FC01F0E4F994F84430FF2B08BF2E
:105F300084F8447094F84530FF2B08BF84F845700E
:105F400001F0E4F901A902A800F022FF002854D1D1
:105F500001F0CEF9A36B002B40F0A68004F12409D8
:105F600001F0D4F94846019900F0ECFD01F0C0F9C8
:105F700094F845305DB2002D04DC11E06B1EDAB2FE
:105F80005DB26AB1636A5BB1484600F08DFE0028DD
:105F9000F4D000F02DFF6B1EDAB25DB2002AF1D111
:105FA000FF2384F8453001F0B1F901F0A1F994F82C
:105FB00044305DB2002D14DD04F1100903E06B1EC6
:105FC000DAB25DB26AB123695BB1484600F06CFE9B
:105FD0000028F4D000F00CFF6B1EDAB25DB2002A8C
:105FE000F1D1FF2384F8443001F090F900F03AFC3D
:105FF00000284AD101F070F947E001F079F994F8EE
:1060000045305DB2002D04DC11E06B1EDAB25DB2EA
:106010006AB1636A5BB1304600F046FE0028F4D0F6
:1060200000F0E6FE6B1EDAB25DB2002AF1D1FF236A
:1060300084F8453001F06AF901F05AF994F84430D7
:106040005DB2002D14DD04F1100903E06B1EDAB21D
:106050005DB26AB123695BB1484600F025FE0028B5
:10606000F4D000F0C5FE6B1EDAB25DB2002AF1D1A9
:10607000FF2384F8443001F049F900F0F3FB01F00C
:1060800037F9A36B53B101F041F901F031F9A56B78
:10609000002D50D1019B002B7FF440AF01F036F969
:1060A000002005B0BDE8F08301F030F901F020F9DF
:1060B00094F845305DB2002D14DD04F1240903E0AD
:1060C0006B1EDAB25DB26AB1636A5BB1484600F03A
:1060D000EBFD0028F4D000F08BFE6B1EDAB25DB24F
:1060E000002AF1D1FF2384F8453001F00FF901F0C7
:1060F000FFF894F844305DB2002D14DD04F110096E
:1061000003E06B1EDAB25DB26AB123695BB1484647
:1061100000F0CAFD0028F4D000F06AFE6B1EDAB26F
:106120005DB2002AF1D1FF2384F8443001F0EEF88B
:1061300000F098FBA9E7226C5AB1E168A36811440A
:106140009942E16028BF2168404628BFE16001F024
:10615000DDFD2369013DA5632BB901F0D7F80120CE
:1061600005B0BDE8F08304F1100000F09DFD0028AB
:10617000F3D001F0B1F8F0E700296BD0564B5A6824
:10618000904200F08B801A6810B4002A3BD0DA6885
:10619000904200F09E809A68002A55D05A69904239
:1061A00000F095801A69002A55D0DA69904200F013
:1061B00082809A69002A54D05A6A904256D01A6A4C
:1061C000002A57D0DA6A904277D09A6A002A56D0CD
:1061D0005A6B904273D01A6B002A55D0DA6B9042FA
:1061E0006FD09A6B002A54D05A6C90426BD01A6CC4
:1061F000002A59D0DA6C904267D09B6C002B58D0A3
:106200005DF8044B7047DA68904262D05A69904258
:106210005DD01A46DC69A0424DD05C6AA04225D010
:10622000DC6AA04249D05C6BA04248D0DC6BA04243
:1062300047D05C6CA04246D0DC6CA04245D0C2E99D
:1062400000105DF8044B70475A6990423FD003F14B
:106250000802DFE77047DA6990422CD003F11002A0
:10626000DBE75A6A904201D01C4AD9E7042203EBCB
:10627000C202E4E7DA6A90421FD0194AD3E75A6BA8
:1062800090421CD0174AD1E7DA6B904219D0164AD7
:10629000CFE75A6C904216D0144ACDE7002203EBA8
:1062A000C202C2E900107047DA6C90420DD0104A69
:1062B000C5E7104AC3E70322D9E70522D7E706223C
:1062C000D5E70722D3E70822D1E70922CFE7022248
:1062D000CDE70122CBE700BF801C0020981C0020E6
:1062E000A01C0020A81C0020B01C0020B81C00200E
:1062F000C01C0020C81C002070B505460E46144680
:1063000000F0F6FF95F84430FF2B04BF002385F81A
:10631000443095F84530FF2B04BF002385F8453005
:1063200000F0F4FFAB6B002B43D000F0E1FF95F8D9
:1063300045305CB2002C14DD05F1240603E0631E39
:10634000DAB25CB26AB16B6A5BB1304600F0ACFCA9
:106350000028F4D000F04CFD631EDAB25CB2002AD3
:10636000F1D1FF2385F8453000F0D0FF00F0C0FFE9
:1063700095F844305CB2002C14DD05F1100603E002
:10638000631EDAB25CB26AB12B695BB1304600F0D1
:106390008BFC0028F4D000F02BFD631EDAB25CB257
:1063A000002AF1D1FF2385F84430BDE8704000F0A9
:1063B000ADBF2246314605F1240000F00FFCB4E7E2
:1063C0002DE9F041044600F093FF364A364E13683B
:1063D000013313603368002B34D0344FE36A3A68DA
:1063E0004AB3334D334934480A6804F1040C01328E
:1063F0000A6002689A4238BF036003EB830305EB2F
:10640000830041689B00EA58D1F808E0A160C4F815
:106410000CE00132CEF804C0C1F808C06061EA5057
:1064200000F074FF3B6823B13268E36AD26A9A4293
:1064300010D3BDE8F08132681D4DD26A9A4298BFF0
:106440003460CFE734601368012B07D0E36A184D3E
:10645000164FC7E7BDE8F04100F03EBF144D2F4690
:1064600005F178083846143701F0C4F84745F9D1EA
:10647000DFF86080114F404601F0BCF8384601F06B
:10648000B9F80F4801F0B6F80E4801F0B3F80E481D
:1064900001F0B0F80D4BC3F800800D4B1F60E36AAC
:1064A000024F9FE79C290020E02800202C2A002092
:1064B000F4280020A8290020AC290020EC29002085
:1064C000182A0020442A0020302A0020E828002032
:1064D000EC280020D829002080B5124D124F134E11
:1064E000DFF84C8014E000F003FFFB68DC68201D3F
:1064F00001F0A8F83368013B33602B68013B2B6047
:1065000000F004FF206B00F0A5FE204600F0A2FE84
:106510002B68002BE7D1D8F80030012BF8D900F018
:10652000DBFEF5E7A0290020442A00209C2900205A
:10653000F42800202DE9F04F4C4B83B01D68013545
:106540001D60002D67D04A490B689D4277D3494EA4
:1065500033681868002800F084800020AA460746A7
:106560008146DFF828E1444C019147E05869D3E9BE
:10657000022CC2F808C0CCF8042042688A420268A3
:1065800008BFC0F804C0013A5F610260986A70B148
:10659000D3E9072CC2F808C0CCF804204268AA420C
:1065A000026808BFC0F804C0013A9F620260DA6A5C
:1065B000DEF8000002EB820C04EB8C088242D8F873
:1065C000040054F82C50D0F808B09860C3F80CB010
:1065D000CBF804108160C3F81480284B88BFCEF834
:1065E000002019680135336844F82C50C96A1B68CB
:1065F0008A4288BF49F00109002B30D03368DB683C
:10660000DB685A68191D924503F11805AED201994D
:1066100048460A6014E0174B194A18681168196057
:10662000184910600A6801320A601A68126882B953
:106630004FF0FF330E490B600B689D4287D200205C
:10664000114B1B68002B18BF40F0010003B0BDE8E0
:10665000F08F1B680649DB681B680B6074E74846CF
:1066600001994FF0FF330B60EAE700BF582A002082
:106670000C2A0020E8280020F4280020E028002030
:10668000EC280020102A0020642A0020AC290020D9
:106690002DE9F8439500804628460F46994600F0BC
:1066A000CDFD002872D00646702000F0C7FD0446DC
:1066B000002868D0043D70220021354401F0AEFA74
:1066C00025F007052663002F3BD03B7884F8343053
:1066D000002B36D07B7884F8353093B3BB7884F8C0
:1066E000363073B3FB7884F8373053B33B7984F892
:1066F000383033B37B7984F8393013B3BB7984F8FD
:106700003A30F3B1FB7984F83B30D3B13B7A84F86B
:106710003C30B3B17B7A84F83D3093B1BB7A84F8D6
:106720003E3073B1FB7A84F83F3053B13B7B84F841
:10673000403033B17B7B84F8413013B1BB7B84F8AC
:106740004230089F201D052F28BF0527E762676498
:1067500000F05CFFC7F1060704F1180000F056FFD7
:106760004B4642462846216BA7612461646200F0D3
:10677000EFFD099B206003B11C602046FFF720FE5F
:106780000120BDE8F883304600F064FD4FF0FF3093
:10679000BDE8F8832DE9F8434FF4007000F04EFD9A
:1067A00088B30646702000F049FD044678B3002700
:1067B000DFF898903946702201F030FA06F5FE7540
:1067C000C4E90C690626201D00F020FF25F007050E
:1067D00004F1180000F01AFF3B46174A216B2846C7
:1067E0002461A661646200F0B3FD0346DFF86080B7
:1067F000236020460127C8F80040FFF7E1FD00F0C4
:10680000DBFCB8420AD00D4B1B68BDE8F88330466C
:1068100000F020FD094B1B68BDE8F88300F07CFE0A
:106820004FF0FF3400220649064B074804600F6012
:106830001A6000F0C9FDE6E7D96400101486001064
:106840002C2A0020582A00200C2A002049444C45BC
:10685000042A0020024A136801331360704700BF06
:10686000A42900202DE9F04FDFF86C8183B000F0FF
:106870003FFDD8F80030013BC8F80030D8F800E000
:10688000BEF1000F40F081804C4B1B68002B7CD088
:10689000DFF848C1DCF80030002B00F08B80484B5B
:1068A000DFF83C91474E0193DCF80C30DB689A6AC4
:1068B000D3E9070154688160486003F118008442FD
:1068C00008BF51601168C3F828E0013911605A69A6
:1068D000D3E90241A1604C6054681D1DAC4208BF61
:1068E00051601168D9F8000001391160DA6A8242FA
:1068F000354802EB820188BFC9F80020006806EB2A
:1069000081077C68D0F82CA056F82100D4F808B094
:10691000013052459C60C3F80CB0CBF80450A56020
:106920005F6146F8210037D90122019B1A60DCF82B
:106930000030002BB8D1254B1A681268002A34D0D9
:106940001A68234BD26812681A60224D2C689CB1D9
:106950000126019F05E0FFF7EDFD00B13E60013C1F
:1069600009D0D8F80030002BF5D02B68013C03F19A
:1069700001032B60F5D12C60019B1B682BB1124BDE
:1069800001241B6800F0A8FC00E0002400F0BEFC1D
:10699000204603B0BDE8F08FDCF80030002B83D137
:1069A0000A4B1A681268002ACAD14FF0FF32084B0E
:1069B0001A60CAE7024B0193C7E700BF9C29002079
:1069C000642A0020F4280020E0280020E828002085
:1069D0000C2A0020142A0020A4290020182A0020B4
:1069E000AC29002008B900F077BC194A2DE9F04124
:1069F00013680446013313601649174B174D184AA4
:106A00000E681768D3F800802868043000F01AFE7A
:106A10002B68A41929685C600DD23846043100F057
:106A2000F9FD104B1A68944238BF1C60FFF71AFF3B
:106A300048B1BDE8F0814046043100F0EBFDFFF7BE
:106A400011FF0028F5D1BDE8F04100F045BC00BFC2
:106A5000A4290020582A0020EC280020E02800204B
:106A6000E82800200C2A0020014B1868704700BF5E
:106A7000582A0020014B1868704700BF9C2900204D
:106A8000054B1B680BB9FFF755BD044A002013687E
:106A900001331360704700BFA4290020142A00208E
:106AA000234B1B681BB10122224B1A607047214AFD
:106AB00030B4214C13602068204A00EB800352F868
:106AC000233081008BBB431E03EB830552F8255016
:106AD0009900B5B9831E03EB830552F82550990040
:106AE0007DB9C31E03EB830552F82550990045B9C3
:106AF000031F03EB830552F8255099000DB9431F7E
:106B00009900194402EB8100024641680832496845
:106B10009142416008BFC168094A08BF4160C96825
:106B200011602360136830BC70470346E9E700BF7B
:106B3000A4290020642A0020AC290020F428002089
:106B4000E02800202DE9F0410C461E4D296818313F
:106B500000F060FD1C4B1D491D4A0E681768D3F8F4
:106B600000802868043000F06DFD631C15D02B6890
:106B7000A41929685C600AD23846043100F04AFD45
:106B8000144B1A68944238BF1C60BDE8F08140463F
:106B9000BDE8F041043100F03DBD0F4B29685A6853
:106BA0001C688A602E680134286829681C602D687A
:106BB000946804300431F460606091606B61BDE8FA
:106BC000F08100BFE0280020EC280020582A002097
:106BD000E82800200C2A0020302A002094462DE9C5
:106BE000F0412B4C0D4623684168D4F80080D961F0
:106BF0002768036826688A68D4F800E001331837EC
:106C00001836C8F8202057608E60224ACEF8280037
:106C100021490360214BBCF1000F1AD009681268AA
:106C20001B682068043000F00DFD1D4B19685A6880
:106C300001311960216890688A602168C860216804
:106C40000431416021682068043191604361BDE8EE
:106C5000F0810E681768D3F800802068043000F0D7
:106C6000F1FC2368AD1921685D6005D34046BDE89D
:106C7000F041043100F0CEBC3846043100F0CAFCCB
:106C8000084B1A68954238BF1D60BDE8F08100BF0F
:106C9000E0280020E8280020582A0020EC280020C6
:106CA000302A00200C2A0020F0B40026C368DB68DC
:106CB0009A6AD3E9070181604860506803F11804BB
:106CC000A042274808BF5160116805680139D86A99
:106CD0009E621160002D2FD1D3E902415A69A16053
:106CE0004C6054681E1DB44208BF516011680139E0
:106CF00011601C4A116881421B4938BF106000EBCB
:106D0000800201EB82077D689200D5F808C08C589C
:106D10009D60C3F80CC0CCF80460AE605F61134B9B
:106D200001341B688C50DB6A834215D2F0BC01230E
:106D30000F4A1846136070470E4A156851680135AE
:106D400015608D68D9611D626C608C609A62074B1A
:106D50001B68DB6A8342E9D3F0BC0020704700BFA8
:106D6000A4290020AC290020F4280020E0280020DD
:106D7000642A0020182A0020034A044B12681B686A
:106D8000C0E90023704700BF102A0020582A0020C5
:106D9000F8B50D46044600F0ABFA2B68124A581CB1
:106DA00011681BD0D4E90060DFF840C0DCF8007047
:106DB000BE4208D0884206D8002301242B6000F090
:106DC000A5FA2046F8BD0F1ABB42F5D95B1ADCF8CC
:106DD0000010126803442B60C4E90012002400F084
:106DE00095FA2046F8BD00BF582A0020102A00203E
:106DF0000122014B1A607047642A002058B1F8B58F
:106E0000C16A836C426C013B91420446836400D0AA
:106E10001BB10020F8BD00207047061D304600F071
:106E200011FC636C0E4AC3F10600A06101201168D9
:106E3000E3628B4288BF13600A4A03EB83034FEA85
:106E4000830C02EB83035D6852F80C10AF680144B9
:106E5000A560E7607E60AE60636142F80C10F8BD2B
:106E6000AC290020F42800202DE9F04FB74FDFF8BF
:106E7000E4B2DFF8E482B64D87B03B681C68002CB2
:106E800040F01D81FFF7E6FCFFF7EEFDDBF8003078
:106E90008146834248D8D8F80030CBF800001A6801
:106EA000B2FA82F252092868A4EB0901FFF724FA2A
:106EB000FFF7D8FC002800F024810023CDE902333D
:106EC000CDE904330022286802A9FFF711F8002851
:106ED000D3D0029B0498002BC0F2E980DDF810A00B
:106EE000DAF814301BB10AF1040000F0ABFBFFF735
:106EF000BBFDDBF800300190984243D3DDE901236C
:106F0000013BCBF80020082BDCD8DFE803F06161FF
:106F1000C0A5C76161C0A50022F001028AF8242043
:106F20005046DAF8203098473B681A68002A00F08B
:106F3000D880DA68D2F80CA014680AF1040630464A
:106F400000F080FB9AF824205107E5D503E0504675
:106F5000DAF820209047DAF81820CAF810A01119A2
:106F6000A418CAF80410F2D33146D8F8000000F093
:106F700051FBD5E721F0010189F824104846D9F8E2
:106F8000203098473B681968002900F0B480D96820
:106F9000D1F80C900C6809F10406304600F052FB61
:106FA00099F824104807E5D503E04846D9F82010A1
:106FB0008847D9F81810C9F8109008196418C9F84A
:106FC0000400F2D33146D8F8000000F023FBD5E7E7
:106FD0009AF824000399DAF81840019A0B1940F046
:106FE00001068AF824602CBF012600269342CAF8C5
:106FF0000430CAF810A000F28780511A8C423FD8A2
:10700000410712D420F001008AF824005046DAF833
:107010002030984756E78C4200F2C680DAF82030DC
:10702000504698473346DAF81840019AE6182CBFC4
:1070300001200020B242A2EB0301CAF80460CAF8A2
:1070400010A0E8D29A4201D20028E7D038680AF1AD
:10705000040100F0DFFAD9E70399019A9AF8243085
:10706000881843F0010390428AF82430CAF81810B7
:10707000CAF80400CAF810A04BD800293FF422AF88
:10708000D8F800000AF1040100F0C4FA1AE79AF8EF
:10709000243023F001038AF8243013E79AF82430CF
:1070A0009A0777D523F001038AF824300AE7039B77
:1070B00005999847029B002BFFF604AF0EE7DB68AB
:1070C0001C68FFF7C7FBFFF7CFFCDBF800308146F9
:1070D00083423FF629AF8442CBF800001FD900223B
:1070E000E1E6D8F80020CBF800903A60C8F800300C
:1070F000FFF7B8FBE1E6D8F80010C8F800303960B7
:10710000FCE600F0E9F8D8E6914202D9002E3FF4FF
:1071100077AF38680AF1040100F07CFAD2E6FFF795
:10712000A1FB3B68DB68DE68331D1846019300F065
:1071300089FA96F82420530716D422F0010286F823
:1071400024203046336A9847B7E600BFE428002081
:107150005C2A0020082A0020F028002081421DD847
:107160003046316A88475446B169A9EB040014EBF4
:10717000010A2CBF01230023CA45C6F804A03661CA
:10718000ECD94C4501D9002BEAD00199386800F0C0
:1071900041FAD6E7504600F05DF893E60199D8F839
:1071A000000000F037FACCE7D8F800000AF104013B
:1071B00000F030FA2AE700BFF0B5174C83B000F0BA
:1071C00097F825687DB100F0A1F8206848B1032444
:1071D0001248002301908022114912480094FFF7C1
:1071E00057FA03B0F0BD104E104F304600F002FACF
:1071F000384600F0FFF90E4A0E4B176010212A4660
:107200000A201E60FEF7F4FD20600028DBD00A494A
:10721000FEF7B2FFD7E700BF5C2A0020602A0020FB
:10722000A0830010696E0010B0290020C42900203E
:10723000F0280020E42800209883001010B50446B0
:10724000FFF708FB2046FAF72BFC0446FFF70AFB82
:10725000204610BD50B110B50446FFF7FBFA20469A
:10726000FAF730FCBDE81040FFF7FCBA704700BFEA
:10727000002300B583B0019300F04EF9019B002B71
:10728000FCD003B05DF804FB10B500F045F90446EE
:10729000FFF7F6FB28B14FF0E0234FF08052C3F820
:1072A000042D2046BDE8104000F042B910B504227C
:1072B0004FF0E024002322610520A361FAF792F841
:1072C0000721044BA3FB00239B09013B6361216160
:1072D00010BD00BFD34D62104FF0E0234FF080523D
:1072E000C3F8042DBFF34F8FBFF36F8F704700BFFC
:1072F00008B500F011F9044A136801331360BFF3B5
:107300004F8FBFF36F8F08BD94150020044B1A6890
:10731000013A1A60186800B1704700F009B900BF5F
:1073200094150020836913F8023C662B00D0704747
:107330004FF0E023D3F8882D42F47002C3F8882D73
:10734000D3F8342F42F04042C3F8342F00F0C6B8CF
:107350002DE9F04F4FF0113E4FF0807440E909E302
:107360004FF0073340F8044C164C40F8343C40E9E9
:1073700003424FF005334FF006324FF0123B40E925
:107380000F324FF0033A4FF002394FF001384FF00F
:1073900010374FF009364FF008354FF004346FF0D6
:1073A000020340E905AB40E9078940E90B6740F873
:1073B000305C40F8404C40F8443C40F8481DBDE883
:1073C000F08F00BF717200104FF0E0234FF07F424A
:1073D000002110B584B00291C3F81C2DD3F81C3DD8
:1073E0001B0E8DF807309DF807309DF807301A0600
:1073F0000CD5029B013302939DF807305B00DBB292
:107400008DF807309DF807301B06F2D4029B082B3D
:107410003AD0029AC2F10702120202F4E0624FF07F
:10742000E023002419490E200A60D3F8202D1849C2
:1074300042F47F02C3F8202DD3F8202D42F07F4282
:10744000C3F8202DC3F81C4DFEF748FC11490F204E
:10745000FEF744FC10490B20FEF740FCFFF726FF27
:107460004FF050420D490E4B0C6012681A7000F03C
:107470004BF8FFF715FB039400F04EF8039B002B2D
:10748000FCD0002004B010BD0022C8E784290020F1
:107490004175001089720010C1750010941500200C
:1074A00091150020EFF305830F2B84BF014A9B5CED
:1074B000704700BFF0E300E008B5F9F775F8044B3A
:1074C000044A0344136000F087F8034B186008BDBA
:1074D000E41F0020DC280020002A0020094A11684F
:1074E000086806C881F30B88022181F314882030D4
:1074F00080F30988BFF36F8F4FF0000080F311888D
:1075000010470000E028002062B661B6BFF34F8F3D
:10751000BFF36F8F66DF00BFEFF311804FF01001F4
:1075200081F31188BFF34F8FBFF36F8F704700BF98
:1075300080F31188BFF34F8FBFF36F8F704700BF89
:10754000EFF309811EF0100F08BF21ED108AEFF351
:107550000B82734621E9FC0F55FC084457FC096473
:1075600059FC0A8401E9F003144A136819604FF0CA
:10757000100181F31188BFF34F8FBFF36F8FFFF7B7
:107580008FFA4FF0000080F311880C4A11680868E8
:107590001838B0E8F00345EC004447EC016449ECCE
:1075A0000284B0E8FC0F13F0100F08BFB0EC108A93
:1075B00082F30B8880F3098818470000E028002038
:1075C0001EF0040F0CBFEFF30880EFF309800149B0
:1075D000084700002573001010B51820FFF72EFE95
:1075E000044620B1002340F8043B00F003F8204695
:1075F00010BD00BF4FF0FF31002200F10803C0E9C9
:107600000131C0E903330260704700BF002303610A
:10761000704700BF30B40D686B1C10D000F1080338
:107620001C465B681A68AA42FAD902684B600132AC
:1076300099608C606160086130BC026070470469C9
:107640006368F2E70346026910B4546840689968B9
:107650009C428160486008BF5160002110685DF85D
:10766000044B013819611060704700BF024B01469E
:10767000186800F00BB800BFA8190020024B0146A3
:10768000186800F043BC00BFA819002001F10B03EB
:10769000162B2DE9F04F074683B023D8102900F2AE
:1076A000AF8000F0AFFA102518230220BA4E334401
:1076B0005C68A3F10802944200F056816368384682
:1076C00023F00303D4E902122344CA6091605A688C
:1076D000083442F001025A6000F09AFA204603B0E2
:1076E000BDE8F08F002B23F00705C0F28980A94286
:1076F00000F2868000F086FAB5F5FC7FC0F07B8250
:107700006B0A00F08480042B00F26281AB0903F164
:10771000390003F1380EC3009F4E3344A3F1080C27
:107720005C68A44507D10DE0002AE16880F216816B
:107730008C450C4606D0636823F003035A1B0F2ABE
:10774000F2DD7046DFF868823469444500F0F2806B
:10775000636823F0030CACEB05030F2B00F374817B
:10776000002BC6E9048880F26381BCF5007FD6F85F
:1077700004E080F0FF804FEADC0301224FEA5C1C4A
:10778000013302FA0CF256F833104EEA020E06EB01
:10779000C302083AC6F804E0C4E9021246F83340CE
:1077A000CC6083104FF0010C0CFA03FCF44534D884
:1077B0001CEA0E0F07D120F003004FEA4C0C0430F6
:1077C0001CEA0E0FF9D006EBC00A8146D646DEF859
:1077D0000C300BE05A681C46DB6822F00302511B98
:1077E0000F2900F30181002980F215819E45F1D116
:1077F00009F101090EF1080E19F0030FE7D158E164
:107800000C233B600024204603B0BDE8F08F4FF40A
:10781000007340204FF03F0E7EE7B468636823F0AA
:107820000309A945A9EB050302D30F2B00F38580BB
:107830005A4B08201B6803F1100804EB090300935E
:1078400000F052FA564AA84483461368013305D023
:1078500008F1FF384342804403EA080841463846AD
:1078600000F02AFAB0F1FF3F82464D4A00F007814E
:1078700004EB0903834200F200814A4B0BF1FF3C09
:1078800018684044186000F064811168013100F00C
:107890006C8104EB0902AAEB020202441A601AF09E
:1078A0000702CDE9002300F02781C2F10802384623
:1078B00092445A44D04408EA0C01521A02EA0C0BD2
:1078C000594600F0F9F9421C019B00F06A81A0EBD7
:1078D0000A0000EB0B08186848F00102B442C6F831
:1078E00008A05844CAF80420186017D0B9F10F0F47
:1078F00040F23E816168A9F10C024FF0050C22F0C4
:10790000070201F0010111430F2A616004EB02013B
:10791000C1E901CC00F24D81DAF80420224B544633
:107920001968814238BF1860204B1968814238BFFE
:107930001860A6E0D6F804E033E7621945F00105C7
:1079400043F00103083444F8045C3846B2605360E5
:1079500000F05EF9204603B0BDE8F08FA268234432
:107960003846D1608A60B2E6DC68A3427FF4A6AEF6
:107970000230E7E6BCF5206F4FEA5C2276D3142A8A
:1079800000F2CD8002F15C035B32DB00F118F358AA
:107990000839994211D1A5E0A0150020041D00204E
:1079A00098150020D41C0020FC1C0020001D002085
:1079B000A81500209B68994204D05A6822F003025F
:1079C0006245F7D8D968C4E902318C60DC60E8E62A
:1079D000142B63D9542B00F2AB802B0B03F16F00F7
:1079E00003F16E0EC30097E6D4F808C03846671955
:1079F00045F001056560CCF80C30C3F808C041F0D3
:107A00000103C6E90477C7E902887B60A150083406
:107A100000F0FEF8F7E622443846516841F00101D3
:107A2000516054F8082FD3609A6000F0F1F8EAE64C
:107A3000A44438460834DCF8043043F00103CCF8A1
:107A4000043000F0E5F8DEE6621943F0010145F08C
:107A5000010538466560C6E90422C2E90288516022
:107A600044F80C30083400F0D3F8CCE64FEA9C120E
:107A700002F139033832DB0088E7B44262D0B468DF
:107A8000626822F00308A845A8EB050302D30F2B78
:107A90003FF753AF384600F0BBF8B3E603F15C00A4
:107AA00003F15B0EC30037E65AF80839534540F03E
:107AB000A08010F0030F00F1FF30F5D1736823EAC6
:107AC0000C0373604FEA4C0C0CF1FF329A4204D362
:107AD000A3E64FEA4C0C09F104091CEA030FF8D0A5
:107AE000484670E692104FF0010C0CFA02F24EEA92
:107AF000020EC6F804E066E70AEB0802384602EA1E
:107B00000C02ABEB020B0BEA0C0B594600F0D4F85D
:107B1000431C019B7FF4DBAEDDF800B0DBE6542AAA
:107B20002AD84FEA1C3202F16F036E32DB002DE7D8
:107B3000B3F5AA7F2AD8EB0B03F1780003F1770E97
:107B4000C300E9E52E4B0BF1FF3C18684044186078
:107B50009BE61AEA0C0F7FF498AEC844D6F808A04A
:107B600048F00102CAF80420D8E6C2F800A096E660
:107B70000123CAF804308DE7B2F5AA7F24D84FEA72
:107B8000DC3202F178037732DB00FFE640F2545238
:107B9000934224D8AB0C03F17D0003F17C0EC300AB
:107BA000BAE5009A4FF0000B083A9044A8EB0A0897
:107BB00091E6384604F10801009300F0A7F9009B14
:107BC000D6F808A01868A7E640F254539A420CD899
:107BD0004FEA9C4202F17D037C32DB00D6E64FF493
:107BE0007E737F204FF07E0E96E54FF47E737E22EB
:107BF000CCE6736866E7E80805F1080356E500BFC0
:107C0000D41C0020014800F07DB800BFD01C00202B
:107C1000014800F079B800BFD01C0020830730B5C0
:107C200046D08418844604E003F8011B9D0704D065
:107C30009C46A4456346F7D130BD013A0244A2EB0D
:107C40000C02032A29D9CCB20F2A04EB042404EB3A
:107C500004442FD9A2F1100C03F110052CF00F0CE5
:107C6000AC44C3E90044C3E9024410336345F8D18E
:107C700012F00C0F02F00F0E18D02EF0030CAEF124
:107C800004051A469C4442F8044B6245FBD125F09A
:107C9000030404330EF003022344002ACCD0C9B2FB
:107CA0001A4403F8011B9342FBD130BD7246F4E73E
:107CB0000346C6E79646E0E738B50022064D04467F
:107CC00008462A60FBF77EFA431C00D038BD2B68BB
:107CD000002BFBD0236038BD84240020014B1868A2
:107CE000704700BFA8190020082802D14FF4805027
:107CF000704708B5FFF7F2FF162203464FF0FF303A
:107D00001A6008BD704700BF704700BF844641EA53
:107D1000000313F0030349D1403A23D30B680360F7
:107D20004B6843608B688360CB68C3600B690361F9
:107D30004B6943618B698361CB69C3610B6A0362E1
:107D40004B6A43628B6A8362CB6AC3620B6B0363C9
:107D50004B6B43638B6B8363CB6BC36340304031AE
:107D6000403ADBD230320BD30B6803604B68436080
:107D70008B688360CB68C36010301031103AF3D247
:107D80000C3205D351F8043B40F8043B043AF9D2D5
:107D9000043208D0D2071CBF11F8013B00F8013BA8
:107DA00001D30B8803806046704700BF082A13D3B5
:107DB0008B07B1D010F00303AED0C3F10403D21A85
:107DC000DB071CBF11F8013B00F8013BA4D331F8DD
:107DD000023B20F8023B9FE7043AD9D3013A11F85D
:107DE000013B00F8013BF9D20B7803704B784370EC
:107DF0008B7883706046704720F0030110F0030019
:107E0000C0F1000051F8043B00F1040C4FEACC0C27
:107E10006FF000021CBF22FA0CF213434FF0010C6A
:107E20004CEA0C2C4CEA0C4CA3EB0C0222EA0302A9
:107E300012EACC1204BF51F8043B0430F4D0C2F172
:107E4000000102EA0102B2FA82F2C2F11F0200EB63
:107E5000D20070472DE9F8430646DFF8AC800820D1
:107E60008946FFF741FF05463046FFF7CBFED8F8BD
:107E700008305F6827F00307A7F11104A4EB090499
:107E80002C44B4FBF5F4013C05FB04F4A54208DCEA
:107E900000213046FFF710FFD8F808303B449842E5
:107EA00005D03046FFF7B4FE0020BDE8F8836142FC
:107EB0003046FFF701FF01300FD03F1B104AD8F8C2
:107EC0000830304647F001075F6013681B1B1360E2
:107ED000FFF79EFE0120BDE8F88300213046FFF742
:107EE000EBFED8F80820831A0F2BDADD43F00103EC
:107EF00003495360034B1B68C01A0860D1E700BFF9
:107F0000D41C002098150020A015002000295AD06C
:107F1000F8B50C460746FFF775FE734D54F804CCD0
:107F2000A4F10802A8682CF001030CF0010ED1188E
:107F30004E68884226F003067CD088194E6040685F
:107F400000F00100BEF1000F2ED154F8084C05F1ED
:107F5000080C121B23449468644560D0D2F80CE0EE
:107F6000C4F80CE0CEF8084000287DD043F00100B2
:107F700050600B60B3F5007F2ED25809D908012359
:107F8000834068680131034355F831006B6005EBAD
:107F9000C103083BC2E9020345F83120C2603846FC
:107FA000BDE8F840FFF734BE70B9334405F1080C62
:107FB000886843F0010460456ED0C968C16088607C
:107FC0005460D350D6E770474CF00101B3F5007F01
:107FD00044F8041CD350D0D3B3F5206F4FEA53219B
:107FE00044D2990901F1390001F13804C10068183F
:107FF00069580838884203D155E08968884204D01E
:108000004C6824F003049C42F7D8C868C2E9021007
:1080100082603846CA60BDE8F840FFF7F9BD80BB12
:108020001E44D1E90213CB60996046F0010353600E
:108030009651B4E71E44BEF1000F07D154F8083C36
:10804000D21A1E44D2E90213CB60996046F00103B4
:108050005360264BAA601B68B342A0D8244B384615
:108060001968FFF7F7FE9AE73344A1E714290DD901
:1080700054291FD8190B01F16F0001F16E04C100E2
:10808000B5E743F0010050600B6088E701F15C0048
:1080900001F15B04C100AAE7C5E90422C2E902CCF0
:1080A0005460D3507BE7A4100123A3406C682343A2
:1080B0006B60ABE7B1F5AA7F06D8D90B01F1780068
:1080C00001F17704C10092E740F25450814206D892
:1080D000990C01F17D0001F17C04C10087E74FF4A8
:1080E0007E717E2483E700BFA01500209C15002030
:1080F000041D0020F8B500BF5FF800F03502002035
:108100005FF800F00D0B00205FF800F099100020E0
:108110005FF800F0491100205FF800F06D020020C8
:108120005FF800F06D0A00205FF800F0C90A002037
:108130005FF800F0CD0100205FF800F0950A002004
:108140005FF800F0A90200205FF800F011010020A4
:10815000B11600102516001059160010FD1600105B
:1081600091160010A9150010D916001095150010D1
:10817000050A0010DD160010C90D0010F5150010DD
:10818000C516001075160010E10500100906001054
:0C81900019020010713B0010B9740010BF
:1081A00054656D70657261747572613A20252E3266
:1081B0006620C2B04320287261773A202575290ACB
:1081C000000000004572726F7220637265616E6418
:1081D0006F206C6120636F6C6100000044697370F4
:1081E00061726141444300004D756573747261545E
:1081F000656D70000A2A2A2A2050414E4943202AE0
:108200002A2A0A000A0000004E6F207370696E6C03
:108210006F636B732061726520617661696C616266
:108220006C6500004E6F2075736572204952517362
:108230002061726520617661696C61626C65000025
:10824000486172647761726520616C61726D20258E
:108250006420616C726561647920636C61696D652D
:108260006400000048617264206173736572740079
:108270004F7574206F66206D656D6F727900000018
:1082800052656C6561736500626F6F74325F77323F
:108290003571303830000000302E3100322E312E52
:1082A000310000007069636F320000006669726D12
:1082B00077617265000000004D6179203135203210
:1082C00030323500666E692B00000000666E690072
:1082D0006E616E00666E692D0000000055534220ED
:1082E000737464696E202F207374646F757400005A
:1082F00052617370626572727920506900000000EB
:108300005069636F00000000426F61726420434453
:10831000430000005265736574000000556E68618B
:108320006E646C65642049525120307825780A00CB
:10833000657020253032582077617320616C72653A
:1083400061647920617661696C61626C650000002E
:1083500043616E277420636F6E74696E7565207853
:10836000666572206F6E20696E6163746976652040
:1083700065702025303258004E6F20444D412063F7
:1083800068616E6E656C73206172652061766169EB
:108390006C61626C65000000546D72510000000059
:1083A000546D72205376630006005250D3F075422C
:1083B0008082001006005250E182887F888200107F
:1083C000060052503ABCA911988200100600525083
:1083D000ABB360539C82001006005250BBFF3CB60A
:1083E000A482001006005250861C0302AC820010CA
:1083F000060052505422A29DB8820010050052502F
:10840000DE65F46840A00010000000000000F03FAE
:10841000000000000000244000000000000059405F
:108420000000000000408F40000000000088C340B2
:1084300000000000006AF8400000000080842E4127
:1084400000000000D01263410000000084D7974173
:108450000000000065CDCD410D0A000000000000C5
:10846000ED35001000000000F1350010FD35001062
:108470002936001025360010000000000A00000018
:1084800000000306A6000800020002009C00140081
:10849000030057494E555342000000000000000001
:1084A0000000800004000100280044006500760000
:1084B00069006300650049006E0074006500720089
:1084C00066006100630065004700550049004400F4
:1084D00000004E007B00620063003700330039006B
:1084E0003800630031002D00370033006300640062
:1084F0002D0034006300620037002D003900380081
:10850000620038002D00390031003300610038006E
:1085100066006300610037006200660036007D007F
:1085200000000000050F2100011C100500DF60DDC8
:10853000D88945C74C9CD2659D9E648A9F000003E4
:1085400006A60001000000000600525053B4F4A13A
:10855000DC82001000000000F08200100083001098
:108560008829002008830010148300100902540099
:10857000030100807D080B000202020000090400D4
:10858000000102020004052400200105240100016D
:1085900004240206052406000107058103080010D3
:1085A00009040100020A0000000705020240000061
:1085B000070582024000000904020000FF000105D7
:1085C00012011002EF0201408A2E0900000101028F
:1085D0000301000000000000254F0010954F00101F
:1085E000C54F001011500010D150001091510010D3
:1085F000000000000000000089520010E552001049
:10860000015300102553001081360010195400103A
:0886100000000000050000005D
:08861800F4F6FF7F01000000F1
:10862000A8830010B4830010C0830010CC83001016
:10863000D8830010E4830010F0830010FC83001046
:048640004885001059
:10864400034600B50268EFF3108C72B6D2E8CFEFA0
:108654000120BEF1000FF9D1C2E84E0FBEF1000FA8
:10866400F4D1BFF35F8F93F90420002A0ADB01B130
:108674000A60002000221B68C3E88F2F8CF3108847
:108684005DF804FB4FF05042126801201A71F1E7C3
:108694004FF050412DE9F0410027044616461D468F
:1086A400D1F8008008E0C1E88F7F8CF31088304651
:1086B400294601F0B1F9E8B92168EFF3108C72B6DC
:1086C400D1E8CF2F0123002AFAD1C1E8423F002A82
:1086D400F6D1BFF35F8F94F904302168002BE2DAFE
:1086E400002384F80480C1E88F3F8CF310880120B4
:1086F400BDE8F0810020BDE8F08100BF30B504681A
:10870400EFF3108C72B6D4E8CFEF0125BEF1000F61
:10871400F9D1C4E84E5FBEF1000FF4D1BFF35F8F0F
:1087240090F904400568002C10DB0021C5E88F1F78
:108734008CF310884FF0504595F90050A54201D1B3
:10874400084630BDBDE83040FFF7A2BF4FF05042AD
:10875400126800230271C5E88F3F8CF31088012052
:1087640030BD00BF70B505460C4601F051F9024614
:108774000B464FF47A704FF0FF3E6FF0004CE4FB71
:10878400002396457CEB030138BF72462846BDE8BA
:10879400704038BF6346FFF77BBF00BF0368EFF349
:1087A400108272B6D3E8CFCF0121BCF1000FF9D10A
:1087B400C3E84C1FBCF1000FF4D1BFF35F8F4FF03F
:1087C400FF0C0023016880F804C0C1E88F3F82F3E6
:1087D400108840BF704700BF002108B5134B4FF409
:1087E400707299601248D960196159619961D961AF
:1087F400196259629962D962196359639963D96399
:10880400196459649964D964196559659965D96578
:10881400196659669966D966196759679967D96758
:1088240001F0EEF8034B044A1A6008BD0000105032
:10883400D024002098280020800110502DE9F04F0A
:108844001F4B85B0D3F858A0BAF1000F22D00024F2
:1088540001254FF4E069DFF870801A4F01E0202C05
:1088640018D00AEA0502611C2346AB46CCB26D005F
:10887400002AF4D004F0010203F0FE06164407EBCC
:1088840046163046C8F858B000F00AFC28B93AEA4F
:108894000B0AE4D105B0BDE8F08F00238DF8093050
:1088A400B37801A88DF80830F38A0121ADF804905B
:1088B400039300F013FC304600F098FBE7E700BF99
:1088C400000011509024002000301150F0B5BB4B33
:1088D40085B0D3F8985015F4003674D0B84BB94C21
:1088E400996A94F83B30B84A022B116000F0D480A6
:1088F400002694F87B30022B00F03B8194F8BB30C7
:10890400022B00F07D8194F8FB30022B00F06C8187
:1089140094F83B31022B00F0448194F87B31022B14
:1089240000F0338194F8BB31022B00F0B68194F847
:10893400FB31022B00F0A68194F83B32022B00F0AD
:10894400968194F87B32022B00F0868194F8BB3236
:10895400022B00F0768194F8FB32022B00F0668142
:1089640094F83B33022B00F0568194F87B33022BAE
:1089740000F0A48094F8BB33022B00F0998194F8A2
:10898400FB33022B00F0B4803EB9904B1B7823B923
:108994004FF400328E4BC3F890204FF44072874B53
:1089A40001219B6C01A8C3F30A03ADF804200293D0
:1089B40000F094FBEA064FF40036864C07D5FFF727
:1089C4003DFF264603E0EA064FF01004F7D4EB031C
:1089D40022D57C4C46F48036A37E002B40F099804F
:1089E400012394F83A20E370002A40F0AD8001237B
:1089F4004FF4C061784A84F82330ADF8041092E84B
:108A0400030004AA02E90300194601A800F066FB6A
:108A14004FF400326E4B1A65E90408D46A041DD47D
:108A24002B042AD4AE4240F0C58105B0F0BD002429
:108A3400624B46F480561C60FFF7CEFE4FF4807301
:108A4400012101A8ADF804308DF8084000F046FB80
:108A54004FF400225E4B1A656A04E1D54FF480633B
:108A6400012101A8ADF8043000F038FB1022584B66
:108A740046F480461A652B04D4D54FF4A063012133
:108A840001A8ADF8043000F029FB4FF40062504B0C
:108A940046F400461A65C5E794F83A60002E3FF4A0
:108AA40028AF94F83C30002B3FF423AF002304F1AB
:108AB400200084F83C3000F0C1FA1AE794F87A7385
:108AC400002F3FF457AF94F87C33002B40F06481BF
:108AD40094F8BB33022B40F0F48094F8BA33002BA3
:108AE40040F0EB8094F8FB33022B7FF456AF3E4604
:108AF40094F8FA33002B3FF447AF94F8FC33002B7F
:108B04003FF44BAF0023354884F8FC3300F096FA69
:108B140043E70221324B294A1966536E9F07FCD55D
:108B24004FF440520021274800F066FA254800F02F
:108B34005DFA0222264B5A661A66012394F83A20FB
:108B4400E370002A3FF453AF254A1366A2F500529E
:108B5400536ED807FCD54FF440520021214800F051
:108B64004BFA204800F042FA0122194B5A661A6661
:108B74003DE794F87A70002F3FF4C0AE94F87C304F
:108B8400002B40F001813E46B8E694F87A71002F3C
:108B94003FF4C8AE94F87C31002B40F0ED803E46A3
:108BA400C0E694F83A71002F3FF4B7AE94F83C3124
:108BB400002B40F0D9803E46AFE600BF00001150C4
:108BC40000000B4090240020802400206B2A002009
:108BD40000301150100002000000105070280020D6
:108BE40000201150B024002094F8FA70002F3FF4B4
:108BF4008FAE94F8FC30002B40F08E803E4687E622
:108C040094F8BA70002F3FF47EAE94F8BC30002B79
:108C14007AD13E4677E694F83A73002F3FF4A5AE36
:108C240094F83C33002B57D13E469EE694F8FA72F2
:108C3400002F3FF495AE94F8FC32002B5CD13E46F5
:108C44008EE694F8BA72002F3FF485AE94F8BC32E5
:108C5400002B49D13E467EE694F87A72002F3FF409
:108C640075AE94F87C32002B76D13E466EE694F8CD
:108C74003A72002F3FF465AE94F83C32002B63D176
:108C84003E465EE694F8FA71002F3FF455AE94F830
:108C9400FC31002B50D13E464EE694F8BA71002FB9
:108CA4003FF445AE94F8BC31002B3DD13E463EE640
:108CB40094F8BA33002B3FF462AE94F8BC33002B23
:108CC40071D194F8FB33022B7FF467AE94F8FA3336
:108CD400002B3FF462AE10E70023394884F83C339C
:108CE4003E4600F0ABF940E60023364884F8BC3237
:108CF4003E4600F0A3F92EE60023334884F8FC3204
:108D04003E4600F09BF92BE60023304884F8BC3043
:108D14003E4600F093F9F6E500232D4884F8FC3034
:108D24003E4600F08BF9F3E500232A4884F8BC3171
:108D34003E4600F083F9FAE50023274884F8FC3125
:108D44003E4600F07BF9F7E50023244884F83C32E2
:108D54003E4600F073F9F4E50023214884F87C32A0
:108D64003E4600F06BF9F1E500231E4884F83C31DF
:108D74003E4600F063F9D0E500231B4884F87C31BB
:108D84003E4600F05BF9CDE50023184884F87C30BA
:108D94003E4600F053F9B1E50023154884F87C33CE
:108DA40000F04CF994E60023124884F8BC3300F038
:108DB40045F986E7104886EA050100F031FE00BF58
:108DC400B027002030270020702700203025002005
:108DD400702500203026002070260020B0260020B8
:108DE400F0260020B0250020F0250020F0240020EB
:108DF400F0270020302800201C8300102DE9F047C4
:108E0400848A058BC278A54228BF2546171E18BF41
:108E14000127641B467882F00102A4B20346C270A3
:108E2400848245F4806040EA4730A6BBD3E9032638
:108E34006F1E02EB811E55B3052F98BF721C31D9EA
:108E440002EB811C721CACEB0204022C2AD93246C0
:108E54004FEA95094FEA890A06EB890852F8044B50
:108E640042454CF8044BF9D15545A7EB0A070EEBE4
:108E74000A040AD016F829600EF829602FB1567832
:108E8400012F667001D09278A2701E699C8A2E44CC
:108E94001E6140F400400CB940F4804001B100046C
:108EA400BDE8F0870EF1FF3E2E4400E0013212F8D7
:108EB400014CB2420EF8014FF8D1E6E7836802464E
:108EC400186801B1000C5378C0F30900002B3CD0A2
:108ED4002DE9F041D2E90334461E03EB811E40B371
:108EE400052E3BD989014D1C1D44651B022D35D926
:108EF4007346214600F47F774FEA9008FD1853F833
:108F040004CBAB4241F804CBF9D1B842A6EB070637
:108F140004EB07030EEB07010AD01EF8285004F8EF
:108F240028502EB14C78012E5C7001D0897899704C
:108F34001469D38A04440344D382138B1461834297
:108F440084BF00239382BDE8F081D38A0344D38293
:108F5400138B834284BF002393827047013C0EEB42
:108F640000011EF8013B714504F8013FF9D1DFE728
:108F740010B50446836800211B68FFF79FFF6368F0
:108F84001B685B0002D5238B834200D010BD2046B2
:108F9400BDE810400121FFF791BF00BF084B1B6CD7
:108FA40013F0020302D18278D20901D10020704764
:108FB400C07EA0F10200B0FA80F04009704700BF03
:108FC4000000115008B5FFF7E9FF50B1054A064B00
:108FD400906A1B68A0F54870C01AC6288CBF002090
:108FE400012008BD00000B40802400200023C0E9BC
:108FF40004338376704700BF10B5836809B11C68D9
:10900400214082B1114352050DD51A6854050CD480
:10901400084A21F480641C60126C920703D40C2368
:10902400033BFDD28368196010BD8178024800F0CB
:10903400F7FC00BF000011503083001030B54368C6
:10904400002183B004461D68FFF7D8FE134B40F49B
:109054008052196CA37889070ED55B060ED025F0D3
:10906400A04545F000550021204663681D6003B00B
:10907400BDE83040FFF7C0BFDB09F0D0A38A002B66
:10908400EDD0012120460192FFF7B8FE019A25F0A8
:109094000055024345F0A045E5E700BF000011502C
:1090A40038B5857E044695B1FFF762FFA38A0BB9F4
:1090B400284638BD2046FFF785FF20B101232377DA
:1090C4000025284638BD2046FFF7B8FFF8E7817829
:1090D400014800F0A5FC00BF508300102DE9F043C7
:1090E40043788146023B0D4685B0042B13D8DFE854
:1090F40003F0034A6A73440000217B4B1A7822F080
:1091040001021A701A7822F002021A7059701A7841
:1091140061F382021A70754B1C686369EFF3108265
:1091240072B6D3E8CF0F01210028FAD1C3E8401F5B
:109134000028F6D1BFF35F8FA2614946204600F0B4
:109144005BFC00236269C2E88F3FA36983F3108844
:1091540048B94FF0E023D3F8F03DDB070AD500BE51
:1091640005B0BDE8F0832A4699F8011099F800008B
:1091740000F04AFC05B0BDE8F0835D4A1378013382
:10918400DBB21370C7E700245A4E23463178DFF868
:109194006C81594F11E03B6813EB441307D0DB6932
:1091A4002BB1D9F8041099F80000984731780134AC
:1091B400E4B24A1CA242234617DBA142EBD85B1A55
:1091C40008EB4313EBE7484B1A78D607D2D51A7845
:1091D40042F004021A709EE7434B1A78D407C9D5AB
:1091E4001A7822F004021A7095E73F4C2378580746
:1091F4003AD4E378DA07BDD5032300263B4A99F82D
:1092040000101468D9F804208DF804108DF8053086
:109214006369CDF80660CDF80A60ADF80E6002927D
:10922400EFF3108272B6D3E8CF0F01210028FAD1F0
:10923400C3E8401F0028F6D1BFF35F8F2046A26128
:1092440001A900F0D9FB6369C3E88F6FA36983F3B5
:10925400108800283FF47DAF2A469DF805109DF83C
:10926400040000F0D1FB85E72378002723F00403F2
:10927400237005231D4A8DF80530166899F80020DF
:10928400ADF80E708DF804207369CDF80670CDF832
:109294000A70EFF3108272B6D3E8CF0F01210028D1
:1092A400FAD1C3E8401F0028F6D1BFF35F8F3046E0
:1092B400B26101A900F0A0FB7369C3E88F7FB369B1
:1092C40083F3108838B94FF0E023D3F8F03DD90781
:1092D4008FD500BE8DE72A469DF805109DF8040041
:1092E40000F092FB85E700BF1020002068200020DA
:1092F4006C2A00206A2A0020401E0020D485001019
:1093040081F0004102E000BF83F0004330B54FEA32
:1093140041044FEA430594EA050F08BF90EA020F9F
:109324001FBF54EA000C55EA020C7FEA645C7FEA32
:10933400655C00F0E2804FEA5454D4EB5555B8BF55
:109344006D420CDD2C4480EA020281EA030382EAC6
:10935400000083EA010180EA020281EA0303362D58
:1093640088BF30BD11F0004F4FEA01314FF4801C2B
:109374004CEA113102D0404261EB410113F0004F3D
:109384004FEA03334CEA133302D0524263EB4303F4
:1093940094EA050F00F0A780A4F10104D5F1200E92
:1093A4000DDB02FA0EFC22FA05F2801841F10001ED
:1093B40003FA0EF2801843FA05F359410EE0A5F1C1
:1093C40020050EF1200E012A03FA0EFC28BF4CF0F2
:1093D400020C43FA05F3C01851EBE37101F00045A8
:1093E40007D54FF0000EDCF1000C7EEB00006EEBB5
:1093F4000101B1F5801F1BD3B1F5001F0CD349083F
:109404005FEA30004FEA3C0C04F101044FEA445295
:1094140012F5800F80F09A80BCF1004F08BF5FEA1C
:10942400500C50F1000041EB045141EA050130BDFC
:109434005FEA4C0C404141EB0101013C28BFB1F50E
:10944400801FE9D291F0000F04BF01460020B1FA59
:1094540081F308BF2033A3F10B03B3F120020CDA2C
:109464000C3208DD02F1140CC2F10C0201FA0CF00A
:1094740021FA02F10CE002F11402D8BFC2F1200C6F
:1094840001FA02F120FA0CFCDCBF41EA0C01904025
:10949400E41AA2BF01EB0451294330BD6FEA04046E
:1094A4001F3C1CDA0C340EDC04F11404C4F1200259
:1094B40020FA04F001FA02F340EA030021FA04F36B
:1094C40045EA030130BDC4F10C04C4F1200220FAC2
:1094D40002F001FA04F340EA0300294630BD21FA00
:1094E40004F0294630BD94F0000F83F4801306BFC6
:1094F40081F480110134013D4EE77FEA645C18BFBA
:109504007FEA655C29D094EA050F08BF90EA020F50
:1095140005D054EA000C04BF1946104630BD91EA48
:10952400030F1EBF0021002030BD5FEA545C05D14B
:109534004000494128BF41F0004130BD14F580048A
:109544003CBF01F5801130BD01F0004545F0FE41FE
:1095540041F470014FF0000030BD7FEA645C1ABF33
:10956400194610467FEA655C1CBF0B46024650EA6A
:10957400013406BF52EA033591EA030F41F4002196
:1095840030BD00BF90F0000F04BF0021704730B51C
:109594004FF4806404F132044FF000054FF00001F1
:1095A40050E700BF90F0000F04BF0021704730B5B2
:1095B4004FF4806404F1320410F0004548BF404287
:1095C4004FF000013EE700BF42004FEAE2014FEADC
:1095D40031014FEA02701FBF12F07F4393F07F4FB7
:1095E40081F06051704732F07F4208BF704793F0BA
:1095F4007F4F04BF41F40021704730B54FF46074CD
:1096040001F0004521F000411CE700BF50EA0102CF
:1096140008BF704730B54FF000050AE050EA010278
:1096240008BF704730B511F0004502D5404261EBE8
:1096340041014FF4806404F132045FEA915C3FF429
:10964400D8AE4FF003025FEADC0C18BF03325FEAC6
:10965400DC0C18BF033202EBDC02C2F1200300FA77
:1096640003FC20FA02F001FA03FE40EA0E0021FA9C
:1096740002F11444BDE600BF53B94AB9002908BF3A
:1096840000281CBF4FF0FF314FF0FF3000F0B2B99B
:10969400ADF1080C6DE904CE00F006F8DDF804E045
:1096A400DDE9022304B070472DE9F04F8C46099E92
:1096B40004460F46002B48D18A4215465ED9B2FAB9
:1096C40082F33BB1C3F120029F409D409C4020FAAD
:1096D40002F217434FEA154E1FFA85FC220CB7FB22
:1096E400FEF10EFB117701FB0CF042EA07429042B7
:1096F40007D9AA1801F1FF3702D2904200F258812B
:109704003946121AA4B2B2FBFEF00EFB102200FB83
:109714000CFC44EA0244A4450BD92C1900F1FF3295
:109724002CBF01270027A44502D9002F00F0438154
:10973400104640EA0140A4EB0C0400211EB1DC40B9
:109744000023C6E90043BDE8F08F8B4206D90EB171
:10975400C6E9000100210846BDE8F08FB3FA83F1A1
:10976400002951D16345C0F01681824240F2138131
:109774000846002EE7D0C6E90047E4E7002A00F0D7
:10978400AF80B2FA82F3002B40F0C2808A1A4FEA0B
:10979400154EAFB20121200CB2FBFEFC0EFB1C22C5
:1097A40040EA024207FB0CF090420ED9AA180CF1D1
:1097B400FF382CBF4FF001094FF00009904203D944
:1097C400B9F1000F00F0F080C446121AA4B2B2FB43
:1097D400FEF00EFB102200FB07F744EA0244A74206
:1097E4000ED92C1900F1FF322CBF4FF0010E4FF0AF
:1097F400000EA74203D9BEF1000F00F0D28010463C
:10980400E41B40EA0C4099E7C1F120058B400CFAB7
:1098140001F400FA01F922FA05F72CFA05FC8A4052
:109824001F4320FA05F3380C23431FFA87FE1C0C50
:10983400BCFBF0F800FB18CC44EA0C4408FB0EFC1B
:10984400A4450ED93C1908F1FF3A2CBF4FF0010B87
:109854004FF0000BA44503D9BBF1000F00F0B88012
:10986400D046A4EB0C041FFA83FCB4FBF0F300FB1A
:10987400134403FB0EFE4CEA0444A6450ED93C19DE
:1098840003F1FF302CBF4FF0010C4FF0000CA64544
:1098940003D9BCF1000F00F09F80034643EA08405F
:1098A400A4EB0E04A0FB02EC64457346E04602D32D
:1098B40007D1F14505D2BEEB02036CEB070C01386E
:1098C400E0465EB1B9EB030264EB080404FA05F563
:1098D40022FA01F3CC401D43C6E90054002132E7CB
:1098E40042082F464B08AC4642EAC172AE46C40752
:1098F400110C92B241EA034142EA0142B1FBF5F193
:10990400B3FBF5F01F23A2EB0C0241EA004142E74E
:109914009D40C3F1200299409C402CFA02FC4FEA7E
:10992400154E20FA02F2AFB2BCFBFEF80A430EFB5E
:1099340018CC110C41EA0C4108FB07FC8C4550D9AA
:10994400691808F1FF302CBF4FF001094FF00009EE
:109954008C4502D9B9F1000F30D0A1EB0C01B1FB59
:10996400FEF808FB07FC0EFB181192B242EA014212
:10997400624534D2AA1808F1FF312CBF4FF0010917
:109984004FF000096245BED2B9F1000FBBD1A8F176
:1099940002012A44B7E7841A6CEB0302012017463C
:1099A400E7E62C4402382BE7ACF1020C2A440CE71E
:1099B40002392A44A5E62C440238BAE6A5EB0C0C7D
:1099C400A8F102006144B1FBFEF808FB07FCCAE7FA
:1099D400A8F102083C4444E7023B3C445EE74146AC
:1099E40091E7A1EB0C014046B1FBFEF808FB07FC34
:1099F400B9E700BF704700BF5FF800F0695A001074
:109A04005FF800F01D7C00105FF800F0914000103A
:109A14005FF800F0DD1200105FF800F0D5110010BF
:109A24005FF800F0A1040010100000000000000026
:109A3400000001000000000000000000000002001F
:109A4400000000000000000000000300000000000F
:109A5400000000000000FF000000000001B548689D
:109A640001318E460047704609380149884701BDD7
:109A740015090010000000000000000000000000B4
:109A84000000000000000000F81A00203D3800101B
:109A9400E937001061370010D136001000000000D3
:109AA400000100006C20002010000C0000000000E9
:109AB40000000000000000000000000000000000A2
:109AC400FFFF0000AAAAAAAAFFFFFFFF00000200EE
:109AD4000000000000000000A0150020A0150020D8
:109AE400A8150020A8150020B0150020B0150020EE
:109AF400B8150020B8150020C0150020C01500209E
:109B0400C8150020C8150020D0150020D01500204D
:109B1400D8150020D8150020E0150020E0150020FD
:109B2400E8150020E8150020F0150020F0150020AD
:109B3400F8150020F815002000160020001600205B
:109B44000816002008160020101600201016002009
:109B540018160020181600202016002020160020B9
:109B64002816002028160020301600203016002069
:109B74003816002038160020401600204016002019
:109B840048160020481600205016002050160020C9
:109B94005816002058160020601600206016002079
:109BA4006816002068160020701600207016002029
:109BB40078160020781600208016002080160020D9
:109BC4008816002088160020901600209016002089
:109BD4009816002098160020A0160020A016002039
:109BE400A8160020A8160020B0160020B0160020E9
:109BF400B8160020B8160020C0160020C016002099
:109C0400C8160020C8160020D0160020D016002048
:109C1400D8160020D8160020E0160020E0160020F8
:109C2400E8160020E8160020F0160020F0160020A8
:109C3400F8160020F8160020001700200017002056
:109C44000817002008170020101700201017002004
:109C540018170020181700202017002020170020B4
:109C64002817002028170020301700203017002064
:109C74003817002038170020401700204017002014
:109C840048170020481700205017002050170020C4
:109C94005817002058170020601700206017002074
:109CA4006817002068170020701700207017002024
:109CB40078170020781700208017002080170020D4
:109CC4008817002088170020901700209017002084
:109CD4009817002098170020A0170020A017002034
:109CE400A8170020A8170020B0170020B0170020E4
:109CF400B8170020B8170020C0170020C017002094
:109D0400C8170020C8170020D0170020D017002043
:109D1400D8170020D8170020E0170020E0170020F3
:109D2400E8170020E8170020F0170020F0170020A3
:109D3400F8170020F8170020001800200018002051
:109D440008180020081800201018002010180020FF
:109D540018180020181800202018002020180020AF
:109D6400281800202818002030180020301800205F
:109D7400381800203818002040180020401800200F
:109D840048180020481800205018002050180020BF
:109D9400581800205818002060180020601800206F
:109DA400681800206818002070180020701800201F
:109DB40078180020781800208018002080180020CF
:109DC400881800208818002090180020901800207F
:109DD4009818002098180020A0180020A01800202F
:109DE400A8180020A8180020B0180020B0180020DF
:109DF400B8180020B8180020C0180020C01800208F
:109E0400C8180020C8180020D0180020D01800203E
:109E1400D8180020D8180020E0180020E0180020EE
:109E2400E8180020E8180020F0180020F01800209E
:109E3400F8180020F818002000190020001900204C
:109E440008190020081900201019002010190020FA
:109E540018190020181900202019002020190020AA
:109E6400281900202819002030190020301900205A
:109E7400381900203819002040190020401900200A
:109E840048190020481900205019002050190020BA
:109E9400581900205819002060190020601900206A
:109EA400681900206819002070190020701900201A
:109EB40078190020781900208019002080190020CA
:109EC400881900208819002090190020901900207A
:109ED4009819002098190020B019002000000000F3
:109EE40000000000081D0020701D0020D81D002067
:109EF400000000000000000000000000000000005E
:109F0400000000000000000000000000000000004D
:109F1400000000000000000000000000000000003D
:109F2400000000000000000000000000000000002D
:109F3400000000000000000000000000000000001D
:109F4400000000000000000000000000000000000D
:109F540000000000000000000000000000000000FD
:109F640000000000000000000000000000000000ED
:109F740000000000000000000100000000000000DC
:109F84000E33CDAB34126DE6ECDE05000B000000A1
:109F940000000000000000000000000000000000BD
:109FA40000000000000000000000000000000000AD
:109FB400000000000000000000000000000000009D
:109FC400000000000000000000000000000000008D
:109FD400000000000000000000000000000000007D
:109FE400000000000000000000000000000000006D
:109FF400000000000000000000000000000000005D
:10A00400000000000000000000000000000000004C
:10A01400000000000000000000000000000000003C
:08A02400000000000000000034
:10A02C00D3DEFFFFFE010000FF0100000C61FFFF0B
:04A03C00793512ABB5
:040000051000014D99
:00000001FF
